ISO-10303-21;
HEADER;
FILE_DESCRIPTION (( 'STEP AP214' ),
    '1' );
FILE_NAME ('ASDLJ-E-49.152MHZ-L-R-T.STEP',
    '2024-12-02T06:16:34',
    ( '' ),
    ( '' ),
    'SwSTEP 2.0',
    'SolidWorks 2023',
    '' );
FILE_SCHEMA (( 'AUTOMOTIVE_DESIGN' ));
ENDSEC;

DATA;
#1 = PRESENTATION_LAYER_ASSIGNMENT (  '', '', ( #4661 ) ) ;
#2 = FILL_AREA_STYLE ('',( #4056 ) ) ;
#3 = ORIENTED_EDGE ( 'NONE', *, *, #929, .T. ) ;
#4 = ORIENTED_EDGE ( 'NONE', *, *, #5565, .F. ) ;
#5 = CARTESIAN_POINT ( 'NONE',  ( -1.054407950059315091, -0.8939339828220188577, -0.05000000000000002359 ) ) ;
#6 =( NAMED_UNIT ( * ) SI_UNIT ( $, .STERADIAN. ) SOLID_ANGLE_UNIT ( ) );
#7 = PRESENTATION_STYLE_ASSIGNMENT (( #3626 ) ) ;
#8 = FILL_AREA_STYLE ('',( #5747 ) ) ;
#9 = LINE ( 'NONE', #1414, #2171 ) ;
#10 = AXIS2_PLACEMENT_3D ( 'NONE', #4202, #4601, #5496 ) ;
#11 = DIRECTION ( 'NONE',  ( -0.000000000000000000, -0.000000000000000000, 1.000000000000000000 ) ) ;
#12 = VERTEX_POINT ( 'NONE', #1540 ) ;
#13 = CARTESIAN_POINT ( 'NONE',  ( -1.143933982822019413, 0.3374999999999998557, -0.05000000000000002359 ) ) ;
#14 = ORIENTED_EDGE ( 'NONE', *, *, #3015, .T. ) ;
#15 = DIRECTION ( 'NONE',  ( -1.000000000000000000, 0.000000000000000000, 0.000000000000000000 ) ) ;
#16 = DIRECTION ( 'NONE',  ( -0.000000000000000000, -0.000000000000000000, 1.000000000000000000 ) ) ;
#17 = VECTOR ( 'NONE', #2829, 1000.000000000000000 ) ;
#18 = ORIENTED_EDGE ( 'NONE', *, *, #1224, .F. ) ;
#19 = DIRECTION ( 'NONE',  ( -0.000000000000000000, -0.000000000000000000, 1.000000000000000000 ) ) ;
#20 =( NAMED_UNIT ( * ) SI_UNIT ( $, .STERADIAN. ) SOLID_ANGLE_UNIT ( ) );
#21 = EDGE_CURVE ( 'NONE', #2449, #4810, #3317, .T. ) ;
#22 = PLANE ( 'NONE',  #3408 ) ;
#23 = EDGE_CURVE ( 'NONE', #5022, #2887, #4684, .T. ) ;
#24 = VECTOR ( 'NONE', #3077, 1000.000000000000000 ) ;
#25 = ORIENTED_EDGE ( 'NONE', *, *, #3270, .T. ) ;
#26 = UNCERTAINTY_MEASURE_WITH_UNIT (LENGTH_MEASURE( 1.000000000000000082E-05 ), #3257, 'distance_accuracy_value', 'NONE');
#27 = CARTESIAN_POINT ( 'NONE',  ( 1.250000000000001998, -0.9999999999999993339, -0.05000000000000002359 ) ) ;
#28 = FACE_OUTER_BOUND ( 'NONE', #4527, .T. ) ;
#29 = VECTOR ( 'NONE', #5100, 1000.000000000000000 ) ;
#30 = EDGE_CURVE ( 'NONE', #4338, #4641, #4228, .T. ) ;
#31 = STYLED_ITEM ( 'NONE', ( #1922 ), #292 ) ;
#32 = SURFACE_SIDE_STYLE ('',( #4455 ) ) ;
#33 = ADVANCED_FACE ( 'NONE', ( #393 ), #1598, .F. ) ;
#34 = UNCERTAINTY_MEASURE_WITH_UNIT (LENGTH_MEASURE( 1.000000000000000082E-05 ), #828, 'distance_accuracy_value', 'NONE');
#35 = CIRCLE ( 'NONE', #4407, 0.2225000000000004752 ) ;
#36 = MECHANICAL_DESIGN_GEOMETRIC_PRESENTATION_REPRESENTATION (  '', ( #2497 ), #878 ) ;
#37 = DIRECTION ( 'NONE',  ( 0.000000000000000000, 0.000000000000000000, -1.000000000000000000 ) ) ;
#38 = CARTESIAN_POINT ( 'NONE',  ( 0.9000000000000019096, 0.7400000000000007683, 0.6000000000000000888 ) ) ;
#39 = ORIENTED_EDGE ( 'NONE', *, *, #4409, .T. ) ;
#40 = ORIENTED_EDGE ( 'NONE', *, *, #3726, .F. ) ;
#41 = DIRECTION ( 'NONE',  ( 0.000000000000000000, 0.000000000000000000, 1.000000000000000000 ) ) ;
#42 = CARTESIAN_POINT ( 'NONE',  ( 0.4749999999999997558, -9.255294389439565909E-17, -0.3499999999999999778 ) ) ;
#43 = DIRECTION ( 'NONE',  ( 0.000000000000000000, 0.000000000000000000, -1.000000000000000000 ) ) ;
#44 = COLOUR_RGB ( '',0.8627450980392157298, 0.6274509803921568540, 0.05882352941176470507 ) ;
#45 = FILL_AREA_STYLE ('',( #4976 ) ) ;
#46 =( NAMED_UNIT ( * ) PLANE_ANGLE_UNIT ( ) SI_UNIT ( $, .RADIAN. ) );
#47 = VERTEX_POINT ( 'NONE', #5625 ) ;
#48 =( LENGTH_UNIT ( ) NAMED_UNIT ( * ) SI_UNIT ( .MILLI., .METRE. ) );
#49 = DIRECTION ( 'NONE',  ( 1.000000000000000000, 0.000000000000000000, 0.000000000000000000 ) ) ;
#50 = SURFACE_STYLE_USAGE ( .BOTH. , #2736 ) ;
#51 = FILL_AREA_STYLE_COLOUR ( '', #2268 ) ;
#52 =( GEOMETRIC_REPRESENTATION_CONTEXT ( 3 ) GLOBAL_UNCERTAINTY_ASSIGNED_CONTEXT ( ( #621 ) ) GLOBAL_UNIT_ASSIGNED_CONTEXT ( ( #3109, #2310, #2897 ) ) REPRESENTATION_CONTEXT ( 'NONE', 'WORKASPACE' ) );
#53 = LINE ( 'NONE', #520, #4052 ) ;
#54 = DIRECTION ( 'NONE',  ( 0.000000000000000000, 0.000000000000000000, 1.000000000000000000 ) ) ;
#55 = EDGE_LOOP ( 'NONE', ( #3145, #5740, #3463, #5158 ) ) ;
#56 = VECTOR ( 'NONE', #3687, 1000.000000000000000 ) ;
#57 = EDGE_LOOP ( 'NONE', ( #2106, #1406, #3990, #3793, #4691, #1424, #4150, #1432, #1289 ) ) ;
#58 = EDGE_CURVE ( 'NONE', #5341, #752, #1349, .T. ) ;
#59 = PLANE ( 'NONE',  #5513 ) ;
#60 = CARTESIAN_POINT ( 'NONE',  ( -1.039999999999998259, 0.6500000000000006883, 0.6000000000000000888 ) ) ;
#61 = CARTESIAN_POINT ( 'NONE',  ( 1.250000000000001998, 0.7775000000000007461, -0.05000000000000002359 ) ) ;
#62 =( GEOMETRIC_REPRESENTATION_CONTEXT ( 3 ) GLOBAL_UNCERTAINTY_ASSIGNED_CONTEXT ( ( #1040 ) ) GLOBAL_UNIT_ASSIGNED_CONTEXT ( ( #5662, #1666, #2476 ) ) REPRESENTATION_CONTEXT ( 'NONE', 'WORKASPACE' ) );
#63 = CARTESIAN_POINT ( 'NONE',  ( 0.9000000000000019096, -0.6499999999999994671, 0.6000000000000000888 ) ) ;
#64 = AXIS2_PLACEMENT_3D ( 'NONE', #5690, #5345, #2162 ) ;
#65 = EDGE_CURVE ( 'NONE', #124, #988, #1277, .T. ) ;
#66 = CARTESIAN_POINT ( 'NONE',  ( -1.249999999999998002, -0.7775000000000007461, -0.05000000000000002359 ) ) ;
#67 =( NAMED_UNIT ( * ) PLANE_ANGLE_UNIT ( ) SI_UNIT ( $, .RADIAN. ) );
#68 = EDGE_CURVE ( 'NONE', #5136, #3111, #4329, .T. ) ;
#69 = FACE_OUTER_BOUND ( 'NONE', #3161, .T. ) ;
#70 = MECHANICAL_DESIGN_GEOMETRIC_PRESENTATION_REPRESENTATION (  '', ( #5015 ), #5299 ) ;
#71 = VERTEX_POINT ( 'NONE', #4823 ) ;
#72 =( GEOMETRIC_REPRESENTATION_CONTEXT ( 3 ) GLOBAL_UNCERTAINTY_ASSIGNED_CONTEXT ( ( #2093 ) ) GLOBAL_UNIT_ASSIGNED_CONTEXT ( ( #1438, #2744, #3595 ) ) REPRESENTATION_CONTEXT ( 'NONE', 'WORKASPACE' ) );
#73 = EDGE_LOOP ( 'NONE', ( #2993, #3263, #3531, #380 ) ) ;
#74 = PLANE ( 'NONE',  #4752 ) ;
#75 = DIRECTION ( 'NONE',  ( -0.000000000000000000, -0.000000000000000000, 1.000000000000000000 ) ) ;
#76 = DIRECTION ( 'NONE',  ( -1.000000000000000000, 0.000000000000000000, 0.000000000000000000 ) ) ;
#77 = PRESENTATION_LAYER_ASSIGNMENT (  '', '', ( #3815 ) ) ;
#78 = VECTOR ( 'NONE', #2217, 1000.000000000000000 ) ;
#79 = CYLINDRICAL_SURFACE ( 'NONE', #1477, 0.2225000000000002531 ) ;
#80 = ORIENTED_EDGE ( 'NONE', *, *, #1698, .T. ) ;
#81 =( LENGTH_UNIT ( ) NAMED_UNIT ( * ) SI_UNIT ( .MILLI., .METRE. ) );
#82 = STYLED_ITEM ( 'NONE', ( #1394 ), #3787 ) ;
#83 = CARTESIAN_POINT ( 'NONE',  ( -0.8999999999999980238, 0.6500000000000006883, 0.6000000000000000888 ) ) ;
#84 = VERTEX_POINT ( 'NONE', #5182 ) ;
#85 = AXIS2_PLACEMENT_3D ( 'NONE', #4672, #5146, #3465 ) ;
#86 = ORIENTED_EDGE ( 'NONE', *, *, #5431, .T. ) ;
#87 = DIRECTION ( 'NONE',  ( 0.000000000000000000, 0.000000000000000000, 1.000000000000000000 ) ) ;
#88 = DIRECTION ( 'NONE',  ( 1.000000000000000000, 0.000000000000000000, -0.000000000000000000 ) ) ;
#89 = LINE ( 'NONE', #1918, #5300 ) ;
#90 = FILL_AREA_STYLE ('',( #2745 ) ) ;
#91 = VECTOR ( 'NONE', #597, 1000.000000000000000 ) ;
#92 = SURFACE_STYLE_FILL_AREA ( #5031 ) ;
#93 = UNCERTAINTY_MEASURE_WITH_UNIT (LENGTH_MEASURE( 1.000000000000000082E-05 ), #4259, 'distance_accuracy_value', 'NONE');
#94 = DIRECTION ( 'NONE',  ( 0.000000000000000000, 0.000000000000000000, 1.000000000000000000 ) ) ;
#95 =( LENGTH_UNIT ( ) NAMED_UNIT ( * ) SI_UNIT ( .MILLI., .METRE. ) );
#96 = SURFACE_STYLE_FILL_AREA ( #3683 ) ;
#97 = PRESENTATION_STYLE_ASSIGNMENT (( #3303 ) ) ;
#98 = VECTOR ( 'NONE', #4970, 1000.000000000000000 ) ;
#99 = ORIENTED_EDGE ( 'NONE', *, *, #710, .F. ) ;
#100 = EDGE_CURVE ( 'NONE', #342, #5022, #835, .T. ) ;
#101 = ORIENTED_EDGE ( 'NONE', *, *, #4312, .F. ) ;
#102 = EDGE_CURVE ( 'NONE', #1344, #4410, #1694, .T. ) ;
#103 = PRESENTATION_STYLE_ASSIGNMENT (( #3770 ) ) ;
#104 = CARTESIAN_POINT ( 'NONE',  ( -1.250000000000001998, 1.000000000000000666, -0.05000000000000002359 ) ) ;
#105 =( LENGTH_UNIT ( ) NAMED_UNIT ( * ) SI_UNIT ( .MILLI., .METRE. ) );
#106 = STYLED_ITEM ( 'NONE', ( #608 ), #5252 ) ;
#107 = FACE_OUTER_BOUND ( 'NONE', #4832, .T. ) ;
#108 = ORIENTED_EDGE ( 'NONE', *, *, #4710, .F. ) ;
#109 = SURFACE_SIDE_STYLE ('',( #1400 ) ) ;
#110 = SHAPE_DEFINITION_REPRESENTATION ( #2516, #2185 ) ;
#111 = MECHANICAL_DESIGN_GEOMETRIC_PRESENTATION_REPRESENTATION (  '', ( #2383 ), #1525 ) ;
#112 =( NAMED_UNIT ( * ) PLANE_ANGLE_UNIT ( ) SI_UNIT ( $, .RADIAN. ) );
#113 = VERTEX_POINT ( 'NONE', #3816 ) ;
#114 = ORIENTED_EDGE ( 'NONE', *, *, #3910, .T. ) ;
#115 = FILL_AREA_STYLE ('',( #907 ) ) ;
#116 =( NAMED_UNIT ( * ) SI_UNIT ( $, .STERADIAN. ) SOLID_ANGLE_UNIT ( ) );
#117 = FACE_OUTER_BOUND ( 'NONE', #5778, .T. ) ;
#118 = CARTESIAN_POINT ( 'NONE',  ( 1.150000000000001910, -0.6499999999999994671, 0.4000000000000000222 ) ) ;
#119 = DIRECTION ( 'NONE',  ( -1.000000000000000000, 0.000000000000000000, -0.000000000000000000 ) ) ;
#120 = PLANE ( 'NONE',  #4294 ) ;
#121 = AXIS2_PLACEMENT_3D ( 'NONE', #63, #976, #440 ) ;
#122 = DIRECTION ( 'NONE',  ( 0.000000000000000000, 0.000000000000000000, 1.000000000000000000 ) ) ;
#123 = LINE ( 'NONE', #1539, #5369 ) ;
#124 = VERTEX_POINT ( 'NONE', #4381 ) ;
#125 = VECTOR ( 'NONE', #3557, 1000.000000000000000 ) ;
#126 = EDGE_LOOP ( 'NONE', ( #4463, #477, #5187, #1215 ) ) ;
#127 = CARTESIAN_POINT ( 'NONE',  ( -0.4749999999999999223, 0.8939339828220188577, -0.3499999999999999778 ) ) ;
#128 = ADVANCED_FACE ( 'NONE', ( #4711 ), #1251, .F. ) ;
#129 = SURFACE_SIDE_STYLE ('',( #1022 ) ) ;
#130 = VECTOR ( 'NONE', #2505, 1000.000000000000000 ) ;
#131 = COLOUR_RGB ( '',0.2862745098039215508, 0.2862745098039215508, 0.2862745098039215508 ) ;
#132 = SURFACE_STYLE_FILL_AREA ( #3285 ) ;
#133 = VERTEX_POINT ( 'NONE', #2243 ) ;
#134 = EDGE_LOOP ( 'NONE', ( #1166, #5159, #5684, #4017 ) ) ;
#135 = VECTOR ( 'NONE', #1476, 1000.000000000000000 ) ;
#136 = SURFACE_STYLE_FILL_AREA ( #2260 ) ;
#137 = VECTOR ( 'NONE', #2286, 1000.000000000000000 ) ;
#138 = EDGE_CURVE ( 'NONE', #4628, #5068, #4932, .T. ) ;
#139 = DIRECTION ( 'NONE',  ( 0.000000000000000000, 0.000000000000000000, 1.000000000000000000 ) ) ;
#140 =( NAMED_UNIT ( * ) PLANE_ANGLE_UNIT ( ) SI_UNIT ( $, .RADIAN. ) );
#141 = FILL_AREA_STYLE_COLOUR ( '', #767 ) ;
#142 = ADVANCED_FACE ( 'NONE', ( #1304 ), #5412, .F. ) ;
#143 = ORIENTED_EDGE ( 'NONE', *, *, #4380, .T. ) ;
#144 = EDGE_LOOP ( 'NONE', ( #1255, #5280 ) ) ;
#145 = AXIS2_PLACEMENT_3D ( 'NONE', #892, #949, #2692 ) ;
#146 = CARTESIAN_POINT ( 'NONE',  ( -0.4749999999999999223, 0.3374999999999996336, -0.05000000000000002359 ) ) ;
#147 = DIRECTION ( 'NONE',  ( -1.000000000000000000, 0.000000000000000000, 0.000000000000000000 ) ) ;
#148 = FILL_AREA_STYLE ('',( #2336 ) ) ;
#149 = FILL_AREA_STYLE ('',( #3357 ) ) ;
#150 =( GEOMETRIC_REPRESENTATION_CONTEXT ( 3 ) GLOBAL_UNCERTAINTY_ASSIGNED_CONTEXT ( ( #2275 ) ) GLOBAL_UNIT_ASSIGNED_CONTEXT ( ( #5670, #4722, #316 ) ) REPRESENTATION_CONTEXT ( 'NONE', 'WORKASPACE' ) );
#151 = UNCERTAINTY_MEASURE_WITH_UNIT (LENGTH_MEASURE( 1.000000000000000082E-05 ), #1538, 'distance_accuracy_value', 'NONE');
#152 = LINE ( 'NONE', #1045, #2985 ) ;
#153 = CIRCLE ( 'NONE', #4813, 0.1999999999999999833 ) ;
#154 =( NAMED_UNIT ( * ) SI_UNIT ( $, .STERADIAN. ) SOLID_ANGLE_UNIT ( ) );
#155 = DIRECTION ( 'NONE',  ( 1.000000000000000000, 0.000000000000000000, 0.000000000000000000 ) ) ;
#156 = CARTESIAN_POINT ( 'NONE',  ( -0.8999999999999980238, 0.7400000000000007683, 0.6000000000000000888 ) ) ;
#157 = EDGE_LOOP ( 'NONE', ( #2019, #2482, #3917, #5532 ) ) ;
#158 = VECTOR ( 'NONE', #2043, 1000.000000000000000 ) ;
#159 = ORIENTED_EDGE ( 'NONE', *, *, #5215, .T. ) ;
#160 =( NAMED_UNIT ( * ) SI_UNIT ( $, .STERADIAN. ) SOLID_ANGLE_UNIT ( ) );
#161 = DIRECTION ( 'NONE',  ( 1.000000000000000000, 0.000000000000000000, 0.000000000000000000 ) ) ;
#162 = DIRECTION ( 'NONE',  ( 2.938743035250680421E-16, 1.000000000000000000, -0.000000000000000000 ) ) ;
#163 =( GEOMETRIC_REPRESENTATION_CONTEXT ( 3 ) GLOBAL_UNCERTAINTY_ASSIGNED_CONTEXT ( ( #2465 ) ) GLOBAL_UNIT_ASSIGNED_CONTEXT ( ( #2117, #794, #3492 ) ) REPRESENTATION_CONTEXT ( 'NONE', 'WORKASPACE' ) );
#164 = VECTOR ( 'NONE', #2577, 1000.000000000000000 ) ;
#165 = CARTESIAN_POINT ( 'NONE',  ( 1.143933982822019413, 0.3374999999999998557, -0.05000000000000002359 ) ) ;
#166 = ORIENTED_EDGE ( 'NONE', *, *, #1091, .F. ) ;
#167 = ORIENTED_EDGE ( 'NONE', *, *, #4550, .F. ) ;
#168 =( NAMED_UNIT ( * ) SI_UNIT ( $, .STERADIAN. ) SOLID_ANGLE_UNIT ( ) );
#169 = VECTOR ( 'NONE', #837, 1000.000000000000000 ) ;
#170 = VECTOR ( 'NONE', #2890, 1000.000000000000000 ) ;
#171 = DIRECTION ( 'NONE',  ( -0.000000000000000000, -0.000000000000000000, 1.000000000000000000 ) ) ;
#172 = STYLED_ITEM ( 'NONE', ( #4630 ), #3559 ) ;
#173 = VECTOR ( 'NONE', #4252, 1000.000000000000000 ) ;
#174 = EDGE_CURVE ( 'NONE', #2781, #1163, #5349, .T. ) ;
#175 = ORIENTED_EDGE ( 'NONE', *, *, #1615, .T. ) ;
#176 = ORIENTED_EDGE ( 'NONE', *, *, #281, .T. ) ;
#177 = EDGE_CURVE ( 'NONE', #573, #840, #319, .T. ) ;
#178 = SURFACE_STYLE_USAGE ( .BOTH. , #2369 ) ;
#179 = CARTESIAN_POINT ( 'NONE',  ( -1.099999999999998090, 0.6500000000000006883, 0.5500000000000000444 ) ) ;
#180 = SURFACE_STYLE_FILL_AREA ( #5089 ) ;
#181 = AXIS2_PLACEMENT_3D ( 'NONE', #1346, #4870, #5741 ) ;
#182 =( NAMED_UNIT ( * ) PLANE_ANGLE_UNIT ( ) SI_UNIT ( $, .RADIAN. ) );
#183 = EDGE_CURVE ( 'NONE', #1823, #3684, #3690, .T. ) ;
#184 =( LENGTH_UNIT ( ) NAMED_UNIT ( * ) SI_UNIT ( .MILLI., .METRE. ) );
#185 = AXIS2_PLACEMENT_3D ( 'NONE', #2306, #2720, #4097 ) ;
#186 = LINE ( 'NONE', #3409, #1890 ) ;
#187 = CARTESIAN_POINT ( 'NONE',  ( 1.054407950059314869, -0.8939339828220188577, -0.05000000000000002359 ) ) ;
#188 = LINE ( 'NONE', #627, #4809 ) ;
#189 = ORIENTED_EDGE ( 'NONE', *, *, #1723, .T. ) ;
#190 = AXIS2_PLACEMENT_3D ( 'NONE', #27, #908, #4847 ) ;
#191 = ORIENTED_EDGE ( 'NONE', *, *, #1859, .F. ) ;
#192 = FILL_AREA_STYLE ('',( #5069 ) ) ;
#193 = DIRECTION ( 'NONE',  ( -0.000000000000000000, -0.000000000000000000, -1.000000000000000000 ) ) ;
#194 =( NAMED_UNIT ( * ) PLANE_ANGLE_UNIT ( ) SI_UNIT ( $, .RADIAN. ) );
#195 =( LENGTH_UNIT ( ) NAMED_UNIT ( * ) SI_UNIT ( .MILLI., .METRE. ) );
#196 = CIRCLE ( 'NONE', #190, 0.1499999999999999667 ) ;
#197 = DIRECTION ( 'NONE',  ( 0.000000000000000000, 0.000000000000000000, -1.000000000000000000 ) ) ;
#198 = ORIENTED_EDGE ( 'NONE', *, *, #4402, .F. ) ;
#199 = FILL_AREA_STYLE ('',( #3829 ) ) ;
#200 = VERTEX_POINT ( 'NONE', #4065 ) ;
#201 = MECHANICAL_DESIGN_GEOMETRIC_PRESENTATION_REPRESENTATION (  '', ( #5711 ), #1796 ) ;
#202 = SURFACE_SIDE_STYLE ('',( #3804 ) ) ;
#203 = FILL_AREA_STYLE ('',( #141 ) ) ;
#204 = MECHANICAL_DESIGN_GEOMETRIC_PRESENTATION_REPRESENTATION (  '', ( #5326 ), #2837 ) ;
#205 =( GEOMETRIC_REPRESENTATION_CONTEXT ( 3 ) GLOBAL_UNCERTAINTY_ASSIGNED_CONTEXT ( ( #2796 ) ) GLOBAL_UNIT_ASSIGNED_CONTEXT ( ( #2606, #2161, #1721 ) ) REPRESENTATION_CONTEXT ( 'NONE', 'WORKASPACE' ) );
#206 = ORIENTED_EDGE ( 'NONE', *, *, #961, .F. ) ;
#207 = VERTEX_POINT ( 'NONE', #1327 ) ;
#208 = FILL_AREA_STYLE_COLOUR ( '', #4011 ) ;
#209 = SURFACE_STYLE_USAGE ( .BOTH. , #1650 ) ;
#210 = FILL_AREA_STYLE_COLOUR ( '', #5016 ) ;
#211 = EDGE_CURVE ( 'NONE', #3621, #872, #4320, .T. ) ;
#212 = DIRECTION ( 'NONE',  ( 2.938743035250680421E-16, 1.000000000000000000, 0.000000000000000000 ) ) ;
#213 = MECHANICAL_DESIGN_GEOMETRIC_PRESENTATION_REPRESENTATION (  '', ( #1997 ), #2087 ) ;
#214 = UNCERTAINTY_MEASURE_WITH_UNIT (LENGTH_MEASURE( 1.000000000000000082E-05 ), #3179, 'distance_accuracy_value', 'NONE');
#215 =( NAMED_UNIT ( * ) SI_UNIT ( $, .STERADIAN. ) SOLID_ANGLE_UNIT ( ) );
#216 = TOROIDAL_SURFACE ( 'NONE', #2848, 0.2500000000000000000, 0.05000000000000000278 ) ;
#217 = CARTESIAN_POINT ( 'NONE',  ( -0.8999999999999980238, -0.6499999999999994671, 0.6000000000000000888 ) ) ;
#218 =( NAMED_UNIT ( * ) SI_UNIT ( $, .STERADIAN. ) SOLID_ANGLE_UNIT ( ) );
#219 = ADVANCED_FACE ( 'NONE', ( #2719 ), #4904, .F. ) ;
#220 = SURFACE_SIDE_STYLE ('',( #4101 ) ) ;
#221 = EDGE_CURVE ( 'NONE', #3391, #1867, #1508, .T. ) ;
#222 = DIRECTION ( 'NONE',  ( 1.000000000000000000, 0.000000000000000000, 0.000000000000000000 ) ) ;
#223 = CARTESIAN_POINT ( 'NONE',  ( -1.250000000000002220, -1.000000000000000222, -0.3499999999999999778 ) ) ;
#224 = UNCERTAINTY_MEASURE_WITH_UNIT (LENGTH_MEASURE( 1.000000000000000082E-05 ), #1506, 'distance_accuracy_value', 'NONE');
#225 =( NAMED_UNIT ( * ) PLANE_ANGLE_UNIT ( ) SI_UNIT ( $, .RADIAN. ) );
#226 = CARTESIAN_POINT ( 'NONE',  ( 0.000000000000000000, 0.3374999999999998557, -0.3499999999999999778 ) ) ;
#227 = CARTESIAN_POINT ( 'NONE',  ( 1.100000000000002087, -0.6499999999999994671, 0.5500000000000000444 ) ) ;
#228 = SURFACE_STYLE_USAGE ( .BOTH. , #4196 ) ;
#229 = CARTESIAN_POINT ( 'NONE',  ( 1.250000000000001998, -0.7775000000000006350, -0.05000000000000002359 ) ) ;
#230 = EDGE_LOOP ( 'NONE', ( #694, #5469, #5404, #5108 ) ) ;
#231 = VECTOR ( 'NONE', #655, 1000.000000000000000 ) ;
#232 = EDGE_LOOP ( 'NONE', ( #189, #2473, #4751, #638 ) ) ;
#233 = CARTESIAN_POINT ( 'NONE',  ( 0.4749999999999997558, -9.255294389439565909E-17, -0.05000000000000002359 ) ) ;
#234 = PRESENTATION_LAYER_ASSIGNMENT (  '', '', ( #2497 ) ) ;
#235 =( NAMED_UNIT ( * ) SI_UNIT ( $, .STERADIAN. ) SOLID_ANGLE_UNIT ( ) );
#236 = VECTOR ( 'NONE', #1768, 1000.000000000000000 ) ;
#237 = EDGE_LOOP ( 'NONE', ( #1374, #2503, #4030, #4249 ) ) ;
#238 = VERTEX_POINT ( 'NONE', #1126 ) ;
#239 =( NAMED_UNIT ( * ) PLANE_ANGLE_UNIT ( ) SI_UNIT ( $, .RADIAN. ) );
#240 = FILL_AREA_STYLE ('',( #4234 ) ) ;
#241 = CARTESIAN_POINT ( 'NONE',  ( 3.345501787246905322E-16, 0.8939339828220190798, -0.3499999999999999778 ) ) ;
#242 = VECTOR ( 'NONE', #5525, 1000.000000000000000 ) ;
#243 = CARTESIAN_POINT ( 'NONE',  ( -0.8999999999999981348, -0.8999999999999994671, 0.4000000000000000222 ) ) ;
#244 = DIRECTION ( 'NONE',  ( -0.000000000000000000, -1.000000000000000000, 0.000000000000000000 ) ) ;
#245 = CIRCLE ( 'NONE', #3530, 0.1499999999999999667 ) ;
#246 = ORIENTED_EDGE ( 'NONE', *, *, #2982, .F. ) ;
#247 = ADVANCED_FACE ( 'NONE', ( #2463 ), #5475, .F. ) ;
#248 = VECTOR ( 'NONE', #4078, 1000.000000000000000 ) ;
#249 = EDGE_CURVE ( 'NONE', #3033, #2681, #1264, .T. ) ;
#250 = LINE ( 'NONE', #2961, #3718 ) ;
#251 = FILL_AREA_STYLE_COLOUR ( '', #770 ) ;
#252 = CARTESIAN_POINT ( 'NONE',  ( -0.8899999999999983480, -0.5399999999999998135, 0.6400000000000000133 ) ) ;
#253 = VERTEX_POINT ( 'NONE', #5061 ) ;
#254 = CARTESIAN_POINT ( 'NONE',  ( -1.250000000000002220, -1.000000000000000222, -0.05000000000000002359 ) ) ;
#255 = ORIENTED_EDGE ( 'NONE', *, *, #1654, .F. ) ;
#256 = FILL_AREA_STYLE_COLOUR ( '', #331 ) ;
#257 = DIRECTION ( 'NONE',  ( 6.483163961332028415E-16, 1.000000000000000000, -0.000000000000000000 ) ) ;
#258 = MECHANICAL_DESIGN_GEOMETRIC_PRESENTATION_REPRESENTATION (  '', ( #544 ), #836 ) ;
#259 = CARTESIAN_POINT ( 'NONE',  ( 0.9000000000000019096, -0.6499999999999994671, 0.6000000000000000888 ) ) ;
#260 = PRESENTATION_STYLE_ASSIGNMENT (( #5112 ) ) ;
#261 = SURFACE_STYLE_USAGE ( .BOTH. , #4344 ) ;
#262 = CARTESIAN_POINT ( 'NONE',  ( -0.8999999999999980238, -0.7899999999999994804, 0.6000000000000000888 ) ) ;
#263 = VECTOR ( 'NONE', #1177, 1000.000000000000000 ) ;
#264 = EDGE_LOOP ( 'NONE', ( #3254, #5713, #5779, #4505 ) ) ;
#265 = ORIENTED_EDGE ( 'NONE', *, *, #3933, .F. ) ;
#266 = FILL_AREA_STYLE_COLOUR ( '', #2358 ) ;
#267 = LINE ( 'NONE', #2062, #3677 ) ;
#268 =( GEOMETRIC_REPRESENTATION_CONTEXT ( 3 ) GLOBAL_UNCERTAINTY_ASSIGNED_CONTEXT ( ( #1152 ) ) GLOBAL_UNIT_ASSIGNED_CONTEXT ( ( #5661, #2039, #3414 ) ) REPRESENTATION_CONTEXT ( 'NONE', 'WORKASPACE' ) );
#269 = SURFACE_STYLE_USAGE ( .BOTH. , #2861 ) ;
#270 = LINE ( 'NONE', #4350, #2396 ) ;
#271 = UNCERTAINTY_MEASURE_WITH_UNIT (LENGTH_MEASURE( 1.000000000000000082E-05 ), #3761, 'distance_accuracy_value', 'NONE');
#272 = FILL_AREA_STYLE ('',( #3905 ) ) ;
#273 = DIRECTION ( 'NONE',  ( 0.000000000000000000, 0.000000000000000000, 1.000000000000000000 ) ) ;
#274 = LINE ( 'NONE', #1626, #1518 ) ;
#275 = PRESENTATION_STYLE_ASSIGNMENT (( #3386 ) ) ;
#276 = CARTESIAN_POINT ( 'NONE',  ( 1.250000000000001998, 0.000000000000000000, -0.05000000000000002359 ) ) ;
#277 = FILL_AREA_STYLE_COLOUR ( '', #3449 ) ;
#278 = PRESENTATION_LAYER_ASSIGNMENT (  '', '', ( #5598 ) ) ;
#279 = DIRECTION ( 'NONE',  ( 6.483163961332028415E-16, -1.000000000000000000, 0.000000000000000000 ) ) ;
#280 = FILL_AREA_STYLE ('',( #1575 ) ) ;
#281 = EDGE_CURVE ( 'NONE', #3086, #4758, #556, .T. ) ;
#282 = AXIS2_PLACEMENT_3D ( 'NONE', #2103, #1665, #4332 ) ;
#283 = ORIENTED_EDGE ( 'NONE', *, *, #3634, .F. ) ;
#284 = ORIENTED_EDGE ( 'NONE', *, *, #1828, .T. ) ;
#285 = DIRECTION ( 'NONE',  ( 1.000000000000000000, -1.948483029355698800E-16, 0.000000000000000000 ) ) ;
#286 = DIRECTION ( 'NONE',  ( -1.000000000000000000, -0.000000000000000000, -0.000000000000000000 ) ) ;
#287 = SURFACE_SIDE_STYLE ('',( #3456 ) ) ;
#288 = LINE ( 'NONE', #5634, #1563 ) ;
#289 = DIRECTION ( 'NONE',  ( 0.000000000000000000, 0.000000000000000000, -1.000000000000000000 ) ) ;
#290 = DIRECTION ( 'NONE',  ( -1.000000000000000000, 2.923691251646298038E-15, 0.000000000000000000 ) ) ;
#291 = EDGE_CURVE ( 'NONE', #1559, #253, #3326, .T. ) ;
#292 = ADVANCED_FACE ( 'NONE', ( #4185 ), #5091, .T. ) ;
#293 = FILL_AREA_STYLE_COLOUR ( '', #5384 ) ;
#294 = ORIENTED_EDGE ( 'NONE', *, *, #2052, .T. ) ;
#295 = CARTESIAN_POINT ( 'NONE',  ( 1.100000000000002087, 0.6500000000000005773, 0.5500000000000000444 ) ) ;
#296 = ORIENTED_EDGE ( 'NONE', *, *, #1868, .T. ) ;
#297 = COLOUR_RGB ( '',0.8627450980392157298, 0.6274509803921568540, 0.05882352941176470507 ) ;
#298 = DIRECTION ( 'NONE',  ( 0.000000000000000000, 0.000000000000000000, -1.000000000000000000 ) ) ;
#299 = DIRECTION ( 'NONE',  ( 1.000000000000000000, 0.000000000000000000, 0.000000000000000000 ) ) ;
#300 = FILL_AREA_STYLE ('',( #4295 ) ) ;
#301 = STYLED_ITEM ( 'NONE', ( #5084 ), #4881 ) ;
#302 = ORIENTED_EDGE ( 'NONE', *, *, #2627, .F. ) ;
#303 = SURFACE_STYLE_USAGE ( .BOTH. , #5238 ) ;
#304 = DIRECTION ( 'NONE',  ( -1.000000000000000000, 0.000000000000000000, 0.000000000000000000 ) ) ;
#305 =( GEOMETRIC_REPRESENTATION_CONTEXT ( 3 ) GLOBAL_UNCERTAINTY_ASSIGNED_CONTEXT ( ( #1034 ) ) GLOBAL_UNIT_ASSIGNED_CONTEXT ( ( #4962, #4152, #5088 ) ) REPRESENTATION_CONTEXT ( 'NONE', 'WORKASPACE' ) );
#306 = CARTESIAN_POINT ( 'NONE',  ( -1.249999999999996891, 7.477256361969015954E-15, -0.3499999999999999778 ) ) ;
#307 = COLOUR_RGB ( '',0.8039215686274510109, 0.8039215686274510109, 0.8039215686274510109 ) ;
#308 = DIRECTION ( 'NONE',  ( 0.000000000000000000, 1.000000000000000000, 0.000000000000000000 ) ) ;
#309 = PLANE ( 'NONE',  #282 ) ;
#310 = SURFACE_STYLE_FILL_AREA ( #5156 ) ;
#311 = FACE_OUTER_BOUND ( 'NONE', #3982, .T. ) ;
#312 = VERTEX_POINT ( 'NONE', #3870 ) ;
#313 = ORIENTED_EDGE ( 'NONE', *, *, #1151, .T. ) ;
#314 = EDGE_CURVE ( 'NONE', #2840, #2422, #4787, .T. ) ;
#315 = DIRECTION ( 'NONE',  ( -0.000000000000000000, -0.000000000000000000, 1.000000000000000000 ) ) ;
#316 =( NAMED_UNIT ( * ) SI_UNIT ( $, .STERADIAN. ) SOLID_ANGLE_UNIT ( ) );
#317 = DIRECTION ( 'NONE',  ( -0.000000000000000000, -0.000000000000000000, -1.000000000000000000 ) ) ;
#318 = MECHANICAL_DESIGN_GEOMETRIC_PRESENTATION_REPRESENTATION (  '', ( #5346 ), #5080 ) ;
#319 = CIRCLE ( 'NONE', #1077, 0.05000000000000002359 ) ;
#320 = CYLINDRICAL_SURFACE ( 'NONE', #1174, 0.2225000000000000311 ) ;
#321 = VERTEX_POINT ( 'NONE', #3433 ) ;
#322 =( GEOMETRIC_REPRESENTATION_CONTEXT ( 3 ) GLOBAL_UNCERTAINTY_ASSIGNED_CONTEXT ( ( #2159 ) ) GLOBAL_UNIT_ASSIGNED_CONTEXT ( ( #3025, #4775, #1167 ) ) REPRESENTATION_CONTEXT ( 'NONE', 'WORKASPACE' ) );
#323 = EDGE_CURVE ( 'NONE', #2994, #2965, #270, .T. ) ;
#324 = DIRECTION ( 'NONE',  ( -1.000000000000000000, 0.000000000000000000, 0.000000000000000000 ) ) ;
#325 = ORIENTED_EDGE ( 'NONE', *, *, #4959, .T. ) ;
#326 =( NAMED_UNIT ( * ) SI_UNIT ( $, .STERADIAN. ) SOLID_ANGLE_UNIT ( ) );
#327 =( LENGTH_UNIT ( ) NAMED_UNIT ( * ) SI_UNIT ( .MILLI., .METRE. ) );
#328 = EDGE_CURVE ( 'NONE', #4081, #3700, #4319, .T. ) ;
#329 =( NAMED_UNIT ( * ) SI_UNIT ( $, .STERADIAN. ) SOLID_ANGLE_UNIT ( ) );
#330 =( NAMED_UNIT ( * ) SI_UNIT ( $, .STERADIAN. ) SOLID_ANGLE_UNIT ( ) );
#331 = COLOUR_RGB ( '',0.2862745098039215508, 0.2862745098039215508, 0.2862745098039215508 ) ;
#332 = SURFACE_STYLE_FILL_AREA ( #300 ) ;
#333 = VERTEX_POINT ( 'NONE', #1150 ) ;
#334 = CARTESIAN_POINT ( 'NONE',  ( -0.8999999999999980238, 0.8400000000000007461, 0.6000000000000000888 ) ) ;
#335 = CARTESIAN_POINT ( 'NONE',  ( 1.143933982822019191, -5.312634788926045980E-16, -0.3499999999999999778 ) ) ;
#336 = FILL_AREA_STYLE ('',( #4423 ) ) ;
#337 =( NAMED_UNIT ( * ) PLANE_ANGLE_UNIT ( ) SI_UNIT ( $, .RADIAN. ) );
#338 = FACE_OUTER_BOUND ( 'NONE', #232, .T. ) ;
#339 = SURFACE_STYLE_FILL_AREA ( #1807 ) ;
#340 = STYLED_ITEM ( 'NONE', ( #3651 ), #1466 ) ;
#341 = PRESENTATION_STYLE_ASSIGNMENT (( #4334 ) ) ;
#342 = VERTEX_POINT ( 'NONE', #4237 ) ;
#343 = ORIENTED_EDGE ( 'NONE', *, *, #715, .F. ) ;
#344 = PRESENTATION_STYLE_ASSIGNMENT (( #2051 ) ) ;
#345 = SURFACE_STYLE_USAGE ( .BOTH. , #287 ) ;
#346 = DIRECTION ( 'NONE',  ( 1.000000000000000000, 0.000000000000000000, 0.000000000000000000 ) ) ;
#347 = FILL_AREA_STYLE ('',( #3091 ) ) ;
#348 = PRESENTATION_LAYER_ASSIGNMENT (  '', '', ( #3079 ) ) ;
#349 = DIRECTION ( 'NONE',  ( 0.000000000000000000, 0.000000000000000000, 1.000000000000000000 ) ) ;
#350 = ORIENTED_EDGE ( 'NONE', *, *, #3598, .F. ) ;
#351 = COLOUR_RGB ( '',0.8627450980392157298, 0.6274509803921568540, 0.05882352941176470507 ) ;
#352 =( NAMED_UNIT ( * ) PLANE_ANGLE_UNIT ( ) SI_UNIT ( $, .RADIAN. ) );
#353 = LINE ( 'NONE', #5312, #829 ) ;
#354 = CARTESIAN_POINT ( 'NONE',  ( -1.099999999999998090, -0.6499999999999993561, 0.4000000000000000222 ) ) ;
#355 = EDGE_CURVE ( 'NONE', #420, #2849, #769, .T. ) ;
#356 = COLOUR_RGB ( '',0.8627450980392157298, 0.6274509803921568540, 0.05882352941176470507 ) ;
#357 = ORIENTED_EDGE ( 'NONE', *, *, #3406, .T. ) ;
#358 = CYLINDRICAL_SURFACE ( 'NONE', #181, 0.2225000000000000311 ) ;
#359 = COLOUR_RGB ( '',0.8627450980392157298, 0.6274509803921568540, 0.05882352941176470507 ) ;
#360 = PRESENTATION_STYLE_ASSIGNMENT (( #2066 ) ) ;
#361 = PRESENTATION_STYLE_ASSIGNMENT (( #856 ) ) ;
#362 = EDGE_CURVE ( 'NONE', #3401, #2964, #1921, .T. ) ;
#363 = MECHANICAL_DESIGN_GEOMETRIC_PRESENTATION_REPRESENTATION (  '', ( #5395 ), #1682 ) ;
#364 = DIRECTION ( 'NONE',  ( -0.000000000000000000, -0.000000000000000000, -1.000000000000000000 ) ) ;
#365 = CARTESIAN_POINT ( 'NONE',  ( -1.143933982822019191, -5.312634788926045980E-16, -0.05000000000000002359 ) ) ;
#366 = PRESENTATION_STYLE_ASSIGNMENT (( #2191 ) ) ;
#367 = VECTOR ( 'NONE', #4519, 1000.000000000000000 ) ;
#368 = CYLINDRICAL_SURFACE ( 'NONE', #629, 0.1000000000000001582 ) ;
#369 = ORIENTED_EDGE ( 'NONE', *, *, #2635, .T. ) ;
#370 = VECTOR ( 'NONE', #560, 1000.000000000000000 ) ;
#371 = ORIENTED_EDGE ( 'NONE', *, *, #4173, .F. ) ;
#372 = CYLINDRICAL_SURFACE ( 'NONE', #5455, 0.05000000000000002359 ) ;
#373 = CARTESIAN_POINT ( 'NONE',  ( 0.9000000000000019096, 0.6500000000000006883, 0.5500000000000000444 ) ) ;
#374 = LINE ( 'NONE', #3487, #1714 ) ;
#375 = DIRECTION ( 'NONE',  ( 0.000000000000000000, 0.000000000000000000, 1.000000000000000000 ) ) ;
#376 = PRESENTATION_LAYER_ASSIGNMENT (  '', '', ( #4458 ) ) ;
#377 = LINE ( 'NONE', #3489, #4645 ) ;
#378 =( LENGTH_UNIT ( ) NAMED_UNIT ( * ) SI_UNIT ( .MILLI., .METRE. ) );
#379 = DIRECTION ( 'NONE',  ( 0.000000000000000000, 0.000000000000000000, 1.000000000000000000 ) ) ;
#380 = ORIENTED_EDGE ( 'NONE', *, *, #4244, .T. ) ;
#381 = AXIS2_PLACEMENT_3D ( 'NONE', #1330, #2750, #4520 ) ;
#382 = DIRECTION ( 'NONE',  ( -0.000000000000000000, -0.000000000000000000, -1.000000000000000000 ) ) ;
#383 = FILL_AREA_STYLE_COLOUR ( '', #4796 ) ;
#384 = AXIS2_PLACEMENT_3D ( 'NONE', #1894, #532, #2810 ) ;
#385 = FACE_OUTER_BOUND ( 'NONE', #2359, .T. ) ;
#386 = ORIENTED_EDGE ( 'NONE', *, *, #3443, .T. ) ;
#387 = UNCERTAINTY_MEASURE_WITH_UNIT (LENGTH_MEASURE( 1.000000000000000082E-05 ), #3802, 'distance_accuracy_value', 'NONE');
#388 = EDGE_CURVE ( 'NONE', #1433, #321, #5176, .T. ) ;
#389 = DIRECTION ( 'NONE',  ( 1.000000000000000000, 0.000000000000000000, 0.000000000000000000 ) ) ;
#390 = DIRECTION ( 'NONE',  ( -1.000000000000000000, 0.000000000000000000, 0.000000000000000000 ) ) ;
#391 =( NAMED_UNIT ( * ) SI_UNIT ( $, .STERADIAN. ) SOLID_ANGLE_UNIT ( ) );
#392 = PRESENTATION_LAYER_ASSIGNMENT (  '', '', ( #1989 ) ) ;
#393 = FACE_OUTER_BOUND ( 'NONE', #4226, .T. ) ;
#394 = UNCERTAINTY_MEASURE_WITH_UNIT (LENGTH_MEASURE( 1.000000000000000082E-05 ), #5227, 'distance_accuracy_value', 'NONE');
#395 = ADVANCED_FACE ( 'NONE', ( #1214 ), #2517, .F. ) ;
#396 = PRESENTATION_LAYER_ASSIGNMENT (  '', '', ( #3214 ) ) ;
#397 =( NAMED_UNIT ( * ) PLANE_ANGLE_UNIT ( ) SI_UNIT ( $, .RADIAN. ) );
#398 = PLANE ( 'NONE',  #384 ) ;
#399 = EDGE_CURVE ( 'NONE', #253, #4973, #1181, .T. ) ;
#400 = EDGE_LOOP ( 'NONE', ( #3370, #3927, #3248, #4671 ) ) ;
#401 = AXIS2_PLACEMENT_3D ( 'NONE', #1315, #4397, #3067 ) ;
#402 = ORIENTED_EDGE ( 'NONE', *, *, #4139, .F. ) ;
#403 = DIRECTION ( 'NONE',  ( 1.000000000000000000, 0.000000000000000000, 0.000000000000000000 ) ) ;
#404 = SURFACE_SIDE_STYLE ('',( #2650 ) ) ;
#405 = ORIENTED_EDGE ( 'NONE', *, *, #68, .F. ) ;
#406 = COLOUR_RGB ( '',0.2862745098039215508, 0.2862745098039215508, 0.2862745098039215508 ) ;
#407 = AXIS2_PLACEMENT_3D ( 'NONE', #1314, #5434, #3198 ) ;
#408 = VERTEX_POINT ( 'NONE', #3811 ) ;
#409 = FILL_AREA_STYLE ('',( #3652 ) ) ;
#410 = SURFACE_STYLE_USAGE ( .BOTH. , #4821 ) ;
#411 = MECHANICAL_DESIGN_GEOMETRIC_PRESENTATION_REPRESENTATION (  '', ( #2209 ), #4325 ) ;
#412 = COLOUR_RGB ( '',0.8627450980392157298, 0.6274509803921568540, 0.05882352941176470507 ) ;
#413 =( NAMED_UNIT ( * ) PLANE_ANGLE_UNIT ( ) SI_UNIT ( $, .RADIAN. ) );
#414 = PRESENTATION_STYLE_ASSIGNMENT (( #4401 ) ) ;
#415 = SURFACE_SIDE_STYLE ('',( #529 ) ) ;
#416 = FACE_OUTER_BOUND ( 'NONE', #2085, .T. ) ;
#417 = MECHANICAL_DESIGN_GEOMETRIC_PRESENTATION_REPRESENTATION (  '', ( #5090 ), #2595 ) ;
#418 = ORIENTED_EDGE ( 'NONE', *, *, #463, .T. ) ;
#419 = EDGE_CURVE ( 'NONE', #5754, #4939, #1718, .T. ) ;
#420 = VERTEX_POINT ( 'NONE', #1594 ) ;
#421 = EDGE_CURVE ( 'NONE', #113, #5136, #2864, .T. ) ;
#422 = CARTESIAN_POINT ( 'NONE',  ( 1.054407950059314869, -0.8939339828220188577, -0.05000000000000002359 ) ) ;
#423 = STYLED_ITEM ( 'NONE', ( #2170 ), #1265 ) ;
#424 = CARTESIAN_POINT ( 'NONE',  ( -1.054407950059315313, 0.8939339828220186357, -0.3499999999999999778 ) ) ;
#425 =( NAMED_UNIT ( * ) PLANE_ANGLE_UNIT ( ) SI_UNIT ( $, .RADIAN. ) );
#426 = CARTESIAN_POINT ( 'NONE',  ( 1.100000000000002087, 0.8500000000000007550, 0.5500000000000000444 ) ) ;
#427 =( GEOMETRIC_REPRESENTATION_CONTEXT ( 3 ) GLOBAL_UNCERTAINTY_ASSIGNED_CONTEXT ( ( #558 ) ) GLOBAL_UNIT_ASSIGNED_CONTEXT ( ( #4285, #5607, #1201 ) ) REPRESENTATION_CONTEXT ( 'NONE', 'WORKASPACE' ) );
#428 = ORIENTED_EDGE ( 'NONE', *, *, #5499, .T. ) ;
#429 = VECTOR ( 'NONE', #1035, 1000.000000000000000 ) ;
#430 = DIRECTION ( 'NONE',  ( 1.000000000000000000, 0.000000000000000000, 0.000000000000000000 ) ) ;
#431 = DIRECTION ( 'NONE',  ( -1.000000000000000000, 0.000000000000000000, 0.000000000000000000 ) ) ;
#432 =( NAMED_UNIT ( * ) SI_UNIT ( $, .STERADIAN. ) SOLID_ANGLE_UNIT ( ) );
#433 = ORIENTED_EDGE ( 'NONE', *, *, #2523, .F. ) ;
#434 = EDGE_LOOP ( 'NONE', ( #2585, #5667, #4883, #1334 ) ) ;
#435 = UNCERTAINTY_MEASURE_WITH_UNIT (LENGTH_MEASURE( 1.000000000000000082E-05 ), #2151, 'distance_accuracy_value', 'NONE');
#436 = SURFACE_STYLE_FILL_AREA ( #468 ) ;
#437 = COLOUR_RGB ( '',0.2862745098039215508, 0.2862745098039215508, 0.2862745098039215508 ) ;
#438 = VECTOR ( 'NONE', #3104, 1000.000000000000000 ) ;
#439 = CYLINDRICAL_SURFACE ( 'NONE', #1025, 0.1499999999999999667 ) ;
#440 = DIRECTION ( 'NONE',  ( 1.000000000000000000, 0.000000000000000000, 0.000000000000000000 ) ) ;
#441 = AXIS2_PLACEMENT_3D ( 'NONE', #3273, #5198, #324 ) ;
#442 = COLOUR_RGB ( '',0.2862745098039215508, 0.2862745098039215508, 0.2862745098039215508 ) ;
#443 = UNCERTAINTY_MEASURE_WITH_UNIT (LENGTH_MEASURE( 1.000000000000000082E-05 ), #3123, 'distance_accuracy_value', 'NONE');
#444 = DIRECTION ( 'NONE',  ( 0.000000000000000000, 0.000000000000000000, -1.000000000000000000 ) ) ;
#445 = SURFACE_STYLE_FILL_AREA ( #3913 ) ;
#446 = AXIS2_PLACEMENT_3D ( 'NONE', #3114, #286, #3921 ) ;
#447 = SURFACE_SIDE_STYLE ('',( #5354 ) ) ;
#448 = ORIENTED_EDGE ( 'NONE', *, *, #832, .F. ) ;
#449 = ORIENTED_EDGE ( 'NONE', *, *, #4876, .T. ) ;
#450 = DIRECTION ( 'NONE',  ( 0.000000000000000000, 0.000000000000000000, -1.000000000000000000 ) ) ;
#451 = COLOUR_RGB ( '',0.2862745098039215508, 0.2862745098039215508, 0.2862745098039215508 ) ;
#452 = CARTESIAN_POINT ( 'NONE',  ( 1.027500000000001856, 1.000000000000000666, -0.3499999999999999778 ) ) ;
#453 =( NAMED_UNIT ( * ) PLANE_ANGLE_UNIT ( ) SI_UNIT ( $, .RADIAN. ) );
#454 = ADVANCED_FACE ( 'NONE', ( #1622 ), #737, .F. ) ;
#455 = CARTESIAN_POINT ( 'NONE',  ( 1.143933982822019413, 0.3374999999999998557, -0.05000000000000002359 ) ) ;
#456 = COLOUR_RGB ( '',0.8627450980392157298, 0.6274509803921568540, 0.05882352941176470507 ) ;
#457 = ORIENTED_EDGE ( 'NONE', *, *, #755, .T. ) ;
#458 = CARTESIAN_POINT ( 'NONE',  ( 1.100000000000002087, -0.9999999999999993339, 0.3499999999999999778 ) ) ;
#459 = EDGE_CURVE ( 'NONE', #4641, #2027, #4376, .T. ) ;
#460 = LINE ( 'NONE', #489, #3173 ) ;
#461 = DIRECTION ( 'NONE',  ( -1.000000000000000000, 0.000000000000000000, 0.000000000000000000 ) ) ;
#462 = DIRECTION ( 'NONE',  ( 0.000000000000000000, -1.000000000000000000, 0.000000000000000000 ) ) ;
#463 = EDGE_CURVE ( 'NONE', #4758, #3482, #5743, .T. ) ;
#464 = MECHANICAL_DESIGN_GEOMETRIC_PRESENTATION_REPRESENTATION (  '', ( #4458 ), #1226 ) ;
#465 = PRESENTATION_STYLE_ASSIGNMENT (( #3648 ) ) ;
#466 = VERTEX_POINT ( 'NONE', #3956 ) ;
#467 = FILL_AREA_STYLE ('',( #2298 ) ) ;
#468 = FILL_AREA_STYLE ('',( #1803 ) ) ;
#469 = AXIS2_PLACEMENT_3D ( 'NONE', #217, #1044, #2835 ) ;
#470 = SURFACE_STYLE_FILL_AREA ( #4548 ) ;
#471 = MECHANICAL_DESIGN_GEOMETRIC_PRESENTATION_REPRESENTATION (  '', ( #3019 ), #1984 ) ;
#472 = CARTESIAN_POINT ( 'NONE',  ( -0.6899999999999980593, -0.5399999999999998135, 0.6500000000000001332 ) ) ;
#473 = CARTESIAN_POINT ( 'NONE',  ( 0.9000000000000019096, 0.6500000000000006883, 0.6000000000000000888 ) ) ;
#474 = CARTESIAN_POINT ( 'NONE',  ( -1.143933982822019191, -0.8044079500593142029, -0.05000000000000002359 ) ) ;
#475 = MECHANICAL_DESIGN_GEOMETRIC_PRESENTATION_REPRESENTATION (  '', ( #4569 ), #205 ) ;
#476 = SURFACE_STYLE_FILL_AREA ( #5304 ) ;
#477 = ORIENTED_EDGE ( 'NONE', *, *, #2232, .F. ) ;
#478 = ORIENTED_EDGE ( 'NONE', *, *, #1727, .F. ) ;
#479 =( LENGTH_UNIT ( ) NAMED_UNIT ( * ) SI_UNIT ( .MILLI., .METRE. ) );
#480 = PRESENTATION_STYLE_ASSIGNMENT (( #5758 ) ) ;
#481 = CARTESIAN_POINT ( 'NONE',  ( 0.000000000000000000, -1.000000000000001110, -0.3499999999999999778 ) ) ;
#482 = LINE ( 'NONE', #1396, #1275 ) ;
#483 = CIRCLE ( 'NONE', #4393, 0.2225000000000004752 ) ;
#484 = ADVANCED_FACE ( 'NONE', ( #4865 ), #22, .T. ) ;
#485 = ORIENTED_EDGE ( 'NONE', *, *, #1505, .F. ) ;
#486 = PRESENTATION_STYLE_ASSIGNMENT (( #960 ) ) ;
#487 = FILL_AREA_STYLE_COLOUR ( '', #2338 ) ;
#488 = STYLED_ITEM ( 'NONE', ( #2362 ), #5138 ) ;
#489 = CARTESIAN_POINT ( 'NONE',  ( -1.099999999999998090, -0.9999999999999993339, -0.3510000000000000342 ) ) ;
#490 = CARTESIAN_POINT ( 'NONE',  ( -0.4749999999999999223, 0.000000000000000000, -0.3499999999999999778 ) ) ;
#491 = ADVANCED_FACE ( 'NONE', ( #385 ), #1180, .F. ) ;
#492 = ORIENTED_EDGE ( 'NONE', *, *, #4920, .T. ) ;
#493 = ADVANCED_FACE ( 'NONE', ( #1125 ), #2975, .F. ) ;
#494 = UNCERTAINTY_MEASURE_WITH_UNIT (LENGTH_MEASURE( 1.000000000000000082E-05 ), #587, 'distance_accuracy_value', 'NONE');
#495 =( NAMED_UNIT ( * ) PLANE_ANGLE_UNIT ( ) SI_UNIT ( $, .RADIAN. ) );
#496 = SURFACE_SIDE_STYLE ('',( #4929 ) ) ;
#497 = SURFACE_STYLE_USAGE ( .BOTH. , #4453 ) ;
#498 = SURFACE_STYLE_USAGE ( .BOTH. , #5029 ) ;
#499 = MECHANICAL_DESIGN_GEOMETRIC_PRESENTATION_REPRESENTATION (  '', ( #2583 ), #5165 ) ;
#500 = UNCERTAINTY_MEASURE_WITH_UNIT (LENGTH_MEASURE( 1.000000000000000082E-05 ), #4828, 'distance_accuracy_value', 'NONE');
#501 = STYLED_ITEM ( 'NONE', ( #3162 ), #5691 ) ;
#502 = PRESENTATION_LAYER_ASSIGNMENT (  '', '', ( #3053 ) ) ;
#503 = CARTESIAN_POINT ( 'NONE',  ( -0.8999999999999981348, -0.8499999999999994227, 0.5500000000000000444 ) ) ;
#504 =( NAMED_UNIT ( * ) SI_UNIT ( $, .STERADIAN. ) SOLID_ANGLE_UNIT ( ) );
#505 = ORIENTED_EDGE ( 'NONE', *, *, #5379, .F. ) ;
#506 = MECHANICAL_DESIGN_GEOMETRIC_PRESENTATION_REPRESENTATION (  '', ( #986 ), #2212 ) ;
#507 = ORIENTED_EDGE ( 'NONE', *, *, #2265, .T. ) ;
#508 = FILL_AREA_STYLE ('',( #1391 ) ) ;
#509 = MECHANICAL_DESIGN_GEOMETRIC_PRESENTATION_REPRESENTATION (  '', ( #2412 ), #3885 ) ;
#510 =( LENGTH_UNIT ( ) NAMED_UNIT ( * ) SI_UNIT ( .MILLI., .METRE. ) );
#511 = LINE ( 'NONE', #5457, #991 ) ;
#512 = COLOUR_RGB ( '',0.8627450980392157298, 0.6274509803921568540, 0.05882352941176470507 ) ;
#513 = ORIENTED_EDGE ( 'NONE', *, *, #2552, .F. ) ;
#514 = FILL_AREA_STYLE_COLOUR ( '', #3875 ) ;
#515 =( NAMED_UNIT ( * ) SI_UNIT ( $, .STERADIAN. ) SOLID_ANGLE_UNIT ( ) );
#516 = FACE_OUTER_BOUND ( 'NONE', #2554, .T. ) ;
#517 = LINE ( 'NONE', #2363, #4742 ) ;
#518 = DIRECTION ( 'NONE',  ( -1.000000000000000000, 0.000000000000000000, 0.000000000000000000 ) ) ;
#519 = COLOUR_RGB ( '',0.2862745098039215508, 0.2862745098039215508, 0.2862745098039215508 ) ;
#520 = CARTESIAN_POINT ( 'NONE',  ( 0.9000000000000019096, -0.8499999999999994227, 0.4000000000000000222 ) ) ;
#521 = AXIS2_PLACEMENT_3D ( 'NONE', #1673, #5224, #3517 ) ;
#522 = ORIENTED_EDGE ( 'NONE', *, *, #4707, .F. ) ;
#523 = PRESENTATION_STYLE_ASSIGNMENT (( #178 ) ) ;
#524 = FILL_AREA_STYLE ('',( #4511 ) ) ;
#525 = EDGE_CURVE ( 'NONE', #3340, #1523, #618, .T. ) ;
#526 = CARTESIAN_POINT ( 'NONE',  ( 1.250000000000001998, 0.000000000000000000, -0.3499999999999999778 ) ) ;
#527 = VECTOR ( 'NONE', #1056, 999.9999999999998863 ) ;
#528 = VECTOR ( 'NONE', #1302, 1000.000000000000000 ) ;
#529 = SURFACE_STYLE_FILL_AREA ( #5415 ) ;
#530 = AXIS2_PLACEMENT_3D ( 'NONE', #38, #2307, #983 ) ;
#531 = DIRECTION ( 'NONE',  ( -1.000000000000000000, 0.000000000000000000, 0.000000000000000000 ) ) ;
#532 = DIRECTION ( 'NONE',  ( -1.000000000000000000, 5.981805089575226963E-15, 0.000000000000000000 ) ) ;
#533 =( NAMED_UNIT ( * ) PLANE_ANGLE_UNIT ( ) SI_UNIT ( $, .RADIAN. ) );
#534 = AXIS2_PLACEMENT_3D ( 'NONE', #2206, #5195, #1312 ) ;
#535 = VERTEX_POINT ( 'NONE', #2922 ) ;
#536 = FACE_OUTER_BOUND ( 'NONE', #5167, .T. ) ;
#537 = EDGE_LOOP ( 'NONE', ( #785, #5086, #3009, #1239, #3977, #3217, #2278, #738 ) ) ;
#538 = CARTESIAN_POINT ( 'NONE',  ( 3.345501787246905815E-16, -0.8939339828220193018, -0.05000000000000002359 ) ) ;
#539 = COLOUR_RGB ( '',0.2862745098039215508, 0.2862745098039215508, 0.2862745098039215508 ) ;
#540 = DIRECTION ( 'NONE',  ( -0.000000000000000000, -0.000000000000000000, -1.000000000000000000 ) ) ;
#541 = VECTOR ( 'NONE', #2969, 1000.000000000000000 ) ;
#542 = SURFACE_STYLE_FILL_AREA ( #3144 ) ;
#543 = AXIS2_PLACEMENT_3D ( 'NONE', #373, #3028, #2588 ) ;
#544 = STYLED_ITEM ( 'NONE', ( #361 ), #3022 ) ;
#545 = VERTEX_POINT ( 'NONE', #4731 ) ;
#546 = FILL_AREA_STYLE_COLOUR ( '', #3681 ) ;
#547 = COLOUR_RGB ( '',0.2862745098039215508, 0.2862745098039215508, 0.2862745098039215508 ) ;
#548 =( NAMED_UNIT ( * ) SI_UNIT ( $, .STERADIAN. ) SOLID_ANGLE_UNIT ( ) );
#549 = CARTESIAN_POINT ( 'NONE',  ( -1.250000000000001998, -0.8499999999999993117, -0.05000000000000002359 ) ) ;
#550 = ORIENTED_EDGE ( 'NONE', *, *, #4402, .T. ) ;
#551 = EDGE_LOOP ( 'NONE', ( #4583, #5196, #108, #1399 ) ) ;
#552 = UNCERTAINTY_MEASURE_WITH_UNIT (LENGTH_MEASURE( 1.000000000000000082E-05 ), #5580, 'distance_accuracy_value', 'NONE');
#553 = CARTESIAN_POINT ( 'NONE',  ( 1.143933982822019413, -0.3374999999999995226, -0.05000000000000002359 ) ) ;
#554 =( LENGTH_UNIT ( ) NAMED_UNIT ( * ) SI_UNIT ( .MILLI., .METRE. ) );
#555 = AXIS2_PLACEMENT_3D ( 'NONE', #4273, #279, #2932 ) ;
#556 = LINE ( 'NONE', #4577, #4138 ) ;
#557 = EDGE_CURVE ( 'NONE', #4690, #1771, #736, .T. ) ;
#558 = UNCERTAINTY_MEASURE_WITH_UNIT (LENGTH_MEASURE( 1.000000000000000082E-05 ), #4285, 'distance_accuracy_value', 'NONE');
#559 = AXIS2_PLACEMENT_3D ( 'NONE', #1806, #94, #4968 ) ;
#560 = DIRECTION ( 'NONE',  ( -1.000000000000000000, 0.000000000000000000, -0.000000000000000000 ) ) ;
#561 = LINE ( 'NONE', #3185, #2439 ) ;
#562 = CIRCLE ( 'NONE', #3842, 0.1000000000000001582 ) ;
#563 = ORIENTED_EDGE ( 'NONE', *, *, #21, .T. ) ;
#564 = EDGE_CURVE ( 'NONE', #2697, #2899, #3143, .T. ) ;
#565 = ORIENTED_EDGE ( 'NONE', *, *, #5344, .T. ) ;
#566 = DIRECTION ( 'NONE',  ( 0.000000000000000000, 0.000000000000000000, -1.000000000000000000 ) ) ;
#567 = CARTESIAN_POINT ( 'NONE',  ( -1.099999999999998090, -0.9999999999999993339, -0.05000000000000002359 ) ) ;
#568 = ADVANCED_FACE ( 'NONE', ( #2089 ), #707, .T. ) ;
#569 = AXIS2_PLACEMENT_3D ( 'NONE', #4327, #3474, #5209 ) ;
#570 = DIRECTION ( 'NONE',  ( -1.000000000000000000, -1.949127501097533734E-15, 0.000000000000000000 ) ) ;
#571 =( NAMED_UNIT ( * ) PLANE_ANGLE_UNIT ( ) SI_UNIT ( $, .RADIAN. ) );
#572 = FILL_AREA_STYLE_COLOUR ( '', #512 ) ;
#573 = VERTEX_POINT ( 'NONE', #801 ) ;
#574 = AXIS2_PLACEMENT_3D ( 'NONE', #1609, #2078, #3087 ) ;
#575 = ORIENTED_EDGE ( 'NONE', *, *, #2552, .T. ) ;
#576 =( LENGTH_UNIT ( ) NAMED_UNIT ( * ) SI_UNIT ( .MILLI., .METRE. ) );
#577 =( LENGTH_UNIT ( ) NAMED_UNIT ( * ) SI_UNIT ( .MILLI., .METRE. ) );
#578 = MECHANICAL_DESIGN_GEOMETRIC_PRESENTATION_REPRESENTATION (  '', ( #3214 ), #305 ) ;
#579 = FILL_AREA_STYLE ('',( #5464 ) ) ;
#580 = DIRECTION ( 'NONE',  ( 0.000000000000000000, 0.000000000000000000, -1.000000000000000000 ) ) ;
#581 = ORIENTED_EDGE ( 'NONE', *, *, #249, .T. ) ;
#582 = CIRCLE ( 'NONE', #4965, 0.1999999999999999833 ) ;
#583 = EDGE_LOOP ( 'NONE', ( #2395, #5314, #4296, #3233 ) ) ;
#584 =( NAMED_UNIT ( * ) SI_UNIT ( $, .STERADIAN. ) SOLID_ANGLE_UNIT ( ) );
#585 = DIRECTION ( 'NONE',  ( -0.000000000000000000, -1.000000000000000000, -0.000000000000000000 ) ) ;
#586 = LINE ( 'NONE', #620, #3518 ) ;
#587 =( LENGTH_UNIT ( ) NAMED_UNIT ( * ) SI_UNIT ( .MILLI., .METRE. ) );
#588 = FILL_AREA_STYLE_COLOUR ( '', #3352 ) ;
#589 = CARTESIAN_POINT ( 'NONE',  ( 0.9000000000000019096, -0.8399999999999995248, 0.6000000000000000888 ) ) ;
#590 =( LENGTH_UNIT ( ) NAMED_UNIT ( * ) SI_UNIT ( .MILLI., .METRE. ) );
#591 =( NAMED_UNIT ( * ) PLANE_ANGLE_UNIT ( ) SI_UNIT ( $, .RADIAN. ) );
#592 = ORIENTED_EDGE ( 'NONE', *, *, #2426, .F. ) ;
#593 =( GEOMETRIC_REPRESENTATION_CONTEXT ( 3 ) GLOBAL_UNCERTAINTY_ASSIGNED_CONTEXT ( ( #1320 ) ) GLOBAL_UNIT_ASSIGNED_CONTEXT ( ( #1425, #3978, #3643 ) ) REPRESENTATION_CONTEXT ( 'NONE', 'WORKASPACE' ) );
#594 = VECTOR ( 'NONE', #3008, 1000.000000000000000 ) ;
#595 = ORIENTED_EDGE ( 'NONE', *, *, #3939, .T. ) ;
#596 = DIRECTION ( 'NONE',  ( -1.000000000000000000, 0.000000000000000000, -0.000000000000000000 ) ) ;
#597 = DIRECTION ( 'NONE',  ( 0.000000000000000000, 0.000000000000000000, -1.000000000000000000 ) ) ;
#598 = CARTESIAN_POINT ( 'NONE',  ( -0.7749999999999994671, -0.3374999999999998002, -0.05000000000000002359 ) ) ;
#599 = EDGE_CURVE ( 'NONE', #1528, #5734, #4349, .T. ) ;
#600 =( GEOMETRIC_REPRESENTATION_CONTEXT ( 3 ) GLOBAL_UNCERTAINTY_ASSIGNED_CONTEXT ( ( #224 ) ) GLOBAL_UNIT_ASSIGNED_CONTEXT ( ( #1506, #5060, #3757 ) ) REPRESENTATION_CONTEXT ( 'NONE', 'WORKASPACE' ) );
#601 = STYLED_ITEM ( 'NONE', ( #3045 ), #128 ) ;
#602 = LINE ( 'NONE', #3825, #3246 ) ;
#603 = EDGE_LOOP ( 'NONE', ( #2943, #2478, #3946, #2120 ) ) ;
#604 = EDGE_CURVE ( 'NONE', #71, #4081, #3497, .T. ) ;
#605 = CARTESIAN_POINT ( 'NONE',  ( -0.7749999999999992450, -0.3374999999999998002, -0.05000000000000002359 ) ) ;
#606 = VERTEX_POINT ( 'NONE', #3122 ) ;
#607 = AXIS2_PLACEMENT_3D ( 'NONE', #3859, #2177, #2083 ) ;
#608 = PRESENTATION_STYLE_ASSIGNMENT (( #5577 ) ) ;
#609 = FILL_AREA_STYLE_COLOUR ( '', #4673 ) ;
#610 = PLANE ( 'NONE',  #2958 ) ;
#611 = ORIENTED_EDGE ( 'NONE', *, *, #1263, .T. ) ;
#612 = ORIENTED_EDGE ( 'NONE', *, *, #799, .T. ) ;
#613 =( NAMED_UNIT ( * ) PLANE_ANGLE_UNIT ( ) SI_UNIT ( $, .RADIAN. ) );
#614 = AXIS2_PLACEMENT_3D ( 'NONE', #1333, #1837, #4882 ) ;
#615 = CARTESIAN_POINT ( 'NONE',  ( 0.4749999999999998113, 0.3374999999999998557, -0.05000000000000002359 ) ) ;
#616 = PRESENTATION_STYLE_ASSIGNMENT (( #4574 ) ) ;
#617 = LINE ( 'NONE', #4153, #1769 ) ;
#618 = LINE ( 'NONE', #3381, #4877 ) ;
#619 = SURFACE_STYLE_USAGE ( .BOTH. , #3786 ) ;
#620 = CARTESIAN_POINT ( 'NONE',  ( -1.099999999999998090, -0.6499999999999993561, 0.5500000000000000444 ) ) ;
#621 = UNCERTAINTY_MEASURE_WITH_UNIT (LENGTH_MEASURE( 1.000000000000000082E-05 ), #3109, 'distance_accuracy_value', 'NONE');
#622 = SURFACE_STYLE_USAGE ( .BOTH. , #686 ) ;
#623 = LINE ( 'NONE', #3297, #438 ) ;
#624 = PRESENTATION_LAYER_ASSIGNMENT (  '', '', ( #5376 ) ) ;
#625 = FACE_OUTER_BOUND ( 'NONE', #667, .T. ) ;
#626 = DIRECTION ( 'NONE',  ( 1.000000000000000000, -2.168404344971012812E-15, 0.000000000000000000 ) ) ;
#627 = CARTESIAN_POINT ( 'NONE',  ( -3.345501787246905322E-16, 0.8939339828220190798, -0.05000000000000002359 ) ) ;
#628 = VERTEX_POINT ( 'NONE', #5231 ) ;
#629 = AXIS2_PLACEMENT_3D ( 'NONE', #4580, #3243, #3216 ) ;
#630 = VERTEX_POINT ( 'NONE', #2122 ) ;
#631 = SURFACE_STYLE_FILL_AREA ( #4219 ) ;
#632 = LINE ( 'NONE', #4559, #29 ) ;
#633 = DIRECTION ( 'NONE',  ( 0.000000000000000000, 1.000000000000000000, -0.000000000000000000 ) ) ;
#634 = DIRECTION ( 'NONE',  ( 0.000000000000000000, 0.000000000000000000, 1.000000000000000000 ) ) ;
#635 =( GEOMETRIC_REPRESENTATION_CONTEXT ( 3 ) GLOBAL_UNCERTAINTY_ASSIGNED_CONTEXT ( ( #214 ) ) GLOBAL_UNIT_ASSIGNED_CONTEXT ( ( #3179, #4034, #5411 ) ) REPRESENTATION_CONTEXT ( 'NONE', 'WORKASPACE' ) );
#636 = STYLED_ITEM ( 'NONE', ( #807 ), #2346 ) ;
#637 = EDGE_LOOP ( 'NONE', ( #893, #2712, #3861, #2811 ) ) ;
#638 = ORIENTED_EDGE ( 'NONE', *, *, #1545, .T. ) ;
#639 = SURFACE_SIDE_STYLE ('',( #1460 ) ) ;
#640 = CIRCLE ( 'NONE', #441, 0.2225000000000000311 ) ;
#641 = EDGE_CURVE ( 'NONE', #2918, #752, #3930, .T. ) ;
#642 = MECHANICAL_DESIGN_GEOMETRIC_PRESENTATION_REPRESENTATION (  '', ( #2715 ), #3093 ) ;
#643 = DIRECTION ( 'NONE',  ( -1.000000000000000000, 4.644179531951731562E-16, 0.000000000000000000 ) ) ;
#644 = PRODUCT_DEFINITION ( 'UNKNOWN', '', #1740, #5714 ) ;
#645 =( LENGTH_UNIT ( ) NAMED_UNIT ( * ) SI_UNIT ( .MILLI., .METRE. ) );
#646 = PLANE ( 'NONE',  #3705 ) ;
#647 = PRESENTATION_LAYER_ASSIGNMENT (  '', '', ( #2793 ) ) ;
#648 = ORIENTED_EDGE ( 'NONE', *, *, #4239, .F. ) ;
#649 = ADVANCED_FACE ( 'NONE', ( #4816 ), #3466, .T. ) ;
#650 = ORIENTED_EDGE ( 'NONE', *, *, #2229, .F. ) ;
#651 = STYLED_ITEM ( 'NONE', ( #1630 ), #3833 ) ;
#652 = ADVANCED_FACE ( 'NONE', ( #5646 ), #3006, .T. ) ;
#653 = PRESENTATION_STYLE_ASSIGNMENT (( #269 ) ) ;
#654 = CARTESIAN_POINT ( 'NONE',  ( -1.143933982822019413, 0.3374999999999998557, -0.05000000000000002359 ) ) ;
#655 = DIRECTION ( 'NONE',  ( -0.000000000000000000, -0.000000000000000000, -1.000000000000000000 ) ) ;
#656 = STYLED_ITEM ( 'NONE', ( #5244 ), #4213 ) ;
#657 =( NAMED_UNIT ( * ) PLANE_ANGLE_UNIT ( ) SI_UNIT ( $, .RADIAN. ) );
#658 = DIRECTION ( 'NONE',  ( -4.644179531951731562E-16, -1.000000000000000000, 0.000000000000000000 ) ) ;
#659 =( NAMED_UNIT ( * ) PLANE_ANGLE_UNIT ( ) SI_UNIT ( $, .RADIAN. ) );
#660 = DIRECTION ( 'NONE',  ( 1.000000000000000000, 0.000000000000000000, 0.000000000000000000 ) ) ;
#661 = VERTEX_POINT ( 'NONE', #549 ) ;
#662 = STYLED_ITEM ( 'NONE', ( #1720 ), #4503 ) ;
#663 = FILL_AREA_STYLE_COLOUR ( '', #1123 ) ;
#664 = FACE_OUTER_BOUND ( 'NONE', #3649, .T. ) ;
#665 = TOROIDAL_SURFACE ( 'NONE', #3937, 0.1900000000000000855, 0.05000000000000000278 ) ;
#666 = CARTESIAN_POINT ( 'NONE',  ( 0.000000000000000000, 0.3374999999999998557, -0.05000000000000002359 ) ) ;
#667 = EDGE_LOOP ( 'NONE', ( #114, #3904, #4278, #5366 ) ) ;
#668 = ORIENTED_EDGE ( 'NONE', *, *, #4375, .T. ) ;
#669 = PLANE ( 'NONE',  #4147 ) ;
#670 = CIRCLE ( 'NONE', #1412, 0.2225000000000000311 ) ;
#671 = SURFACE_STYLE_FILL_AREA ( #1139 ) ;
#672 = PRESENTATION_STYLE_ASSIGNMENT (( #4602 ) ) ;
#673 = AXIS2_PLACEMENT_3D ( 'NONE', #5401, #4957, #1066 ) ;
#674 = EDGE_CURVE ( 'NONE', #2622, #816, #4958, .T. ) ;
#675 = ORIENTED_EDGE ( 'NONE', *, *, #5313, .T. ) ;
#676 = ORIENTED_EDGE ( 'NONE', *, *, #2911, .T. ) ;
#677 = AXIS2_PLACEMENT_3D ( 'NONE', #1917, #5058, #88 ) ;
#678 = CYLINDRICAL_SURFACE ( 'NONE', #1789, 0.1500000000000006051 ) ;
#679 = CARTESIAN_POINT ( 'NONE',  ( 1.054407950059315313, 0.8939339828220186357, -0.05000000000000002359 ) ) ;
#680 = EDGE_CURVE ( 'NONE', #1523, #5248, #3617, .T. ) ;
#681 = AXIS2_PLACEMENT_3D ( 'NONE', #2509, #3459, #700 ) ;
#682 = FILL_AREA_STYLE ('',( #4264 ) ) ;
#683 = EDGE_CURVE ( 'NONE', #1867, #2887, #4924, .T. ) ;
#684 = UNCERTAINTY_MEASURE_WITH_UNIT (LENGTH_MEASURE( 1.000000000000000082E-05 ), #590, 'distance_accuracy_value', 'NONE');
#685 = PLANE ( 'NONE',  #2163 ) ;
#686 = SURFACE_SIDE_STYLE ('',( #5594 ) ) ;
#687 = CARTESIAN_POINT ( 'NONE',  ( -1.099999999999998090, 0.6500000000000006883, 0.4000000000000000222 ) ) ;
#688 = ORIENTED_EDGE ( 'NONE', *, *, #1872, .T. ) ;
#689 = CARTESIAN_POINT ( 'NONE',  ( 9.918257743971033971E-17, 0.3374999999999995226, -0.3499999999999999778 ) ) ;
#690 = COLOUR_RGB ( '',0.8627450980392157298, 0.6274509803921568540, 0.05882352941176470507 ) ;
#691 = LINE ( 'NONE', #4749, #4627 ) ;
#692 = DIRECTION ( 'NONE',  ( -1.000000000000000000, 0.000000000000000000, 0.000000000000000000 ) ) ;
#693 = DIRECTION ( 'NONE',  ( 0.000000000000000000, 0.000000000000000000, 1.000000000000000000 ) ) ;
#694 = ORIENTED_EDGE ( 'NONE', *, *, #5787, .F. ) ;
#695 = DIRECTION ( 'NONE',  ( 0.000000000000000000, 0.000000000000000000, 1.000000000000000000 ) ) ;
#696 = ORIENTED_EDGE ( 'NONE', *, *, #4314, .F. ) ;
#697 = LINE ( 'NONE', #4281, #130 ) ;
#698 = COLOUR_RGB ( '',0.2862745098039215508, 0.2862745098039215508, 0.2862745098039215508 ) ;
#699 = AXIS2_PLACEMENT_3D ( 'NONE', #4646, #299, #4262 ) ;
#700 = DIRECTION ( 'NONE',  ( -1.000000000000000000, 0.000000000000000000, -0.000000000000000000 ) ) ;
#701 = FACE_OUTER_BOUND ( 'NONE', #5311, .T. ) ;
#702 = MECHANICAL_DESIGN_GEOMETRIC_PRESENTATION_REPRESENTATION (  '', ( #4154 ), #2591 ) ;
#703 = VERTEX_POINT ( 'NONE', #2365 ) ;
#704 = ORIENTED_EDGE ( 'NONE', *, *, #4181, .F. ) ;
#705 = SURFACE_SIDE_STYLE ('',( #3402 ) ) ;
#706 = LINE ( 'NONE', #5618, #4536 ) ;
#707 = PLANE ( 'NONE',  #884 ) ;
#708 = CARTESIAN_POINT ( 'NONE',  ( -3.345501787246905815E-16, -0.8939339828220193018, -0.05000000000000002359 ) ) ;
#709 = AXIS2_PLACEMENT_3D ( 'NONE', #1633, #719, #1667 ) ;
#710 = EDGE_CURVE ( 'NONE', #1344, #2918, #1451, .T. ) ;
#711 = CARTESIAN_POINT ( 'NONE',  ( -1.249999999999998002, 0.000000000000000000, -0.05000000000000002359 ) ) ;
#712 = FILL_AREA_STYLE ('',( #3072 ) ) ;
#713 = DIRECTION ( 'NONE',  ( 1.000000000000000000, 0.000000000000000000, 0.000000000000000000 ) ) ;
#714 = AXIS2_PLACEMENT_3D ( 'NONE', #5753, #11, #1751 ) ;
#715 = EDGE_CURVE ( 'NONE', #1313, #905, #5175, .T. ) ;
#716 = AXIS2_PLACEMENT_3D ( 'NONE', #1071, #1639, #5505 ) ;
#717 =( NAMED_UNIT ( * ) PLANE_ANGLE_UNIT ( ) SI_UNIT ( $, .RADIAN. ) );
#718 = DIRECTION ( 'NONE',  ( 1.000000000000000000, 0.000000000000000000, 0.000000000000000000 ) ) ;
#719 = DIRECTION ( 'NONE',  ( 1.000000000000000000, 0.000000000000000000, 0.000000000000000000 ) ) ;
#720 = ORIENTED_EDGE ( 'NONE', *, *, #2526, .T. ) ;
#721 = COLOUR_RGB ( '',0.8039215686274510109, 0.8039215686274510109, 0.8039215686274510109 ) ;
#722 = ORIENTED_EDGE ( 'NONE', *, *, #3406, .F. ) ;
#723 = CARTESIAN_POINT ( 'NONE',  ( -0.8999999999999980238, -0.8399999999999995248, 0.6000000000000000888 ) ) ;
#724 = FILL_AREA_STYLE ('',( #4170 ) ) ;
#725 = LINE ( 'NONE', #42, #5074 ) ;
#726 = AXIS2_PLACEMENT_3D ( 'NONE', #1473, #3269, #4454 ) ;
#727 = DIRECTION ( 'NONE',  ( -0.000000000000000000, -1.000000000000000000, -0.000000000000000000 ) ) ;
#728 = AXIS2_PLACEMENT_3D ( 'NONE', #473, #1013, #2808 ) ;
#729 = MECHANICAL_DESIGN_GEOMETRIC_PRESENTATION_REPRESENTATION (  '', ( #3731 ), #1110 ) ;
#730 = ORIENTED_EDGE ( 'NONE', *, *, #323, .T. ) ;
#731 = VERTEX_POINT ( 'NONE', #1030 ) ;
#732 = CARTESIAN_POINT ( 'NONE',  ( 1.250000000000001776, -1.000000000000001110, -0.05000000000000002359 ) ) ;
#733 = COLOUR_RGB ( '',0.8627450980392157298, 0.6274509803921568540, 0.05882352941176470507 ) ;
#734 =( NAMED_UNIT ( * ) SI_UNIT ( $, .STERADIAN. ) SOLID_ANGLE_UNIT ( ) );
#735 = AXIS2_PLACEMENT_3D ( 'NONE', #3581, #4581, #155 ) ;
#736 = LINE ( 'NONE', #654, #2766 ) ;
#737 = PLANE ( 'NONE',  #3325 ) ;
#738 = ORIENTED_EDGE ( 'NONE', *, *, #2293, .T. ) ;
#739 = UNCERTAINTY_MEASURE_WITH_UNIT (LENGTH_MEASURE( 1.000000000000000082E-05 ), #820, 'distance_accuracy_value', 'NONE');
#740 = SURFACE_STYLE_FILL_AREA ( #2631 ) ;
#741 = SURFACE_SIDE_STYLE ('',( #5655 ) ) ;
#742 = DIRECTION ( 'NONE',  ( -1.000000000000000000, 0.000000000000000000, -0.000000000000000000 ) ) ;
#743 =( LENGTH_UNIT ( ) NAMED_UNIT ( * ) SI_UNIT ( .MILLI., .METRE. ) );
#744 =( GEOMETRIC_REPRESENTATION_CONTEXT ( 3 ) GLOBAL_UNCERTAINTY_ASSIGNED_CONTEXT ( ( #4238 ) ) GLOBAL_UNIT_ASSIGNED_CONTEXT ( ( #3365, #1487, #2498 ) ) REPRESENTATION_CONTEXT ( 'NONE', 'WORKASPACE' ) );
#745 = SURFACE_STYLE_USAGE ( .BOTH. , #2983 ) ;
#746 = ADVANCED_FACE ( 'NONE', ( #3203 ), #3148, .F. ) ;
#747 = COLOUR_RGB ( '',0.8627450980392157298, 0.6274509803921568540, 0.05882352941176470507 ) ;
#748 = LINE ( 'NONE', #2548, #927 ) ;
#749 = CARTESIAN_POINT ( 'NONE',  ( -1.250000000000001998, 1.000000000000000666, -0.05000000000000002359 ) ) ;
#750 = CARTESIAN_POINT ( 'NONE',  ( 0.9000000000000019096, -0.8399999999999995248, 0.5500000000000000444 ) ) ;
#751 = DIRECTION ( 'NONE',  ( 0.000000000000000000, 0.000000000000000000, -1.000000000000000000 ) ) ;
#752 = VERTEX_POINT ( 'NONE', #933 ) ;
#753 = EDGE_CURVE ( 'NONE', #4690, #4149, #5402, .T. ) ;
#754 = VERTEX_POINT ( 'NONE', #4477 ) ;
#755 = EDGE_CURVE ( 'NONE', #879, #3224, #53, .T. ) ;
#756 = DIRECTION ( 'NONE',  ( 0.000000000000000000, -1.000000000000000000, 0.000000000000000000 ) ) ;
#757 = PLANE ( 'NONE',  #574 ) ;
#758 = CIRCLE ( 'NONE', #2258, 0.2500000000000000000 ) ;
#759 = DIRECTION ( 'NONE',  ( -0.000000000000000000, -0.000000000000000000, -1.000000000000000000 ) ) ;
#760 = SURFACE_STYLE_FILL_AREA ( #1172 ) ;
#761 =( LENGTH_UNIT ( ) NAMED_UNIT ( * ) SI_UNIT ( .MILLI., .METRE. ) );
#762 = APPLICATION_CONTEXT ( 'automotive_design' ) ;
#763 = CARTESIAN_POINT ( 'NONE',  ( -1.249999999999999334, -3.738628180984491411E-15, -0.05000000000000002359 ) ) ;
#764 = SURFACE_STYLE_USAGE ( .BOTH. , #847 ) ;
#765 = ORIENTED_EDGE ( 'NONE', *, *, #4778, .F. ) ;
#766 = ORIENTED_EDGE ( 'NONE', *, *, #1228, .T. ) ;
#767 = COLOUR_RGB ( '',0.8627450980392157298, 0.6274509803921568540, 0.05882352941176470507 ) ;
#768 = CARTESIAN_POINT ( 'NONE',  ( -0.8999999999999981348, -0.6499999999999994671, 0.5500000000000000444 ) ) ;
#769 = LINE ( 'NONE', #241, #1738 ) ;
#770 = COLOUR_RGB ( '',0.8627450980392157298, 0.6274509803921568540, 0.05882352941176470507 ) ;
#771 = PRESENTATION_LAYER_ASSIGNMENT (  '', '', ( #5720 ) ) ;
#772 = ORIENTED_EDGE ( 'NONE', *, *, #30, .T. ) ;
#773 =( NAMED_UNIT ( * ) PLANE_ANGLE_UNIT ( ) SI_UNIT ( $, .RADIAN. ) );
#774 = FACE_OUTER_BOUND ( 'NONE', #4960, .T. ) ;
#775 = PRESENTATION_STYLE_ASSIGNMENT (( #1248 ) ) ;
#776 = CARTESIAN_POINT ( 'NONE',  ( -1.143933982822019635, 0.8044079500593140919, -0.05000000000000002359 ) ) ;
#777 = PRESENTATION_STYLE_ASSIGNMENT (( #3475 ) ) ;
#778 =( NAMED_UNIT ( * ) PLANE_ANGLE_UNIT ( ) SI_UNIT ( $, .RADIAN. ) );
#779 = STYLED_ITEM ( 'NONE', ( #4634 ), #5144 ) ;
#780 = SURFACE_SIDE_STYLE ('',( #5216 ) ) ;
#781 = DIRECTION ( 'NONE',  ( 0.000000000000000000, 0.000000000000000000, 1.000000000000000000 ) ) ;
#782 = SURFACE_STYLE_FILL_AREA ( #4769 ) ;
#783 = ORIENTED_EDGE ( 'NONE', *, *, #3296, .T. ) ;
#784 = VECTOR ( 'NONE', #2636, 1000.000000000000000 ) ;
#785 = ORIENTED_EDGE ( 'NONE', *, *, #1797, .T. ) ;
#786 = CARTESIAN_POINT ( 'NONE',  ( -1.249999999999998002, 0.8500000000000006439, 0.3499999999999999778 ) ) ;
#787 = EDGE_CURVE ( 'NONE', #2422, #606, #2963, .T. ) ;
#788 = FILL_AREA_STYLE ('',( #1233 ) ) ;
#789 = SURFACE_STYLE_USAGE ( .BOTH. , #5704 ) ;
#790 = DIRECTION ( 'NONE',  ( -2.990902544787594549E-15, 1.000000000000000000, 0.000000000000000000 ) ) ;
#791 = COLOUR_RGB ( '',0.2862745098039215508, 0.2862745098039215508, 0.2862745098039215508 ) ;
#792 = DIRECTION ( 'NONE',  ( -0.000000000000000000, -0.000000000000000000, 1.000000000000000000 ) ) ;
#793 = EDGE_CURVE ( 'NONE', #2449, #2586, #5456, .T. ) ;
#794 =( NAMED_UNIT ( * ) PLANE_ANGLE_UNIT ( ) SI_UNIT ( $, .RADIAN. ) );
#795 = ORIENTED_EDGE ( 'NONE', *, *, #4177, .T. ) ;
#796 = PRESENTATION_LAYER_ASSIGNMENT (  '', '', ( #4494 ) ) ;
#797 = LINE ( 'NONE', #4347, #2446 ) ;
#798 = COLOUR_RGB ( '',0.8039215686274510109, 0.8039215686274510109, 0.8039215686274510109 ) ;
#799 = EDGE_CURVE ( 'NONE', #4490, #3621, #2869, .T. ) ;
#800 = CARTESIAN_POINT ( 'NONE',  ( -1.250000000000002220, -1.000000000000000222, -0.05000000000000002359 ) ) ;
#801 = CARTESIAN_POINT ( 'NONE',  ( -0.8999999999999980238, -0.7399999999999995470, 0.6500000000000001332 ) ) ;
#802 = AXIS2_PLACEMENT_3D ( 'NONE', #1371, #2292, #1821 ) ;
#803 = PRESENTATION_STYLE_ASSIGNMENT (( #1272 ) ) ;
#804 = ORIENTED_EDGE ( 'NONE', *, *, #3103, .T. ) ;
#805 = UNCERTAINTY_MEASURE_WITH_UNIT (LENGTH_MEASURE( 1.000000000000000082E-05 ), #4798, 'distance_accuracy_value', 'NONE');
#806 = SURFACE_STYLE_USAGE ( .BOTH. , #741 ) ;
#807 = PRESENTATION_STYLE_ASSIGNMENT (( #4792 ) ) ;
#808 =( NAMED_UNIT ( * ) SI_UNIT ( $, .STERADIAN. ) SOLID_ANGLE_UNIT ( ) );
#809 = AXIS2_PLACEMENT_3D ( 'NONE', #3369, #197, #4197 ) ;
#810 = UNCERTAINTY_MEASURE_WITH_UNIT (LENGTH_MEASURE( 1.000000000000000082E-05 ), #1236, 'distance_accuracy_value', 'NONE');
#811 =( LENGTH_UNIT ( ) NAMED_UNIT ( * ) SI_UNIT ( .MILLI., .METRE. ) );
#812 = FILL_AREA_STYLE_COLOUR ( '', #4290 ) ;
#813 = DIRECTION ( 'NONE',  ( 4.644179531951731562E-16, -1.000000000000000000, 0.000000000000000000 ) ) ;
#814 = PRESENTATION_LAYER_ASSIGNMENT (  '', '', ( #4159 ) ) ;
#815 = SURFACE_SIDE_STYLE ('',( #3420 ) ) ;
#816 = VERTEX_POINT ( 'NONE', #5085 ) ;
#817 = AXIS2_PLACEMENT_3D ( 'NONE', #4529, #540, #3716 ) ;
#818 = ORIENTED_EDGE ( 'NONE', *, *, #4514, .T. ) ;
#819 = DIRECTION ( 'NONE',  ( -1.000000000000000000, 4.872818752743829800E-15, 0.000000000000000000 ) ) ;
#820 =( LENGTH_UNIT ( ) NAMED_UNIT ( * ) SI_UNIT ( .MILLI., .METRE. ) );
#821 = DIRECTION ( 'NONE',  ( -6.483163961332028415E-16, -1.000000000000000000, 0.000000000000000000 ) ) ;
#822 = SURFACE_STYLE_USAGE ( .BOTH. , #5257 ) ;
#823 = CARTESIAN_POINT ( 'NONE',  ( -0.7899999999999981481, -0.5399999999999998135, 0.6400000000000000133 ) ) ;
#824 = ADVANCED_FACE ( 'NONE', ( #4726 ), #610, .T. ) ;
#825 = PLANE ( 'NONE',  #5581 ) ;
#826 = ORIENTED_EDGE ( 'NONE', *, *, #4632, .F. ) ;
#827 = VECTOR ( 'NONE', #1379, 1000.000000000000000 ) ;
#828 =( LENGTH_UNIT ( ) NAMED_UNIT ( * ) SI_UNIT ( .MILLI., .METRE. ) );
#829 = VECTOR ( 'NONE', #3869, 1000.000000000000000 ) ;
#830 = ADVANCED_FACE ( 'NONE', ( #701 ), #646, .T. ) ;
#831 = VERTEX_POINT ( 'NONE', #1999 ) ;
#832 = EDGE_CURVE ( 'NONE', #1143, #4442, #3703, .T. ) ;
#833 =( NAMED_UNIT ( * ) PLANE_ANGLE_UNIT ( ) SI_UNIT ( $, .RADIAN. ) );
#834 = LINE ( 'NONE', #2578, #78 ) ;
#835 = LINE ( 'NONE', #2069, #3147 ) ;
#836 =( GEOMETRIC_REPRESENTATION_CONTEXT ( 3 ) GLOBAL_UNCERTAINTY_ASSIGNED_CONTEXT ( ( #1861 ) ) GLOBAL_UNIT_ASSIGNED_CONTEXT ( ( #1748, #413, #6 ) ) REPRESENTATION_CONTEXT ( 'NONE', 'WORKASPACE' ) );
#837 = DIRECTION ( 'NONE',  ( -1.000000000000000000, -6.483163961332029401E-16, 0.000000000000000000 ) ) ;
#838 = CARTESIAN_POINT ( 'NONE',  ( -1.249999999999998002, -0.7775000000000007461, -0.05000000000000002359 ) ) ;
#839 = CARTESIAN_POINT ( 'NONE',  ( 2.188067836949561821E-16, -0.3375000000000002998, -0.05000000000000002359 ) ) ;
#840 = VERTEX_POINT ( 'NONE', #262 ) ;
#841 = STYLED_ITEM ( 'NONE', ( #4059 ), #4001 ) ;
#842 = ORIENTED_EDGE ( 'NONE', *, *, #2657, .T. ) ;
#843 = FACE_OUTER_BOUND ( 'NONE', #2504, .T. ) ;
#844 = CARTESIAN_POINT ( 'NONE',  ( -1.089999999999998082, 0.6500000000000006883, 0.5500000000000000444 ) ) ;
#845 = MECHANICAL_DESIGN_GEOMETRIC_PRESENTATION_REPRESENTATION (  '', ( #1975 ), #2916 ) ;
#846 = FACE_OUTER_BOUND ( 'NONE', #637, .T. ) ;
#847 = SURFACE_SIDE_STYLE ('',( #4839 ) ) ;
#848 = FILL_AREA_STYLE ('',( #293 ) ) ;
#849 = VERTEX_POINT ( 'NONE', #3398 ) ;
#850 = CARTESIAN_POINT ( 'NONE',  ( 0.000000000000000000, 1.000000000000000666, -0.05000000000000002359 ) ) ;
#851 =( GEOMETRIC_REPRESENTATION_CONTEXT ( 3 ) GLOBAL_UNCERTAINTY_ASSIGNED_CONTEXT ( ( #4008 ) ) GLOBAL_UNIT_ASSIGNED_CONTEXT ( ( #2195, #3448, #2221 ) ) REPRESENTATION_CONTEXT ( 'NONE', 'WORKASPACE' ) );
#852 = ORIENTED_EDGE ( 'NONE', *, *, #3660, .T. ) ;
#853 = ORIENTED_EDGE ( 'NONE', *, *, #3271, .F. ) ;
#854 = FILL_AREA_STYLE_COLOUR ( '', #5011 ) ;
#855 = ADVANCED_FACE ( 'NONE', ( #4203 ), #3721, .F. ) ;
#856 = SURFACE_STYLE_USAGE ( .BOTH. , #1691 ) ;
#857 = CIRCLE ( 'NONE', #4854, 0.1499999999999999667 ) ;
#858 = ADVANCED_FACE ( 'NONE', ( #1735 ), #320, .T. ) ;
#859 = PRESENTATION_STYLE_ASSIGNMENT (( #3134 ) ) ;
#860 = UNCERTAINTY_MEASURE_WITH_UNIT (LENGTH_MEASURE( 1.000000000000000082E-05 ), #3936, 'distance_accuracy_value', 'NONE');
#861 =( LENGTH_UNIT ( ) NAMED_UNIT ( * ) SI_UNIT ( .MILLI., .METRE. ) );
#862 = SURFACE_STYLE_USAGE ( .BOTH. , #3539 ) ;
#863 = ORIENTED_EDGE ( 'NONE', *, *, #23, .T. ) ;
#864 = CIRCLE ( 'NONE', #3597, 0.2225000000000002531 ) ;
#865 = ORIENTED_EDGE ( 'NONE', *, *, #1392, .T. ) ;
#866 = CARTESIAN_POINT ( 'NONE',  ( -3.345501787246905322E-16, 0.8939339828220190798, -0.05000000000000002359 ) ) ;
#867 = DIRECTION ( 'NONE',  ( 0.000000000000000000, 0.000000000000000000, -1.000000000000000000 ) ) ;
#868 =( NAMED_UNIT ( * ) PLANE_ANGLE_UNIT ( ) SI_UNIT ( $, .RADIAN. ) );
#869 = LINE ( 'NONE', #1260, #2695 ) ;
#870 = CLOSED_SHELL ( 'NONE', ( #1008, #491, #1291, #885, #4213, #5104, #1729, #2198, #3900, #33, #2978 ) ) ;
#871 = DIRECTION ( 'NONE',  ( 0.000000000000000000, 0.000000000000000000, 1.000000000000000000 ) ) ;
#872 = VERTEX_POINT ( 'NONE', #4287 ) ;
#873 = DIRECTION ( 'NONE',  ( 1.000000000000000000, 0.000000000000000000, 0.000000000000000000 ) ) ;
#874 =( NAMED_UNIT ( * ) SI_UNIT ( $, .STERADIAN. ) SOLID_ANGLE_UNIT ( ) );
#875 = AXIS2_PLACEMENT_3D ( 'NONE', #2923, #3240, #4994 ) ;
#876 = FILL_AREA_STYLE ('',( #3980 ) ) ;
#877 = STYLED_ITEM ( 'NONE', ( #5398 ), #5511 ) ;
#878 =( GEOMETRIC_REPRESENTATION_CONTEXT ( 3 ) GLOBAL_UNCERTAINTY_ASSIGNED_CONTEXT ( ( #443 ) ) GLOBAL_UNIT_ASSIGNED_CONTEXT ( ( #3123, #2294, #5338 ) ) REPRESENTATION_CONTEXT ( 'NONE', 'WORKASPACE' ) );
#879 = VERTEX_POINT ( 'NONE', #4808 ) ;
#880 = ORIENTED_EDGE ( 'NONE', *, *, #291, .F. ) ;
#881 = SURFACE_SIDE_STYLE ('',( #5769 ) ) ;
#882 = DIRECTION ( 'NONE',  ( -0.000000000000000000, -0.000000000000000000, -1.000000000000000000 ) ) ;
#883 = CARTESIAN_POINT ( 'NONE',  ( 0.4749999999999999223, 0.8939339828220188577, -0.3499999999999999778 ) ) ;
#884 = AXIS2_PLACEMENT_3D ( 'NONE', #2602, #3556, #5764 ) ;
#885 = ADVANCED_FACE ( 'NONE', ( #3116 ), #3894, .F. ) ;
#886 =( GEOMETRIC_REPRESENTATION_CONTEXT ( 3 ) GLOBAL_UNCERTAINTY_ASSIGNED_CONTEXT ( ( #810 ) ) GLOBAL_UNIT_ASSIGNED_CONTEXT ( ( #1236, #3951, #1643 ) ) REPRESENTATION_CONTEXT ( 'NONE', 'WORKASPACE' ) );
#887 =( NAMED_UNIT ( * ) PLANE_ANGLE_UNIT ( ) SI_UNIT ( $, .RADIAN. ) );
#888 = EDGE_CURVE ( 'NONE', #754, #2424, #4412, .T. ) ;
#889 = SURFACE_STYLE_USAGE ( .BOTH. , #1892 ) ;
#890 = DIRECTION ( 'NONE',  ( 1.000000000000000000, 0.000000000000000000, -0.000000000000000000 ) ) ;
#891 = COLOUR_RGB ( '',0.8039215686274510109, 0.8039215686274510109, 0.8039215686274510109 ) ;
#892 = CARTESIAN_POINT ( 'NONE',  ( -1.250000000000002220, -1.000000000000000222, -0.05000000000000002359 ) ) ;
#893 = ORIENTED_EDGE ( 'NONE', *, *, #3099, .F. ) ;
#894 = EDGE_CURVE ( 'NONE', #1313, #5723, #1422, .T. ) ;
#895 = ORIENTED_EDGE ( 'NONE', *, *, #2390, .T. ) ;
#896 =( GEOMETRIC_REPRESENTATION_CONTEXT ( 3 ) GLOBAL_UNCERTAINTY_ASSIGNED_CONTEXT ( ( #4124 ) ) GLOBAL_UNIT_ASSIGNED_CONTEXT ( ( #4546, #4120, #2370 ) ) REPRESENTATION_CONTEXT ( 'NONE', 'WORKASPACE' ) );
#897 = EDGE_CURVE ( 'NONE', #1614, #4406, #4946, .T. ) ;
#898 = PRESENTATION_STYLE_ASSIGNMENT (( #3922 ) ) ;
#899 = COLOUR_RGB ( '',0.8627450980392157298, 0.6274509803921568540, 0.05882352941176470507 ) ;
#900 = ORIENTED_EDGE ( 'NONE', *, *, #1048, .T. ) ;
#901 = FACE_OUTER_BOUND ( 'NONE', #1712, .T. ) ;
#902 = AXIS2_PLACEMENT_3D ( 'NONE', #2194, #2584, #2135 ) ;
#903 =( NAMED_UNIT ( * ) SI_UNIT ( $, .STERADIAN. ) SOLID_ANGLE_UNIT ( ) );
#904 = DIRECTION ( 'NONE',  ( -1.000000000000000000, -8.965986505048646580E-14, 0.000000000000000000 ) ) ;
#905 = VERTEX_POINT ( 'NONE', #3997 ) ;
#906 = ORIENTED_EDGE ( 'NONE', *, *, #2599, .F. ) ;
#907 = FILL_AREA_STYLE_COLOUR ( '', #5564 ) ;
#908 = DIRECTION ( 'NONE',  ( -0.000000000000000000, -0.000000000000000000, 1.000000000000000000 ) ) ;
#909 = PRESENTATION_LAYER_ASSIGNMENT (  '', '', ( #1378 ) ) ;
#910 =( GEOMETRIC_REPRESENTATION_CONTEXT ( 3 ) GLOBAL_UNCERTAINTY_ASSIGNED_CONTEXT ( ( #5063 ) ) GLOBAL_UNIT_ASSIGNED_CONTEXT ( ( #1324, #1747, #3984 ) ) REPRESENTATION_CONTEXT ( 'NONE', 'WORKASPACE' ) );
#911 = DIRECTION ( 'NONE',  ( 0.000000000000000000, -1.000000000000000000, 0.000000000000000000 ) ) ;
#912 = SURFACE_SIDE_STYLE ('',( #3152 ) ) ;
#913 = CIRCLE ( 'NONE', #1489, 0.1900000000000000577 ) ;
#914 = STYLED_ITEM ( 'NONE', ( #5262 ), #2565 ) ;
#915 = PRESENTATION_STYLE_ASSIGNMENT (( #4967 ) ) ;
#916 = FILL_AREA_STYLE_COLOUR ( '', #4330 ) ;
#917 = UNCERTAINTY_MEASURE_WITH_UNIT (LENGTH_MEASURE( 1.000000000000000082E-05 ), #4420, 'distance_accuracy_value', 'NONE');
#918 = CARTESIAN_POINT ( 'NONE',  ( -1.249999999999998002, 0.7775000000000004130, -0.3499999999999999778 ) ) ;
#919 = DIRECTION ( 'NONE',  ( 0.000000000000000000, 0.000000000000000000, 1.000000000000000000 ) ) ;
#920 = CARTESIAN_POINT ( 'NONE',  ( 1.250000000000001998, -0.9999999999999993339, -0.3499999999999999778 ) ) ;
#921 = EDGE_CURVE ( 'NONE', #731, #1344, #511, .T. ) ;
#922 = VECTOR ( 'NONE', #3646, 1000.000000000000000 ) ;
#923 = FILL_AREA_STYLE_COLOUR ( '', #1361 ) ;
#924 = ORIENTED_EDGE ( 'NONE', *, *, #1834, .F. ) ;
#925 = EDGE_LOOP ( 'NONE', ( #1229, #2021, #852, #4533 ) ) ;
#926 = DIRECTION ( 'NONE',  ( -1.000000000000000000, -3.742448381574715951E-16, 0.000000000000000000 ) ) ;
#927 = VECTOR ( 'NONE', #308, 1000.000000000000000 ) ;
#928 =( NAMED_UNIT ( * ) SI_UNIT ( $, .STERADIAN. ) SOLID_ANGLE_UNIT ( ) );
#929 = EDGE_CURVE ( 'NONE', #3493, #3304, #3333, .T. ) ;
#930 = PRESENTATION_LAYER_ASSIGNMENT (  '', '', ( #1875 ) ) ;
#931 = EDGE_CURVE ( 'NONE', #1298, #937, #3419, .T. ) ;
#932 = ORIENTED_EDGE ( 'NONE', *, *, #4988, .F. ) ;
#933 = CARTESIAN_POINT ( 'NONE',  ( -1.099999999999998090, -0.6499999999999993561, 0.4000000000000000222 ) ) ;
#934 = AXIS2_PLACEMENT_3D ( 'NONE', #1826, #3625, #1804 ) ;
#935 = CARTESIAN_POINT ( 'NONE',  ( -1.099999999999998090, 0.8500000000000007550, 0.5500000000000000444 ) ) ;
#936 = ORIENTED_EDGE ( 'NONE', *, *, #921, .T. ) ;
#937 = VERTEX_POINT ( 'NONE', #4413 ) ;
#938 =( NAMED_UNIT ( * ) SI_UNIT ( $, .STERADIAN. ) SOLID_ANGLE_UNIT ( ) );
#939 = VECTOR ( 'NONE', #947, 1000.000000000000000 ) ;
#940 = LINE ( 'NONE', #4930, #1296 ) ;
#941 = DIRECTION ( 'NONE',  ( -1.000000000000000000, 0.000000000000000000, -0.000000000000000000 ) ) ;
#942 = DIRECTION ( 'NONE',  ( 0.000000000000000000, 0.000000000000000000, -1.000000000000000000 ) ) ;
#943 = SURFACE_STYLE_FILL_AREA ( #8 ) ;
#944 =( NAMED_UNIT ( * ) SI_UNIT ( $, .STERADIAN. ) SOLID_ANGLE_UNIT ( ) );
#945 =( NAMED_UNIT ( * ) PLANE_ANGLE_UNIT ( ) SI_UNIT ( $, .RADIAN. ) );
#946 = PRESENTATION_STYLE_ASSIGNMENT (( #3657 ) ) ;
#947 = DIRECTION ( 'NONE',  ( 0.000000000000000000, 1.000000000000000000, 0.000000000000000000 ) ) ;
#948 =( GEOMETRIC_REPRESENTATION_CONTEXT ( 3 ) GLOBAL_UNCERTAINTY_ASSIGNED_CONTEXT ( ( #971 ) ) GLOBAL_UNIT_ASSIGNED_CONTEXT ( ( #645, #1403, #1526 ) ) REPRESENTATION_CONTEXT ( 'NONE', 'WORKASPACE' ) );
#949 = DIRECTION ( 'NONE',  ( -0.000000000000000000, -0.000000000000000000, 1.000000000000000000 ) ) ;
#950 = ORIENTED_EDGE ( 'NONE', *, *, #968, .T. ) ;
#951 = CARTESIAN_POINT ( 'NONE',  ( 1.250000000000001998, -0.8499999999999993117, -0.05000000000000002359 ) ) ;
#952 = ORIENTED_EDGE ( 'NONE', *, *, #1431, .T. ) ;
#953 = CARTESIAN_POINT ( 'NONE',  ( 0.9000000000000020206, 0.8500000000000007550, 0.5500000000000000444 ) ) ;
#954 = LINE ( 'NONE', #4974, #1119 ) ;
#955 = DIRECTION ( 'NONE',  ( 0.000000000000000000, 0.000000000000000000, 1.000000000000000000 ) ) ;
#956 = DIRECTION ( 'NONE',  ( -0.000000000000000000, -0.000000000000000000, -1.000000000000000000 ) ) ;
#957 = STYLED_ITEM ( 'NONE', ( #5705 ), #4985 ) ;
#958 = FACE_OUTER_BOUND ( 'NONE', #2575, .T. ) ;
#959 = ORIENTED_EDGE ( 'NONE', *, *, #399, .T. ) ;
#960 = SURFACE_STYLE_USAGE ( .BOTH. , #4472 ) ;
#961 = EDGE_CURVE ( 'NONE', #3401, #312, #2671, .T. ) ;
#962 = FILL_AREA_STYLE ('',( #4024 ) ) ;
#963 = PRODUCT_CONTEXT ( 'NONE', #1663, 'mechanical' ) ;
#964 = PRESENTATION_LAYER_ASSIGNMENT (  '', '', ( #4484 ) ) ;
#965 = CARTESIAN_POINT ( 'NONE',  ( -1.089999999999998082, -0.6499999999999991340, 0.5500000000000000444 ) ) ;
#966 = SURFACE_STYLE_FILL_AREA ( #5436 ) ;
#967 = ORIENTED_EDGE ( 'NONE', *, *, #2880, .T. ) ;
#968 = EDGE_CURVE ( 'NONE', #238, #4410, #4858, .T. ) ;
#969 = CLOSED_SHELL ( 'NONE', ( #4001, #5252, #1353, #5249, #3996, #2839, #219, #2843, #858, #3132, #830 ) ) ;
#970 = ORIENTED_EDGE ( 'NONE', *, *, #1797, .F. ) ;
#971 = UNCERTAINTY_MEASURE_WITH_UNIT (LENGTH_MEASURE( 1.000000000000000082E-05 ), #645, 'distance_accuracy_value', 'NONE');
#972 = LINE ( 'NONE', #3674, #4552 ) ;
#973 = CARTESIAN_POINT ( 'NONE',  ( 1.027500000000001190, -0.9999999999999993339, -0.05000000000000002359 ) ) ;
#974 = FACE_OUTER_BOUND ( 'NONE', #3113, .T. ) ;
#975 = LINE ( 'NONE', #526, #1776 ) ;
#976 = DIRECTION ( 'NONE',  ( -0.000000000000000000, -0.000000000000000000, -1.000000000000000000 ) ) ;
#977 = DIRECTION ( 'NONE',  ( -1.000000000000000000, 6.483163961332029401E-16, 0.000000000000000000 ) ) ;
#978 = UNCERTAINTY_MEASURE_WITH_UNIT (LENGTH_MEASURE( 1.000000000000000082E-05 ), #4922, 'distance_accuracy_value', 'NONE');
#979 = MECHANICAL_DESIGN_GEOMETRIC_PRESENTATION_REPRESENTATION (  '', ( #501 ), #2010 ) ;
#980 = FACE_OUTER_BOUND ( 'NONE', #126, .T. ) ;
#981 = COLOUR_RGB ( '',0.8627450980392157298, 0.6274509803921568540, 0.05882352941176470507 ) ;
#982 = CARTESIAN_POINT ( 'NONE',  ( -0.8899999999999983480, -0.5399999999999998135, 0.6500000000000001332 ) ) ;
#983 = DIRECTION ( 'NONE',  ( 0.000000000000000000, 0.000000000000000000, -1.000000000000000000 ) ) ;
#984 = CARTESIAN_POINT ( 'NONE',  ( -1.143933982822019413, 0.3374999999999998557, -0.05000000000000002359 ) ) ;
#985 = VERTEX_POINT ( 'NONE', #3640 ) ;
#986 = STYLED_ITEM ( 'NONE', ( #672 ), #824 ) ;
#987 = DIRECTION ( 'NONE',  ( -1.000000000000000000, 0.000000000000000000, 0.000000000000000000 ) ) ;
#988 = VERTEX_POINT ( 'NONE', #4049 ) ;
#989 = FACE_OUTER_BOUND ( 'NONE', #603, .T. ) ;
#990 = LINE ( 'NONE', #2783, #3228 ) ;
#991 = VECTOR ( 'NONE', #3222, 1000.000000000000000 ) ;
#992 = DIRECTION ( 'NONE',  ( 1.000000000000000000, 0.000000000000000000, 0.000000000000000000 ) ) ;
#993 = STYLED_ITEM ( 'NONE', ( #3339 ), #1088 ) ;
#994 = SURFACE_STYLE_FILL_AREA ( #3665 ) ;
#995 = ORIENTED_EDGE ( 'NONE', *, *, #1228, .F. ) ;
#996 = PLANE ( 'NONE',  #5781 ) ;
#997 = PRESENTATION_STYLE_ASSIGNMENT (( #50 ) ) ;
#998 = CYLINDRICAL_SURFACE ( 'NONE', #3944, 0.05000000000000002359 ) ;
#999 = STYLED_ITEM ( 'NONE', ( #4151 ), #1522 ) ;
#1000 =( LENGTH_UNIT ( ) NAMED_UNIT ( * ) SI_UNIT ( .MILLI., .METRE. ) );
#1001 = EDGE_CURVE ( 'NONE', #1283, #872, #4155, .T. ) ;
#1002 = ORIENTED_EDGE ( 'NONE', *, *, #58, .T. ) ;
#1003 = STYLED_ITEM ( 'NONE', ( #4311 ), #1619 ) ;
#1004 = ORIENTED_EDGE ( 'NONE', *, *, #5790, .T. ) ;
#1005 = SURFACE_SIDE_STYLE ('',( #2860 ) ) ;
#1006 = DIRECTION ( 'NONE',  ( 0.000000000000000000, 0.000000000000000000, -1.000000000000000000 ) ) ;
#1007 = PRESENTATION_STYLE_ASSIGNMENT (( #498 ) ) ;
#1008 = ADVANCED_FACE ( 'NONE', ( #5785 ), #1816, .F. ) ;
#1009 =( GEOMETRIC_REPRESENTATION_CONTEXT ( 3 ) GLOBAL_UNCERTAINTY_ASSIGNED_CONTEXT ( ( #500 ) ) GLOBAL_UNIT_ASSIGNED_CONTEXT ( ( #4828, #397, #5322 ) ) REPRESENTATION_CONTEXT ( 'NONE', 'WORKASPACE' ) );
#1010 = DIRECTION ( 'NONE',  ( 0.000000000000000000, 0.000000000000000000, -1.000000000000000000 ) ) ;
#1011 = EDGE_CURVE ( 'NONE', #200, #5767, #5364, .T. ) ;
#1012 = VECTOR ( 'NONE', #4121, 1000.000000000000000 ) ;
#1013 = DIRECTION ( 'NONE',  ( -0.000000000000000000, -0.000000000000000000, -1.000000000000000000 ) ) ;
#1014 = LINE ( 'NONE', #3711, #3250 ) ;
#1015 = COLOUR_RGB ( '',0.8039215686274510109, 0.8039215686274510109, 0.8039215686274510109 ) ;
#1016 = EDGE_LOOP ( 'NONE', ( #2538, #2879, #4199, #4363 ) ) ;
#1017 = EDGE_LOOP ( 'NONE', ( #2414, #2058, #2665, #575 ) ) ;
#1018 = FILL_AREA_STYLE_COLOUR ( '', #4549 ) ;
#1019 = SURFACE_STYLE_FILL_AREA ( #192 ) ;
#1020 = COLOUR_RGB ( '',0.8627450980392157298, 0.6274509803921568540, 0.05882352941176470507 ) ;
#1021 = CARTESIAN_POINT ( 'NONE',  ( -1.250000000000001998, 1.000000000000000666, -0.3499999999999999778 ) ) ;
#1022 = SURFACE_STYLE_FILL_AREA ( #45 ) ;
#1023 = DIRECTION ( 'NONE',  ( 0.000000000000000000, -1.000000000000000000, 2.168404344971008079E-15 ) ) ;
#1024 = VECTOR ( 'NONE', #315, 1000.000000000000000 ) ;
#1025 = AXIS2_PLACEMENT_3D ( 'NONE', #1722, #5507, #3151 ) ;
#1026 = LINE ( 'NONE', #13, #4436 ) ;
#1027 = ORIENTED_EDGE ( 'NONE', *, *, #5038, .T. ) ;
#1028 = FACE_OUTER_BOUND ( 'NONE', #2328, .T. ) ;
#1029 = SURFACE_SIDE_STYLE ('',( #5400 ) ) ;
#1030 = CARTESIAN_POINT ( 'NONE',  ( 0.9000000000000020206, 0.8500000000000007550, 0.4000000000000000222 ) ) ;
#1031 = VERTEX_POINT ( 'NONE', #5394 ) ;
#1032 = VECTOR ( 'NONE', #4322, 1000.000000000000000 ) ;
#1033 = EDGE_LOOP ( 'NONE', ( #2149, #648, #3712, #3344, #880, #2223, #826, #369 ) ) ;
#1034 = UNCERTAINTY_MEASURE_WITH_UNIT (LENGTH_MEASURE( 1.000000000000000082E-05 ), #4962, 'distance_accuracy_value', 'NONE');
#1035 = DIRECTION ( 'NONE',  ( 0.000000000000000000, 0.000000000000000000, 1.000000000000000000 ) ) ;
#1036 = LINE ( 'NONE', #1919, #4263 ) ;
#1037 = VECTOR ( 'NONE', #3538, 1000.000000000000000 ) ;
#1038 =( NAMED_UNIT ( * ) SI_UNIT ( $, .STERADIAN. ) SOLID_ANGLE_UNIT ( ) );
#1039 = DIRECTION ( 'NONE',  ( -1.000000000000000000, 0.000000000000000000, 0.000000000000000000 ) ) ;
#1040 = UNCERTAINTY_MEASURE_WITH_UNIT (LENGTH_MEASURE( 1.000000000000000082E-05 ), #5662, 'distance_accuracy_value', 'NONE');
#1041 = AXIS2_PLACEMENT_3D ( 'NONE', #5416, #2219, #3571 ) ;
#1042 = EDGE_CURVE ( 'NONE', #3717, #3767, #482, .T. ) ;
#1043 = SURFACE_SIDE_STYLE ('',( #5480 ) ) ;
#1044 = DIRECTION ( 'NONE',  ( -0.000000000000000000, -0.000000000000000000, -1.000000000000000000 ) ) ;
#1045 = CARTESIAN_POINT ( 'NONE',  ( -0.8999999999999981348, -0.8499999999999994227, 0.5500000000000000444 ) ) ;
#1046 = FILL_AREA_STYLE ('',( #1981 ) ) ;
#1047 = CARTESIAN_POINT ( 'NONE',  ( 0.4749999999999999223, 0.8939339828220188577, -0.3499999999999999778 ) ) ;
#1048 = EDGE_CURVE ( 'NONE', #3849, #4044, #4111, .T. ) ;
#1049 = DIRECTION ( 'NONE',  ( 0.000000000000000000, -0.000000000000000000, 1.000000000000000000 ) ) ;
#1050 = CIRCLE ( 'NONE', #2925, 0.1499999999999999667 ) ;
#1051 = EDGE_LOOP ( 'NONE', ( #4321, #1366 ) ) ;
#1052 = ORIENTED_EDGE ( 'NONE', *, *, #2801, .F. ) ;
#1053 = DIRECTION ( 'NONE',  ( 0.000000000000000000, 1.000000000000000000, 0.000000000000000000 ) ) ;
#1054 = VECTOR ( 'NONE', #2067, 1000.000000000000000 ) ;
#1055 = DIRECTION ( 'NONE',  ( -1.000000000000000000, -3.742448381574715951E-16, 0.000000000000000000 ) ) ;
#1056 = DIRECTION ( 'NONE',  ( -0.7071067811865462405, 0.7071067811865489050, -0.000000000000000000 ) ) ;
#1057 = DIRECTION ( 'NONE',  ( -1.000000000000000000, 0.000000000000000000, 0.000000000000000000 ) ) ;
#1058 = LINE ( 'NONE', #5045, #2218 ) ;
#1059 = ORIENTED_EDGE ( 'NONE', *, *, #221, .T. ) ;
#1060 = COLOUR_RGB ( '',0.8627450980392157298, 0.6274509803921568540, 0.05882352941176470507 ) ;
#1061 =( NAMED_UNIT ( * ) SI_UNIT ( $, .STERADIAN. ) SOLID_ANGLE_UNIT ( ) );
#1062 = ORIENTED_EDGE ( 'NONE', *, *, #5028, .F. ) ;
#1063 = CARTESIAN_POINT ( 'NONE',  ( 1.143933982822019191, -5.312634788926045980E-16, -0.05000000000000002359 ) ) ;
#1064 = FACE_OUTER_BOUND ( 'NONE', #4764, .T. ) ;
#1065 = COLOUR_RGB ( '',0.8627450980392157298, 0.6274509803921568540, 0.05882352941176470507 ) ;
#1066 = DIRECTION ( 'NONE',  ( 0.000000000000000000, 0.000000000000000000, 1.000000000000000000 ) ) ;
#1067 = EDGE_LOOP ( 'NONE', ( #967, #722, #4140, #1852 ) ) ;
#1068 = AXIS2_PLACEMENT_3D ( 'NONE', #3288, #4538, #2824 ) ;
#1069 = ORIENTED_EDGE ( 'NONE', *, *, #4139, .T. ) ;
#1070 =( NAMED_UNIT ( * ) SI_UNIT ( $, .STERADIAN. ) SOLID_ANGLE_UNIT ( ) );
#1071 = CARTESIAN_POINT ( 'NONE',  ( -1.250000000000001998, 1.000000000000000666, -0.3499999999999999778 ) ) ;
#1072 = DIRECTION ( 'NONE',  ( 1.000000000000000000, 0.000000000000000000, 0.000000000000000000 ) ) ;
#1073 = DIRECTION ( 'NONE',  ( -1.000000000000000000, 2.938743035250680421E-16, 0.000000000000000000 ) ) ;
#1074 = PRESENTATION_LAYER_ASSIGNMENT (  '', '', ( #2945 ) ) ;
#1075 = CARTESIAN_POINT ( 'NONE',  ( 0.000000000000000000, 0.000000000000000000, -0.05000000000000002359 ) ) ;
#1076 = CIRCLE ( 'NONE', #4696, 0.1499999999999999667 ) ;
#1077 = AXIS2_PLACEMENT_3D ( 'NONE', #2274, #3212, #942 ) ;
#1078 = DIRECTION ( 'NONE',  ( -0.000000000000000000, -0.000000000000000000, 1.000000000000000000 ) ) ;
#1079 = DIRECTION ( 'NONE',  ( 0.000000000000000000, 1.000000000000000000, 0.000000000000000000 ) ) ;
#1080 = ORIENTED_EDGE ( 'NONE', *, *, #2302, .T. ) ;
#1081 = EDGE_CURVE ( 'NONE', #2972, #1285, #1905, .T. ) ;
#1082 = ORIENTED_EDGE ( 'NONE', *, *, #1357, .T. ) ;
#1083 = EDGE_CURVE ( 'NONE', #2706, #3849, #2477, .T. ) ;
#1084 = DIRECTION ( 'NONE',  ( -1.000000000000000000, 0.000000000000000000, 0.000000000000000000 ) ) ;
#1085 = COLOUR_RGB ( '',0.2862745098039215508, 0.2862745098039215508, 0.2862745098039215508 ) ;
#1086 = CARTESIAN_POINT ( 'NONE',  ( 1.143933982822019635, 0.8044079500593142029, -0.3499999999999999778 ) ) ;
#1087 = ORIENTED_EDGE ( 'NONE', *, *, #3591, .T. ) ;
#1088 = ADVANCED_FACE ( 'NONE', ( #2502 ), #3337, .F. ) ;
#1089 =( LENGTH_UNIT ( ) NAMED_UNIT ( * ) SI_UNIT ( .MILLI., .METRE. ) );
#1090 = VERTEX_POINT ( 'NONE', #2878 ) ;
#1091 = EDGE_CURVE ( 'NONE', #1031, #2280, #1058, .T. ) ;
#1092 = AXIS2_PLACEMENT_3D ( 'NONE', #4656, #2353, #1486 ) ;
#1093 =( GEOMETRIC_REPRESENTATION_CONTEXT ( 3 ) GLOBAL_UNCERTAINTY_ASSIGNED_CONTEXT ( ( #2688 ) ) GLOBAL_UNIT_ASSIGNED_CONTEXT ( ( #3967, #5627, #1701 ) ) REPRESENTATION_CONTEXT ( 'NONE', 'WORKASPACE' ) );
#1094 = ORIENTED_EDGE ( 'NONE', *, *, #291, .T. ) ;
#1095 = ORIENTED_EDGE ( 'NONE', *, *, #323, .F. ) ;
#1096 = SURFACE_SIDE_STYLE ('',( #4642 ) ) ;
#1097 = STYLED_ITEM ( 'NONE', ( #4489 ), #1345 ) ;
#1098 = FILL_AREA_STYLE ('',( #4644 ) ) ;
#1099 = COLOUR_RGB ( '',0.2862745098039215508, 0.2862745098039215508, 0.2862745098039215508 ) ;
#1100 = UNCERTAINTY_MEASURE_WITH_UNIT (LENGTH_MEASURE( 1.000000000000000082E-05 ), #1871, 'distance_accuracy_value', 'NONE');
#1101 = PRESENTATION_STYLE_ASSIGNMENT (( #2893 ) ) ;
#1102 =( NAMED_UNIT ( * ) PLANE_ANGLE_UNIT ( ) SI_UNIT ( $, .RADIAN. ) );
#1103 = CARTESIAN_POINT ( 'NONE',  ( 1.143933982822019635, 0.8044079500593142029, -0.05000000000000002359 ) ) ;
#1104 = ORIENTED_EDGE ( 'NONE', *, *, #5638, .T. ) ;
#1105 = ORIENTED_EDGE ( 'NONE', *, *, #3399, .F. ) ;
#1106 = SURFACE_STYLE_FILL_AREA ( #2384 ) ;
#1107 = DIRECTION ( 'NONE',  ( -1.000000000000000000, 0.000000000000000000, 0.000000000000000000 ) ) ;
#1108 = EDGE_CURVE ( 'NONE', #2312, #1500, #3774, .T. ) ;
#1109 = PRESENTATION_STYLE_ASSIGNMENT (( #228 ) ) ;
#1110 =( GEOMETRIC_REPRESENTATION_CONTEXT ( 3 ) GLOBAL_UNCERTAINTY_ASSIGNED_CONTEXT ( ( #2032 ) ) GLOBAL_UNIT_ASSIGNED_CONTEXT ( ( #2401, #5587, #584 ) ) REPRESENTATION_CONTEXT ( 'NONE', 'WORKASPACE' ) );
#1111 = LINE ( 'NONE', #229, #1937 ) ;
#1112 = ORIENTED_EDGE ( 'NONE', *, *, #3187, .F. ) ;
#1113 = ORIENTED_EDGE ( 'NONE', *, *, #362, .F. ) ;
#1114 = PLANE ( 'NONE',  #3412 ) ;
#1115 =( GEOMETRIC_REPRESENTATION_CONTEXT ( 3 ) GLOBAL_UNCERTAINTY_ASSIGNED_CONTEXT ( ( #4934 ) ) GLOBAL_UNIT_ASSIGNED_CONTEXT ( ( #1352, #2637, #1381 ) ) REPRESENTATION_CONTEXT ( 'NONE', 'WORKASPACE' ) );
#1116 = MECHANICAL_DESIGN_GEOMETRIC_PRESENTATION_REPRESENTATION (  '', ( #3550 ), #1213 ) ;
#1117 = EDGE_CURVE ( 'NONE', #3391, #5022, #1520, .T. ) ;
#1118 = EDGE_CURVE ( 'NONE', #5649, #3304, #1549, .T. ) ;
#1119 = VECTOR ( 'NONE', #4887, 1000.000000000000000 ) ;
#1120 = COLOUR_RGB ( '',0.8627450980392157298, 0.6274509803921568540, 0.05882352941176470507 ) ;
#1121 = ORIENTED_EDGE ( 'NONE', *, *, #793, .F. ) ;
#1122 = ORIENTED_EDGE ( 'NONE', *, *, #5070, .F. ) ;
#1123 = COLOUR_RGB ( '',0.8627450980392157298, 0.6274509803921568540, 0.05882352941176470507 ) ;
#1124 = CYLINDRICAL_SURFACE ( 'NONE', #1970, 0.1999999999999999833 ) ;
#1125 = FACE_OUTER_BOUND ( 'NONE', #583, .T. ) ;
#1126 = CARTESIAN_POINT ( 'NONE',  ( 0.9000000000000020206, 0.8500000000000007550, 0.5500000000000000444 ) ) ;
#1127 = PRESENTATION_STYLE_ASSIGNMENT (( #622 ) ) ;
#1128 = DIRECTION ( 'NONE',  ( -1.000000000000000000, -2.990902544787594154E-15, 0.000000000000000000 ) ) ;
#1129 = ORIENTED_EDGE ( 'NONE', *, *, #3853, .T. ) ;
#1130 = VECTOR ( 'NONE', #919, 1000.000000000000000 ) ;
#1131 = SURFACE_STYLE_USAGE ( .BOTH. , #1544 ) ;
#1132 =( NAMED_UNIT ( * ) SI_UNIT ( $, .STERADIAN. ) SOLID_ANGLE_UNIT ( ) );
#1133 = ORIENTED_EDGE ( 'NONE', *, *, #1834, .T. ) ;
#1134 = DIRECTION ( 'NONE',  ( -1.000000000000000000, -0.000000000000000000, -0.000000000000000000 ) ) ;
#1135 = ORIENTED_EDGE ( 'NONE', *, *, #1118, .T. ) ;
#1136 = FILL_AREA_STYLE_COLOUR ( '', #3146 ) ;
#1137 =( NAMED_UNIT ( * ) SI_UNIT ( $, .STERADIAN. ) SOLID_ANGLE_UNIT ( ) );
#1138 = FILL_AREA_STYLE ('',( #1554 ) ) ;
#1139 = FILL_AREA_STYLE ('',( #3376 ) ) ;
#1140 = MECHANICAL_DESIGN_GEOMETRIC_PRESENTATION_REPRESENTATION (  '', ( #3672 ), #4948 ) ;
#1141 = DIRECTION ( 'NONE',  ( 1.000000000000000000, 0.000000000000000000, 0.000000000000000000 ) ) ;
#1142 = EDGE_CURVE ( 'NONE', #2586, #4789, #4414, .T. ) ;
#1143 = VERTEX_POINT ( 'NONE', #252 ) ;
#1144 = EDGE_CURVE ( 'NONE', #4727, #3313, #1652, .T. ) ;
#1145 = AXIS2_PLACEMENT_3D ( 'NONE', #732, #4260, #1681 ) ;
#1146 = CARTESIAN_POINT ( 'NONE',  ( 1.250000000000001998, -0.8499999999999993117, -0.05000000000000002359 ) ) ;
#1147 = LINE ( 'NONE', #2515, #263 ) ;
#1148 = DIRECTION ( 'NONE',  ( -1.948483029355699046E-16, -1.000000000000000000, 0.000000000000000000 ) ) ;
#1149 = PRESENTATION_LAYER_ASSIGNMENT (  '', '', ( #5336 ) ) ;
#1150 = CARTESIAN_POINT ( 'NONE',  ( 1.250000000000001998, -0.7775000000000007461, -0.05000000000000002359 ) ) ;
#1151 = EDGE_CURVE ( 'NONE', #5649, #5004, #1111, .T. ) ;
#1152 = UNCERTAINTY_MEASURE_WITH_UNIT (LENGTH_MEASURE( 1.000000000000000082E-05 ), #5661, 'distance_accuracy_value', 'NONE');
#1153 = CARTESIAN_POINT ( 'NONE',  ( -0.6899999999999980593, -0.5399999999999998135, 0.6400000000000000133 ) ) ;
#1154 = DIRECTION ( 'NONE',  ( 1.000000000000000000, 0.000000000000000000, 0.000000000000000000 ) ) ;
#1155 = CARTESIAN_POINT ( 'NONE',  ( -0.9899999999999982148, 0.6500000000000006883, 0.6000000000000000888 ) ) ;
#1156 = DIRECTION ( 'NONE',  ( -0.000000000000000000, -1.000000000000000000, -0.000000000000000000 ) ) ;
#1157 = DIRECTION ( 'NONE',  ( 0.000000000000000000, -1.000000000000000000, 0.000000000000000000 ) ) ;
#1158 =( LENGTH_UNIT ( ) NAMED_UNIT ( * ) SI_UNIT ( .MILLI., .METRE. ) );
#1159 = FILL_AREA_STYLE_COLOUR ( '', #5264 ) ;
#1160 = PRESENTATION_STYLE_ASSIGNMENT (( #3772 ) ) ;
#1161 = PLANE ( 'NONE',  #3023 ) ;
#1162 =( LENGTH_UNIT ( ) NAMED_UNIT ( * ) SI_UNIT ( .MILLI., .METRE. ) );
#1163 = VERTEX_POINT ( 'NONE', #1086 ) ;
#1164 =( GEOMETRIC_REPRESENTATION_CONTEXT ( 3 ) GLOBAL_UNCERTAINTY_ASSIGNED_CONTEXT ( ( #4118 ) ) GLOBAL_UNIT_ASSIGNED_CONTEXT ( ( #2559, #868, #4493 ) ) REPRESENTATION_CONTEXT ( 'NONE', 'WORKASPACE' ) );
#1165 = AXIS2_PLACEMENT_3D ( 'NONE', #4675, #212, #1073 ) ;
#1166 = ORIENTED_EDGE ( 'NONE', *, *, #3910, .F. ) ;
#1167 =( NAMED_UNIT ( * ) SI_UNIT ( $, .STERADIAN. ) SOLID_ANGLE_UNIT ( ) );
#1168 = DIRECTION ( 'NONE',  ( 0.000000000000000000, -1.000000000000000000, 0.000000000000000000 ) ) ;
#1169 = DIRECTION ( 'NONE',  ( 1.000000000000000000, 0.000000000000000000, 0.000000000000000000 ) ) ;
#1170 = LINE ( 'NONE', #3728, #1468 ) ;
#1171 = PRESENTATION_LAYER_ASSIGNMENT (  '', '', ( #4702 ) ) ;
#1172 = FILL_AREA_STYLE ('',( #2998 ) ) ;
#1173 = DIRECTION ( 'NONE',  ( -1.000000000000000000, 0.000000000000000000, -0.000000000000000000 ) ) ;
#1174 = AXIS2_PLACEMENT_3D ( 'NONE', #1710, #3924, #3491 ) ;
#1175 = EDGE_LOOP ( 'NONE', ( #1082, #3968, #4570, #5725 ) ) ;
#1176 = ORIENTED_EDGE ( 'NONE', *, *, #5028, .T. ) ;
#1177 = DIRECTION ( 'NONE',  ( -1.000000000000000000, -0.000000000000000000, -0.000000000000000000 ) ) ;
#1178 = EDGE_CURVE ( 'NONE', #1589, #2622, #602, .T. ) ;
#1179 = VECTOR ( 'NONE', #2817, 1000.000000000000000 ) ;
#1180 = PLANE ( 'NONE',  #1165 ) ;
#1181 = LINE ( 'NONE', #3931, #4600 ) ;
#1182 =( GEOMETRIC_REPRESENTATION_CONTEXT ( 3 ) GLOBAL_UNCERTAINTY_ASSIGNED_CONTEXT ( ( #1328 ) ) GLOBAL_UNIT_ASSIGNED_CONTEXT ( ( #1938, #4223, #2018 ) ) REPRESENTATION_CONTEXT ( 'NONE', 'WORKASPACE' ) );
#1183 = CARTESIAN_POINT ( 'NONE',  ( 1.249999999999996891, 7.477256361969126395E-15, -0.05000000000000002359 ) ) ;
#1184 = DIRECTION ( 'NONE',  ( 0.000000000000000000, 0.000000000000000000, 1.000000000000000000 ) ) ;
#1185 = EDGE_CURVE ( 'NONE', #5723, #47, #4625, .T. ) ;
#1186 = SURFACE_STYLE_FILL_AREA ( #5657 ) ;
#1187 = CARTESIAN_POINT ( 'NONE',  ( -0.8999999999999981348, 0.6500000000000006883, 0.5500000000000000444 ) ) ;
#1188 = VECTOR ( 'NONE', #3604, 1000.000000000000000 ) ;
#1189 = EDGE_CURVE ( 'NONE', #5169, #12, #2421, .T. ) ;
#1190 = DIRECTION ( 'NONE',  ( 0.000000000000000000, 0.000000000000000000, -1.000000000000000000 ) ) ;
#1191 = CARTESIAN_POINT ( 'NONE',  ( 1.090000000000002078, -0.6499999999999994671, 0.6000000000000000888 ) ) ;
#1192 = STYLED_ITEM ( 'NONE', ( #5784 ), #1656 ) ;
#1193 = LINE ( 'NONE', #227, #158 ) ;
#1194 = SURFACE_STYLE_FILL_AREA ( #280 ) ;
#1195 = CARTESIAN_POINT ( 'NONE',  ( -0.7899999999999981481, -0.5399999999999998135, 0.6400000000000000133 ) ) ;
#1196 = ORIENTED_EDGE ( 'NONE', *, *, #2694, .F. ) ;
#1197 = EDGE_LOOP ( 'NONE', ( #302, #1914, #5039, #4102 ) ) ;
#1198 = CARTESIAN_POINT ( 'NONE',  ( -3.345501787246905815E-16, -0.8939339828220193018, -0.3499999999999999778 ) ) ;
#1199 = CARTESIAN_POINT ( 'NONE',  ( 1.100000000000001865, -1.000000000000001110, -0.3499999999999999778 ) ) ;
#1200 = AXIS2_PLACEMENT_3D ( 'NONE', #1678, #2148, #2566 ) ;
#1201 =( NAMED_UNIT ( * ) SI_UNIT ( $, .STERADIAN. ) SOLID_ANGLE_UNIT ( ) );
#1202 = VECTOR ( 'NONE', #5208, 1000.000000000000000 ) ;
#1203 = DIRECTION ( 'NONE',  ( 1.000000000000000000, 0.000000000000000000, 0.000000000000000000 ) ) ;
#1204 = CARTESIAN_POINT ( 'NONE',  ( 0.000000000000000000, -1.000000000000001110, -0.3499999999999999778 ) ) ;
#1205 = PRESENTATION_STYLE_ASSIGNMENT (( #4227 ) ) ;
#1206 = FILL_AREA_STYLE ('',( #3460 ) ) ;
#1207 = AXIS2_PLACEMENT_3D ( 'NONE', #1443, #4996, #1039 ) ;
#1208 = AXIS2_PLACEMENT_3D ( 'NONE', #4062, #1347, #2800 ) ;
#1209 = ORIENTED_EDGE ( 'NONE', *, *, #2124, .F. ) ;
#1210 = ORIENTED_EDGE ( 'NONE', *, *, #328, .T. ) ;
#1211 = MECHANICAL_DESIGN_GEOMETRIC_PRESENTATION_REPRESENTATION (  '', ( #172 ), #3821 ) ;
#1212 = CARTESIAN_POINT ( 'NONE',  ( 3.345501787246905322E-16, 0.8939339828220190798, -0.3499999999999999778 ) ) ;
#1213 =( GEOMETRIC_REPRESENTATION_CONTEXT ( 3 ) GLOBAL_UNCERTAINTY_ASSIGNED_CONTEXT ( ( #34 ) ) GLOBAL_UNIT_ASSIGNED_CONTEXT ( ( #828, #4730, #734 ) ) REPRESENTATION_CONTEXT ( 'NONE', 'WORKASPACE' ) );
#1214 = FACE_OUTER_BOUND ( 'NONE', #2233, .T. ) ;
#1215 = ORIENTED_EDGE ( 'NONE', *, *, #3059, .T. ) ;
#1216 = UNCERTAINTY_MEASURE_WITH_UNIT (LENGTH_MEASURE( 1.000000000000000082E-05 ), #1934, 'distance_accuracy_value', 'NONE');
#1217 =( LENGTH_UNIT ( ) NAMED_UNIT ( * ) SI_UNIT ( .MILLI., .METRE. ) );
#1218 = SURFACE_SIDE_STYLE ('',( #1186 ) ) ;
#1219 = CARTESIAN_POINT ( 'NONE',  ( -1.250000000000001998, 0.8500000000000006439, -0.3499999999999999778 ) ) ;
#1220 = AXIS2_PLACEMENT_3D ( 'NONE', #3306, #4685, #2841 ) ;
#1221 = ADVANCED_FACE ( 'NONE', ( #3252 ), #4561, .F. ) ;
#1222 = CARTESIAN_POINT ( 'NONE',  ( 1.100000000000002087, -0.9999999999999993339, -0.3510000000000000342 ) ) ;
#1223 = VECTOR ( 'NONE', #3207, 1000.000000000000000 ) ;
#1224 = EDGE_CURVE ( 'NONE', #2109, #988, #4362, .T. ) ;
#1225 = CARTESIAN_POINT ( 'NONE',  ( 1.054407950059314869, -0.8939339828220188577, -0.3499999999999999778 ) ) ;
#1226 =( GEOMETRIC_REPRESENTATION_CONTEXT ( 3 ) GLOBAL_UNCERTAINTY_ASSIGNED_CONTEXT ( ( #3206 ) ) GLOBAL_UNIT_ASSIGNED_CONTEXT ( ( #5445, #945, #3601 ) ) REPRESENTATION_CONTEXT ( 'NONE', 'WORKASPACE' ) );
#1227 = ORIENTED_EDGE ( 'NONE', *, *, #3026, .F. ) ;
#1228 = EDGE_CURVE ( 'NONE', #5248, #12, #4305, .T. ) ;
#1229 = ORIENTED_EDGE ( 'NONE', *, *, #1142, .T. ) ;
#1230 = CARTESIAN_POINT ( 'NONE',  ( -1.143933982822019413, 0.000000000000000000, -0.3499999999999999778 ) ) ;
#1231 = DIRECTION ( 'NONE',  ( 4.644179531951731562E-16, -1.000000000000000000, 0.000000000000000000 ) ) ;
#1232 = CIRCLE ( 'NONE', #2366, 0.05000000000000002359 ) ;
#1233 = FILL_AREA_STYLE_COLOUR ( '', #2660 ) ;
#1234 = LINE ( 'NONE', #4370, #3454 ) ;
#1235 =( NAMED_UNIT ( * ) PLANE_ANGLE_UNIT ( ) SI_UNIT ( $, .RADIAN. ) );
#1236 =( LENGTH_UNIT ( ) NAMED_UNIT ( * ) SI_UNIT ( .MILLI., .METRE. ) );
#1237 = AXIS2_PLACEMENT_3D ( 'NONE', #4880, #5246, #4304 ) ;
#1238 =( NAMED_UNIT ( * ) SI_UNIT ( $, .STERADIAN. ) SOLID_ANGLE_UNIT ( ) );
#1239 = ORIENTED_EDGE ( 'NONE', *, *, #5762, .T. ) ;
#1240 = DIRECTION ( 'NONE',  ( -0.000000000000000000, -0.000000000000000000, 1.000000000000000000 ) ) ;
#1241 = FILL_AREA_STYLE_COLOUR ( '', #1065 ) ;
#1242 = MECHANICAL_DESIGN_GEOMETRIC_PRESENTATION_REPRESENTATION (  '', ( #2741 ), #2192 ) ;
#1243 =( NAMED_UNIT ( * ) SI_UNIT ( $, .STERADIAN. ) SOLID_ANGLE_UNIT ( ) );
#1244 = CARTESIAN_POINT ( 'NONE',  ( 0.9000000000000019096, 0.7400000000000007683, 0.6000000000000000888 ) ) ;
#1245 = ORIENTED_EDGE ( 'NONE', *, *, #3226, .F. ) ;
#1246 = CARTESIAN_POINT ( 'NONE',  ( 0.9900000000000019895, -0.6499999999999994671, 0.6500000000000001332 ) ) ;
#1247 = SURFACE_SIDE_STYLE ('',( #3473 ) ) ;
#1248 = SURFACE_STYLE_USAGE ( .BOTH. , #1218 ) ;
#1249 = CARTESIAN_POINT ( 'NONE',  ( 0.000000000000000000, 1.000000000000000666, -0.05000000000000002359 ) ) ;
#1250 =( GEOMETRIC_REPRESENTATION_CONTEXT ( 3 ) GLOBAL_UNCERTAINTY_ASSIGNED_CONTEXT ( ( #3673 ) ) GLOBAL_UNIT_ASSIGNED_CONTEXT ( ( #327, #239, #5171 ) ) REPRESENTATION_CONTEXT ( 'NONE', 'WORKASPACE' ) );
#1251 = PLANE ( 'NONE',  #4788 ) ;
#1252 = PRESENTATION_LAYER_ASSIGNMENT (  '', '', ( #779 ) ) ;
#1253 = ADVANCED_FACE ( 'NONE', ( #311 ), #3451, .T. ) ;
#1254 = SURFACE_STYLE_FILL_AREA ( #5247 ) ;
#1255 = ORIENTED_EDGE ( 'NONE', *, *, #5716, .F. ) ;
#1256 = CLOSED_SHELL ( 'NONE', ( #1345, #2565, #649, #4881, #5242, #5144, #454, #4803, #2261, #4869, #4063, #4169, #3794, #2949, #5147, #1221, #824, #1619 ) ) ;
#1257 = VERTEX_POINT ( 'NONE', #3481 ) ;
#1258 = CARTESIAN_POINT ( 'NONE',  ( 0.4749999999999997558, -9.255294389439565909E-17, -0.05000000000000002359 ) ) ;
#1259 = CARTESIAN_POINT ( 'NONE',  ( -0.5562500000000039080, -0.5562499999999973577, -0.05000000000000002359 ) ) ;
#1260 = CARTESIAN_POINT ( 'NONE',  ( 1.250000000000001998, 0.000000000000000000, -0.05000000000000002359 ) ) ;
#1261 = LINE ( 'NONE', #3950, #2805 ) ;
#1262 = MECHANICAL_DESIGN_GEOMETRIC_PRESENTATION_REPRESENTATION (  '', ( #877 ), #2952 ) ;
#1263 = EDGE_CURVE ( 'NONE', #4450, #816, #4750, .T. ) ;
#1264 = CIRCLE ( 'NONE', #5446, 0.05000000000000002359 ) ;
#1265 = ADVANCED_FACE ( 'NONE', ( #3082 ), #2121, .T. ) ;
#1266 = CYLINDRICAL_SURFACE ( 'NONE', #1200, 0.05000000000000002359 ) ;
#1267 = ORIENTED_EDGE ( 'NONE', *, *, #5571, .F. ) ;
#1268 = STYLED_ITEM ( 'NONE', ( #1607 ), #5611 ) ;
#1269 = AXIS2_PLACEMENT_3D ( 'NONE', #2603, #2157, #4676 ) ;
#1270 = PRESENTATION_STYLE_ASSIGNMENT (( #4864 ) ) ;
#1271 = STYLED_ITEM ( 'NONE', ( #3527 ), #652 ) ;
#1272 = SURFACE_STYLE_USAGE ( .BOTH. , #2123 ) ;
#1273 = ORIENTED_EDGE ( 'NONE', *, *, #525, .F. ) ;
#1274 = UNCERTAINTY_MEASURE_WITH_UNIT (LENGTH_MEASURE( 1.000000000000000082E-05 ), #3062, 'distance_accuracy_value', 'NONE');
#1275 = VECTOR ( 'NONE', #3195, 1000.000000000000000 ) ;
#1276 = LINE ( 'NONE', #2658, #3445 ) ;
#1277 = LINE ( 'NONE', #306, #5340 ) ;
#1278 = PRESENTATION_LAYER_ASSIGNMENT (  '', '', ( #2309 ) ) ;
#1279 = UNCERTAINTY_MEASURE_WITH_UNIT (LENGTH_MEASURE( 1.000000000000000082E-05 ), #2100, 'distance_accuracy_value', 'NONE');
#1280 = PRESENTATION_STYLE_ASSIGNMENT (( #4359 ) ) ;
#1281 = PRESENTATION_LAYER_ASSIGNMENT (  '', '', ( #1097 ) ) ;
#1282 = CARTESIAN_POINT ( 'NONE',  ( -1.143933982822019413, -0.3374999999999995226, -0.05000000000000002359 ) ) ;
#1283 = VERTEX_POINT ( 'NONE', #3020 ) ;
#1284 =( GEOMETRIC_REPRESENTATION_CONTEXT ( 3 ) GLOBAL_UNCERTAINTY_ASSIGNED_CONTEXT ( ( #3213 ) ) GLOBAL_UNIT_ASSIGNED_CONTEXT ( ( #4838, #453, #3089 ) ) REPRESENTATION_CONTEXT ( 'NONE', 'WORKASPACE' ) );
#1285 = VERTEX_POINT ( 'NONE', #4462 ) ;
#1286 = CYLINDRICAL_SURFACE ( 'NONE', #1092, 0.1499999999999999667 ) ;
#1287 =( LENGTH_UNIT ( ) NAMED_UNIT ( * ) SI_UNIT ( .MILLI., .METRE. ) );
#1288 = FILL_AREA_STYLE_COLOUR ( '', #1099 ) ;
#1289 = ORIENTED_EDGE ( 'NONE', *, *, #3345, .F. ) ;
#1290 = TOROIDAL_SURFACE ( 'NONE', #5125, 0.2500000000000000000, 0.05000000000000000278 ) ;
#1291 = ADVANCED_FACE ( 'NONE', ( #69 ), #2248, .F. ) ;
#1292 = STYLED_ITEM ( 'NONE', ( #1355 ), #2115 ) ;
#1293 = DIRECTION ( 'NONE',  ( -1.000000000000000000, 2.168404344971012812E-15, 0.000000000000000000 ) ) ;
#1294 = EDGE_CURVE ( 'NONE', #985, #2109, #1946, .T. ) ;
#1295 = LINE ( 'NONE', #3954, #3176 ) ;
#1296 = VECTOR ( 'NONE', #1409, 1000.000000000000000 ) ;
#1297 = DIRECTION ( 'NONE',  ( 1.000000000000000000, 0.000000000000000000, -0.000000000000000000 ) ) ;
#1298 = VERTEX_POINT ( 'NONE', #4015 ) ;
#1299 = ORIENTED_EDGE ( 'NONE', *, *, #1584, .T. ) ;
#1300 = AXIS2_PLACEMENT_3D ( 'NONE', #365, #1662, #3046 ) ;
#1301 = COLOUR_RGB ( '',0.8627450980392157298, 0.6274509803921568540, 0.05882352941176470507 ) ;
#1302 = DIRECTION ( 'NONE',  ( 4.644179531951731562E-16, 1.000000000000000000, 0.000000000000000000 ) ) ;
#1303 = PRESENTATION_LAYER_ASSIGNMENT (  '', '', ( #4835 ) ) ;
#1304 = FACE_OUTER_BOUND ( 'NONE', #157, .T. ) ;
#1305 = PRESENTATION_LAYER_ASSIGNMENT (  '', '', ( #3920 ) ) ;
#1306 = CIRCLE ( 'NONE', #4657, 0.05000000000000002359 ) ;
#1307 = SURFACE_SIDE_STYLE ('',( #1724 ) ) ;
#1308 = ORIENTED_EDGE ( 'NONE', *, *, #1545, .F. ) ;
#1309 = ORIENTED_EDGE ( 'NONE', *, *, #3622, .F. ) ;
#1310 = PLANE ( 'NONE',  #5193 ) ;
#1311 = FILL_AREA_STYLE_COLOUR ( '', #44 ) ;
#1312 = DIRECTION ( 'NONE',  ( -1.000000000000000000, 0.000000000000000000, 0.000000000000000000 ) ) ;
#1313 = VERTEX_POINT ( 'NONE', #2349 ) ;
#1314 = CARTESIAN_POINT ( 'NONE',  ( 0.9900000000000022116, -0.6499999999999994671, 0.6000000000000000888 ) ) ;
#1315 = CARTESIAN_POINT ( 'NONE',  ( 3.345501787246905815E-16, -0.8939339828220193018, -0.05000000000000002359 ) ) ;
#1316 = DIRECTION ( 'NONE',  ( 0.000000000000000000, 1.000000000000000000, 0.000000000000000000 ) ) ;
#1317 = AXIS2_PLACEMENT_3D ( 'NONE', #4708, #1078, #1596 ) ;
#1318 = EDGE_CURVE ( 'NONE', #3800, #4973, #4248, .T. ) ;
#1319 = ORIENTED_EDGE ( 'NONE', *, *, #388, .F. ) ;
#1320 = UNCERTAINTY_MEASURE_WITH_UNIT (LENGTH_MEASURE( 1.000000000000000082E-05 ), #1425, 'distance_accuracy_value', 'NONE');
#1321 = AXIS2_PLACEMENT_3D ( 'NONE', #3877, #5368, #4053 ) ;
#1322 = DIRECTION ( 'NONE',  ( -1.000000000000000000, 3.742448381574715951E-16, 0.000000000000000000 ) ) ;
#1323 = FACE_OUTER_BOUND ( 'NONE', #5584, .T. ) ;
#1324 =( LENGTH_UNIT ( ) NAMED_UNIT ( * ) SI_UNIT ( .MILLI., .METRE. ) );
#1325 = EDGE_CURVE ( 'NONE', #3514, #1559, #1809, .T. ) ;
#1326 = COLOUR_RGB ( '',0.8627450980392157298, 0.6274509803921568540, 0.05882352941176470507 ) ;
#1327 = CARTESIAN_POINT ( 'NONE',  ( 1.054407950059315313, 0.8939339828220186357, -0.05000000000000002359 ) ) ;
#1328 = UNCERTAINTY_MEASURE_WITH_UNIT (LENGTH_MEASURE( 1.000000000000000082E-05 ), #1938, 'distance_accuracy_value', 'NONE');
#1329 = PRESENTATION_STYLE_ASSIGNMENT (( #2342 ) ) ;
#1330 = CARTESIAN_POINT ( 'NONE',  ( -1.250000000000001998, 1.000000000000000666, -0.3499999999999999778 ) ) ;
#1331 =( LENGTH_UNIT ( ) NAMED_UNIT ( * ) SI_UNIT ( .MILLI., .METRE. ) );
#1332 = DIRECTION ( 'NONE',  ( -1.000000000000000000, 0.000000000000000000, 0.000000000000000000 ) ) ;
#1333 = CARTESIAN_POINT ( 'NONE',  ( -0.4749999999999999223, 0.000000000000000000, -0.05000000000000002359 ) ) ;
#1334 = ORIENTED_EDGE ( 'NONE', *, *, #2491, .T. ) ;
#1335 = TOROIDAL_SURFACE ( 'NONE', #3218, 0.09000000000000009381, 0.05000000000000000278 ) ;
#1336 = ORIENTED_EDGE ( 'NONE', *, *, #4555, .F. ) ;
#1337 = SURFACE_SIDE_STYLE ('',( #4941 ) ) ;
#1338 = SURFACE_SIDE_STYLE ('',( #2254 ) ) ;
#1339 = DIRECTION ( 'NONE',  ( -1.000000000000000000, 0.000000000000000000, 0.000000000000000000 ) ) ;
#1340 = ORIENTED_EDGE ( 'NONE', *, *, #1576, .T. ) ;
#1341 = SURFACE_SIDE_STYLE ('',( #966 ) ) ;
#1342 = PRESENTATION_LAYER_ASSIGNMENT (  '', '', ( #877 ) ) ;
#1343 = PRESENTATION_LAYER_ASSIGNMENT (  '', '', ( #2108 ) ) ;
#1344 = VERTEX_POINT ( 'NONE', #1358 ) ;
#1345 = ADVANCED_FACE ( 'NONE', ( #1866 ), #3541, .F. ) ;
#1346 = CARTESIAN_POINT ( 'NONE',  ( 1.250000000000001998, 1.000000000000000666, -0.05000000000000002359 ) ) ;
#1347 = DIRECTION ( 'NONE',  ( 0.000000000000000000, 0.000000000000000000, -1.000000000000000000 ) ) ;
#1348 = PRESENTATION_LAYER_ASSIGNMENT (  '', '', ( #501 ) ) ;
#1349 = CIRCLE ( 'NONE', #5629, 0.05000000000000002359 ) ;
#1350 = CARTESIAN_POINT ( 'NONE',  ( 1.143933982822019191, -5.312634788926045980E-16, -0.05000000000000002359 ) ) ;
#1351 = FILL_AREA_STYLE ('',( #3599 ) ) ;
#1352 =( LENGTH_UNIT ( ) NAMED_UNIT ( * ) SI_UNIT ( .MILLI., .METRE. ) );
#1353 = ADVANCED_FACE ( 'NONE', ( #3765 ), #2410, .F. ) ;
#1354 = CARTESIAN_POINT ( 'NONE',  ( -0.8999999999999980238, 0.9000000000000006883, 0.4000000000000000222 ) ) ;
#1355 = PRESENTATION_STYLE_ASSIGNMENT (( #4486 ) ) ;
#1356 =( NAMED_UNIT ( * ) PLANE_ANGLE_UNIT ( ) SI_UNIT ( $, .RADIAN. ) );
#1357 = EDGE_CURVE ( 'NONE', #606, #1823, #2029, .T. ) ;
#1358 = CARTESIAN_POINT ( 'NONE',  ( -0.8999999999999980238, 0.8500000000000007550, 0.4000000000000000222 ) ) ;
#1359 = ORIENTED_EDGE ( 'NONE', *, *, #2302, .F. ) ;
#1360 = EDGE_LOOP ( 'NONE', ( #1002, #3168, #2350, #5145 ) ) ;
#1361 = COLOUR_RGB ( '',0.8627450980392157298, 0.6274509803921568540, 0.05882352941176470507 ) ;
#1362 = FACE_OUTER_BOUND ( 'NONE', #3737, .T. ) ;
#1363 = SURFACE_SIDE_STYLE ('',( #542 ) ) ;
#1364 = MECHANICAL_DESIGN_GEOMETRIC_PRESENTATION_REPRESENTATION (  '', ( #2691 ), #4623 ) ;
#1365 = DIRECTION ( 'NONE',  ( 0.000000000000000000, 0.000000000000000000, 1.000000000000000000 ) ) ;
#1366 = ORIENTED_EDGE ( 'NONE', *, *, #832, .T. ) ;
#1367 = FILL_AREA_STYLE ('',( #4417 ) ) ;
#1368 = MECHANICAL_DESIGN_GEOMETRIC_PRESENTATION_REPRESENTATION (  '', ( #5376 ), #5107 ) ;
#1369 = CARTESIAN_POINT ( 'NONE',  ( 3.345501787246905322E-16, 0.8939339828220190798, -0.05000000000000002359 ) ) ;
#1370 = LINE ( 'NONE', #335, #5324 ) ;
#1371 = CARTESIAN_POINT ( 'NONE',  ( 1.250000000000001776, -1.000000000000001110, -0.05000000000000002359 ) ) ;
#1372 = AXIS2_PLACEMENT_3D ( 'NONE', #3328, #1128, #4617 ) ;
#1373 = ORIENTED_EDGE ( 'NONE', *, *, #3099, .T. ) ;
#1374 = ORIENTED_EDGE ( 'NONE', *, *, #4746, .T. ) ;
#1375 =( NAMED_UNIT ( * ) SI_UNIT ( $, .STERADIAN. ) SOLID_ANGLE_UNIT ( ) );
#1376 = FILL_AREA_STYLE_COLOUR ( '', #1561 ) ;
#1377 = CARTESIAN_POINT ( 'NONE',  ( -1.143933982822019413, 0.3374999999999998557, -0.3499999999999999778 ) ) ;
#1378 = STYLED_ITEM ( 'NONE', ( #4860 ), #3159 ) ;
#1379 = DIRECTION ( 'NONE',  ( 1.000000000000000000, 0.000000000000000000, 0.000000000000000000 ) ) ;
#1380 = PRESENTATION_LAYER_ASSIGNMENT (  '', '', ( #3172 ) ) ;
#1381 =( NAMED_UNIT ( * ) SI_UNIT ( $, .STERADIAN. ) SOLID_ANGLE_UNIT ( ) );
#1382 = UNCERTAINTY_MEASURE_WITH_UNIT (LENGTH_MEASURE( 1.000000000000000082E-05 ), #4900, 'distance_accuracy_value', 'NONE');
#1383 = DIRECTION ( 'NONE',  ( 0.000000000000000000, 0.000000000000000000, -1.000000000000000000 ) ) ;
#1384 = DIRECTION ( 'NONE',  ( 0.000000000000000000, 0.000000000000000000, 1.000000000000000000 ) ) ;
#1385 = LINE ( 'NONE', #920, #98 ) ;
#1386 = AXIS2_PLACEMENT_3D ( 'NONE', #4339, #4804, #819 ) ;
#1387 =( NAMED_UNIT ( * ) SI_UNIT ( $, .STERADIAN. ) SOLID_ANGLE_UNIT ( ) );
#1388 = EDGE_LOOP ( 'NONE', ( #2207, #191, #2381, #675, #3319, #5570, #865, #2184, #4885 ) ) ;
#1389 = EDGE_CURVE ( 'NONE', #2118, #466, #2472, .T. ) ;
#1390 = EDGE_LOOP ( 'NONE', ( #1744, #2613, #2389, #1703 ) ) ;
#1391 = FILL_AREA_STYLE_COLOUR ( '', #1737 ) ;
#1392 = EDGE_CURVE ( 'NONE', #5675, #3391, #188, .T. ) ;
#1393 = VECTOR ( 'NONE', #4622, 1000.000000000000000 ) ;
#1394 = PRESENTATION_STYLE_ASSIGNMENT (( #3608 ) ) ;
#1395 =( LENGTH_UNIT ( ) NAMED_UNIT ( * ) SI_UNIT ( .MILLI., .METRE. ) );
#1396 = CARTESIAN_POINT ( 'NONE',  ( 2.188067836949561821E-16, -0.3375000000000002998, -0.3499999999999999778 ) ) ;
#1397 = EDGE_CURVE ( 'NONE', #4810, #1823, #1983, .T. ) ;
#1398 = CARTESIAN_POINT ( 'NONE',  ( -0.4749999999999997558, 0.000000000000000000, -0.05000000000000002359 ) ) ;
#1399 = ORIENTED_EDGE ( 'NONE', *, *, #314, .F. ) ;
#1400 = SURFACE_STYLE_FILL_AREA ( #1819 ) ;
#1401 = MECHANICAL_DESIGN_GEOMETRIC_PRESENTATION_REPRESENTATION (  '', ( #656 ), #5225 ) ;
#1402 = SURFACE_STYLE_USAGE ( .BOTH. , #1029 ) ;
#1403 =( NAMED_UNIT ( * ) PLANE_ANGLE_UNIT ( ) SI_UNIT ( $, .RADIAN. ) );
#1404 = SURFACE_STYLE_USAGE ( .BOTH. , #1341 ) ;
#1405 = VECTOR ( 'NONE', #4459, 1000.000000000000000 ) ;
#1406 = ORIENTED_EDGE ( 'NONE', *, *, #4947, .F. ) ;
#1407 =( NAMED_UNIT ( * ) SI_UNIT ( $, .STERADIAN. ) SOLID_ANGLE_UNIT ( ) );
#1408 = DIRECTION ( 'NONE',  ( 1.000000000000000000, 0.000000000000000000, 0.000000000000000000 ) ) ;
#1409 = DIRECTION ( 'NONE',  ( 1.000000000000000000, -6.483163961332029401E-16, 0.000000000000000000 ) ) ;
#1410 = DIRECTION ( 'NONE',  ( -1.000000000000000000, 0.000000000000000000, 0.000000000000000000 ) ) ;
#1411 = FILL_AREA_STYLE ('',( #3107 ) ) ;
#1412 = AXIS2_PLACEMENT_3D ( 'NONE', #3720, #1879, #518 ) ;
#1413 = CARTESIAN_POINT ( 'NONE',  ( -2.188067836949561821E-16, -0.3375000000000002998, -0.05000000000000002359 ) ) ;
#1414 = CARTESIAN_POINT ( 'NONE',  ( 1.100000000000002087, 1.000000000000000666, -0.3510000000000000342 ) ) ;
#1415 =( GEOMETRIC_REPRESENTATION_CONTEXT ( 3 ) GLOBAL_UNCERTAINTY_ASSIGNED_CONTEXT ( ( #4989 ) ) GLOBAL_UNIT_ASSIGNED_CONTEXT ( ( #195, #2528, #1632 ) ) REPRESENTATION_CONTEXT ( 'NONE', 'WORKASPACE' ) );
#1416 = FILL_AREA_STYLE ('',( #5036 ) ) ;
#1417 = FILL_AREA_STYLE ('',( #4429 ) ) ;
#1418 = VERTEX_POINT ( 'NONE', #1481 ) ;
#1419 = ORIENTED_EDGE ( 'NONE', *, *, #3722, .F. ) ;
#1420 = CARTESIAN_POINT ( 'NONE',  ( -1.149999999999998135, -0.6499999999999993561, 0.3499999999999999778 ) ) ;
#1421 = EDGE_CURVE ( 'NONE', #3224, #628, #123, .T. ) ;
#1422 = LINE ( 'NONE', #4496, #137 ) ;
#1423 =( NAMED_UNIT ( * ) SI_UNIT ( $, .STERADIAN. ) SOLID_ANGLE_UNIT ( ) );
#1424 = ORIENTED_EDGE ( 'NONE', *, *, #888, .F. ) ;
#1425 =( LENGTH_UNIT ( ) NAMED_UNIT ( * ) SI_UNIT ( .MILLI., .METRE. ) );
#1426 =( NAMED_UNIT ( * ) PLANE_ANGLE_UNIT ( ) SI_UNIT ( $, .RADIAN. ) );
#1427 = COLOUR_RGB ( '',0.8627450980392157298, 0.6274509803921568540, 0.05882352941176470507 ) ;
#1428 = EDGE_CURVE ( 'NONE', #1558, #1616, #3330, .T. ) ;
#1429 = SURFACE_STYLE_USAGE ( .BOTH. , #3290 ) ;
#1430 = DIRECTION ( 'NONE',  ( 1.000000000000000000, 0.000000000000000000, 0.000000000000000000 ) ) ;
#1431 = EDGE_CURVE ( 'NONE', #5723, #3888, #1014, .T. ) ;
#1432 = ORIENTED_EDGE ( 'NONE', *, *, #1108, .F. ) ;
#1433 = VERTEX_POINT ( 'NONE', #3278 ) ;
#1434 = UNCERTAINTY_MEASURE_WITH_UNIT (LENGTH_MEASURE( 1.000000000000000082E-05 ), #4588, 'distance_accuracy_value', 'NONE');
#1435 = DIRECTION ( 'NONE',  ( -1.000000000000000000, 0.000000000000000000, 0.000000000000000000 ) ) ;
#1436 = SURFACE_SIDE_STYLE ('',( #436 ) ) ;
#1437 = SURFACE_STYLE_USAGE ( .BOTH. , #5441 ) ;
#1438 =( LENGTH_UNIT ( ) NAMED_UNIT ( * ) SI_UNIT ( .MILLI., .METRE. ) );
#1439 = CARTESIAN_POINT ( 'NONE',  ( 0.000000000000000000, 0.000000000000000000, -0.05000000000000002359 ) ) ;
#1440 = VECTOR ( 'NONE', #3307, 1000.000000000000000 ) ;
#1441 = STYLED_ITEM ( 'NONE', ( #1889 ), #247 ) ;
#1442 =( LENGTH_UNIT ( ) NAMED_UNIT ( * ) SI_UNIT ( .MILLI., .METRE. ) );
#1443 = CARTESIAN_POINT ( 'NONE',  ( 0.9000000000000020206, 0.6500000000000006883, 0.3499999999999999778 ) ) ;
#1444 = UNCERTAINTY_MEASURE_WITH_UNIT (LENGTH_MEASURE( 1.000000000000000082E-05 ), #184, 'distance_accuracy_value', 'NONE');
#1445 = FILL_AREA_STYLE_COLOUR ( '', #1693 ) ;
#1446 = DIRECTION ( 'NONE',  ( 1.000000000000000000, 0.000000000000000000, 0.000000000000000000 ) ) ;
#1447 = PLANE ( 'NONE',  #3085 ) ;
#1448 = SURFACE_SIDE_STYLE ('',( #96 ) ) ;
#1449 = DIRECTION ( 'NONE',  ( 0.000000000000000000, 0.000000000000000000, -1.000000000000000000 ) ) ;
#1450 = EDGE_LOOP ( 'NONE', ( #2213, #1947, #3071, #2907 ) ) ;
#1451 = CIRCLE ( 'NONE', #2773, 0.1999999999999999833 ) ;
#1452 = ORIENTED_EDGE ( 'NONE', *, *, #888, .T. ) ;
#1453 = SURFACE_SIDE_STYLE ('',( #3638 ) ) ;
#1454 =( NAMED_UNIT ( * ) PLANE_ANGLE_UNIT ( ) SI_UNIT ( $, .RADIAN. ) );
#1455 = DIRECTION ( 'NONE',  ( -0.000000000000000000, -0.000000000000000000, 1.000000000000000000 ) ) ;
#1456 =( NAMED_UNIT ( * ) PLANE_ANGLE_UNIT ( ) SI_UNIT ( $, .RADIAN. ) );
#1457 = DIRECTION ( 'NONE',  ( -1.000000000000000000, -8.965986505048646580E-14, 0.000000000000000000 ) ) ;
#1458 = VECTOR ( 'NONE', #3510, 1000.000000000000000 ) ;
#1459 = ORIENTED_EDGE ( 'NONE', *, *, #3634, .T. ) ;
#1460 = SURFACE_STYLE_FILL_AREA ( #2360 ) ;
#1461 = DIRECTION ( 'NONE',  ( 1.948483029355698800E-16, 1.000000000000000000, 0.000000000000000000 ) ) ;
#1462 = FILL_AREA_STYLE ('',( #546 ) ) ;
#1463 = PLANE ( 'NONE',  #3732 ) ;
#1464 = SURFACE_SIDE_STYLE ('',( #2763 ) ) ;
#1465 = DIRECTION ( 'NONE',  ( -0.000000000000000000, -0.000000000000000000, 1.000000000000000000 ) ) ;
#1466 = ADVANCED_FACE ( 'NONE', ( #5037 ), #4510, .F. ) ;
#1467 = VERTEX_POINT ( 'NONE', #1885 ) ;
#1468 = VECTOR ( 'NONE', #4341, 1000.000000000000000 ) ;
#1469 = VERTEX_POINT ( 'NONE', #2685 ) ;
#1470 = EDGE_CURVE ( 'NONE', #2622, #1285, #4452, .T. ) ;
#1471 = MANIFOLD_SOLID_BREP ( 'Boss-Extrude5', #1628 ) ;
#1472 =( NAMED_UNIT ( * ) PLANE_ANGLE_UNIT ( ) SI_UNIT ( $, .RADIAN. ) );
#1473 = CARTESIAN_POINT ( 'NONE',  ( 0.9000000000000020206, 0.9000000000000006883, 0.4000000000000000222 ) ) ;
#1474 = STYLED_ITEM ( 'NONE', ( #4405 ), #2048 ) ;
#1475 =( NAMED_UNIT ( * ) SI_UNIT ( $, .STERADIAN. ) SOLID_ANGLE_UNIT ( ) );
#1476 = DIRECTION ( 'NONE',  ( 1.000000000000000000, -0.000000000000000000, -0.000000000000000000 ) ) ;
#1477 = AXIS2_PLACEMENT_3D ( 'NONE', #254, #3343, #2909 ) ;
#1478 = DIRECTION ( 'NONE',  ( -1.000000000000000000, 0.000000000000000000, -0.000000000000000000 ) ) ;
#1479 = DIRECTION ( 'NONE',  ( 1.000000000000000000, 0.000000000000000000, -0.000000000000000000 ) ) ;
#1480 = DIRECTION ( 'NONE',  ( -0.000000000000000000, -0.000000000000000000, 1.000000000000000000 ) ) ;
#1481 = CARTESIAN_POINT ( 'NONE',  ( -1.099999999999998090, -0.9999999999999993339, 0.3499999999999999778 ) ) ;
#1482 = COLOUR_RGB ( '',0.2862745098039215508, 0.2862745098039215508, 0.2862745098039215508 ) ;
#1483 = VERTEX_POINT ( 'NONE', #4481 ) ;
#1484 = STYLED_ITEM ( 'NONE', ( #5442 ), #2430 ) ;
#1485 = ORIENTED_EDGE ( 'NONE', *, *, #4677, .T. ) ;
#1486 = DIRECTION ( 'NONE',  ( 1.000000000000000000, 0.000000000000000000, 0.000000000000000000 ) ) ;
#1487 =( NAMED_UNIT ( * ) PLANE_ANGLE_UNIT ( ) SI_UNIT ( $, .RADIAN. ) );
#1488 = CARTESIAN_POINT ( 'NONE',  ( 1.250000000000001998, 0.7775000000000006350, -0.05000000000000002359 ) ) ;
#1489 = AXIS2_PLACEMENT_3D ( 'NONE', #3182, #3863, #3678 ) ;
#1490 = LINE ( 'NONE', #2316, #2607 ) ;
#1491 = CIRCLE ( 'NONE', #4545, 0.05000000000000002359 ) ;
#1492 =( NAMED_UNIT ( * ) SI_UNIT ( $, .STERADIAN. ) SOLID_ANGLE_UNIT ( ) );
#1493 = CARTESIAN_POINT ( 'NONE',  ( -0.4749999999999999223, 0.000000000000000000, -0.05000000000000002359 ) ) ;
#1494 = ORIENTED_EDGE ( 'NONE', *, *, #5459, .F. ) ;
#1495 = DIRECTION ( 'NONE',  ( -1.000000000000000000, 4.872818752743829800E-15, 0.000000000000000000 ) ) ;
#1496 = CARTESIAN_POINT ( 'NONE',  ( 1.143933982822019413, 0.000000000000000000, -0.05000000000000002359 ) ) ;
#1497 =( NAMED_UNIT ( * ) SI_UNIT ( $, .STERADIAN. ) SOLID_ANGLE_UNIT ( ) );
#1498 = EDGE_LOOP ( 'NONE', ( #1080, #507, #2888, #2596 ) ) ;
#1499 = PRESENTATION_LAYER_ASSIGNMENT (  '', '', ( #4841 ) ) ;
#1500 = VERTEX_POINT ( 'NONE', #2270 ) ;
#1501 = FILL_AREA_STYLE_COLOUR ( '', #5132 ) ;
#1502 = SURFACE_SIDE_STYLE ('',( #1974 ) ) ;
#1503 = CARTESIAN_POINT ( 'NONE',  ( 9.918257743971033971E-17, 0.3374999999999995226, -0.3499999999999999778 ) ) ;
#1504 = CARTESIAN_POINT ( 'NONE',  ( -1.249999999999998002, -0.9999999999999993339, 0.3499999999999999778 ) ) ;
#1505 = EDGE_CURVE ( 'NONE', #207, #3340, #2743, .T. ) ;
#1506 =( LENGTH_UNIT ( ) NAMED_UNIT ( * ) SI_UNIT ( .MILLI., .METRE. ) );
#1507 = VECTOR ( 'NONE', #5615, 1000.000000000000000 ) ;
#1508 = LINE ( 'NONE', #4095, #231 ) ;
#1509 = UNCERTAINTY_MEASURE_WITH_UNIT (LENGTH_MEASURE( 1.000000000000000082E-05 ), #95, 'distance_accuracy_value', 'NONE');
#1510 = CIRCLE ( 'NONE', #1041, 0.2225000000000000311 ) ;
#1511 = LINE ( 'NONE', #1535, #4378 ) ;
#1512 = FACE_OUTER_BOUND ( 'NONE', #57, .T. ) ;
#1513 = EDGE_CURVE ( 'NONE', #1433, #2643, #3624, .T. ) ;
#1514 =( LENGTH_UNIT ( ) NAMED_UNIT ( * ) SI_UNIT ( .MILLI., .METRE. ) );
#1515 = EDGE_CURVE ( 'NONE', #905, #4406, #4871, .T. ) ;
#1516 = VERTEX_POINT ( 'NONE', #1855 ) ;
#1517 = VERTEX_POINT ( 'NONE', #2770 ) ;
#1518 = VECTOR ( 'NONE', #658, 1000.000000000000000 ) ;
#1519 = FACE_OUTER_BOUND ( 'NONE', #2780, .T. ) ;
#1520 = LINE ( 'NONE', #1493, #4990 ) ;
#1521 = ORIENTED_EDGE ( 'NONE', *, *, #1431, .F. ) ;
#1522 = MANIFOLD_SOLID_BREP ( 'Boss-Extrude4[2]', #3866 ) ;
#1523 = VERTEX_POINT ( 'NONE', #615 ) ;
#1524 = CARTESIAN_POINT ( 'NONE',  ( -1.149999999999998135, 0.6500000000000006883, 0.4000000000000000222 ) ) ;
#1525 =( GEOMETRIC_REPRESENTATION_CONTEXT ( 3 ) GLOBAL_UNCERTAINTY_ASSIGNED_CONTEXT ( ( #4507 ) ) GLOBAL_UNIT_ASSIGNED_CONTEXT ( ( #3097, #5789, #2152 ) ) REPRESENTATION_CONTEXT ( 'NONE', 'WORKASPACE' ) );
#1526 =( NAMED_UNIT ( * ) SI_UNIT ( $, .STERADIAN. ) SOLID_ANGLE_UNIT ( ) );
#1527 =( NAMED_UNIT ( * ) SI_UNIT ( $, .STERADIAN. ) SOLID_ANGLE_UNIT ( ) );
#1528 = VERTEX_POINT ( 'NONE', #5190 ) ;
#1529 =( GEOMETRIC_REPRESENTATION_CONTEXT ( 3 ) GLOBAL_UNCERTAINTY_ASSIGNED_CONTEXT ( ( #3958 ) ) GLOBAL_UNIT_ASSIGNED_CONTEXT ( ( #5730, #425, #1788 ) ) REPRESENTATION_CONTEXT ( 'NONE', 'WORKASPACE' ) );
#1530 = ORIENTED_EDGE ( 'NONE', *, *, #4778, .T. ) ;
#1531 = CARTESIAN_POINT ( 'NONE',  ( -1.249999999999998002, 0.7775000000000005240, -0.3499999999999999778 ) ) ;
#1532 = SURFACE_SIDE_STYLE ('',( #180 ) ) ;
#1533 = SURFACE_STYLE_FILL_AREA ( #1592 ) ;
#1534 = EDGE_CURVE ( 'NONE', #408, #84, #4421, .T. ) ;
#1535 = CARTESIAN_POINT ( 'NONE',  ( 1.090000000000002078, 0.000000000000000000, 0.5500000000000000444 ) ) ;
#1536 = MECHANICAL_DESIGN_GEOMETRIC_PRESENTATION_REPRESENTATION (  '', ( #3320 ), #4875 ) ;
#1537 = DIRECTION ( 'NONE',  ( 4.644179531951731562E-16, -1.000000000000000000, 0.000000000000000000 ) ) ;
#1538 =( LENGTH_UNIT ( ) NAMED_UNIT ( * ) SI_UNIT ( .MILLI., .METRE. ) );
#1539 = CARTESIAN_POINT ( 'NONE',  ( 0.9000000000000019096, -0.8499999999999994227, 0.5500000000000000444 ) ) ;
#1540 = CARTESIAN_POINT ( 'NONE',  ( 1.143933982822019413, 0.3374999999999998557, -0.3499999999999999778 ) ) ;
#1541 = EDGE_CURVE ( 'NONE', #1616, #3469, #245, .T. ) ;
#1542 =( GEOMETRIC_REPRESENTATION_CONTEXT ( 3 ) GLOBAL_UNCERTAINTY_ASSIGNED_CONTEXT ( ( #5350 ) ) GLOBAL_UNIT_ASSIGNED_CONTEXT ( ( #3528, #4845, #5619 ) ) REPRESENTATION_CONTEXT ( 'NONE', 'WORKASPACE' ) );
#1543 = ORIENTED_EDGE ( 'NONE', *, *, #1723, .F. ) ;
#1544 = SURFACE_SIDE_STYLE ('',( #631 ) ) ;
#1545 = EDGE_CURVE ( 'NONE', #3111, #1658, #2590, .T. ) ;
#1546 = DIRECTION ( 'NONE',  ( 0.000000000000000000, 0.000000000000000000, 1.000000000000000000 ) ) ;
#1547 = SURFACE_SIDE_STYLE ('',( #3823 ) ) ;
#1548 = AXIS2_PLACEMENT_3D ( 'NONE', #2825, #4568, #4003 ) ;
#1549 = LINE ( 'NONE', #3744, #5183 ) ;
#1550 = ORIENTED_EDGE ( 'NONE', *, *, #557, .F. ) ;
#1551 = ORIENTED_EDGE ( 'NONE', *, *, #1906, .F. ) ;
#1552 = FACE_OUTER_BOUND ( 'NONE', #1838, .T. ) ;
#1553 =( GEOMETRIC_REPRESENTATION_CONTEXT ( 3 ) GLOBAL_UNCERTAINTY_ASSIGNED_CONTEXT ( ( #2525 ) ) GLOBAL_UNIT_ASSIGNED_CONTEXT ( ( #4636, #4255, #1527 ) ) REPRESENTATION_CONTEXT ( 'NONE', 'WORKASPACE' ) );
#1554 = FILL_AREA_STYLE_COLOUR ( '', #5430 ) ;
#1555 =( LENGTH_UNIT ( ) NAMED_UNIT ( * ) SI_UNIT ( .MILLI., .METRE. ) );
#1556 = CARTESIAN_POINT ( 'NONE',  ( -1.249999999999998002, -0.8499999999999993117, -0.05000000000000002359 ) ) ;
#1557 = SURFACE_SIDE_STYLE ('',( #3778 ) ) ;
#1558 = VERTEX_POINT ( 'NONE', #3029 ) ;
#1559 = VERTEX_POINT ( 'NONE', #786 ) ;
#1560 = CARTESIAN_POINT ( 'NONE',  ( -0.8999999999999981348, 0.6500000000000006883, 0.5500000000000000444 ) ) ;
#1561 = COLOUR_RGB ( '',0.8627450980392157298, 0.6274509803921568540, 0.05882352941176470507 ) ;
#1562 = LINE ( 'NONE', #3404, #5117 ) ;
#1563 = VECTOR ( 'NONE', #727, 1000.000000000000000 ) ;
#1564 = UNCERTAINTY_MEASURE_WITH_UNIT (LENGTH_MEASURE( 1.000000000000000082E-05 ), #811, 'distance_accuracy_value', 'NONE');
#1565 = CARTESIAN_POINT ( 'NONE',  ( -0.8999999999999980238, -0.7899999999999994804, 0.6000000000000000888 ) ) ;
#1566 = VECTOR ( 'NONE', #2014, 1000.000000000000000 ) ;
#1567 = PRESENTATION_STYLE_ASSIGNMENT (( #3244 ) ) ;
#1568 =( NAMED_UNIT ( * ) SI_UNIT ( $, .STERADIAN. ) SOLID_ANGLE_UNIT ( ) );
#1569 = VERTEX_POINT ( 'NONE', #179 ) ;
#1570 = STYLED_ITEM ( 'NONE', ( #1007 ), #3132 ) ;
#1571 = CIRCLE ( 'NONE', #728, 0.1400000000000001521 ) ;
#1572 = SURFACE_SIDE_STYLE ('',( #1106 ) ) ;
#1573 =( NAMED_UNIT ( * ) PLANE_ANGLE_UNIT ( ) SI_UNIT ( $, .RADIAN. ) );
#1574 = SURFACE_STYLE_USAGE ( .BOTH. , #3367 ) ;
#1575 = FILL_AREA_STYLE_COLOUR ( '', #5064 ) ;
#1576 = EDGE_CURVE ( 'NONE', #5557, #2681, #1170, .T. ) ;
#1577 = COLOUR_RGB ( '',0.2862745098039215508, 0.2862745098039215508, 0.2862745098039215508 ) ;
#1578 = DIRECTION ( 'NONE',  ( 0.000000000000000000, 1.000000000000000000, 0.000000000000000000 ) ) ;
#1579 = ORIENTED_EDGE ( 'NONE', *, *, #5431, .F. ) ;
#1580 = CARTESIAN_POINT ( 'NONE',  ( -1.249999999999998002, 1.000000000000000666, 0.3499999999999999778 ) ) ;
#1581 = VERTEX_POINT ( 'NONE', #1916 ) ;
#1582 =( GEOMETRIC_REPRESENTATION_CONTEXT ( 3 ) GLOBAL_UNCERTAINTY_ASSIGNED_CONTEXT ( ( #978 ) ) GLOBAL_UNIT_ASSIGNED_CONTEXT ( ( #4922, #2392, #515 ) ) REPRESENTATION_CONTEXT ( 'NONE', 'WORKASPACE' ) );
#1583 =( NAMED_UNIT ( * ) PLANE_ANGLE_UNIT ( ) SI_UNIT ( $, .RADIAN. ) );
#1584 = EDGE_CURVE ( 'NONE', #2586, #3621, #288, .T. ) ;
#1585 =( NAMED_UNIT ( * ) PLANE_ANGLE_UNIT ( ) SI_UNIT ( $, .RADIAN. ) );
#1586 = AXIS2_PLACEMENT_3D ( 'NONE', #5606, #5139, #5161 ) ;
#1587 =( GEOMETRIC_REPRESENTATION_CONTEXT ( 3 ) GLOBAL_UNCERTAINTY_ASSIGNED_CONTEXT ( ( #151 ) ) GLOBAL_UNIT_ASSIGNED_CONTEXT ( ( #1538, #3502, #391 ) ) REPRESENTATION_CONTEXT ( 'NONE', 'WORKASPACE' ) );
#1588 = ORIENTED_EDGE ( 'NONE', *, *, #4710, .T. ) ;
#1589 = VERTEX_POINT ( 'NONE', #5026 ) ;
#1590 = MECHANICAL_DESIGN_GEOMETRIC_PRESENTATION_REPRESENTATION (  '', ( #2908 ), #3560 ) ;
#1591 = CARTESIAN_POINT ( 'NONE',  ( -1.250000000000002220, -1.000000000000000222, -0.3499999999999999778 ) ) ;
#1592 = FILL_AREA_STYLE ('',( #3405 ) ) ;
#1593 = AXIS2_PLACEMENT_3D ( 'NONE', #1591, #1240, #5644 ) ;
#1594 = CARTESIAN_POINT ( 'NONE',  ( 1.054407950059315313, 0.8939339828220186357, -0.3499999999999999778 ) ) ;
#1595 = VECTOR ( 'NONE', #633, 1000.000000000000000 ) ;
#1596 = DIRECTION ( 'NONE',  ( 1.000000000000000000, 0.000000000000000000, 0.000000000000000000 ) ) ;
#1597 = FILL_AREA_STYLE ('',( #3764 ) ) ;
#1598 = PLANE ( 'NONE',  #5735 ) ;
#1599 = VECTOR ( 'NONE', #5774, 1000.000000000000000 ) ;
#1600 = DIRECTION ( 'NONE',  ( 0.000000000000000000, 0.000000000000000000, -1.000000000000000000 ) ) ;
#1601 = FILL_AREA_STYLE ('',( #1159 ) ) ;
#1602 = CARTESIAN_POINT ( 'NONE',  ( -0.7899999999999981481, -0.5399999999999998135, 0.6500000000000001332 ) ) ;
#1603 = DIRECTION ( 'NONE',  ( 1.000000000000000000, -3.742448381574715951E-16, 0.000000000000000000 ) ) ;
#1604 = EDGE_LOOP ( 'NONE', ( #3529, #3287, #4605, #2767 ) ) ;
#1605 = CARTESIAN_POINT ( 'NONE',  ( -0.8999999999999981348, -0.6499999999999994671, 0.5500000000000000444 ) ) ;
#1606 = ORIENTED_EDGE ( 'NONE', *, *, #4353, .F. ) ;
#1607 = PRESENTATION_STYLE_ASSIGNMENT (( #5668 ) ) ;
#1608 = EDGE_CURVE ( 'NONE', #4782, #3279, #2560, .T. ) ;
#1609 = CARTESIAN_POINT ( 'NONE',  ( 2.188067836949561821E-16, -0.3375000000000002998, -0.05000000000000002359 ) ) ;
#1610 = SURFACE_STYLE_USAGE ( .BOTH. , #1502 ) ;
#1611 = FILL_AREA_STYLE ('',( #5635 ) ) ;
#1612 = PRESENTATION_LAYER_ASSIGNMENT (  '', '', ( #2741 ) ) ;
#1613 = DIRECTION ( 'NONE',  ( 0.000000000000000000, 0.000000000000000000, -1.000000000000000000 ) ) ;
#1614 = VERTEX_POINT ( 'NONE', #4607 ) ;
#1615 = EDGE_CURVE ( 'NONE', #5339, #3699, #5567, .T. ) ;
#1616 = VERTEX_POINT ( 'NONE', #2968 ) ;
#1617 = CARTESIAN_POINT ( 'NONE',  ( 1.090000000000002078, -0.6499999999999994671, 0.5500000000000000444 ) ) ;
#1618 = FACE_OUTER_BOUND ( 'NONE', #4972, .T. ) ;
#1619 = ADVANCED_FACE ( 'NONE', ( #3457 ), #2079, .T. ) ;
#1620 =( NAMED_UNIT ( * ) PLANE_ANGLE_UNIT ( ) SI_UNIT ( $, .RADIAN. ) );
#1621 = PRESENTATION_LAYER_ASSIGNMENT (  '', '', ( #3037 ) ) ;
#1622 = FACE_OUTER_BOUND ( 'NONE', #2036, .T. ) ;
#1623 = UNCERTAINTY_MEASURE_WITH_UNIT (LENGTH_MEASURE( 1.000000000000000082E-05 ), #2912, 'distance_accuracy_value', 'NONE');
#1624 = DIRECTION ( 'NONE',  ( -0.000000000000000000, -0.000000000000000000, -1.000000000000000000 ) ) ;
#1625 = SURFACE_SIDE_STYLE ('',( #2926 ) ) ;
#1626 = CARTESIAN_POINT ( 'NONE',  ( 1.143933982822019191, -5.312634788926045980E-16, -0.05000000000000002359 ) ) ;
#1627 = SURFACE_STYLE_FILL_AREA ( #4215 ) ;
#1628 = CLOSED_SHELL ( 'NONE', ( #2190, #1253, #855, #2005 ) ) ;
#1629 = SURFACE_STYLE_FILL_AREA ( #4270 ) ;
#1630 = PRESENTATION_STYLE_ASSIGNMENT (( #2071 ) ) ;
#1631 = CARTESIAN_POINT ( 'NONE',  ( -0.8999999999999980238, -0.6499999999999994671, 0.6000000000000000888 ) ) ;
#1632 =( NAMED_UNIT ( * ) SI_UNIT ( $, .STERADIAN. ) SOLID_ANGLE_UNIT ( ) );
#1633 = CARTESIAN_POINT ( 'NONE',  ( 1.100000000000002087, 0.9000000000000006883, 0.4000000000000000222 ) ) ;
#1634 = ORIENTED_EDGE ( 'NONE', *, *, #1541, .T. ) ;
#1635 = VECTOR ( 'NONE', #2283, 1000.000000000000000 ) ;
#1636 = ORIENTED_EDGE ( 'NONE', *, *, #3483, .T. ) ;
#1637 = LINE ( 'NONE', #1198, #4977 ) ;
#1638 = SURFACE_STYLE_USAGE ( .BOTH. , #3486 ) ;
#1639 = DIRECTION ( 'NONE',  ( -0.000000000000000000, -0.000000000000000000, 1.000000000000000000 ) ) ;
#1640 = MECHANICAL_DESIGN_GEOMETRIC_PRESENTATION_REPRESENTATION (  '', ( #4702 ), #3232 ) ;
#1641 = DIRECTION ( 'NONE',  ( 1.000000000000000000, -6.483163961332028415E-16, 0.000000000000000000 ) ) ;
#1642 = CYLINDRICAL_SURFACE ( 'NONE', #4773, 0.2225000000000000311 ) ;
#1643 =( NAMED_UNIT ( * ) SI_UNIT ( $, .STERADIAN. ) SOLID_ANGLE_UNIT ( ) );
#1644 = CIRCLE ( 'NONE', #4500, 0.2225000000000002531 ) ;
#1645 = AXIS2_PLACEMENT_3D ( 'NONE', #4439, #5429, #4532 ) ;
#1646 = SURFACE_STYLE_USAGE ( .BOTH. , #3926 ) ;
#1647 = VERTEX_POINT ( 'NONE', #2176 ) ;
#1648 = ORIENTED_EDGE ( 'NONE', *, *, #3554, .T. ) ;
#1649 = FACE_OUTER_BOUND ( 'NONE', #1450, .T. ) ;
#1650 = SURFACE_SIDE_STYLE ('',( #2974 ) ) ;
#1651 = DIRECTION ( 'NONE',  ( -1.000000000000000000, 3.742448381574715951E-16, 0.000000000000000000 ) ) ;
#1652 = CIRCLE ( 'NONE', #809, 0.1500000000000019096 ) ;
#1653 = SURFACE_SIDE_STYLE ('',( #4318 ) ) ;
#1654 = EDGE_CURVE ( 'NONE', #1558, #3992, #869, .T. ) ;
#1655 = DIRECTION ( 'NONE',  ( 1.000000000000000000, 0.000000000000000000, -0.000000000000000000 ) ) ;
#1656 = ADVANCED_FACE ( 'NONE', ( #5282 ), #4918, .F. ) ;
#1657 = MECHANICAL_DESIGN_GEOMETRIC_PRESENTATION_REPRESENTATION (  '', ( #999 ), #427 ) ;
#1658 = VERTEX_POINT ( 'NONE', #1814 ) ;
#1659 =( LENGTH_UNIT ( ) NAMED_UNIT ( * ) SI_UNIT ( .MILLI., .METRE. ) );
#1660 = DIRECTION ( 'NONE',  ( 0.000000000000000000, 0.000000000000000000, -1.000000000000000000 ) ) ;
#1661 = DIRECTION ( 'NONE',  ( -1.000000000000000000, 0.000000000000000000, 0.000000000000000000 ) ) ;
#1662 = DIRECTION ( 'NONE',  ( 1.000000000000000000, 4.644179531951731562E-16, -0.000000000000000000 ) ) ;
#1663 = APPLICATION_CONTEXT ( 'automotive_design' ) ;
#1664 = PRESENTATION_LAYER_ASSIGNMENT (  '', '', ( #3440 ) ) ;
#1665 = DIRECTION ( 'NONE',  ( -3.742448381574715951E-16, -1.000000000000000000, 0.000000000000000000 ) ) ;
#1666 =( NAMED_UNIT ( * ) PLANE_ANGLE_UNIT ( ) SI_UNIT ( $, .RADIAN. ) );
#1667 = DIRECTION ( 'NONE',  ( 0.000000000000000000, 0.000000000000000000, -1.000000000000000000 ) ) ;
#1668 = ORIENTED_EDGE ( 'NONE', *, *, #2303, .F. ) ;
#1669 = EDGE_LOOP ( 'NONE', ( #1752, #4112, #2768, #3808 ) ) ;
#1670 = DIRECTION ( 'NONE',  ( 1.000000000000000000, 3.742448381574715951E-16, 0.000000000000000000 ) ) ;
#1671 = FILL_AREA_STYLE_COLOUR ( '', #2652 ) ;
#1672 = VECTOR ( 'NONE', #3976, 1000.000000000000000 ) ;
#1673 = CARTESIAN_POINT ( 'NONE',  ( 1.100000000000002087, 1.010000000000000675, 0.5500000000000000444 ) ) ;
#1674 = AXIS2_PLACEMENT_3D ( 'NONE', #334, #4324, #3012 ) ;
#1675 = SURFACE_STYLE_USAGE ( .BOTH. , #3061 ) ;
#1676 = FILL_AREA_STYLE ('',( #1311 ) ) ;
#1677 = CIRCLE ( 'NONE', #1207, 0.2500000000000000000 ) ;
#1678 = CARTESIAN_POINT ( 'NONE',  ( -0.9899999999999982148, -0.6499999999999994671, 0.6000000000000000888 ) ) ;
#1679 = ORIENTED_EDGE ( 'NONE', *, *, #4596, .T. ) ;
#1680 = ORIENTED_EDGE ( 'NONE', *, *, #2727, .T. ) ;
#1681 = DIRECTION ( 'NONE',  ( -1.000000000000000000, 0.000000000000000000, 0.000000000000000000 ) ) ;
#1682 =( GEOMETRIC_REPRESENTATION_CONTEXT ( 3 ) GLOBAL_UNCERTAINTY_ASSIGNED_CONTEXT ( ( #1100 ) ) GLOBAL_UNIT_ASSIGNED_CONTEXT ( ( #1871, #4046, #3140 ) ) REPRESENTATION_CONTEXT ( 'NONE', 'WORKASPACE' ) );
#1683 = SURFACE_STYLE_USAGE ( .BOTH. , #3036 ) ;
#1684 = STYLED_ITEM ( 'NONE', ( #2593 ), #2809 ) ;
#1685 = DIRECTION ( 'NONE',  ( 0.000000000000000000, -1.000000000000000000, 0.000000000000000000 ) ) ;
#1686 = DIRECTION ( 'NONE',  ( -0.000000000000000000, -0.000000000000000000, -1.000000000000000000 ) ) ;
#1687 = EDGE_LOOP ( 'NONE', ( #2788, #3747, #3158, #959 ) ) ;
#1688 = UNCERTAINTY_MEASURE_WITH_UNIT (LENGTH_MEASURE( 1.000000000000000082E-05 ), #1780, 'distance_accuracy_value', 'NONE');
#1689 = EDGE_CURVE ( 'NONE', #1483, #3717, #3610, .T. ) ;
#1690 = DIRECTION ( 'NONE',  ( 1.000000000000000000, -0.000000000000000000, -0.000000000000000000 ) ) ;
#1691 = SURFACE_SIDE_STYLE ('',( #2131 ) ) ;
#1692 = ADVANCED_FACE ( 'NONE', ( #1362 ), #1310, .F. ) ;
#1693 = COLOUR_RGB ( '',0.8627450980392157298, 0.6274509803921568540, 0.05882352941176470507 ) ;
#1694 = LINE ( 'NONE', #5241, #784 ) ;
#1695 = SURFACE_STYLE_USAGE ( .BOTH. , #5693 ) ;
#1696 = UNCERTAINTY_MEASURE_WITH_UNIT (LENGTH_MEASURE( 1.000000000000000082E-05 ), #1000, 'distance_accuracy_value', 'NONE');
#1697 = VECTOR ( 'NONE', #37, 1000.000000000000000 ) ;
#1698 = EDGE_CURVE ( 'NONE', #3393, #238, #153, .T. ) ;
#1699 =( NAMED_UNIT ( * ) SI_UNIT ( $, .STERADIAN. ) SOLID_ANGLE_UNIT ( ) );
#1700 = EDGE_CURVE ( 'NONE', #4939, #5136, #3488, .T. ) ;
#1701 =( NAMED_UNIT ( * ) SI_UNIT ( $, .STERADIAN. ) SOLID_ANGLE_UNIT ( ) );
#1702 = COLOUR_RGB ( '',0.8627450980392157298, 0.6274509803921568540, 0.05882352941176470507 ) ;
#1703 = ORIENTED_EDGE ( 'NONE', *, *, #1534, .F. ) ;
#1704 = ORIENTED_EDGE ( 'NONE', *, *, #4479, .T. ) ;
#1705 = CARTESIAN_POINT ( 'NONE',  ( -1.249999999999998002, -0.9999999999999993339, 0.3499999999999999778 ) ) ;
#1706 =( NAMED_UNIT ( * ) SI_UNIT ( $, .STERADIAN. ) SOLID_ANGLE_UNIT ( ) );
#1707 = SURFACE_SIDE_STYLE ('',( #4342 ) ) ;
#1708 = DIRECTION ( 'NONE',  ( -1.000000000000000000, 0.000000000000000000, 0.000000000000000000 ) ) ;
#1709 =( NAMED_UNIT ( * ) PLANE_ANGLE_UNIT ( ) SI_UNIT ( $, .RADIAN. ) );
#1710 = CARTESIAN_POINT ( 'NONE',  ( 1.250000000000001998, 1.000000000000000666, -0.05000000000000002359 ) ) ;
#1711 =( GEOMETRIC_REPRESENTATION_CONTEXT ( 3 ) GLOBAL_UNCERTAINTY_ASSIGNED_CONTEXT ( ( #5768 ) ) GLOBAL_UNIT_ASSIGNED_CONTEXT ( ( #3074, #4446, #903 ) ) REPRESENTATION_CONTEXT ( 'NONE', 'WORKASPACE' ) );
#1712 = EDGE_LOOP ( 'NONE', ( #2531, #1679, #1308, #405, #3380, #3836, #1770, #3801 ) ) ;
#1713 = FACE_OUTER_BOUND ( 'NONE', #1360, .T. ) ;
#1714 = VECTOR ( 'NONE', #1231, 1000.000000000000000 ) ;
#1715 = AXIS2_PLACEMENT_3D ( 'NONE', #589, #4268, #2409 ) ;
#1716 = LINE ( 'NONE', #1212, #5213 ) ;
#1717 = SURFACE_STYLE_FILL_AREA ( #3899 ) ;
#1718 = LINE ( 'NONE', #5589, #594 ) ;
#1719 = ORIENTED_EDGE ( 'NONE', *, *, #1515, .T. ) ;
#1720 = PRESENTATION_STYLE_ASSIGNMENT (( #806 ) ) ;
#1721 =( NAMED_UNIT ( * ) SI_UNIT ( $, .STERADIAN. ) SOLID_ANGLE_UNIT ( ) );
#1722 = CARTESIAN_POINT ( 'NONE',  ( -1.249999999999998002, 1.000000000000000666, -0.3510000000000000342 ) ) ;
#1723 = EDGE_CURVE ( 'NONE', #1658, #1163, #1845, .T. ) ;
#1724 = SURFACE_STYLE_FILL_AREA ( #3941 ) ;
#1725 = SURFACE_STYLE_FILL_AREA ( #5664 ) ;
#1726 = ORIENTED_EDGE ( 'NONE', *, *, #3059, .F. ) ;
#1727 = EDGE_CURVE ( 'NONE', #5292, #2424, #3221, .T. ) ;
#1728 = ORIENTED_EDGE ( 'NONE', *, *, #5114, .T. ) ;
#1729 = ADVANCED_FACE ( 'NONE', ( #1519 ), #2784, .F. ) ;
#1730 = DIRECTION ( 'NONE',  ( -0.000000000000000000, -0.000000000000000000, -1.000000000000000000 ) ) ;
#1731 = DIRECTION ( 'NONE',  ( 0.000000000000000000, 0.000000000000000000, -1.000000000000000000 ) ) ;
#1732 = PRESENTATION_STYLE_ASSIGNMENT (( #789 ) ) ;
#1733 = PRESENTATION_LAYER_ASSIGNMENT (  '', '', ( #5168 ) ) ;
#1734 = STYLED_ITEM ( 'NONE', ( #414 ), #219 ) ;
#1735 = FACE_OUTER_BOUND ( 'NONE', #4626, .T. ) ;
#1736 = ORIENTED_EDGE ( 'NONE', *, *, #4772, .T. ) ;
#1737 = COLOUR_RGB ( '',0.2862745098039215508, 0.2862745098039215508, 0.2862745098039215508 ) ;
#1738 = VECTOR ( 'NONE', #3038, 1000.000000000000000 ) ;
#1739 = DIRECTION ( 'NONE',  ( -1.000000000000000000, 0.000000000000000000, -0.000000000000000000 ) ) ;
#1740 = PRODUCT_DEFINITION_FORMATION_WITH_SPECIFIED_SOURCE ( 'ANY', '', #4251, .NOT_KNOWN. ) ;
#1741 = MECHANICAL_DESIGN_GEOMETRIC_PRESENTATION_REPRESENTATION (  '', ( #4884 ), #4983 ) ;
#1742 = SURFACE_SIDE_STYLE ('',( #4027 ) ) ;
#1743 = ORIENTED_EDGE ( 'NONE', *, *, #102, .F. ) ;
#1744 = ORIENTED_EDGE ( 'NONE', *, *, #5680, .T. ) ;
#1745 = UNCERTAINTY_MEASURE_WITH_UNIT (LENGTH_MEASURE( 1.000000000000000082E-05 ), #4635, 'distance_accuracy_value', 'NONE');
#1746 = DIRECTION ( 'NONE',  ( -0.000000000000000000, 0.000000000000000000, -1.000000000000000000 ) ) ;
#1747 =( NAMED_UNIT ( * ) PLANE_ANGLE_UNIT ( ) SI_UNIT ( $, .RADIAN. ) );
#1748 =( LENGTH_UNIT ( ) NAMED_UNIT ( * ) SI_UNIT ( .MILLI., .METRE. ) );
#1749 = LINE ( 'NONE', #839, #1761 ) ;
#1750 =( GEOMETRIC_REPRESENTATION_CONTEXT ( 3 ) GLOBAL_UNCERTAINTY_ASSIGNED_CONTEXT ( ( #4457 ) ) GLOBAL_UNIT_ASSIGNED_CONTEXT ( ( #1514, #591, #1896 ) ) REPRESENTATION_CONTEXT ( 'NONE', 'WORKASPACE' ) );
#1751 = DIRECTION ( 'NONE',  ( -1.000000000000000000, 0.000000000000000000, 0.000000000000000000 ) ) ;
#1752 = ORIENTED_EDGE ( 'NONE', *, *, #1977, .F. ) ;
#1753 = CIRCLE ( 'NONE', #4075, 0.2225000000000002531 ) ;
#1754 = EDGE_LOOP ( 'NONE', ( #3851, #2009, #5130, #1818 ) ) ;
#1755 = DIRECTION ( 'NONE',  ( 0.000000000000000000, 0.000000000000000000, 1.000000000000000000 ) ) ;
#1756 = CARTESIAN_POINT ( 'NONE',  ( -0.8999999999999980238, 0.8400000000000007461, 0.5500000000000000444 ) ) ;
#1757 = SURFACE_SIDE_STYLE ('',( #2726 ) ) ;
#1758 = DIRECTION ( 'NONE',  ( -1.000000000000000000, 0.000000000000000000, 0.000000000000000000 ) ) ;
#1759 = EDGE_CURVE ( 'NONE', #4377, #84, #4348, .T. ) ;
#1760 = CARTESIAN_POINT ( 'NONE',  ( -1.039999999999998259, -0.6499999999999992450, 0.6000000000000000888 ) ) ;
#1761 = VECTOR ( 'NONE', #5245, 1000.000000000000000 ) ;
#1762 = CARTESIAN_POINT ( 'NONE',  ( -0.4749999999999999223, 0.000000000000000000, -0.05000000000000002359 ) ) ;
#1763 = ORIENTED_EDGE ( 'NONE', *, *, #641, .T. ) ;
#1764 = SURFACE_STYLE_USAGE ( .BOTH. , #5367 ) ;
#1765 = AXIS2_PLACEMENT_3D ( 'NONE', #3075, #3596, #5297 ) ;
#1766 = MECHANICAL_DESIGN_GEOMETRIC_PRESENTATION_REPRESENTATION (  '', ( #1292 ), #2891 ) ;
#1767 = EDGE_CURVE ( 'NONE', #3340, #2849, #1490, .T. ) ;
#1768 = DIRECTION ( 'NONE',  ( 0.000000000000000000, 1.000000000000000000, 0.000000000000000000 ) ) ;
#1769 = VECTOR ( 'NONE', #5122, 1000.000000000000000 ) ;
#1770 = ORIENTED_EDGE ( 'NONE', *, *, #3509, .F. ) ;
#1771 = VERTEX_POINT ( 'NONE', #5392 ) ;
#1772 = PRESENTATION_LAYER_ASSIGNMENT (  '', '', ( #2054 ) ) ;
#1773 = SURFACE_SIDE_STYLE ('',( #3983 ) ) ;
#1774 = CYLINDRICAL_SURFACE ( 'NONE', #1851, 0.1999999999999999833 ) ;
#1775 = MECHANICAL_DESIGN_GEOMETRIC_PRESENTATION_REPRESENTATION (  '', ( #4835 ), #3366 ) ;
#1776 = VECTOR ( 'NONE', #2830, 1000.000000000000000 ) ;
#1777 = CARTESIAN_POINT ( 'NONE',  ( -0.4749999999999997558, -0.8939339828220190798, -0.05000000000000002359 ) ) ;
#1778 = LINE ( 'NONE', #3987, #1405 ) ;
#1779 = MECHANICAL_DESIGN_GEOMETRIC_PRESENTATION_REPRESENTATION (  '', ( #4371 ), #744 ) ;
#1780 =( LENGTH_UNIT ( ) NAMED_UNIT ( * ) SI_UNIT ( .MILLI., .METRE. ) );
#1781 = PRESENTATION_STYLE_ASSIGNMENT (( #5777 ) ) ;
#1782 = ORIENTED_EDGE ( 'NONE', *, *, #1608, .F. ) ;
#1783 = ORIENTED_EDGE ( 'NONE', *, *, #4071, .T. ) ;
#1784 = CARTESIAN_POINT ( 'NONE',  ( -0.7899999999999981481, -0.5399999999999998135, 0.6400000000000000133 ) ) ;
#1785 = DIRECTION ( 'NONE',  ( 1.000000000000000000, 3.742448381574715951E-16, 0.000000000000000000 ) ) ;
#1786 = LINE ( 'NONE', #2253, #1820 ) ;
#1787 =( NAMED_UNIT ( * ) PLANE_ANGLE_UNIT ( ) SI_UNIT ( $, .RADIAN. ) );
#1788 =( NAMED_UNIT ( * ) SI_UNIT ( $, .STERADIAN. ) SOLID_ANGLE_UNIT ( ) );
#1789 = AXIS2_PLACEMENT_3D ( 'NONE', #800, #3837, #5170 ) ;
#1790 = FILL_AREA_STYLE_COLOUR ( '', #4890 ) ;
#1791 = EDGE_CURVE ( 'NONE', #2612, #5734, #2845, .T. ) ;
#1792 = ORIENTED_EDGE ( 'NONE', *, *, #2737, .T. ) ;
#1793 = DIRECTION ( 'NONE',  ( -1.000000000000000000, 2.923691251646298038E-15, 0.000000000000000000 ) ) ;
#1794 = PRESENTATION_LAYER_ASSIGNMENT (  '', '', ( #662 ) ) ;
#1795 = CARTESIAN_POINT ( 'NONE',  ( -2.188067836949561821E-16, -0.3375000000000002998, -0.3499999999999999778 ) ) ;
#1796 =( GEOMETRIC_REPRESENTATION_CONTEXT ( 3 ) GLOBAL_UNCERTAINTY_ASSIGNED_CONTEXT ( ( #1915 ) ) GLOBAL_UNIT_ASSIGNED_CONTEXT ( ( #2377, #1356, #4127 ) ) REPRESENTATION_CONTEXT ( 'NONE', 'WORKASPACE' ) );
#1797 = EDGE_CURVE ( 'NONE', #703, #4895, #3349, .T. ) ;
#1798 = ORIENTED_EDGE ( 'NONE', *, *, #793, .T. ) ;
#1799 = EDGE_CURVE ( 'NONE', #466, #5285, #4072, .T. ) ;
#1800 = UNCERTAINTY_MEASURE_WITH_UNIT (LENGTH_MEASURE( 1.000000000000000082E-05 ), #2320, 'distance_accuracy_value', 'NONE');
#1801 = PRESENTATION_LAYER_ASSIGNMENT (  '', '', ( #5617 ) ) ;
#1802 = FACE_OUTER_BOUND ( 'NONE', #5487, .T. ) ;
#1803 = FILL_AREA_STYLE_COLOUR ( '', #519 ) ;
#1804 = DIRECTION ( 'NONE',  ( -1.000000000000000000, 0.000000000000000000, 0.000000000000000000 ) ) ;
#1805 =( GEOMETRIC_REPRESENTATION_CONTEXT ( 3 ) GLOBAL_UNCERTAINTY_ASSIGNED_CONTEXT ( ( #1745 ) ) GLOBAL_UNIT_ASSIGNED_CONTEXT ( ( #4635, #112, #548 ) ) REPRESENTATION_CONTEXT ( 'NONE', 'WORKASPACE' ) );
#1806 = CARTESIAN_POINT ( 'NONE',  ( -0.7899999999999981481, -0.5399999999999998135, 0.6500000000000001332 ) ) ;
#1807 = FILL_AREA_STYLE ('',( #3988 ) ) ;
#1808 = SURFACE_STYLE_FILL_AREA ( #4427 ) ;
#1809 = LINE ( 'NONE', #4937, #1188 ) ;
#1810 = ORIENTED_EDGE ( 'NONE', *, *, #183, .T. ) ;
#1811 =( GEOMETRIC_REPRESENTATION_CONTEXT ( 3 ) GLOBAL_UNCERTAINTY_ASSIGNED_CONTEXT ( ( #2630 ) ) GLOBAL_UNIT_ASSIGNED_CONTEXT ( ( #510, #571, #1492 ) ) REPRESENTATION_CONTEXT ( 'NONE', 'WORKASPACE' ) );
#1812 = CARTESIAN_POINT ( 'NONE',  ( 0.000000000000000000, -1.000000000000001110, -0.05000000000000002359 ) ) ;
#1813 = ORIENTED_EDGE ( 'NONE', *, *, #1872, .F. ) ;
#1814 = CARTESIAN_POINT ( 'NONE',  ( 1.250000000000001998, 0.7775000000000007461, -0.3499999999999999778 ) ) ;
#1815 = SURFACE_STYLE_USAGE ( .BOTH. , #129 ) ;
#1816 = PLANE ( 'NONE',  #5277 ) ;
#1817 = CARTESIAN_POINT ( 'NONE',  ( 1.143933982822019413, -0.8044079500593142029, -0.05000000000000002359 ) ) ;
#1818 = ORIENTED_EDGE ( 'NONE', *, *, #1224, .T. ) ;
#1819 = FILL_AREA_STYLE ('',( #487 ) ) ;
#1820 = VECTOR ( 'NONE', #3579, 1000.000000000000000 ) ;
#1821 = DIRECTION ( 'NONE',  ( -1.000000000000000000, 0.000000000000000000, 0.000000000000000000 ) ) ;
#1822 = DIRECTION ( 'NONE',  ( -0.000000000000000000, 0.000000000000000000, -1.000000000000000000 ) ) ;
#1823 = VERTEX_POINT ( 'NONE', #5009 ) ;
#1824 = ORIENTED_EDGE ( 'NONE', *, *, #2052, .F. ) ;
#1825 = LINE ( 'NONE', #5407, #1223 ) ;
#1826 = CARTESIAN_POINT ( 'NONE',  ( 1.250000000000001998, 1.000000000000000666, -0.3499999999999999778 ) ) ;
#1827 = SURFACE_SIDE_STYLE ('',( #470 ) ) ;
#1828 = EDGE_CURVE ( 'NONE', #4951, #2643, #2787, .T. ) ;
#1829 = VECTOR ( 'NONE', #462, 1000.000000000000000 ) ;
#1830 = DIRECTION ( 'NONE',  ( 0.000000000000000000, 0.000000000000000000, -1.000000000000000000 ) ) ;
#1831 = EDGE_CURVE ( 'NONE', #4585, #3888, #1963, .T. ) ;
#1832 = DIRECTION ( 'NONE',  ( -0.000000000000000000, -0.000000000000000000, -1.000000000000000000 ) ) ;
#1833 = CARTESIAN_POINT ( 'NONE',  ( 0.9000000000000020206, -0.6499999999999994671, 0.3499999999999999778 ) ) ;
#1834 = EDGE_CURVE ( 'NONE', #4041, #2965, #1753, .T. ) ;
#1835 = CARTESIAN_POINT ( 'NONE',  ( -1.249999999999998002, 0.000000000000000000, -0.05000000000000002359 ) ) ;
#1836 = PRESENTATION_LAYER_ASSIGNMENT (  '', '', ( #2419 ) ) ;
#1837 = DIRECTION ( 'NONE',  ( -1.000000000000000000, 0.000000000000000000, 0.000000000000000000 ) ) ;
#1838 = EDGE_LOOP ( 'NONE', ( #3692, #166, #4853, #900 ) ) ;
#1839 = ORIENTED_EDGE ( 'NONE', *, *, #3301, .T. ) ;
#1840 = DIRECTION ( 'NONE',  ( 1.000000000000000000, 0.000000000000000000, 0.000000000000000000 ) ) ;
#1841 = PRESENTATION_LAYER_ASSIGNMENT (  '', '', ( #340 ) ) ;
#1842 = DIRECTION ( 'NONE',  ( -1.948483029355699046E-16, -1.000000000000000000, 0.000000000000000000 ) ) ;
#1843 = DIRECTION ( 'NONE',  ( -1.000000000000000000, 0.000000000000000000, 0.000000000000000000 ) ) ;
#1844 = DIRECTION ( 'NONE',  ( 1.000000000000000000, 4.644179531951731562E-16, 0.000000000000000000 ) ) ;
#1845 = CIRCLE ( 'NONE', #2031, 0.2225000000000000311 ) ;
#1846 = CARTESIAN_POINT ( 'NONE',  ( 0.9000000000000019096, -0.8499999999999994227, 0.4000000000000000222 ) ) ;
#1847 = EDGE_LOOP ( 'NONE', ( #25, #4389, #3021, #1824 ) ) ;
#1848 = SURFACE_SIDE_STYLE ('',( #136 ) ) ;
#1849 = PLANE ( 'NONE',  #1068 ) ;
#1850 = CARTESIAN_POINT ( 'NONE',  ( -0.8999999999999981348, 0.6500000000000006883, 0.4000000000000000222 ) ) ;
#1851 = AXIS2_PLACEMENT_3D ( 'NONE', #3533, #3438, #390 ) ;
#1852 = ORIENTED_EDGE ( 'NONE', *, *, #5283, .F. ) ;
#1853 = UNCERTAINTY_MEASURE_WITH_UNIT (LENGTH_MEASURE( 1.000000000000000082E-05 ), #1217, 'distance_accuracy_value', 'NONE');
#1854 = DIRECTION ( 'NONE',  ( -3.742448381574715951E-16, -1.000000000000000000, 0.000000000000000000 ) ) ;
#1855 = CARTESIAN_POINT ( 'NONE',  ( -1.100000000000001865, -1.000000000000001110, -0.3499999999999999778 ) ) ;
#1856 = CARTESIAN_POINT ( 'NONE',  ( 1.027500000000000968, -0.9999999999999993339, -0.3499999999999999778 ) ) ;
#1857 = LINE ( 'NONE', #4064, #4276 ) ;
#1858 =( NAMED_UNIT ( * ) SI_UNIT ( $, .STERADIAN. ) SOLID_ANGLE_UNIT ( ) );
#1859 = EDGE_CURVE ( 'NONE', #849, #2994, #1954, .T. ) ;
#1860 = LINE ( 'NONE', #1413, #3614 ) ;
#1861 = UNCERTAINTY_MEASURE_WITH_UNIT (LENGTH_MEASURE( 1.000000000000000082E-05 ), #1748, 'distance_accuracy_value', 'NONE');
#1862 = CARTESIAN_POINT ( 'NONE',  ( -0.8899999999999983480, -0.5399999999999998135, 0.6400000000000000133 ) ) ;
#1863 = CARTESIAN_POINT ( 'NONE',  ( 0.4749999999999997558, -9.255294389439565909E-17, -0.05000000000000002359 ) ) ;
#1864 = CIRCLE ( 'NONE', #1586, 0.2225000000000002531 ) ;
#1865 = CIRCLE ( 'NONE', #5578, 0.1999999999999999833 ) ;
#1866 = FACE_OUTER_BOUND ( 'NONE', #4022, .T. ) ;
#1867 = VERTEX_POINT ( 'NONE', #127 ) ;
#1868 = EDGE_CURVE ( 'NONE', #545, #1516, #5071, .T. ) ;
#1869 = ORIENTED_EDGE ( 'NONE', *, *, #4955, .T. ) ;
#1870 = CARTESIAN_POINT ( 'NONE',  ( 1.250000000000001998, -0.8499999999999993117, -0.05000000000000002359 ) ) ;
#1871 =( LENGTH_UNIT ( ) NAMED_UNIT ( * ) SI_UNIT ( .MILLI., .METRE. ) );
#1872 = EDGE_CURVE ( 'NONE', #5550, #1589, #5043, .T. ) ;
#1873 = CARTESIAN_POINT ( 'NONE',  ( -0.4749999999999997558, -0.6375000000000027311, -0.05000000000000002359 ) ) ;
#1874 = SURFACE_STYLE_USAGE ( .BOTH. , #1363 ) ;
#1875 = STYLED_ITEM ( 'NONE', ( #5653 ), #3996 ) ;
#1876 = ORIENTED_EDGE ( 'NONE', *, *, #3164, .T. ) ;
#1877 =( GEOMETRIC_REPRESENTATION_CONTEXT ( 3 ) GLOBAL_UNCERTAINTY_ASSIGNED_CONTEXT ( ( #3679 ) ) GLOBAL_UNIT_ASSIGNED_CONTEXT ( ( #5585, #1454, #874 ) ) REPRESENTATION_CONTEXT ( 'NONE', 'WORKASPACE' ) );
#1878 = FILL_AREA_STYLE_COLOUR ( '', #1427 ) ;
#1879 = DIRECTION ( 'NONE',  ( 0.000000000000000000, 0.000000000000000000, -1.000000000000000000 ) ) ;
#1880 = DIRECTION ( 'NONE',  ( -0.000000000000000000, -0.000000000000000000, -1.000000000000000000 ) ) ;
#1881 = CIRCLE ( 'NONE', #469, 0.1400000000000001521 ) ;
#1882 = ORIENTED_EDGE ( 'NONE', *, *, #4021, .F. ) ;
#1883 = EDGE_LOOP ( 'NONE', ( #448, #492, #39, #283 ) ) ;
#1884 = LINE ( 'NONE', #5533, #2818 ) ;
#1885 = CARTESIAN_POINT ( 'NONE',  ( -1.054407950059315091, 0.8939339828220185247, -0.05000000000000002359 ) ) ;
#1886 = LINE ( 'NONE', #3209, #17 ) ;
#1887 = PRESENTATION_LAYER_ASSIGNMENT (  '', '', ( #3019 ) ) ;
#1888 = SURFACE_STYLE_FILL_AREA ( #90 ) ;
#1889 = PRESENTATION_STYLE_ASSIGNMENT (( #2372 ) ) ;
#1890 = VECTOR ( 'NONE', #2954, 1000.000000000000000 ) ;
#1891 =( NAMED_UNIT ( * ) SI_UNIT ( $, .STERADIAN. ) SOLID_ANGLE_UNIT ( ) );
#1892 = SURFACE_SIDE_STYLE ('',( #3507 ) ) ;
#1893 =( NAMED_UNIT ( * ) PLANE_ANGLE_UNIT ( ) SI_UNIT ( $, .RADIAN. ) );
#1894 = CARTESIAN_POINT ( 'NONE',  ( -1.249999999999996891, 7.477256361969015954E-15, -0.05000000000000002359 ) ) ;
#1895 = PRESENTATION_LAYER_ASSIGNMENT (  '', '', ( #2181 ) ) ;
#1896 =( NAMED_UNIT ( * ) SI_UNIT ( $, .STERADIAN. ) SOLID_ANGLE_UNIT ( ) );
#1897 = ORIENTED_EDGE ( 'NONE', *, *, #3092, .T. ) ;
#1898 = ORIENTED_EDGE ( 'NONE', *, *, #2885, .T. ) ;
#1899 = AXIS2_PLACEMENT_3D ( 'NONE', #4253, #2594, #3858 ) ;
#1900 = SURFACE_STYLE_USAGE ( .BOTH. , #1453 ) ;
#1901 = CARTESIAN_POINT ( 'NONE',  ( -3.345501787246905322E-16, 0.8939339828220190798, -0.3499999999999999778 ) ) ;
#1902 = CARTESIAN_POINT ( 'NONE',  ( -0.7899999999999981481, -0.5399999999999998135, 0.6500000000000001332 ) ) ;
#1903 = CARTESIAN_POINT ( 'NONE',  ( 0.9000000000000020206, 0.6500000000000006883, 0.4000000000000000222 ) ) ;
#1904 = EDGE_CURVE ( 'NONE', #4395, #3393, #2417, .T. ) ;
#1905 = LINE ( 'NONE', #2786, #4243 ) ;
#1906 = EDGE_CURVE ( 'NONE', #4395, #3033, #1193, .T. ) ;
#1907 =( NAMED_UNIT ( * ) PLANE_ANGLE_UNIT ( ) SI_UNIT ( $, .RADIAN. ) );
#1908 = ORIENTED_EDGE ( 'NONE', *, *, #314, .T. ) ;
#1909 =( NAMED_UNIT ( * ) PLANE_ANGLE_UNIT ( ) SI_UNIT ( $, .RADIAN. ) );
#1910 =( LENGTH_UNIT ( ) NAMED_UNIT ( * ) SI_UNIT ( .MILLI., .METRE. ) );
#1911 = CARTESIAN_POINT ( 'NONE',  ( 0.9000000000000020206, 0.9000000000000006883, 0.3499999999999999778 ) ) ;
#1912 = FILL_AREA_STYLE_COLOUR ( '', #131 ) ;
#1913 = ORIENTED_EDGE ( 'NONE', *, *, #4428, .F. ) ;
#1914 = ORIENTED_EDGE ( 'NONE', *, *, #2491, .F. ) ;
#1915 = UNCERTAINTY_MEASURE_WITH_UNIT (LENGTH_MEASURE( 1.000000000000000082E-05 ), #2377, 'distance_accuracy_value', 'NONE');
#1916 = CARTESIAN_POINT ( 'NONE',  ( -1.143933982822019635, 0.8044079500593139809, -0.3499999999999999778 ) ) ;
#1917 = CARTESIAN_POINT ( 'NONE',  ( 0.9000000000000019096, -0.6499999999999994671, 0.6500000000000001332 ) ) ;
#1918 = CARTESIAN_POINT ( 'NONE',  ( -3.345501787246905815E-16, -0.8939339828220193018, -0.3499999999999999778 ) ) ;
#1919 = CARTESIAN_POINT ( 'NONE',  ( 1.250000000000001998, 0.000000000000000000, -0.05000000000000002359 ) ) ;
#1920 = VECTOR ( 'NONE', #4107, 1000.000000000000000 ) ;
#1921 = CIRCLE ( 'NONE', #4978, 0.2225000000000002531 ) ;
#1922 = PRESENTATION_STYLE_ASSIGNMENT (( #619 ) ) ;
#1923 = LINE ( 'NONE', #3706, #3998 ) ;
#1924 =( NAMED_UNIT ( * ) SI_UNIT ( $, .STERADIAN. ) SOLID_ANGLE_UNIT ( ) );
#1925 = UNCERTAINTY_MEASURE_WITH_UNIT (LENGTH_MEASURE( 1.000000000000000082E-05 ), #2659, 'distance_accuracy_value', 'NONE');
#1926 = VECTOR ( 'NONE', #1685, 1000.000000000000000 ) ;
#1927 = CARTESIAN_POINT ( 'NONE',  ( 0.000000000000000000, 0.000000000000000000, -0.05000000000000002359 ) ) ;
#1928 = CARTESIAN_POINT ( 'NONE',  ( 1.250000000000001998, 1.000000000000000666, -0.05000000000000002359 ) ) ;
#1929 = SURFACE_STYLE_USAGE ( .BOTH. , #4554 ) ;
#1930 = CARTESIAN_POINT ( 'NONE',  ( 1.250000000000001998, 0.8500000000000006439, -0.05000000000000002359 ) ) ;
#1931 = VERTEX_POINT ( 'NONE', #3447 ) ;
#1932 = PRESENTATION_LAYER_ASSIGNMENT (  '', '', ( #3413 ) ) ;
#1933 = VERTEX_POINT ( 'NONE', #2550 ) ;
#1934 =( LENGTH_UNIT ( ) NAMED_UNIT ( * ) SI_UNIT ( .MILLI., .METRE. ) );
#1935 = FACE_OUTER_BOUND ( 'NONE', #5603, .T. ) ;
#1936 = CARTESIAN_POINT ( 'NONE',  ( -1.250000000000002220, -1.000000000000000222, -0.3499999999999999778 ) ) ;
#1937 = VECTOR ( 'NONE', #1992, 1000.000000000000000 ) ;
#1938 =( LENGTH_UNIT ( ) NAMED_UNIT ( * ) SI_UNIT ( .MILLI., .METRE. ) );
#1939 = ORIENTED_EDGE ( 'NONE', *, *, #3226, .T. ) ;
#1940 = VECTOR ( 'NONE', #2445, 1000.000000000000000 ) ;
#1941 = ORIENTED_EDGE ( 'NONE', *, *, #2487, .F. ) ;
#1942 =( NAMED_UNIT ( * ) PLANE_ANGLE_UNIT ( ) SI_UNIT ( $, .RADIAN. ) );
#1943 = EDGE_CURVE ( 'NONE', #4641, #2973, #250, .T. ) ;
#1944 =( NAMED_UNIT ( * ) PLANE_ANGLE_UNIT ( ) SI_UNIT ( $, .RADIAN. ) );
#1945 = FACE_OUTER_BOUND ( 'NONE', #4802, .T. ) ;
#1946 = CIRCLE ( 'NONE', #145, 0.2225000000000002531 ) ;
#1947 = ORIENTED_EDGE ( 'NONE', *, *, #1868, .F. ) ;
#1948 = ADVANCED_FACE ( 'NONE', ( #4658 ), #3434, .T. ) ;
#1949 = COLOUR_RGB ( '',0.8627450980392157298, 0.6274509803921568540, 0.05882352941176470507 ) ;
#1950 = ORIENTED_EDGE ( 'NONE', *, *, #2562, .F. ) ;
#1951 = DIRECTION ( 'NONE',  ( 0.000000000000000000, 0.000000000000000000, -1.000000000000000000 ) ) ;
#1952 = CARTESIAN_POINT ( 'NONE',  ( -0.4749999999999997558, -0.8939339828220190798, -0.05000000000000002359 ) ) ;
#1953 = CARTESIAN_POINT ( 'NONE',  ( -0.4749999999999999223, 0.8939339828220188577, -0.05000000000000002359 ) ) ;
#1954 = CIRCLE ( 'NONE', #3986, 0.2225000000000002531 ) ;
#1955 =( GEOMETRIC_REPRESENTATION_CONTEXT ( 3 ) GLOBAL_UNCERTAINTY_ASSIGNED_CONTEXT ( ( #3841 ) ) GLOBAL_UNIT_ASSIGNED_CONTEXT ( ( #2469, #4214, #218 ) ) REPRESENTATION_CONTEXT ( 'NONE', 'WORKASPACE' ) );
#1956 = LINE ( 'NONE', #1863, #3723 ) ;
#1957 = CARTESIAN_POINT ( 'NONE',  ( 1.090000000000002078, 0.6500000000000003553, 0.5500000000000000444 ) ) ;
#1958 = CARTESIAN_POINT ( 'NONE',  ( -1.099999999999998090, -0.8499999999999994227, 0.5500000000000000444 ) ) ;
#1959 = MECHANICAL_DESIGN_GEOMETRIC_PRESENTATION_REPRESENTATION (  '', ( #2236 ), #268 ) ;
#1960 = ORIENTED_EDGE ( 'NONE', *, *, #4955, .F. ) ;
#1961 = ORIENTED_EDGE ( 'NONE', *, *, #4811, .F. ) ;
#1962 = LINE ( 'NONE', #2814, #2403 ) ;
#1963 = LINE ( 'NONE', #2386, #248 ) ;
#1964 = VECTOR ( 'NONE', #4374, 1000.000000000000000 ) ;
#1965 = ORIENTED_EDGE ( 'NONE', *, *, #421, .F. ) ;
#1966 = PRESENTATION_LAYER_ASSIGNMENT (  '', '', ( #4371 ) ) ;
#1967 = SURFACE_STYLE_USAGE ( .BOTH. , #3312 ) ;
#1968 = ORIENTED_EDGE ( 'NONE', *, *, #5688, .T. ) ;
#1969 = SURFACE_STYLE_FILL_AREA ( #4168 ) ;
#1970 = AXIS2_PLACEMENT_3D ( 'NONE', #1560, #2797, #1435 ) ;
#1971 = EDGE_CURVE ( 'NONE', #84, #4377, #2322, .T. ) ;
#1972 = ORIENTED_EDGE ( 'NONE', *, *, #3063, .T. ) ;
#1973 = ORIENTED_EDGE ( 'NONE', *, *, #4780, .F. ) ;
#1974 = SURFACE_STYLE_FILL_AREA ( #4180 ) ;
#1975 = STYLED_ITEM ( 'NONE', ( #5274 ), #4271 ) ;
#1976 = EDGE_CURVE ( 'NONE', #1418, #5531, #691, .T. ) ;
#1977 = EDGE_CURVE ( 'NONE', #573, #1283, #3417, .T. ) ;
#1978 = UNCERTAINTY_MEASURE_WITH_UNIT (LENGTH_MEASURE( 1.000000000000000082E-05 ), #1158, 'distance_accuracy_value', 'NONE');
#1979 = VECTOR ( 'NONE', #1383, 1000.000000000000000 ) ;
#1980 = DIRECTION ( 'NONE',  ( 1.000000000000000000, -0.000000000000000000, 0.000000000000000000 ) ) ;
#1981 = FILL_AREA_STYLE_COLOUR ( '', #4949 ) ;
#1982 = CARTESIAN_POINT ( 'NONE',  ( -1.143933982822019191, -0.8044079500593142029, -0.3499999999999999778 ) ) ;
#1983 = LINE ( 'NONE', #5541, #1940 ) ;
#1984 =( GEOMETRIC_REPRESENTATION_CONTEXT ( 3 ) GLOBAL_UNCERTAINTY_ASSIGNED_CONTEXT ( ( #805 ) ) GLOBAL_UNIT_ASSIGNED_CONTEXT ( ( #4798, #3942, #504 ) ) REPRESENTATION_CONTEXT ( 'NONE', 'WORKASPACE' ) );
#1985 = ORIENTED_EDGE ( 'NONE', *, *, #1144, .F. ) ;
#1986 = ORIENTED_EDGE ( 'NONE', *, *, #2587, .T. ) ;
#1987 = UNCERTAINTY_MEASURE_WITH_UNIT (LENGTH_MEASURE( 1.000000000000000082E-05 ), #1162, 'distance_accuracy_value', 'NONE');
#1988 =( LENGTH_UNIT ( ) NAMED_UNIT ( * ) SI_UNIT ( .MILLI., .METRE. ) );
#1989 = STYLED_ITEM ( 'NONE', ( #1109 ), #5242 ) ;
#1990 = VECTOR ( 'NONE', #5622, 1000.000000000000000 ) ;
#1991 = FACE_OUTER_BOUND ( 'NONE', #5423, .T. ) ;
#1992 = DIRECTION ( 'NONE',  ( 0.000000000000000000, 0.000000000000000000, -1.000000000000000000 ) ) ;
#1993 = VERTEX_POINT ( 'NONE', #750 ) ;
#1994 = EDGE_LOOP ( 'NONE', ( #1968, #5327, #246, #5373 ) ) ;
#1995 = CARTESIAN_POINT ( 'NONE',  ( 1.250000000000001998, 1.000000000000000666, -0.05000000000000002359 ) ) ;
#1996 = CARTESIAN_POINT ( 'NONE',  ( 0.9000000000000020206, 0.6500000000000006883, 0.4000000000000000222 ) ) ;
#1997 = STYLED_ITEM ( 'NONE', ( #1205 ), #4944 ) ;
#1998 = PRESENTATION_STYLE_ASSIGNMENT (( #261 ) ) ;
#1999 = CARTESIAN_POINT ( 'NONE',  ( -1.143933982822018969, -0.8044079500593139809, -0.3499999999999999778 ) ) ;
#2000 = ORIENTED_EDGE ( 'NONE', *, *, #1513, .T. ) ;
#2001 = AXIS2_PLACEMENT_3D ( 'NONE', #1903, #2420, #2816 ) ;
#2002 = ORIENTED_EDGE ( 'NONE', *, *, #2735, .T. ) ;
#2003 = DIRECTION ( 'NONE',  ( 0.000000000000000000, 0.000000000000000000, -1.000000000000000000 ) ) ;
#2004 = SURFACE_SIDE_STYLE ('',( #1533 ) ) ;
#2005 = ADVANCED_FACE ( 'NONE', ( #1991 ), #4688, .T. ) ;
#2006 = PLANE ( 'NONE',  #3828 ) ;
#2007 =( NAMED_UNIT ( * ) SI_UNIT ( $, .STERADIAN. ) SOLID_ANGLE_UNIT ( ) );
#2008 = PRESENTATION_LAYER_ASSIGNMENT (  '', '', ( #3320 ) ) ;
#2009 = ORIENTED_EDGE ( 'NONE', *, *, #2127, .F. ) ;
#2010 =( GEOMETRIC_REPRESENTATION_CONTEXT ( 3 ) GLOBAL_UNCERTAINTY_ASSIGNED_CONTEXT ( ( #3436 ) ) GLOBAL_UNIT_ASSIGNED_CONTEXT ( ( #479, #4914, #4856 ) ) REPRESENTATION_CONTEXT ( 'NONE', 'WORKASPACE' ) );
#2011 = ADVANCED_FACE ( 'NONE', ( #416 ), #3081, .F. ) ;
#2012 = LINE ( 'NONE', #1901, #1440 ) ;
#2013 = FILL_AREA_STYLE_COLOUR ( '', #4557 ) ;
#2014 = DIRECTION ( 'NONE',  ( 1.000000000000000000, -0.000000000000000000, 0.000000000000000000 ) ) ;
#2015 = PLANE ( 'NONE',  #3589 ) ;
#2016 = AXIS2_PLACEMENT_3D ( 'NONE', #2060, #2374, #5478 ) ;
#2017 = PRESENTATION_LAYER_ASSIGNMENT (  '', '', ( #4884 ) ) ;
#2018 =( NAMED_UNIT ( * ) SI_UNIT ( $, .STERADIAN. ) SOLID_ANGLE_UNIT ( ) );
#2019 = ORIENTED_EDGE ( 'NONE', *, *, #1615, .F. ) ;
#2020 = SURFACE_STYLE_FILL_AREA ( #199 ) ;
#2021 = ORIENTED_EDGE ( 'NONE', *, *, #3694, .F. ) ;
#2022 = DIRECTION ( 'NONE',  ( -1.000000000000000000, 0.000000000000000000, 0.000000000000000000 ) ) ;
#2023 = COLOUR_RGB ( '',0.8627450980392157298, 0.6274509803921568540, 0.05882352941176470507 ) ;
#2024 = SURFACE_STYLE_FILL_AREA ( #3373 ) ;
#2025 = PRESENTATION_STYLE_ASSIGNMENT (( #2429 ) ) ;
#2026 = ORIENTED_EDGE ( 'NONE', *, *, #2757, .T. ) ;
#2027 = VERTEX_POINT ( 'NONE', #3602 ) ;
#2028 = FILL_AREA_STYLE ('',( #2919 ) ) ;
#2029 = CIRCLE ( 'NONE', #2125, 0.05000000000000002359 ) ;
#2030 = SURFACE_STYLE_USAGE ( .BOTH. , #2438 ) ;
#2031 = AXIS2_PLACEMENT_3D ( 'NONE', #2202, #5759, #1758 ) ;
#2032 = UNCERTAINTY_MEASURE_WITH_UNIT (LENGTH_MEASURE( 1.000000000000000082E-05 ), #2401, 'distance_accuracy_value', 'NONE');
#2033 = DIRECTION ( 'NONE',  ( 1.000000000000000000, 5.981805089575315315E-15, 0.000000000000000000 ) ) ;
#2034 = FILL_AREA_STYLE ('',( #5065 ) ) ;
#2035 = CARTESIAN_POINT ( 'NONE',  ( 1.054407950059314869, -0.8939339828220188577, -0.05000000000000002359 ) ) ;
#2036 = EDGE_LOOP ( 'NONE', ( #4498, #1763, #1004, #4866 ) ) ;
#2037 = EDGE_CURVE ( 'NONE', #4081, #4029, #1749, .T. ) ;
#2038 = STYLED_ITEM ( 'NONE', ( #946 ), #2190 ) ;
#2039 =( NAMED_UNIT ( * ) PLANE_ANGLE_UNIT ( ) SI_UNIT ( $, .RADIAN. ) );
#2040 = UNCERTAINTY_MEASURE_WITH_UNIT (LENGTH_MEASURE( 1.000000000000000082E-05 ), #4035, 'distance_accuracy_value', 'NONE');
#2041 = DIRECTION ( 'NONE',  ( 0.7071067811865516806, 0.7071067811865434649, 0.000000000000000000 ) ) ;
#2042 = CARTESIAN_POINT ( 'NONE',  ( 0.9900000000000022116, 0.6500000000000004663, 0.6500000000000001332 ) ) ;
#2043 = DIRECTION ( 'NONE',  ( 0.000000000000000000, 0.000000000000000000, -1.000000000000000000 ) ) ;
#2044 = TOROIDAL_SURFACE ( 'NONE', #3546, 0.1900000000000000855, 0.05000000000000000278 ) ;
#2045 = PRESENTATION_LAYER_ASSIGNMENT (  '', '', ( #636 ) ) ;
#2046 = SURFACE_STYLE_USAGE ( .BOTH. , #2934 ) ;
#2047 = ORIENTED_EDGE ( 'NONE', *, *, #4843, .T. ) ;
#2048 = ADVANCED_FACE ( 'NONE', ( #4333 ), #4879, .F. ) ;
#2049 = CARTESIAN_POINT ( 'NONE',  ( 0.9000000000000019096, -0.8999999999999994671, 0.4000000000000000222 ) ) ;
#2050 = EDGE_LOOP ( 'NONE', ( #1634, #1973, #2214, #2569 ) ) ;
#2051 = SURFACE_STYLE_USAGE ( .BOTH. , #3515 ) ;
#2052 = EDGE_CURVE ( 'NONE', #3224, #3033, #3902, .T. ) ;
#2053 = CIRCLE ( 'NONE', #4182, 0.04999999999999991257 ) ;
#2054 = STYLED_ITEM ( 'NONE', ( #3709 ), #2843 ) ;
#2055 = FILL_AREA_STYLE_COLOUR ( '', #1060 ) ;
#2056 = SURFACE_SIDE_STYLE ('',( #3752 ) ) ;
#2057 = COLOUR_RGB ( '',0.2862745098039215508, 0.2862745098039215508, 0.2862745098039215508 ) ;
#2058 = ORIENTED_EDGE ( 'NONE', *, *, #138, .F. ) ;
#2059 = EDGE_LOOP ( 'NONE', ( #1196, #449, #5604, #3204, #3670, #4981, #1736, #2644, #3594 ) ) ;
#2060 = CARTESIAN_POINT ( 'NONE',  ( 1.143933982822019191, -5.312634788926045980E-16, -0.05000000000000002359 ) ) ;
#2061 = STYLED_ITEM ( 'NONE', ( #5098 ), #3794 ) ;
#2062 = CARTESIAN_POINT ( 'NONE',  ( 1.027500000000000968, -0.9999999999999993339, -0.05000000000000002359 ) ) ;
#2063 = LINE ( 'NONE', #679, #170 ) ;
#2064 =( GEOMETRIC_REPRESENTATION_CONTEXT ( 3 ) GLOBAL_UNCERTAINTY_ASSIGNED_CONTEXT ( ( #2748 ) ) GLOBAL_UNIT_ASSIGNED_CONTEXT ( ( #2399, #613, #1070 ) ) REPRESENTATION_CONTEXT ( 'NONE', 'WORKASPACE' ) );
#2065 = DIRECTION ( 'NONE',  ( 0.000000000000000000, 0.000000000000000000, -1.000000000000000000 ) ) ;
#2066 = SURFACE_STYLE_USAGE ( .BOTH. , #3874 ) ;
#2067 = DIRECTION ( 'NONE',  ( 0.000000000000000000, 0.000000000000000000, -1.000000000000000000 ) ) ;
#2068 = DIRECTION ( 'NONE',  ( -1.000000000000000000, 0.000000000000000000, 0.000000000000000000 ) ) ;
#2069 = CARTESIAN_POINT ( 'NONE',  ( 9.918257743971033971E-17, 0.3374999999999995226, -0.05000000000000002359 ) ) ;
#2070 = CIRCLE ( 'NONE', #5140, 0.1499999999999999667 ) ;
#2071 = SURFACE_STYLE_USAGE ( .BOTH. , #780 ) ;
#2072 =( LENGTH_UNIT ( ) NAMED_UNIT ( * ) SI_UNIT ( .MILLI., .METRE. ) );
#2073 =( NAMED_UNIT ( * ) PLANE_ANGLE_UNIT ( ) SI_UNIT ( $, .RADIAN. ) );
#2074 = SURFACE_SIDE_STYLE ('',( #1254 ) ) ;
#2075 = ORIENTED_EDGE ( 'NONE', *, *, #3103, .F. ) ;
#2076 = EDGE_LOOP ( 'NONE', ( #4007, #80, #950, #1898, #14, #783, #1176, #5371 ) ) ;
#2077 = CARTESIAN_POINT ( 'NONE',  ( -1.099999999999998090, 1.000000000000000666, -0.05000000000000002359 ) ) ;
#2078 = DIRECTION ( 'NONE',  ( 6.483163961332028415E-16, -1.000000000000000000, 0.000000000000000000 ) ) ;
#2079 = PLANE ( 'NONE',  #521 ) ;
#2080 = EDGE_CURVE ( 'NONE', #937, #4690, #3049, .T. ) ;
#2081 = LINE ( 'NONE', #763, #5535 ) ;
#2082 = PRESENTATION_LAYER_ASSIGNMENT (  '', '', ( #106 ) ) ;
#2083 = DIRECTION ( 'NONE',  ( 1.000000000000000000, 3.742448381574715951E-16, 0.000000000000000000 ) ) ;
#2084 = ADVANCED_FACE ( 'NONE', ( #2609 ), #368, .F. ) ;
#2085 = EDGE_LOOP ( 'NONE', ( #2002, #688, #3197, #2910, #2397, #505, #1876, #2872, #1939, #5388 ) ) ;
#2086 = ORIENTED_EDGE ( 'NONE', *, *, #3598, .T. ) ;
#2087 =( GEOMETRIC_REPRESENTATION_CONTEXT ( 3 ) GLOBAL_UNCERTAINTY_ASSIGNED_CONTEXT ( ( #4928 ) ) GLOBAL_UNIT_ASSIGNED_CONTEXT ( ( #4693, #1235, #5672 ) ) REPRESENTATION_CONTEXT ( 'NONE', 'WORKASPACE' ) );
#2088 = DIRECTION ( 'NONE',  ( 0.000000000000000000, 0.000000000000000000, -1.000000000000000000 ) ) ;
#2089 = FACE_OUTER_BOUND ( 'NONE', #4735, .T. ) ;
#2090 = MECHANICAL_DESIGN_GEOMETRIC_PRESENTATION_REPRESENTATION (  '', ( #4484 ), #1811 ) ;
#2091 = DIRECTION ( 'NONE',  ( 0.000000000000000000, 0.000000000000000000, -1.000000000000000000 ) ) ;
#2092 = ORIENTED_EDGE ( 'NONE', *, *, #683, .F. ) ;
#2093 = UNCERTAINTY_MEASURE_WITH_UNIT (LENGTH_MEASURE( 1.000000000000000082E-05 ), #1438, 'distance_accuracy_value', 'NONE');
#2094 = LINE ( 'NONE', #5621, #2542 ) ;
#2095 = CYLINDRICAL_SURFACE ( 'NONE', #3476, 0.05000000000000002359 ) ;
#2096 = CARTESIAN_POINT ( 'NONE',  ( 0.9000000000000019096, 0.7900000000000008127, 0.6000000000000000888 ) ) ;
#2097 = CYLINDRICAL_SURFACE ( 'NONE', #569, 0.2225000000000004752 ) ;
#2098 = CARTESIAN_POINT ( 'NONE',  ( -0.4749999999999997558, -0.8939339828220190798, -0.3499999999999999778 ) ) ;
#2099 = AXIS2_PLACEMENT_3D ( 'NONE', #3411, #4767, #1661 ) ;
#2100 =( LENGTH_UNIT ( ) NAMED_UNIT ( * ) SI_UNIT ( .MILLI., .METRE. ) );
#2101 = COLOUR_RGB ( '',0.8627450980392157298, 0.6274509803921568540, 0.05882352941176470507 ) ;
#2102 = AXIS2_PLACEMENT_3D ( 'NONE', #5510, #2337, #2803 ) ;
#2103 = CARTESIAN_POINT ( 'NONE',  ( 3.345501787246905322E-16, 0.8939339828220190798, -0.05000000000000002359 ) ) ;
#2104 = PRESENTATION_STYLE_ASSIGNMENT (( #1574 ) ) ;
#2105 = PRESENTATION_STYLE_ASSIGNMENT (( #3848 ) ) ;
#2106 = ORIENTED_EDGE ( 'NONE', *, *, #3862, .F. ) ;
#2107 = AXIS2_PLACEMENT_3D ( 'NONE', #5048, #2022, #4564 ) ;
#2108 = STYLED_ITEM ( 'NONE', ( #803 ), #395 ) ;
#2109 = VERTEX_POINT ( 'NONE', #4070 ) ;
#2110 = FILL_AREA_STYLE ('',( #1136 ) ) ;
#2111 = CARTESIAN_POINT ( 'NONE',  ( -1.089999999999998082, 0.6500000000000006883, 0.6000000000000000888 ) ) ;
#2112 = VECTOR ( 'NONE', #5370, 1000.000000000000000 ) ;
#2113 = LINE ( 'NONE', #1204, #541 ) ;
#2114 = CARTESIAN_POINT ( 'NONE',  ( -0.8899999999999983480, -0.5399999999999998135, 0.6400000000000000133 ) ) ;
#2115 = ADVANCED_FACE ( 'NONE', ( #4037 ), #1447, .F. ) ;
#2116 = VECTOR ( 'NONE', #3167, 1000.000000000000000 ) ;
#2117 =( LENGTH_UNIT ( ) NAMED_UNIT ( * ) SI_UNIT ( .MILLI., .METRE. ) );
#2118 = VERTEX_POINT ( 'NONE', #4460 ) ;
#2119 = DIRECTION ( 'NONE',  ( 2.168404344971012812E-15, 1.000000000000000000, -9.403954806578312675E-30 ) ) ;
#2120 = ORIENTED_EDGE ( 'NONE', *, *, #4239, .T. ) ;
#2121 = TOROIDAL_SURFACE ( 'NONE', #5365, 0.09000000000000009381, 0.05000000000000000278 ) ;
#2122 = CARTESIAN_POINT ( 'NONE',  ( 1.054407950059315313, 0.8939339828220186357, -0.3499999999999999778 ) ) ;
#2123 = SURFACE_SIDE_STYLE ('',( #3901 ) ) ;
#2124 = EDGE_CURVE ( 'NONE', #2319, #2586, #1571, .T. ) ;
#2125 = AXIS2_PLACEMENT_3D ( 'NONE', #156, #660, #2871 ) ;
#2126 = ORIENTED_EDGE ( 'NONE', *, *, #1791, .F. ) ;
#2127 = EDGE_CURVE ( 'NONE', #661, #124, #561, .T. ) ;
#2128 =( NAMED_UNIT ( * ) SI_UNIT ( $, .STERADIAN. ) SOLID_ANGLE_UNIT ( ) );
#2129 = DIRECTION ( 'NONE',  ( -1.000000000000000000, 0.000000000000000000, 0.000000000000000000 ) ) ;
#2130 = CARTESIAN_POINT ( 'NONE',  ( -0.9899999999999982148, -0.6499999999999993561, 0.6500000000000001332 ) ) ;
#2131 = SURFACE_STYLE_FILL_AREA ( #5744 ) ;
#2132 = SURFACE_STYLE_USAGE ( .BOTH. , #2413 ) ;
#2133 =( GEOMETRIC_REPRESENTATION_CONTEXT ( 3 ) GLOBAL_UNCERTAINTY_ASSIGNED_CONTEXT ( ( #2924 ) ) GLOBAL_UNIT_ASSIGNED_CONTEXT ( ( #1331, #4385, #5694 ) ) REPRESENTATION_CONTEXT ( 'NONE', 'WORKASPACE' ) );
#2134 = CYLINDRICAL_SURFACE ( 'NONE', #185, 0.2225000000000000311 ) ;
#2135 = DIRECTION ( 'NONE',  ( -1.000000000000000000, 0.000000000000000000, 0.000000000000000000 ) ) ;
#2136 = SURFACE_SIDE_STYLE ('',( #3390 ) ) ;
#2137 = EDGE_LOOP ( 'NONE', ( #4057, #5397, #2756, #863 ) ) ;
#2138 = STYLED_ITEM ( 'NONE', ( #2686 ), #2261 ) ;
#2139 = ORIENTED_EDGE ( 'NONE', *, *, #1185, .T. ) ;
#2140 =( NAMED_UNIT ( * ) SI_UNIT ( $, .STERADIAN. ) SOLID_ANGLE_UNIT ( ) );
#2141 =( NAMED_UNIT ( * ) PLANE_ANGLE_UNIT ( ) SI_UNIT ( $, .RADIAN. ) );
#2142 = MECHANICAL_DESIGN_GEOMETRIC_PRESENTATION_REPRESENTATION (  '', ( #1378 ), #163 ) ;
#2143 = DIRECTION ( 'NONE',  ( 0.000000000000000000, 0.000000000000000000, -1.000000000000000000 ) ) ;
#2144 = COLOUR_RGB ( '',0.8627450980392157298, 0.6274509803921568540, 0.05882352941176470507 ) ;
#2145 = DIRECTION ( 'NONE',  ( 0.000000000000000000, -1.000000000000000000, 0.000000000000000000 ) ) ;
#2146 = AXIS2_PLACEMENT_3D ( 'NONE', #3928, #4812, #3034 ) ;
#2147 = VECTOR ( 'NONE', #2913, 1000.000000000000000 ) ;
#2148 = DIRECTION ( 'NONE',  ( -0.000000000000000000, 1.000000000000000000, 0.000000000000000000 ) ) ;
#2149 = ORIENTED_EDGE ( 'NONE', *, *, #3827, .T. ) ;
#2150 = DIRECTION ( 'NONE',  ( -0.000000000000000000, -0.000000000000000000, 1.000000000000000000 ) ) ;
#2151 =( LENGTH_UNIT ( ) NAMED_UNIT ( * ) SI_UNIT ( .MILLI., .METRE. ) );
#2152 =( NAMED_UNIT ( * ) SI_UNIT ( $, .STERADIAN. ) SOLID_ANGLE_UNIT ( ) );
#2153 = VECTOR ( 'NONE', #1670, 1000.000000000000000 ) ;
#2154 = FILL_AREA_STYLE ('',( #4815 ) ) ;
#2155 = EDGE_CURVE ( 'NONE', #1031, #3849, #1956, .T. ) ;
#2156 = PRESENTATION_LAYER_ASSIGNMENT (  '', '', ( #4649 ) ) ;
#2157 = DIRECTION ( 'NONE',  ( -0.000000000000000000, -0.000000000000000000, -1.000000000000000000 ) ) ;
#2158 = ORIENTED_EDGE ( 'NONE', *, *, #5310, .F. ) ;
#2159 = UNCERTAINTY_MEASURE_WITH_UNIT (LENGTH_MEASURE( 1.000000000000000082E-05 ), #3025, 'distance_accuracy_value', 'NONE');
#2160 = EDGE_CURVE ( 'NONE', #4306, #879, #152, .T. ) ;
#2161 =( NAMED_UNIT ( * ) PLANE_ANGLE_UNIT ( ) SI_UNIT ( $, .RADIAN. ) );
#2162 = DIRECTION ( 'NONE',  ( 0.000000000000000000, 0.000000000000000000, -1.000000000000000000 ) ) ;
#2163 = AXIS2_PLACEMENT_3D ( 'NONE', #1183, #2033, #5593 ) ;
#2164 = EDGE_CURVE ( 'NONE', #2319, #4810, #3907, .T. ) ;
#2165 = SURFACE_SIDE_STYLE ('',( #3444 ) ) ;
#2166 = LINE ( 'NONE', #5626, #169 ) ;
#2167 = AXIS2_PLACEMENT_3D ( 'NONE', #749, #2663, #4827 ) ;
#2168 = LINE ( 'NONE', #2640, #5135 ) ;
#2169 = DIRECTION ( 'NONE',  ( 0.000000000000000000, 0.000000000000000000, -1.000000000000000000 ) ) ;
#2170 = PRESENTATION_STYLE_ASSIGNMENT (( #4831 ) ) ;
#2171 = VECTOR ( 'NONE', #3632, 1000.000000000000000 ) ;
#2172 = ORIENTED_EDGE ( 'NONE', *, *, #1971, .T. ) ;
#2173 = ORIENTED_EDGE ( 'NONE', *, *, #2426, .T. ) ;
#2174 = CARTESIAN_POINT ( 'NONE',  ( 1.143933982822019413, -0.3374999999999995226, -0.3499999999999999778 ) ) ;
#2175 = FILL_AREA_STYLE ('',( #1671 ) ) ;
#2176 = CARTESIAN_POINT ( 'NONE',  ( -1.143933982822019413, -0.3374999999999995226, -0.3499999999999999778 ) ) ;
#2177 = DIRECTION ( 'NONE',  ( 3.742448381574715951E-16, -1.000000000000000000, 0.000000000000000000 ) ) ;
#2178 = PRESENTATION_LAYER_ASSIGNMENT (  '', '', ( #4569 ) ) ;
#2179 = ORIENTED_EDGE ( 'NONE', *, *, #2487, .T. ) ;
#2180 = CARTESIAN_POINT ( 'NONE',  ( -1.249999999999998002, 0.8500000000000006439, -0.05000000000000002359 ) ) ;
#2181 = STYLED_ITEM ( 'NONE', ( #3424 ), #5337 ) ;
#2182 = CARTESIAN_POINT ( 'NONE',  ( -1.054407950059315091, -0.8939339828220188577, -0.3499999999999999778 ) ) ;
#2183 = FILL_AREA_STYLE_COLOUR ( '', #1085 ) ;
#2184 = ORIENTED_EDGE ( 'NONE', *, *, #1117, .T. ) ;
#2185 = ADVANCED_BREP_SHAPE_REPRESENTATION ( 'ASDLJ-E-49.152MHZ-L-R-T', ( #5337, #1522, #5474, #3378, #5377, #1471, #3388, #3559, #3884 ), #3418 ) ;
#2186 = DIRECTION ( 'NONE',  ( 1.000000000000000000, 0.000000000000000000, -0.000000000000000000 ) ) ;
#2187 = CARTESIAN_POINT ( 'NONE',  ( -1.143933982822019635, 0.8044079500593139809, -0.05000000000000002359 ) ) ;
#2188 = SURFACE_STYLE_FILL_AREA ( #336 ) ;
#2189 = DIRECTION ( 'NONE',  ( 0.000000000000000000, -1.000000000000000000, 0.000000000000000000 ) ) ;
#2190 = ADVANCED_FACE ( 'NONE', ( #2343 ), #5353, .T. ) ;
#2191 = SURFACE_STYLE_USAGE ( .BOTH. , #2747 ) ;
#2192 =( GEOMETRIC_REPRESENTATION_CONTEXT ( 3 ) GLOBAL_UNCERTAINTY_ASSIGNED_CONTEXT ( ( #4868 ) ) GLOBAL_UNIT_ASSIGNED_CONTEXT ( ( #576, #5050, #4171 ) ) REPRESENTATION_CONTEXT ( 'NONE', 'WORKASPACE' ) );
#2193 = FILL_AREA_STYLE ('',( #4165 ) ) ;
#2194 = CARTESIAN_POINT ( 'NONE',  ( 0.9000000000000020206, -0.6499999999999994671, 0.4000000000000000222 ) ) ;
#2195 =( LENGTH_UNIT ( ) NAMED_UNIT ( * ) SI_UNIT ( .MILLI., .METRE. ) );
#2196 = DIRECTION ( 'NONE',  ( 0.000000000000000000, 0.000000000000000000, -1.000000000000000000 ) ) ;
#2197 = VERTEX_POINT ( 'NONE', #5180 ) ;
#2198 = ADVANCED_FACE ( 'NONE', ( #4706 ), #5128, .T. ) ;
#2199 = ORIENTED_EDGE ( 'NONE', *, *, #4173, .T. ) ;
#2200 = CARTESIAN_POINT ( 'NONE',  ( 1.143933982822019191, -5.312634788926045980E-16, -0.3499999999999999778 ) ) ;
#2201 = FILL_AREA_STYLE ('',( #3516 ) ) ;
#2202 = CARTESIAN_POINT ( 'NONE',  ( 1.250000000000001998, 1.000000000000000666, -0.3499999999999999778 ) ) ;
#2203 = VECTOR ( 'NONE', #1107, 1000.000000000000000 ) ;
#2204 = COLOUR_RGB ( '',0.8627450980392157298, 0.6274509803921568540, 0.05882352941176470507 ) ;
#2205 =( NAMED_UNIT ( * ) PLANE_ANGLE_UNIT ( ) SI_UNIT ( $, .RADIAN. ) );
#2206 = CARTESIAN_POINT ( 'NONE',  ( -1.250000000000002220, -1.000000000000000222, -0.05000000000000002359 ) ) ;
#2207 = ORIENTED_EDGE ( 'NONE', *, *, #2765, .F. ) ;
#2208 = CARTESIAN_POINT ( 'NONE',  ( 1.250000000000001776, -1.000000000000001110, -0.05000000000000002359 ) ) ;
#2209 = STYLED_ITEM ( 'NONE', ( #4390 ), #5719 ) ;
#2210 = SURFACE_STYLE_FILL_AREA ( #2154 ) ;
#2211 = DIRECTION ( 'NONE',  ( -1.000000000000000000, 0.000000000000000000, -0.000000000000000000 ) ) ;
#2212 =( GEOMETRIC_REPRESENTATION_CONTEXT ( 3 ) GLOBAL_UNCERTAINTY_ASSIGNED_CONTEXT ( ( #5131 ) ) GLOBAL_UNIT_ASSIGNED_CONTEXT ( ( #2970, #1585, #1497 ) ) REPRESENTATION_CONTEXT ( 'NONE', 'WORKASPACE' ) );
#2213 = ORIENTED_EDGE ( 'NONE', *, *, #4282, .T. ) ;
#2214 = ORIENTED_EDGE ( 'NONE', *, *, #3483, .F. ) ;
#2215 = UNCERTAINTY_MEASURE_WITH_UNIT (LENGTH_MEASURE( 1.000000000000000082E-05 ), #861, 'distance_accuracy_value', 'NONE');
#2216 = DIRECTION ( 'NONE',  ( -1.000000000000000000, 0.000000000000000000, 0.000000000000000000 ) ) ;
#2217 = DIRECTION ( 'NONE',  ( 0.000000000000000000, -1.000000000000000000, 0.000000000000000000 ) ) ;
#2218 = VECTOR ( 'NONE', #5549, 1000.000000000000000 ) ;
#2219 = DIRECTION ( 'NONE',  ( 0.000000000000000000, 0.000000000000000000, -1.000000000000000000 ) ) ;
#2220 =( GEOMETRIC_REPRESENTATION_CONTEXT ( 3 ) GLOBAL_UNCERTAINTY_ASSIGNED_CONTEXT ( ( #1382 ) ) GLOBAL_UNIT_ASSIGNED_CONTEXT ( ( #4900, #4991, #1407 ) ) REPRESENTATION_CONTEXT ( 'NONE', 'WORKASPACE' ) );
#2221 =( NAMED_UNIT ( * ) SI_UNIT ( $, .STERADIAN. ) SOLID_ANGLE_UNIT ( ) );
#2222 = ADVANCED_FACE ( 'NONE', ( #1512 ), #2951, .T. ) ;
#2223 = ORIENTED_EDGE ( 'NONE', *, *, #1325, .F. ) ;
#2224 = FILL_AREA_STYLE ('',( #2351 ) ) ;
#2225 = ORIENTED_EDGE ( 'NONE', *, *, #753, .T. ) ;
#2226 = FACE_OUTER_BOUND ( 'NONE', #2873, .T. ) ;
#2227 =( LENGTH_UNIT ( ) NAMED_UNIT ( * ) SI_UNIT ( .MILLI., .METRE. ) );
#2228 = SURFACE_STYLE_FILL_AREA ( #5254 ) ;
#2229 = EDGE_CURVE ( 'NONE', #5767, #47, #623, .T. ) ;
#2230 = PRESENTATION_LAYER_ASSIGNMENT (  '', '', ( #1474 ) ) ;
#2231 = DIRECTION ( 'NONE',  ( 0.000000000000000000, 0.000000000000000000, -1.000000000000000000 ) ) ;
#2232 = EDGE_CURVE ( 'NONE', #937, #1581, #5267, .T. ) ;
#2233 = EDGE_LOOP ( 'NONE', ( #2673, #4760, #2513, #4178 ) ) ;
#2234 = STYLED_ITEM ( 'NONE', ( #5075 ), #3260 ) ;
#2235 = CARTESIAN_POINT ( 'NONE',  ( 1.100000000000002087, -0.9999999999999993339, -0.05000000000000002359 ) ) ;
#2236 = STYLED_ITEM ( 'NONE', ( #5273 ), #3374 ) ;
#2237 = AXIS2_PLACEMENT_3D ( 'NONE', #4700, #2003, #3809 ) ;
#2238 = CARTESIAN_POINT ( 'NONE',  ( -0.7899999999999981481, -0.5399999999999998135, 0.6400000000000000133 ) ) ;
#2239 = ORIENTED_EDGE ( 'NONE', *, *, #1759, .F. ) ;
#2240 = VECTOR ( 'NONE', #1600, 1000.000000000000000 ) ;
#2241 = PLANE ( 'NONE',  #64 ) ;
#2242 = MECHANICAL_DESIGN_GEOMETRIC_PRESENTATION_REPRESENTATION (  '', ( #3815 ), #4002 ) ;
#2243 = CARTESIAN_POINT ( 'NONE',  ( -1.099999999999998090, 1.000000000000000666, -0.05000000000000002359 ) ) ;
#2244 = SURFACE_STYLE_FILL_AREA ( #3628 ) ;
#2245 = CARTESIAN_POINT ( 'NONE',  ( 1.100000000000002087, -0.6499999999999994671, 0.5500000000000000444 ) ) ;
#2246 =( GEOMETRIC_REPRESENTATION_CONTEXT ( 3 ) GLOBAL_UNCERTAINTY_ASSIGNED_CONTEXT ( ( #1564 ) ) GLOBAL_UNIT_ASSIGNED_CONTEXT ( ( #811, #3912, #1699 ) ) REPRESENTATION_CONTEXT ( 'NONE', 'WORKASPACE' ) );
#2247 = CARTESIAN_POINT ( 'NONE',  ( 1.143933982822019413, -0.3374999999999995226, -0.05000000000000002359 ) ) ;
#2248 = PLANE ( 'NONE',  #614 ) ;
#2249 = ORIENTED_EDGE ( 'NONE', *, *, #4440, .F. ) ;
#2250 = VECTOR ( 'NONE', #5562, 1000.000000000000000 ) ;
#2251 = ORIENTED_EDGE ( 'NONE', *, *, #1294, .F. ) ;
#2252 = SURFACE_STYLE_USAGE ( .BOTH. , #3139 ) ;
#2253 = CARTESIAN_POINT ( 'NONE',  ( -1.089999999999998082, 0.000000000000000000, 0.5500000000000000444 ) ) ;
#2254 = SURFACE_STYLE_FILL_AREA ( #4889 ) ;
#2255 = VECTOR ( 'NONE', #193, 1000.000000000000000 ) ;
#2256 = DIRECTION ( 'NONE',  ( -0.000000000000000000, -0.000000000000000000, -1.000000000000000000 ) ) ;
#2257 = ORIENTED_EDGE ( 'NONE', *, *, #2877, .T. ) ;
#2258 = AXIS2_PLACEMENT_3D ( 'NONE', #1833, #444, #531 ) ;
#2259 = EDGE_CURVE ( 'NONE', #5355, #3469, #1276, .T. ) ;
#2260 = FILL_AREA_STYLE ('',( #2734 ) ) ;
#2261 = ADVANCED_FACE ( 'NONE', ( #4849 ), #1774, .T. ) ;
#2262 = DIRECTION ( 'NONE',  ( 0.000000000000000000, 0.000000000000000000, -1.000000000000000000 ) ) ;
#2263 = PRESENTATION_STYLE_ASSIGNMENT (( #1404 ) ) ;
#2264 =( GEOMETRIC_REPRESENTATION_CONTEXT ( 3 ) GLOBAL_UNCERTAINTY_ASSIGNED_CONTEXT ( ( #1688 ) ) GLOBAL_UNIT_ASSIGNED_CONTEXT ( ( #1780, #5302, #3540 ) ) REPRESENTATION_CONTEXT ( 'NONE', 'WORKASPACE' ) );
#2265 = EDGE_CURVE ( 'NONE', #606, #2319, #5237, .T. ) ;
#2266 = ORIENTED_EDGE ( 'NONE', *, *, #3345, .T. ) ;
#2267 = UNCERTAINTY_MEASURE_WITH_UNIT (LENGTH_MEASURE( 1.000000000000000082E-05 ), #3743, 'distance_accuracy_value', 'NONE');
#2268 = COLOUR_RGB ( '',0.2862745098039215508, 0.2862745098039215508, 0.2862745098039215508 ) ;
#2269 = DIRECTION ( 'NONE',  ( 0.000000000000000000, -1.000000000000000000, 0.000000000000000000 ) ) ;
#2270 = CARTESIAN_POINT ( 'NONE',  ( 0.4749999999999997558, -0.8939339828220190798, -0.3499999999999999778 ) ) ;
#2271 =( NAMED_UNIT ( * ) PLANE_ANGLE_UNIT ( ) SI_UNIT ( $, .RADIAN. ) );
#2272 = SURFACE_STYLE_USAGE ( .BOTH. , #1827 ) ;
#2273 = CARTESIAN_POINT ( 'NONE',  ( 1.100000000000002087, -0.6499999999999994671, 0.4000000000000000222 ) ) ;
#2274 = CARTESIAN_POINT ( 'NONE',  ( -0.8999999999999980238, -0.7399999999999995470, 0.6000000000000000888 ) ) ;
#2275 = UNCERTAINTY_MEASURE_WITH_UNIT (LENGTH_MEASURE( 1.000000000000000082E-05 ), #5670, 'distance_accuracy_value', 'NONE');
#2276 = FILL_AREA_STYLE ('',( #3157 ) ) ;
#2277 = DIRECTION ( 'NONE',  ( 0.000000000000000000, 0.000000000000000000, 1.000000000000000000 ) ) ;
#2278 = ORIENTED_EDGE ( 'NONE', *, *, #2458, .T. ) ;
#2279 = VECTOR ( 'NONE', #1603, 1000.000000000000000 ) ;
#2280 = VERTEX_POINT ( 'NONE', #883 ) ;
#2281 = SURFACE_STYLE_FILL_AREA ( #508 ) ;
#2282 = DIRECTION ( 'NONE',  ( -1.948483029355699046E-16, -1.000000000000000000, 0.000000000000000000 ) ) ;
#2283 = DIRECTION ( 'NONE',  ( 0.000000000000000000, 1.000000000000000000, 0.000000000000000000 ) ) ;
#2284 =( NAMED_UNIT ( * ) PLANE_ANGLE_UNIT ( ) SI_UNIT ( $, .RADIAN. ) );
#2285 = LINE ( 'NONE', #5185, #2279 ) ;
#2286 = DIRECTION ( 'NONE',  ( -1.000000000000000000, -3.742448381574715951E-16, 0.000000000000000000 ) ) ;
#2287 = CLOSED_SHELL ( 'NONE', ( #2346, #4473, #1656, #142, #5691, #4503, #5219, #3341, #4944, #4915, #4279, #5761, #128, #5544, #4271, #3903, #395, #746, #3787, #3159, #5315, #2730, #652, #3260, #3756, #1466, #3553, #3234, #4096, #4701, #5719, #4850, #3022, #2597, #5608, #2494, #247, #3521, #5468 ) ) ;
#2288 = ORIENTED_EDGE ( 'NONE', *, *, #1178, .F. ) ;
#2289 = AXIS2_PLACEMENT_3D ( 'NONE', #2499, #2041, #4245 ) ;
#2290 = LINE ( 'NONE', #3201, #173 ) ;
#2291 = PRESENTATION_STYLE_ASSIGNMENT (( #303 ) ) ;
#2292 = DIRECTION ( 'NONE',  ( -0.000000000000000000, -0.000000000000000000, -1.000000000000000000 ) ) ;
#2293 = EDGE_CURVE ( 'NONE', #1993, #703, #5715, .T. ) ;
#2294 =( NAMED_UNIT ( * ) PLANE_ANGLE_UNIT ( ) SI_UNIT ( $, .RADIAN. ) );
#2295 = STYLED_ITEM ( 'NONE', ( #5173 ), #493 ) ;
#2296 = ORIENTED_EDGE ( 'NONE', *, *, #5508, .T. ) ;
#2297 = ORIENTED_EDGE ( 'NONE', *, *, #23, .F. ) ;
#2298 = FILL_AREA_STYLE_COLOUR ( '', #747 ) ;
#2299 =( NAMED_UNIT ( * ) SI_UNIT ( $, .STERADIAN. ) SOLID_ANGLE_UNIT ( ) );
#2300 = COLOUR_RGB ( '',0.8627450980392157298, 0.6274509803921568540, 0.05882352941176470507 ) ;
#2301 = LINE ( 'NONE', #2774, #827 ) ;
#2302 = EDGE_CURVE ( 'NONE', #3642, #606, #4175, .T. ) ;
#2303 = EDGE_CURVE ( 'NONE', #840, #703, #4172, .T. ) ;
#2304 =( GEOMETRIC_REPRESENTATION_CONTEXT ( 3 ) GLOBAL_UNCERTAINTY_ASSIGNED_CONTEXT ( ( #394 ) ) GLOBAL_UNIT_ASSIGNED_CONTEXT ( ( #5227, #2205, #5673 ) ) REPRESENTATION_CONTEXT ( 'NONE', 'WORKASPACE' ) );
#2305 =( LENGTH_UNIT ( ) NAMED_UNIT ( * ) SI_UNIT ( .MILLI., .METRE. ) );
#2306 = CARTESIAN_POINT ( 'NONE',  ( 1.250000000000001998, 1.000000000000000666, -0.05000000000000002359 ) ) ;
#2307 = DIRECTION ( 'NONE',  ( 1.000000000000000000, 0.000000000000000000, 0.000000000000000000 ) ) ;
#2308 = DIRECTION ( 'NONE',  ( 1.000000000000000000, 0.000000000000000000, 0.000000000000000000 ) ) ;
#2309 = STYLED_ITEM ( 'NONE', ( #1781 ), #1291 ) ;
#2310 =( NAMED_UNIT ( * ) PLANE_ANGLE_UNIT ( ) SI_UNIT ( $, .RADIAN. ) );
#2311 = ORIENTED_EDGE ( 'NONE', *, *, #3187, .T. ) ;
#2312 = VERTEX_POINT ( 'NONE', #4422 ) ;
#2313 = DIRECTION ( 'NONE',  ( -3.742448381574715951E-16, 1.000000000000000000, 0.000000000000000000 ) ) ;
#2314 =( NAMED_UNIT ( * ) PLANE_ANGLE_UNIT ( ) SI_UNIT ( $, .RADIAN. ) );
#2315 = AXIS2_PLACEMENT_3D ( 'NONE', #5003, #1079, #4160 ) ;
#2316 = CARTESIAN_POINT ( 'NONE',  ( 0.4749999999999999223, 0.8939339828220188577, -0.05000000000000002359 ) ) ;
#2317 = CARTESIAN_POINT ( 'NONE',  ( 1.250000000000001776, -1.000000000000001110, -0.05000000000000002359 ) ) ;
#2318 = VECTOR ( 'NONE', #1731, 1000.000000000000000 ) ;
#2319 = VERTEX_POINT ( 'NONE', #2096 ) ;
#2320 =( LENGTH_UNIT ( ) NAMED_UNIT ( * ) SI_UNIT ( .MILLI., .METRE. ) );
#2321 = PRESENTATION_STYLE_ASSIGNMENT (( #3227 ) ) ;
#2322 = CIRCLE ( 'NONE', #5572, 0.1000000000000001582 ) ;
#2323 = DIRECTION ( 'NONE',  ( -0.000000000000000000, -0.000000000000000000, 1.000000000000000000 ) ) ;
#2324 = SURFACE_STYLE_USAGE ( .BOTH. , #1464 ) ;
#2325 = DIRECTION ( 'NONE',  ( 1.000000000000000000, -0.000000000000000000, 0.000000000000000000 ) ) ;
#2326 = CIRCLE ( 'NONE', #726, 0.05000000000000002359 ) ;
#2327 =( GEOMETRIC_REPRESENTATION_CONTEXT ( 3 ) GLOBAL_UNCERTAINTY_ASSIGNED_CONTEXT ( ( #3327 ) ) GLOBAL_UNIT_ASSIGNED_CONTEXT ( ( #2546, #3843, #5150 ) ) REPRESENTATION_CONTEXT ( 'NONE', 'WORKASPACE' ) );
#2328 = EDGE_LOOP ( 'NONE', ( #5556, #4620, #2838, #4524 ) ) ;
#2329 = VERTEX_POINT ( 'NONE', #3906 ) ;
#2330 = UNCERTAINTY_MEASURE_WITH_UNIT (LENGTH_MEASURE( 1.000000000000000082E-05 ), #743, 'distance_accuracy_value', 'NONE');
#2331 = SURFACE_STYLE_USAGE ( .BOTH. , #1096 ) ;
#2332 = DIRECTION ( 'NONE',  ( 0.7071067811865462405, -0.7071067811865489050, -0.000000000000000000 ) ) ;
#2333 = SURFACE_STYLE_FILL_AREA ( #524 ) ;
#2334 = STYLED_ITEM ( 'NONE', ( #4993 ), #3153 ) ;
#2335 = CYLINDRICAL_SURFACE ( 'NONE', #2237, 0.1500000000000008271 ) ;
#2336 = FILL_AREA_STYLE_COLOUR ( '', #4079 ) ;
#2337 = DIRECTION ( 'NONE',  ( 0.000000000000000000, 0.000000000000000000, -1.000000000000000000 ) ) ;
#2338 = COLOUR_RGB ( '',0.8039215686274510109, 0.8039215686274510109, 0.8039215686274510109 ) ;
#2339 = COLOUR_RGB ( '',0.2862745098039215508, 0.2862745098039215508, 0.2862745098039215508 ) ;
#2340 = UNCERTAINTY_MEASURE_WITH_UNIT (LENGTH_MEASURE( 1.000000000000000082E-05 ), #4106, 'distance_accuracy_value', 'NONE');
#2341 = EDGE_CURVE ( 'NONE', #321, #2972, #5656, .T. ) ;
#2342 = SURFACE_STYLE_USAGE ( .BOTH. , #415 ) ;
#2343 = FACE_OUTER_BOUND ( 'NONE', #1390, .T. ) ;
#2344 = CARTESIAN_POINT ( 'NONE',  ( 0.9000000000000019096, -0.8999999999999994671, 0.3499999999999999778 ) ) ;
#2345 = DIRECTION ( 'NONE',  ( 1.000000000000000000, 0.000000000000000000, 0.000000000000000000 ) ) ;
#2346 = ADVANCED_FACE ( 'NONE', ( #774 ), #3073, .F. ) ;
#2347 = STYLED_ITEM ( 'NONE', ( #5281 ), #3664 ) ;
#2348 = CIRCLE ( 'NONE', #2904, 0.2500000000000001110 ) ;
#2349 = CARTESIAN_POINT ( 'NONE',  ( 1.054407950059314869, -0.8939339828220188577, -0.05000000000000002359 ) ) ;
#2350 = ORIENTED_EDGE ( 'NONE', *, *, #3591, .F. ) ;
#2351 = FILL_AREA_STYLE_COLOUR ( '', #539 ) ;
#2352 = ORIENTED_EDGE ( 'NONE', *, *, #1759, .T. ) ;
#2353 = DIRECTION ( 'NONE',  ( -0.000000000000000000, -0.000000000000000000, 1.000000000000000000 ) ) ;
#2354 = AXIS2_PLACEMENT_3D ( 'NONE', #5329, #5390, #3191 ) ;
#2355 = FILL_AREA_STYLE ('',( #1018 ) ) ;
#2356 = FILL_AREA_STYLE_COLOUR ( '', #899 ) ;
#2357 = CARTESIAN_POINT ( 'NONE',  ( -1.143933982822019191, -5.312634788926045980E-16, -0.05000000000000002359 ) ) ;
#2358 = COLOUR_RGB ( '',0.8627450980392157298, 0.6274509803921568540, 0.05882352941176470507 ) ;
#2359 = EDGE_LOOP ( 'NONE', ( #5220, #4116, #5305, #3400 ) ) ;
#2360 = FILL_AREA_STYLE ('',( #4629 ) ) ;
#2361 = DIRECTION ( 'NONE',  ( 0.000000000000000000, 0.000000000000000000, 1.000000000000000000 ) ) ;
#2362 = PRESENTATION_STYLE_ASSIGNMENT (( #1402 ) ) ;
#2363 = CARTESIAN_POINT ( 'NONE',  ( -1.249999999999999334, -3.738628180984491411E-15, -0.3499999999999999778 ) ) ;
#2364 = PRESENTATION_STYLE_ASSIGNMENT (( #2324 ) ) ;
#2365 = CARTESIAN_POINT ( 'NONE',  ( -0.8999999999999980238, -0.8399999999999995248, 0.5500000000000000444 ) ) ;
#2366 = AXIS2_PLACEMENT_3D ( 'NONE', #1354, #3156, #2775 ) ;
#2367 = ORIENTED_EDGE ( 'NONE', *, *, #3600, .T. ) ;
#2368 = ORIENTED_EDGE ( 'NONE', *, *, #1689, .T. ) ;
#2369 = SURFACE_SIDE_STYLE ('',( #5056 ) ) ;
#2370 =( NAMED_UNIT ( * ) SI_UNIT ( $, .STERADIAN. ) SOLID_ANGLE_UNIT ( ) );
#2371 =( GEOMETRIC_REPRESENTATION_CONTEXT ( 3 ) GLOBAL_UNCERTAINTY_ASSIGNED_CONTEXT ( ( #4058 ) ) GLOBAL_UNIT_ASSIGNED_CONTEXT ( ( #3814, #1102, #154 ) ) REPRESENTATION_CONTEXT ( 'NONE', 'WORKASPACE' ) );
#2372 = SURFACE_STYLE_USAGE ( .BOTH. , #5443 ) ;
#2373 = PRESENTATION_LAYER_ASSIGNMENT (  '', '', ( #2649 ) ) ;
#2374 = DIRECTION ( 'NONE',  ( 1.000000000000000000, -4.644179531951731562E-16, 0.000000000000000000 ) ) ;
#2375 = FILL_AREA_STYLE ('',( #1445 ) ) ;
#2376 = DIRECTION ( 'NONE',  ( 0.000000000000000000, 0.000000000000000000, -1.000000000000000000 ) ) ;
#2377 =( LENGTH_UNIT ( ) NAMED_UNIT ( * ) SI_UNIT ( .MILLI., .METRE. ) );
#2378 =( GEOMETRIC_REPRESENTATION_CONTEXT ( 3 ) GLOBAL_UNCERTAINTY_ASSIGNED_CONTEXT ( ( #2267 ) ) GLOBAL_UNIT_ASSIGNED_CONTEXT ( ( #3743, #2073, #4659 ) ) REPRESENTATION_CONTEXT ( 'NONE', 'WORKASPACE' ) );
#2379 = VERTEX_POINT ( 'NONE', #4901 ) ;
#2380 = ADVANCED_FACE ( 'NONE', ( #3268 ), #3150, .F. ) ;
#2381 = ORIENTED_EDGE ( 'NONE', *, *, #4632, .T. ) ;
#2382 = DIRECTION ( 'NONE',  ( -1.000000000000000000, 0.000000000000000000, 0.000000000000000000 ) ) ;
#2383 = STYLED_ITEM ( 'NONE', ( #5200 ), #5062 ) ;
#2384 = FILL_AREA_STYLE ('',( #5566 ) ) ;
#2385 = PLANE ( 'NONE',  #2289 ) ;
#2386 = CARTESIAN_POINT ( 'NONE',  ( 3.345501787246905815E-16, -0.8939339828220193018, -0.3499999999999999778 ) ) ;
#2387 = FILL_AREA_STYLE ('',( #572 ) ) ;
#2388 = MECHANICAL_DESIGN_GEOMETRIC_PRESENTATION_REPRESENTATION (  '', ( #779 ), #1529 ) ;
#2389 = ORIENTED_EDGE ( 'NONE', *, *, #1971, .F. ) ;
#2390 = EDGE_CURVE ( 'NONE', #2643, #2972, #89, .T. ) ;
#2391 = EDGE_LOOP ( 'NONE', ( #1813, #4621, #2651, #2288 ) ) ;
#2392 =( NAMED_UNIT ( * ) PLANE_ANGLE_UNIT ( ) SI_UNIT ( $, .RADIAN. ) );
#2393 =( GEOMETRIC_REPRESENTATION_CONTEXT ( 3 ) GLOBAL_UNCERTAINTY_ASSIGNED_CONTEXT ( ( #860 ) ) GLOBAL_UNIT_ASSIGNED_CONTEXT ( ( #3936, #3014, #5212 ) ) REPRESENTATION_CONTEXT ( 'NONE', 'WORKASPACE' ) );
#2394 = DIRECTION ( 'NONE',  ( 0.000000000000000000, 0.000000000000000000, 1.000000000000000000 ) ) ;
#2395 = ORIENTED_EDGE ( 'NONE', *, *, #1108, .T. ) ;
#2396 = VECTOR ( 'NONE', #1686, 1000.000000000000000 ) ;
#2397 = ORIENTED_EDGE ( 'NONE', *, *, #1294, .T. ) ;
#2398 = UNCERTAINTY_MEASURE_WITH_UNIT (LENGTH_MEASURE( 1.000000000000000082E-05 ), #5699, 'distance_accuracy_value', 'NONE');
#2399 =( LENGTH_UNIT ( ) NAMED_UNIT ( * ) SI_UNIT ( .MILLI., .METRE. ) );
#2400 = FILL_AREA_STYLE_COLOUR ( '', #1949 ) ;
#2401 =( LENGTH_UNIT ( ) NAMED_UNIT ( * ) SI_UNIT ( .MILLI., .METRE. ) );
#2402 = PLANE ( 'NONE',  #2707 ) ;
#2403 = VECTOR ( 'NONE', #1053, 1000.000000000000000 ) ;
#2404 = PRESENTATION_LAYER_ASSIGNMENT (  '', '', ( #4404 ) ) ;
#2405 = UNCERTAINTY_MEASURE_WITH_UNIT (LENGTH_MEASURE( 1.000000000000000082E-05 ), #2572, 'distance_accuracy_value', 'NONE');
#2406 =( LENGTH_UNIT ( ) NAMED_UNIT ( * ) SI_UNIT ( .MILLI., .METRE. ) );
#2407 = CARTESIAN_POINT ( 'NONE',  ( 1.250000000000001998, 1.000000000000000666, 0.3499999999999999778 ) ) ;
#2408 = DIRECTION ( 'NONE',  ( -0.000000000000000000, 0.000000000000000000, -1.000000000000000000 ) ) ;
#2409 = DIRECTION ( 'NONE',  ( 0.000000000000000000, 0.000000000000000000, 1.000000000000000000 ) ) ;
#2410 = PLANE ( 'NONE',  #2315 ) ;
#2411 = ORIENTED_EDGE ( 'NONE', *, *, #1515, .F. ) ;
#2412 = STYLED_ITEM ( 'NONE', ( #5330 ), #1008 ) ;
#2413 = SURFACE_SIDE_STYLE ('',( #3280 ) ) ;
#2414 = ORIENTED_EDGE ( 'NONE', *, *, #4353, .T. ) ;
#2415 = CARTESIAN_POINT ( 'NONE',  ( -1.249999999999998002, -0.9999999999999993339, -0.3499999999999999778 ) ) ;
#2416 = CYLINDRICAL_SURFACE ( 'NONE', #2167, 0.2225000000000002531 ) ;
#2417 = LINE ( 'NONE', #5522, #5486 ) ;
#2418 = EDGE_CURVE ( 'NONE', #312, #1614, #5493, .T. ) ;
#2419 = STYLED_ITEM ( 'NONE', ( #4387 ), #1253 ) ;
#2420 = DIRECTION ( 'NONE',  ( 0.000000000000000000, 0.000000000000000000, -1.000000000000000000 ) ) ;
#2421 = LINE ( 'NONE', #165, #3423 ) ;
#2422 = VERTEX_POINT ( 'NONE', #60 ) ;
#2423 = MECHANICAL_DESIGN_GEOMETRIC_PRESENTATION_REPRESENTATION (  '', ( #1097 ), #52 ) ;
#2424 = VERTEX_POINT ( 'NONE', #1856 ) ;
#2425 = LINE ( 'NONE', #4597, #3175 ) ;
#2426 = EDGE_CURVE ( 'NONE', #1647, #4782, #940, .T. ) ;
#2427 = CARTESIAN_POINT ( 'NONE',  ( 1.250000000000001776, -1.000000000000001110, -0.3499999999999999778 ) ) ;
#2428 = DIRECTION ( 'NONE',  ( 0.000000000000000000, 0.000000000000000000, 1.000000000000000000 ) ) ;
#2429 = SURFACE_STYLE_USAGE ( .BOTH. , #5142 ) ;
#2430 = ADVANCED_FACE ( 'NONE', ( #28 ), #2335, .F. ) ;
#2431 = ORIENTED_EDGE ( 'NONE', *, *, #3271, .T. ) ;
#2432 = MECHANICAL_DESIGN_GEOMETRIC_PRESENTATION_REPRESENTATION (  '', ( #1474 ), #2133 ) ;
#2433 = ORIENTED_EDGE ( 'NONE', *, *, #799, .F. ) ;
#2434 = DIRECTION ( 'NONE',  ( -0.000000000000000000, -0.000000000000000000, -1.000000000000000000 ) ) ;
#2435 = DIRECTION ( 'NONE',  ( -1.000000000000000000, 0.000000000000000000, 0.000000000000000000 ) ) ;
#2436 = FILL_AREA_STYLE_COLOUR ( '', #2749 ) ;
#2437 = CARTESIAN_POINT ( 'NONE',  ( -0.8999999999999981348, -0.6499999999999994671, 0.4000000000000000222 ) ) ;
#2438 = SURFACE_SIDE_STYLE ('',( #3295 ) ) ;
#2439 = VECTOR ( 'NONE', #2376, 1000.000000000000000 ) ;
#2440 = DIRECTION ( 'NONE',  ( 0.000000000000000000, -0.000000000000000000, 1.000000000000000000 ) ) ;
#2441 = MECHANICAL_DESIGN_GEOMETRIC_PRESENTATION_REPRESENTATION (  '', ( #2234 ), #3267 ) ;
#2442 = COLOUR_RGB ( '',0.2862745098039215508, 0.2862745098039215508, 0.2862745098039215508 ) ;
#2443 = CARTESIAN_POINT ( 'NONE',  ( -0.7749999999999992450, -0.3374999999999998002, -0.3499999999999999778 ) ) ;
#2444 = DIRECTION ( 'NONE',  ( 0.000000000000000000, 0.000000000000000000, -1.000000000000000000 ) ) ;
#2445 = DIRECTION ( 'NONE',  ( -1.000000000000000000, 0.000000000000000000, 0.000000000000000000 ) ) ;
#2446 = VECTOR ( 'NONE', #2150, 1000.000000000000000 ) ;
#2447 = ORIENTED_EDGE ( 'NONE', *, *, #1397, .T. ) ;
#2448 = PRESENTATION_LAYER_ASSIGNMENT (  '', '', ( #1484 ) ) ;
#2449 = VERTEX_POINT ( 'NONE', #4209 ) ;
#2450 = CARTESIAN_POINT ( 'NONE',  ( 0.4749999999999997558, 0.000000000000000000, -0.05000000000000002359 ) ) ;
#2451 = AXIS2_PLACEMENT_3D ( 'NONE', #4142, #4051, #49 ) ;
#2452 = VECTOR ( 'NONE', #382, 1000.000000000000000 ) ;
#2453 = LINE ( 'NONE', #2905, #4125 ) ;
#2454 = ORIENTED_EDGE ( 'NONE', *, *, #1357, .F. ) ;
#2455 = EDGE_LOOP ( 'NONE', ( #1122, #5333, #1941, #853, #198, #906, #5543, #2929 ) ) ;
#2456 = DIRECTION ( 'NONE',  ( 1.000000000000000000, -1.948483029355698800E-16, 0.000000000000000000 ) ) ;
#2457 = CARTESIAN_POINT ( 'NONE',  ( -0.7899999999999981481, -0.5399999999999998135, 0.6400000000000000133 ) ) ;
#2458 = EDGE_CURVE ( 'NONE', #4161, #1993, #4437, .T. ) ;
#2459 = ORIENTED_EDGE ( 'NONE', *, *, #1859, .T. ) ;
#2460 = AXIS2_PLACEMENT_3D ( 'NONE', #5155, #5568, #1546 ) ;
#2461 = EDGE_LOOP ( 'NONE', ( #2693, #1550, #4774, #4416 ) ) ;
#2462 = DIRECTION ( 'NONE',  ( 0.000000000000000000, 0.000000000000000000, -1.000000000000000000 ) ) ;
#2463 = FACE_OUTER_BOUND ( 'NONE', #2455, .T. ) ;
#2464 = EDGE_CURVE ( 'NONE', #5004, #2812, #4674, .T. ) ;
#2465 = UNCERTAINTY_MEASURE_WITH_UNIT (LENGTH_MEASURE( 1.000000000000000082E-05 ), #2117, 'distance_accuracy_value', 'NONE');
#2466 = STYLED_ITEM ( 'NONE', ( #3508 ), #4586 ) ;
#2467 = FILL_AREA_STYLE_COLOUR ( '', #547 ) ;
#2468 =( NAMED_UNIT ( * ) SI_UNIT ( $, .STERADIAN. ) SOLID_ANGLE_UNIT ( ) );
#2469 =( LENGTH_UNIT ( ) NAMED_UNIT ( * ) SI_UNIT ( .MILLI., .METRE. ) );
#2470 = PRESENTATION_STYLE_ASSIGNMENT (( #3763 ) ) ;
#2471 = LINE ( 'NONE', #187, #5396 ) ;
#2472 = LINE ( 'NONE', #1103, #4995 ) ;
#2473 = ORIENTED_EDGE ( 'NONE', *, *, #174, .F. ) ;
#2474 = COLOUR_RGB ( '',0.8627450980392157298, 0.6274509803921568540, 0.05882352941176470507 ) ;
#2475 = MECHANICAL_DESIGN_GEOMETRIC_PRESENTATION_REPRESENTATION (  '', ( #5720 ), #5432 ) ;
#2476 =( NAMED_UNIT ( * ) SI_UNIT ( $, .STERADIAN. ) SOLID_ANGLE_UNIT ( ) );
#2477 = LINE ( 'NONE', #666, #242 ) ;
#2478 = ORIENTED_EDGE ( 'NONE', *, *, #1943, .F. ) ;
#2479 = EDGE_LOOP ( 'NONE', ( #2827, #1908, #1052, #5041 ) ) ;
#2480 = PRESENTATION_LAYER_ASSIGNMENT (  '', '', ( #1997 ) ) ;
#2481 = FACE_OUTER_BOUND ( 'NONE', #4074, .T. ) ;
#2482 = ORIENTED_EDGE ( 'NONE', *, *, #4244, .F. ) ;
#2483 = CIRCLE ( 'NONE', #4396, 0.2225000000000004752 ) ;
#2484 = ORIENTED_EDGE ( 'NONE', *, *, #2769, .F. ) ;
#2485 = CARTESIAN_POINT ( 'NONE',  ( 0.000000000000000000, 0.3374999999999998557, -0.05000000000000002359 ) ) ;
#2486 = CARTESIAN_POINT ( 'NONE',  ( 1.249999999999996891, 7.477256361969126395E-15, -0.3499999999999999778 ) ) ;
#2487 = EDGE_CURVE ( 'NONE', #3671, #133, #706, .T. ) ;
#2488 = CARTESIAN_POINT ( 'NONE',  ( -1.250000000000001998, 1.000000000000000666, -0.3499999999999999778 ) ) ;
#2489 = CARTESIAN_POINT ( 'NONE',  ( 1.143933982822019413, -0.3374999999999995226, -0.05000000000000002359 ) ) ;
#2490 = MECHANICAL_DESIGN_GEOMETRIC_PRESENTATION_REPRESENTATION (  '', ( #2945 ), #2393 ) ;
#2491 = EDGE_CURVE ( 'NONE', #4192, #630, #2063, .T. ) ;
#2492 =( GEOMETRIC_REPRESENTATION_CONTEXT ( 3 ) GLOBAL_UNCERTAINTY_ASSIGNED_CONTEXT ( ( #3155 ) ) GLOBAL_UNIT_ASSIGNED_CONTEXT ( ( #3704, #182, #4647 ) ) REPRESENTATION_CONTEXT ( 'NONE', 'WORKASPACE' ) );
#2493 = FILL_AREA_STYLE_COLOUR ( '', #2611 ) ;
#2494 = ADVANCED_FACE ( 'NONE', ( #3324 ), #5148, .F. ) ;
#2495 = ORIENTED_EDGE ( 'NONE', *, *, #3766, .T. ) ;
#2496 = MECHANICAL_DESIGN_GEOMETRIC_PRESENTATION_REPRESENTATION (  '', ( #1268 ), #322 ) ;
#2497 = STYLED_ITEM ( 'NONE', ( #5403 ), #454 ) ;
#2498 =( NAMED_UNIT ( * ) SI_UNIT ( $, .STERADIAN. ) SOLID_ANGLE_UNIT ( ) );
#2499 = CARTESIAN_POINT ( 'NONE',  ( -0.4749999999999997558, -0.6375000000000027311, -0.05000000000000002359 ) ) ;
#2500 = CARTESIAN_POINT ( 'NONE',  ( -0.7899999999999981481, -0.5399999999999998135, 0.6500000000000001332 ) ) ;
#2501 = FACE_OUTER_BOUND ( 'NONE', #2137, .T. ) ;
#2502 = FACE_OUTER_BOUND ( 'NONE', #3957, .T. ) ;
#2503 = ORIENTED_EDGE ( 'NONE', *, *, #2458, .F. ) ;
#2504 = EDGE_LOOP ( 'NONE', ( #167, #5640, #668, #5439 ) ) ;
#2505 = DIRECTION ( 'NONE',  ( 0.000000000000000000, 0.000000000000000000, -1.000000000000000000 ) ) ;
#2506 = CARTESIAN_POINT ( 'NONE',  ( -2.188067836949561821E-16, -0.3375000000000002998, -0.05000000000000002359 ) ) ;
#2507 = AXIS2_PLACEMENT_3D ( 'NONE', #4779, #792, #1457 ) ;
#2508 = SURFACE_STYLE_FILL_AREA ( #1138 ) ;
#2509 = CARTESIAN_POINT ( 'NONE',  ( 0.000000000000000000, 0.000000000000000000, -0.05000000000000002359 ) ) ;
#2510 = FILL_AREA_STYLE ('',( #5115 ) ) ;
#2511 = MECHANICAL_DESIGN_GEOMETRIC_PRESENTATION_REPRESENTATION (  '', ( #3623 ), #1093 ) ;
#2512 = ORIENTED_EDGE ( 'NONE', *, *, #3432, .T. ) ;
#2513 = ORIENTED_EDGE ( 'NONE', *, *, #3698, .T. ) ;
#2514 = STYLED_ITEM ( 'NONE', ( #3675 ), #1471 ) ;
#2515 = CARTESIAN_POINT ( 'NONE',  ( -0.8999999999999981348, -0.8999999999999994671, 0.3499999999999999778 ) ) ;
#2516 = PRODUCT_DEFINITION_SHAPE ( 'NONE', 'NONE',  #644 ) ;
#2517 = CYLINDRICAL_SURFACE ( 'NONE', #1269, 0.2225000000000004752 ) ;
#2518 = UNCERTAINTY_MEASURE_WITH_UNIT (LENGTH_MEASURE( 1.000000000000000082E-05 ), #2072, 'distance_accuracy_value', 'NONE');
#2519 = MECHANICAL_DESIGN_GEOMETRIC_PRESENTATION_REPRESENTATION (  '', ( #3079 ), #62 ) ;
#2520 = DIRECTION ( 'NONE',  ( 0.000000000000000000, 1.000000000000000000, -0.000000000000000000 ) ) ;
#2521 = CARTESIAN_POINT ( 'NONE',  ( -0.8999999999999981348, 0.6500000000000006883, 0.3499999999999999778 ) ) ;
#2522 = FILL_AREA_STYLE ('',( #4741 ) ) ;
#2523 = EDGE_CURVE ( 'NONE', #2964, #1614, #1562, .T. ) ;
#2524 = PRESENTATION_LAYER_ASSIGNMENT (  '', '', ( #2138 ) ) ;
#2525 = UNCERTAINTY_MEASURE_WITH_UNIT (LENGTH_MEASURE( 1.000000000000000082E-05 ), #4636, 'distance_accuracy_value', 'NONE');
#2526 = EDGE_CURVE ( 'NONE', #4640, #3613, #1147, .T. ) ;
#2527 = DIRECTION ( 'NONE',  ( 0.000000000000000000, 0.000000000000000000, 1.000000000000000000 ) ) ;
#2528 =( NAMED_UNIT ( * ) PLANE_ANGLE_UNIT ( ) SI_UNIT ( $, .RADIAN. ) );
#2529 = PRESENTATION_LAYER_ASSIGNMENT (  '', '', ( #5015 ) ) ;
#2530 = EDGE_LOOP ( 'NONE', ( #5279, #970, #1668, #3932 ) ) ;
#2531 = ORIENTED_EDGE ( 'NONE', *, *, #3762, .T. ) ;
#2532 =( GEOMETRIC_REPRESENTATION_CONTEXT ( 3 ) GLOBAL_UNCERTAINTY_ASSIGNED_CONTEXT ( ( #684 ) ) GLOBAL_UNIT_ASSIGNED_CONTEXT ( ( #590, #533, #2778 ) ) REPRESENTATION_CONTEXT ( 'NONE', 'WORKASPACE' ) );
#2533 = SURFACE_STYLE_FILL_AREA ( #724 ) ;
#2534 = CARTESIAN_POINT ( 'NONE',  ( 1.250000000000001776, -1.000000000000001110, -0.3499999999999999778 ) ) ;
#2535 =( NAMED_UNIT ( * ) PLANE_ANGLE_UNIT ( ) SI_UNIT ( $, .RADIAN. ) );
#2536 = VECTOR ( 'NONE', #2282, 1000.000000000000000 ) ;
#2537 = ORIENTED_EDGE ( 'NONE', *, *, #4181, .T. ) ;
#2538 = ORIENTED_EDGE ( 'NONE', *, *, #2727, .F. ) ;
#2539 = AXIS2_PLACEMENT_3D ( 'NONE', #3415, #3880, #5184 ) ;
#2540 = LINE ( 'NONE', #1146, #1507 ) ;
#2541 = DIRECTION ( 'NONE',  ( 0.000000000000000000, 0.000000000000000000, -1.000000000000000000 ) ) ;
#2542 = VECTOR ( 'NONE', #1624, 1000.000000000000000 ) ;
#2543 = ORIENTED_EDGE ( 'NONE', *, *, #2037, .T. ) ;
#2544 =( LENGTH_UNIT ( ) NAMED_UNIT ( * ) SI_UNIT ( .MILLI., .METRE. ) );
#2545 = VECTOR ( 'NONE', #1055, 1000.000000000000000 ) ;
#2546 =( LENGTH_UNIT ( ) NAMED_UNIT ( * ) SI_UNIT ( .MILLI., .METRE. ) );
#2547 = STYLED_ITEM ( 'NONE', ( #360 ), #4517 ) ;
#2548 = CARTESIAN_POINT ( 'NONE',  ( 1.143933982822019413, 0.000000000000000000, -0.3499999999999999778 ) ) ;
#2549 = DIRECTION ( 'NONE',  ( -0.000000000000000000, -0.000000000000000000, -1.000000000000000000 ) ) ;
#2550 = CARTESIAN_POINT ( 'NONE',  ( 1.100000000000002087, 0.6500000000000005773, 0.4000000000000000222 ) ) ;
#2551 = STYLED_ITEM ( 'NONE', ( #1567 ), #4701 ) ;
#2552 = EDGE_CURVE ( 'NONE', #1467, #2379, #617, .T. ) ;
#2553 = CARTESIAN_POINT ( 'NONE',  ( -1.249999999999998002, -0.7775000000000007461, -0.05000000000000002359 ) ) ;
#2554 = EDGE_LOOP ( 'NONE', ( #2484, #1309, #804, #3725 ) ) ;
#2555 = EDGE_CURVE ( 'NONE', #752, #879, #4912, .T. ) ;
#2556 = VERTEX_POINT ( 'NONE', #1952 ) ;
#2557 = CARTESIAN_POINT ( 'NONE',  ( 1.150000000000001910, 0.6500000000000005773, 0.3499999999999999778 ) ) ;
#2558 = CARTESIAN_POINT ( 'NONE',  ( 1.040000000000002034, -0.6499999999999994671, 0.6000000000000000888 ) ) ;
#2559 =( LENGTH_UNIT ( ) NAMED_UNIT ( * ) SI_UNIT ( .MILLI., .METRE. ) );
#2560 = LINE ( 'NONE', #4573, #429 ) ;
#2561 = FACE_BOUND ( 'NONE', #144, .T. ) ;
#2562 = EDGE_CURVE ( 'NONE', #47, #3767, #5506, .T. ) ;
#2563 = MECHANICAL_DESIGN_GEOMETRIC_PRESENTATION_REPRESENTATION (  '', ( #2181 ), #1164 ) ;
#2564 =( NAMED_UNIT ( * ) SI_UNIT ( $, .STERADIAN. ) SOLID_ANGLE_UNIT ( ) );
#2565 = ADVANCED_FACE ( 'NONE', ( #4609 ), #4183, .T. ) ;
#2566 = DIRECTION ( 'NONE',  ( 0.000000000000000000, 0.000000000000000000, 1.000000000000000000 ) ) ;
#2567 = ORIENTED_EDGE ( 'NONE', *, *, #1001, .T. ) ;
#2568 = CARTESIAN_POINT ( 'NONE',  ( -0.9899999999999982148, -0.6499999999999993561, 0.6000000000000000888 ) ) ;
#2569 = ORIENTED_EDGE ( 'NONE', *, *, #1428, .T. ) ;
#2570 = CIRCLE ( 'NONE', #1899, 0.1000000000000001582 ) ;
#2571 =( NAMED_UNIT ( * ) SI_UNIT ( $, .STERADIAN. ) SOLID_ANGLE_UNIT ( ) );
#2572 =( LENGTH_UNIT ( ) NAMED_UNIT ( * ) SI_UNIT ( .MILLI., .METRE. ) );
#2573 = CARTESIAN_POINT ( 'NONE',  ( -0.4749999999999997558, 0.000000000000000000, -0.3499999999999999778 ) ) ;
#2574 = MECHANICAL_DESIGN_GEOMETRIC_PRESENTATION_REPRESENTATION (  '', ( #3037 ), #2378 ) ;
#2575 = EDGE_LOOP ( 'NONE', ( #2915, #433, #1113, #3149 ) ) ;
#2576 = UNCERTAINTY_MEASURE_WITH_UNIT (LENGTH_MEASURE( 1.000000000000000082E-05 ), #48, 'distance_accuracy_value', 'NONE');
#2577 = DIRECTION ( 'NONE',  ( 0.000000000000000000, 0.000000000000000000, -1.000000000000000000 ) ) ;
#2578 = CARTESIAN_POINT ( 'NONE',  ( -1.099999999999998090, 0.8500000000000007550, 0.5500000000000000444 ) ) ;
#2579 = FILL_AREA_STYLE_COLOUR ( '', #4038 ) ;
#2580 = PLANE ( 'NONE',  #3549 ) ;
#2581 = UNCERTAINTY_MEASURE_WITH_UNIT (LENGTH_MEASURE( 1.000000000000000082E-05 ), #5319, 'distance_accuracy_value', 'NONE');
#2582 = COLOUR_RGB ( '',0.8039215686274510109, 0.8039215686274510109, 0.8039215686274510109 ) ;
#2583 = STYLED_ITEM ( 'NONE', ( #7 ), #142 ) ;
#2584 = DIRECTION ( 'NONE',  ( -0.000000000000000000, -0.000000000000000000, 1.000000000000000000 ) ) ;
#2585 = ORIENTED_EDGE ( 'NONE', *, *, #3439, .T. ) ;
#2586 = VERTEX_POINT ( 'NONE', #5736 ) ;
#2587 = EDGE_CURVE ( 'NONE', #2680, #905, #353, .T. ) ;
#2588 = DIRECTION ( 'NONE',  ( 1.000000000000000000, 5.135694501247124813E-15, 0.000000000000000000 ) ) ;
#2589 = CARTESIAN_POINT ( 'NONE',  ( -1.249999999999998002, 1.000000000000000666, -0.05000000000000002359 ) ) ;
#2590 = LINE ( 'NONE', #3265, #2976 ) ;
#2591 =( GEOMETRIC_REPRESENTATION_CONTEXT ( 3 ) GLOBAL_UNCERTAINTY_ASSIGNED_CONTEXT ( ( #4354 ) ) GLOBAL_UNIT_ASSIGNED_CONTEXT ( ( #3505, #887, #1924 ) ) REPRESENTATION_CONTEXT ( 'NONE', 'WORKASPACE' ) );
#2592 = AXIS2_PLACEMENT_3D ( 'NONE', #2626, #4786, #2211 ) ;
#2593 = PRESENTATION_STYLE_ASSIGNMENT (( #1675 ) ) ;
#2594 = DIRECTION ( 'NONE',  ( 0.000000000000000000, 0.000000000000000000, 1.000000000000000000 ) ) ;
#2595 =( GEOMETRIC_REPRESENTATION_CONTEXT ( 3 ) GLOBAL_UNCERTAINTY_ASSIGNED_CONTEXT ( ( #2639 ) ) GLOBAL_UNIT_ASSIGNED_CONTEXT ( ( #378, #2535, #2564 ) ) REPRESENTATION_CONTEXT ( 'NONE', 'WORKASPACE' ) );
#2596 = ORIENTED_EDGE ( 'NONE', *, *, #5762, .F. ) ;
#2597 = ADVANCED_FACE ( 'NONE', ( #2600 ), #4293, .T. ) ;
#2598 = DIRECTION ( 'NONE',  ( 0.000000000000000000, -1.000000000000000000, 0.000000000000000000 ) ) ;
#2599 = EDGE_CURVE ( 'NONE', #1517, #113, #5645, .T. ) ;
#2600 = FACE_OUTER_BOUND ( 'NONE', #3745, .T. ) ;
#2601 = PRESENTATION_LAYER_ASSIGNMENT (  '', '', ( #993 ) ) ;
#2602 = CARTESIAN_POINT ( 'NONE',  ( 0.000000000000000000, -1.000000000000001110, -0.05000000000000002359 ) ) ;
#2603 = CARTESIAN_POINT ( 'NONE',  ( 1.250000000000001776, -1.000000000000001110, -0.05000000000000002359 ) ) ;
#2604 = ORIENTED_EDGE ( 'NONE', *, *, #2303, .T. ) ;
#2605 =( NAMED_UNIT ( * ) PLANE_ANGLE_UNIT ( ) SI_UNIT ( $, .RADIAN. ) );
#2606 =( LENGTH_UNIT ( ) NAMED_UNIT ( * ) SI_UNIT ( .MILLI., .METRE. ) );
#2607 = VECTOR ( 'NONE', #3308, 1000.000000000000000 ) ;
#2608 = SURFACE_STYLE_FILL_AREA ( #2193 ) ;
#2609 = FACE_OUTER_BOUND ( 'NONE', #1883, .T. ) ;
#2610 = FILL_AREA_STYLE_COLOUR ( '', #891 ) ;
#2611 = COLOUR_RGB ( '',0.8627450980392157298, 0.6274509803921568540, 0.05882352941176470507 ) ;
#2612 = VERTEX_POINT ( 'NONE', #5288 ) ;
#2613 = ORIENTED_EDGE ( 'NONE', *, *, #4345, .T. ) ;
#2614 = FACE_OUTER_BOUND ( 'NONE', #5450, .T. ) ;
#2615 = CARTESIAN_POINT ( 'NONE',  ( -1.027500000000001412, 1.000000000000000666, -0.3499999999999999778 ) ) ;
#2616 =( GEOMETRIC_REPRESENTATION_CONTEXT ( 3 ) GLOBAL_UNCERTAINTY_ASSIGNED_CONTEXT ( ( #4518 ) ) GLOBAL_UNIT_ASSIGNED_CONTEXT ( ( #5733, #3253, #1423 ) ) REPRESENTATION_CONTEXT ( 'NONE', 'WORKASPACE' ) );
#2617 = AXIS2_PLACEMENT_3D ( 'NONE', #4261, #2921, #1072 ) ;
#2618 =( NAMED_UNIT ( * ) PLANE_ANGLE_UNIT ( ) SI_UNIT ( $, .RADIAN. ) );
#2619 = SURFACE_SIDE_STYLE ('',( #5637 ) ) ;
#2620 = STYLED_ITEM ( 'NONE', ( #3078 ), #3341 ) ;
#2621 = PRESENTATION_STYLE_ASSIGNMENT (( #1646 ) ) ;
#2622 = VERTEX_POINT ( 'NONE', #5709 ) ;
#2623 = CARTESIAN_POINT ( 'NONE',  ( 1.027500000000001856, 1.000000000000000666, -0.3499999999999999778 ) ) ;
#2624 = CIRCLE ( 'NONE', #543, 0.1900000000000000577 ) ;
#2625 = MECHANICAL_DESIGN_GEOMETRIC_PRESENTATION_REPRESENTATION (  '', ( #3920 ), #1587 ) ;
#2626 = CARTESIAN_POINT ( 'NONE',  ( 0.000000000000000000, 0.000000000000000000, -0.05000000000000002359 ) ) ;
#2627 = EDGE_CURVE ( 'NONE', #630, #2280, #1716, .T. ) ;
#2628 = SURFACE_STYLE_USAGE ( .BOTH. , #4897 ) ;
#2629 = ORIENTED_EDGE ( 'NONE', *, *, #2160, .T. ) ;
#2630 = UNCERTAINTY_MEASURE_WITH_UNIT (LENGTH_MEASURE( 1.000000000000000082E-05 ), #510, 'distance_accuracy_value', 'NONE');
#2631 = FILL_AREA_STYLE ('',( #4791 ) ) ;
#2632 = CARTESIAN_POINT ( 'NONE',  ( -0.4749999999999999223, 0.000000000000000000, -0.05000000000000002359 ) ) ;
#2633 = FILL_AREA_STYLE_COLOUR ( '', #4820 ) ;
#2634 =( GEOMETRIC_REPRESENTATION_CONTEXT ( 3 ) GLOBAL_UNCERTAINTY_ASSIGNED_CONTEXT ( ( #4067 ) ) GLOBAL_UNIT_ASSIGNED_CONTEXT ( ( #3236, #1472, #326 ) ) REPRESENTATION_CONTEXT ( 'NONE', 'WORKASPACE' ) );
#2635 = EDGE_CURVE ( 'NONE', #849, #4041, #3431, .T. ) ;
#2636 = DIRECTION ( 'NONE',  ( -0.000000000000000000, -0.000000000000000000, 1.000000000000000000 ) ) ;
#2637 =( NAMED_UNIT ( * ) PLANE_ANGLE_UNIT ( ) SI_UNIT ( $, .RADIAN. ) );
#2638 = FACE_OUTER_BOUND ( 'NONE', #400, .T. ) ;
#2639 = UNCERTAINTY_MEASURE_WITH_UNIT (LENGTH_MEASURE( 1.000000000000000082E-05 ), #378, 'distance_accuracy_value', 'NONE');
#2640 = CARTESIAN_POINT ( 'NONE',  ( -1.054407950059315313, 0.8939339828220186357, -0.05000000000000002359 ) ) ;
#2641 = DIRECTION ( 'NONE',  ( 0.000000000000000000, 0.000000000000000000, -1.000000000000000000 ) ) ;
#2642 = SURFACE_SIDE_STYLE ('',( #1725 ) ) ;
#2643 = VERTEX_POINT ( 'NONE', #2182 ) ;
#2644 = ORIENTED_EDGE ( 'NONE', *, *, #1083, .T. ) ;
#2645 = SURFACE_STYLE_FILL_AREA ( #4077 ) ;
#2646 = CARTESIAN_POINT ( 'NONE',  ( 1.143933982822019413, 0.000000000000000000, -0.3499999999999999778 ) ) ;
#2647 =( NAMED_UNIT ( * ) SI_UNIT ( $, .STERADIAN. ) SOLID_ANGLE_UNIT ( ) );
#2648 = PRESENTATION_STYLE_ASSIGNMENT (( #764 ) ) ;
#2649 = STYLED_ITEM ( 'NONE', ( #2470 ), #4803 ) ;
#2650 = SURFACE_STYLE_FILL_AREA ( #848 ) ;
#2651 = ORIENTED_EDGE ( 'NONE', *, *, #1470, .F. ) ;
#2652 = COLOUR_RGB ( '',0.2862745098039215508, 0.2862745098039215508, 0.2862745098039215508 ) ;
#2653 = FILL_AREA_STYLE ('',( #2183 ) ) ;
#2654 = DIRECTION ( 'NONE',  ( -0.000000000000000000, -0.000000000000000000, 1.000000000000000000 ) ) ;
#2655 = PRESENTATION_LAYER_ASSIGNMENT (  '', '', ( #2383 ) ) ;
#2656 = ORIENTED_EDGE ( 'NONE', *, *, #564, .F. ) ;
#2657 = EDGE_CURVE ( 'NONE', #3054, #1257, #1295, .T. ) ;
#2658 = CARTESIAN_POINT ( 'NONE',  ( 0.000000000000000000, 1.000000000000000666, -0.3499999999999999778 ) ) ;
#2659 =( LENGTH_UNIT ( ) NAMED_UNIT ( * ) SI_UNIT ( .MILLI., .METRE. ) );
#2660 = COLOUR_RGB ( '',0.8627450980392157298, 0.6274509803921568540, 0.05882352941176470507 ) ;
#2661 = DIRECTION ( 'NONE',  ( 1.000000000000000000, 0.000000000000000000, 0.000000000000000000 ) ) ;
#2662 = EDGE_CURVE ( 'NONE', #4088, #5137, #3005, .T. ) ;
#2663 = DIRECTION ( 'NONE',  ( 0.000000000000000000, 0.000000000000000000, -1.000000000000000000 ) ) ;
#2664 = EDGE_CURVE ( 'NONE', #3887, #2899, #517, .T. ) ;
#2665 = ORIENTED_EDGE ( 'NONE', *, *, #3554, .F. ) ;
#2666 = EDGE_LOOP ( 'NONE', ( #3293, #1798, #1209, #3524 ) ) ;
#2667 = CARTESIAN_POINT ( 'NONE',  ( 1.250000000000001998, -0.7775000000000006350, -0.05000000000000002359 ) ) ;
#2668 = CARTESIAN_POINT ( 'NONE',  ( -0.8999999999999981348, -0.8999999999999994671, 0.3499999999999999778 ) ) ;
#2669 = CARTESIAN_POINT ( 'NONE',  ( -1.250000000000001998, 1.000000000000000666, -0.05000000000000002359 ) ) ;
#2670 = AXIS2_PLACEMENT_3D ( 'NONE', #2739, #2654, #3619 ) ;
#2671 = LINE ( 'NONE', #4080, #3241 ) ;
#2672 = CARTESIAN_POINT ( 'NONE',  ( -1.250000000000002220, -1.000000000000000222, -0.05000000000000002359 ) ) ;
#2673 = ORIENTED_EDGE ( 'NONE', *, *, #5114, .F. ) ;
#2674 =( NAMED_UNIT ( * ) SI_UNIT ( $, .STERADIAN. ) SOLID_ANGLE_UNIT ( ) );
#2675 =( GEOMETRIC_REPRESENTATION_CONTEXT ( 3 ) GLOBAL_UNCERTAINTY_ASSIGNED_CONTEXT ( ( #4572 ) ) GLOBAL_UNIT_ASSIGNED_CONTEXT ( ( #4141, #1942, #3947 ) ) REPRESENTATION_CONTEXT ( 'NONE', 'WORKASPACE' ) );
#2676 = MECHANICAL_DESIGN_GEOMETRIC_PRESENTATION_REPRESENTATION (  '', ( #5272 ), #4603 ) ;
#2677 =( NAMED_UNIT ( * ) PLANE_ANGLE_UNIT ( ) SI_UNIT ( $, .RADIAN. ) );
#2678 = AXIS2_PLACEMENT_3D ( 'NONE', #2457, #2394, #1141 ) ;
#2679 = SURFACE_STYLE_FILL_AREA ( #876 ) ;
#2680 = VERTEX_POINT ( 'NONE', #2235 ) ;
#2681 = VERTEX_POINT ( 'NONE', #4445 ) ;
#2682 = UNCERTAINTY_MEASURE_WITH_UNIT (LENGTH_MEASURE( 1.000000000000000082E-05 ), #2544, 'distance_accuracy_value', 'NONE');
#2683 = SURFACE_STYLE_USAGE ( .BOTH. , #881 ) ;
#2684 = VECTOR ( 'NONE', #751, 1000.000000000000000 ) ;
#2685 = CARTESIAN_POINT ( 'NONE',  ( 1.100000000000002087, 1.000000000000000666, 0.3499999999999999778 ) ) ;
#2686 = PRESENTATION_STYLE_ASSIGNMENT (( #410 ) ) ;
#2687 = PRESENTATION_LAYER_ASSIGNMENT (  '', '', ( #2514 ) ) ;
#2688 = UNCERTAINTY_MEASURE_WITH_UNIT (LENGTH_MEASURE( 1.000000000000000082E-05 ), #3967, 'distance_accuracy_value', 'NONE');
#2689 = CARTESIAN_POINT ( 'NONE',  ( 0.4749999999999997558, -0.8939339828220190798, -0.3499999999999999778 ) ) ;
#2690 = CARTESIAN_POINT ( 'NONE',  ( 1.250000000000001998, -0.9999999999999993339, 0.3499999999999999778 ) ) ;
#2691 = STYLED_ITEM ( 'NONE', ( #4109 ), #1729 ) ;
#2692 = DIRECTION ( 'NONE',  ( -1.000000000000000000, 4.872818752743834533E-15, 0.000000000000000000 ) ) ;
#2693 = ORIENTED_EDGE ( 'NONE', *, *, #5310, .T. ) ;
#2694 = EDGE_CURVE ( 'NONE', #4192, #1031, #4896, .T. ) ;
#2695 = VECTOR ( 'NONE', #5702, 1000.000000000000000 ) ;
#2696 = CARTESIAN_POINT ( 'NONE',  ( -1.250000000000001998, 0.8500000000000006439, -0.05000000000000002359 ) ) ;
#2697 = VERTEX_POINT ( 'NONE', #2710 ) ;
#2698 = DIRECTION ( 'NONE',  ( -0.000000000000000000, -0.000000000000000000, 1.000000000000000000 ) ) ;
#2699 = EDGE_CURVE ( 'NONE', #3800, #1418, #460, .T. ) ;
#2700 = LINE ( 'NONE', #3686, #2536 ) ;
#2701 = CARTESIAN_POINT ( 'NONE',  ( 1.100000000000002087, 0.6500000000000005773, 0.4000000000000000222 ) ) ;
#2702 = DIRECTION ( 'NONE',  ( -0.000000000000000000, -0.000000000000000000, -1.000000000000000000 ) ) ;
#2703 = DIRECTION ( 'NONE',  ( 0.000000000000000000, 0.000000000000000000, -1.000000000000000000 ) ) ;
#2704 = COLOUR_RGB ( '',0.8039215686274510109, 0.8039215686274510109, 0.8039215686274510109 ) ;
#2705 =( NAMED_UNIT ( * ) SI_UNIT ( $, .STERADIAN. ) SOLID_ANGLE_UNIT ( ) );
#2706 = VERTEX_POINT ( 'NONE', #3616 ) ;
#2707 = AXIS2_PLACEMENT_3D ( 'NONE', #1439, #4931, #941 ) ;
#2708 = STYLED_ITEM ( 'NONE', ( #4680 ), #2222 ) ;
#2709 = CARTESIAN_POINT ( 'NONE',  ( 0.000000000000000000, 0.000000000000000000, 0.000000000000000000 ) ) ;
#2710 = CARTESIAN_POINT ( 'NONE',  ( -1.099999999999998090, 1.000000000000000666, -0.3499999999999999778 ) ) ;
#2711 =( LENGTH_UNIT ( ) NAMED_UNIT ( * ) SI_UNIT ( .MILLI., .METRE. ) );
#2712 = ORIENTED_EDGE ( 'NONE', *, *, #1428, .F. ) ;
#2713 = AXIS2_PLACEMENT_3D ( 'NONE', #2111, #756, #4857 ) ;
#2714 = LINE ( 'NONE', #4451, #3184 ) ;
#2715 = STYLED_ITEM ( 'NONE', ( #260 ), #2730 ) ;
#2716 = FILL_AREA_STYLE_COLOUR ( '', #356 ) ;
#2717 = CARTESIAN_POINT ( 'NONE',  ( 1.100000000000001865, -1.000000000000001110, -0.05000000000000002359 ) ) ;
#2718 = PRESENTATION_LAYER_ASSIGNMENT (  '', '', ( #651 ) ) ;
#2719 = FACE_OUTER_BOUND ( 'NONE', #2050, .T. ) ;
#2720 = DIRECTION ( 'NONE',  ( -0.000000000000000000, -0.000000000000000000, -1.000000000000000000 ) ) ;
#2721 = PRESENTATION_LAYER_ASSIGNMENT (  '', '', ( #3929 ) ) ;
#2722 = ORIENTED_EDGE ( 'NONE', *, *, #897, .T. ) ;
#2723 = CIRCLE ( 'NONE', #3467, 0.1500000000000006051 ) ;
#2724 = ORIENTED_EDGE ( 'NONE', *, *, #1700, .T. ) ;
#2725 = PLANE ( 'NONE',  #5356 ) ;
#2726 = SURFACE_STYLE_FILL_AREA ( #4435 ) ;
#2727 = EDGE_CURVE ( 'NONE', #1933, #3393, #2290, .T. ) ;
#2728 = DIRECTION ( 'NONE',  ( -0.000000000000000000, -0.000000000000000000, 1.000000000000000000 ) ) ;
#2729 = DIRECTION ( 'NONE',  ( -1.000000000000000000, -1.949127501097533734E-15, 0.000000000000000000 ) ) ;
#2730 = ADVANCED_FACE ( 'NONE', ( #1945 ), #1463, .T. ) ;
#2731 = DIRECTION ( 'NONE',  ( 0.000000000000000000, 0.000000000000000000, -1.000000000000000000 ) ) ;
#2732 = ORIENTED_EDGE ( 'NONE', *, *, #2587, .F. ) ;
#2733 = STYLED_ITEM ( 'NONE', ( #1127 ), #4473 ) ;
#2734 = FILL_AREA_STYLE_COLOUR ( '', #5685 ) ;
#2735 = EDGE_CURVE ( 'NONE', #321, #5550, #3315, .T. ) ;
#2736 = SURFACE_SIDE_STYLE ('',( #3719 ) ) ;
#2737 = EDGE_CURVE ( 'NONE', #3493, #3482, #1234, .T. ) ;
#2738 = PRESENTATION_LAYER_ASSIGNMENT (  '', '', ( #5711 ) ) ;
#2739 = CARTESIAN_POINT ( 'NONE',  ( 1.250000000000001776, -1.000000000000001110, -0.05000000000000002359 ) ) ;
#2740 = ORIENTED_EDGE ( 'NONE', *, *, #1081, .T. ) ;
#2741 = STYLED_ITEM ( 'NONE', ( #5600 ), #5249 ) ;
#2742 = UNCERTAINTY_MEASURE_WITH_UNIT (LENGTH_MEASURE( 1.000000000000000082E-05 ), #3881, 'distance_accuracy_value', 'NONE');
#2743 = LINE ( 'NONE', #5316, #3342 ) ;
#2744 =( NAMED_UNIT ( * ) PLANE_ANGLE_UNIT ( ) SI_UNIT ( $, .RADIAN. ) );
#2745 = FILL_AREA_STYLE_COLOUR ( '', #2799 ) ;
#2746 = CARTESIAN_POINT ( 'NONE',  ( 1.143933982822019635, 0.8044079500593142029, -0.05000000000000002359 ) ) ;
#2747 = SURFACE_SIDE_STYLE ('',( #3183 ) ) ;
#2748 = UNCERTAINTY_MEASURE_WITH_UNIT (LENGTH_MEASURE( 1.000000000000000082E-05 ), #2399, 'distance_accuracy_value', 'NONE');
#2749 = COLOUR_RGB ( '',0.8039215686274510109, 0.8039215686274510109, 0.8039215686274510109 ) ;
#2750 = DIRECTION ( 'NONE',  ( -0.000000000000000000, -0.000000000000000000, 1.000000000000000000 ) ) ;
#2751 =( LENGTH_UNIT ( ) NAMED_UNIT ( * ) SI_UNIT ( .MILLI., .METRE. ) );
#2752 = DIRECTION ( 'NONE',  ( 1.000000000000000000, 0.000000000000000000, 0.000000000000000000 ) ) ;
#2753 = SURFACE_STYLE_USAGE ( .BOTH. , #3188 ) ;
#2754 = EDGE_LOOP ( 'NONE', ( #478, #1227, #1792, #1027 ) ) ;
#2755 = MECHANICAL_DESIGN_GEOMETRIC_PRESENTATION_REPRESENTATION (  '', ( #488 ), #3131 ) ;
#2756 = ORIENTED_EDGE ( 'NONE', *, *, #100, .T. ) ;
#2757 = EDGE_CURVE ( 'NONE', #4951, #1516, #2113, .T. ) ;
#2758 = CARTESIAN_POINT ( 'NONE',  ( -0.8999999999999980238, -0.6499999999999994671, 0.6000000000000000888 ) ) ;
#2759 = DIRECTION ( 'NONE',  ( 0.000000000000000000, 0.000000000000000000, 1.000000000000000000 ) ) ;
#2760 =( NAMED_UNIT ( * ) PLANE_ANGLE_UNIT ( ) SI_UNIT ( $, .RADIAN. ) );
#2761 = VECTOR ( 'NONE', #2842, 1000.000000000000000 ) ;
#2762 = CARTESIAN_POINT ( 'NONE',  ( 1.250000000000001998, 0.8500000000000007550, -0.05000000000000002359 ) ) ;
#2763 = SURFACE_STYLE_FILL_AREA ( #203 ) ;
#2764 = VECTOR ( 'NONE', #5631, 1000.000000000000000 ) ;
#2765 = EDGE_CURVE ( 'NONE', #2994, #342, #377, .T. ) ;
#2766 = VECTOR ( 'NONE', #2462, 1000.000000000000000 ) ;
#2767 = ORIENTED_EDGE ( 'NONE', *, *, #2562, .T. ) ;
#2768 = ORIENTED_EDGE ( 'NONE', *, *, #3939, .F. ) ;
#2769 = EDGE_CURVE ( 'NONE', #2697, #5068, #1261, .T. ) ;
#2770 = CARTESIAN_POINT ( 'NONE',  ( 1.027500000000001856, 1.000000000000000666, -0.05000000000000002359 ) ) ;
#2771 = LINE ( 'NONE', #1503, #4683 ) ;
#2772 = DIRECTION ( 'NONE',  ( 1.000000000000000000, -3.742448381574715951E-16, 0.000000000000000000 ) ) ;
#2773 = AXIS2_PLACEMENT_3D ( 'NONE', #1850, #4086, #3697 ) ;
#2774 = CARTESIAN_POINT ( 'NONE',  ( 0.000000000000000000, 1.000000000000000666, -0.05000000000000002359 ) ) ;
#2775 = DIRECTION ( 'NONE',  ( 0.000000000000000000, 0.000000000000000000, 1.000000000000000000 ) ) ;
#2776 = PRESENTATION_STYLE_ASSIGNMENT (( #3108 ) ) ;
#2777 = FACE_OUTER_BOUND ( 'NONE', #1687, .T. ) ;
#2778 =( NAMED_UNIT ( * ) SI_UNIT ( $, .STERADIAN. ) SOLID_ANGLE_UNIT ( ) );
#2779 =( GEOMETRIC_REPRESENTATION_CONTEXT ( 3 ) GLOBAL_UNCERTAINTY_ASSIGNED_CONTEXT ( ( #2867 ) ) GLOBAL_UNIT_ASSIGNED_CONTEXT ( ( #4971, #3573, #4523 ) ) REPRESENTATION_CONTEXT ( 'NONE', 'WORKASPACE' ) );
#2780 = EDGE_LOOP ( 'NONE', ( #4337, #265, #1985, #3334 ) ) ;
#2781 = VERTEX_POINT ( 'NONE', #3857 ) ;
#2782 = CARTESIAN_POINT ( 'NONE',  ( -1.149999999999998135, 0.6500000000000006883, 0.3499999999999999778 ) ) ;
#2783 = CARTESIAN_POINT ( 'NONE',  ( -1.249999999999996891, 7.477256361969015954E-15, -0.05000000000000002359 ) ) ;
#2784 = CYLINDRICAL_SURFACE ( 'NONE', #3633, 0.1500000000000019096 ) ;
#2785 = SURFACE_STYLE_USAGE ( .BOTH. , #1707 ) ;
#2786 = CARTESIAN_POINT ( 'NONE',  ( -0.4749999999999997558, 0.000000000000000000, -0.3499999999999999778 ) ) ;
#2787 = CIRCLE ( 'NONE', #3534, 0.2225000000000002531 ) ;
#2788 = ORIENTED_EDGE ( 'NONE', *, *, #1318, .F. ) ;
#2789 = DIRECTION ( 'NONE',  ( -1.000000000000000000, 0.000000000000000000, 0.000000000000000000 ) ) ;
#2790 = APPLICATION_PROTOCOL_DEFINITION ( 'draft international standard', 'automotive_design', 1998, #762 ) ;
#2791 = CARTESIAN_POINT ( 'NONE',  ( 0.9000000000000020206, -0.6499999999999994671, 0.5500000000000000444 ) ) ;
#2792 = DIRECTION ( 'NONE',  ( 2.168404344971012812E-15, 1.000000000000000000, -0.000000000000000000 ) ) ;
#2793 = STYLED_ITEM ( 'NONE', ( #3410 ), #2949 ) ;
#2794 = ORIENTED_EDGE ( 'NONE', *, *, #1081, .F. ) ;
#2795 = EDGE_LOOP ( 'NONE', ( #4242, #2543, #3379, #176, #418, #4961, #3, #5433, #2296 ) ) ;
#2796 = UNCERTAINTY_MEASURE_WITH_UNIT (LENGTH_MEASURE( 1.000000000000000082E-05 ), #2606, 'distance_accuracy_value', 'NONE');
#2797 = DIRECTION ( 'NONE',  ( 0.000000000000000000, 0.000000000000000000, -1.000000000000000000 ) ) ;
#2798 = DIRECTION ( 'NONE',  ( 0.000000000000000000, 0.000000000000000000, 1.000000000000000000 ) ) ;
#2799 = COLOUR_RGB ( '',0.8039215686274510109, 0.8039215686274510109, 0.8039215686274510109 ) ;
#2800 = DIRECTION ( 'NONE',  ( -1.000000000000000000, 0.000000000000000000, 0.000000000000000000 ) ) ;
#2801 = EDGE_CURVE ( 'NONE', #5325, #2422, #4186, .T. ) ;
#2802 = VECTOR ( 'NONE', #5059, 1000.000000000000000 ) ;
#2803 = DIRECTION ( 'NONE',  ( -1.000000000000000000, 0.000000000000000000, 0.000000000000000000 ) ) ;
#2804 = PRESENTATION_LAYER_ASSIGNMENT (  '', '', ( #2620 ) ) ;
#2805 = VECTOR ( 'NONE', #403, 1000.000000000000000 ) ;
#2806 = UNCERTAINTY_MEASURE_WITH_UNIT (LENGTH_MEASURE( 1.000000000000000082E-05 ), #2305, 'distance_accuracy_value', 'NONE');
#2807 = DIRECTION ( 'NONE',  ( 0.000000000000000000, 0.000000000000000000, -1.000000000000000000 ) ) ;
#2808 = DIRECTION ( 'NONE',  ( 1.000000000000000000, 5.421010862427516648E-15, 0.000000000000000000 ) ) ;
#2809 = ADVANCED_FACE ( 'NONE', ( #4343 ), #4776, .F. ) ;
#2810 = DIRECTION ( 'NONE',  ( -5.981805089575226963E-15, -1.000000000000000000, 0.000000000000000000 ) ) ;
#2811 = ORIENTED_EDGE ( 'NONE', *, *, #4211, .T. ) ;
#2812 = VERTEX_POINT ( 'NONE', #5671 ) ;
#2813 = PRESENTATION_LAYER_ASSIGNMENT (  '', '', ( #2908 ) ) ;
#2814 = CARTESIAN_POINT ( 'NONE',  ( -0.4749999999999997558, 0.000000000000000000, -0.05000000000000002359 ) ) ;
#2815 = DIRECTION ( 'NONE',  ( -1.000000000000000000, -1.949127501097533734E-15, 0.000000000000000000 ) ) ;
#2816 = DIRECTION ( 'NONE',  ( -1.000000000000000000, 0.000000000000000000, 0.000000000000000000 ) ) ;
#2817 = DIRECTION ( 'NONE',  ( 0.000000000000000000, -1.000000000000000000, 0.000000000000000000 ) ) ;
#2818 = VECTOR ( 'NONE', #5120, 1000.000000000000000 ) ;
#2819 = ORIENTED_EDGE ( 'NONE', *, *, #599, .F. ) ;
#2820 = FILL_AREA_STYLE_COLOUR ( '', #2101 ) ;
#2821 = DIRECTION ( 'NONE',  ( 0.000000000000000000, 0.000000000000000000, 1.000000000000000000 ) ) ;
#2822 = CARTESIAN_POINT ( 'NONE',  ( 1.250000000000001998, 0.7775000000000006350, -0.3499999999999999778 ) ) ;
#2823 = COLOUR_RGB ( '',0.2862745098039215508, 0.2862745098039215508, 0.2862745098039215508 ) ;
#2824 = DIRECTION ( 'NONE',  ( 0.000000000000000000, -0.000000000000000000, 1.000000000000000000 ) ) ;
#2825 = CARTESIAN_POINT ( 'NONE',  ( 0.9900000000000019895, -0.6499999999999994671, 0.6000000000000000888 ) ) ;
#2826 = MECHANICAL_DESIGN_GEOMETRIC_PRESENTATION_REPRESENTATION (  '', ( #662 ), #3574 ) ;
#2827 = ORIENTED_EDGE ( 'NONE', *, *, #2917, .T. ) ;
#2828 = ORIENTED_EDGE ( 'NONE', *, *, #4004, .F. ) ;
#2829 = DIRECTION ( 'NONE',  ( 1.000000000000000000, 0.000000000000000000, 0.000000000000000000 ) ) ;
#2830 = DIRECTION ( 'NONE',  ( 0.000000000000000000, -1.000000000000000000, 0.000000000000000000 ) ) ;
#2831 = FILL_AREA_STYLE_COLOUR ( '', #4694 ) ;
#2832 = AXIS2_PLACEMENT_3D ( 'NONE', #1155, #2520, #4241 ) ;
#2833 = EDGE_CURVE ( 'NONE', #3511, #3699, #4392, .T. ) ;
#2834 = SURFACE_STYLE_USAGE ( .BOTH. , #1043 ) ;
#2835 = DIRECTION ( 'NONE',  ( 1.000000000000000000, 0.000000000000000000, 0.000000000000000000 ) ) ;
#2836 = CARTESIAN_POINT ( 'NONE',  ( -1.143933982822019191, -5.312634788926045980E-16, -0.3499999999999999778 ) ) ;
#2837 =( GEOMETRIC_REPRESENTATION_CONTEXT ( 3 ) GLOBAL_UNCERTAINTY_ASSIGNED_CONTEXT ( ( #26 ) ) GLOBAL_UNIT_ASSIGNED_CONTEXT ( ( #3257, #4566, #4598 ) ) REPRESENTATION_CONTEXT ( 'NONE', 'WORKASPACE' ) );
#2838 = ORIENTED_EDGE ( 'NONE', *, *, #604, .F. ) ;
#2839 = ADVANCED_FACE ( 'NONE', ( #846 ), #5226, .T. ) ;
#2840 = VERTEX_POINT ( 'NONE', #1760 ) ;
#2841 = DIRECTION ( 'NONE',  ( 0.000000000000000000, -0.000000000000000000, -1.000000000000000000 ) ) ;
#2842 = DIRECTION ( 'NONE',  ( -0.7071067811865434649, 0.7071067811865516806, 0.000000000000000000 ) ) ;
#2843 = ADVANCED_FACE ( 'NONE', ( #5308 ), #3245, .T. ) ;
#2844 = FACE_OUTER_BOUND ( 'NONE', #1017, .T. ) ;
#2845 = LINE ( 'NONE', #1873, #56 ) ;
#2846 = CARTESIAN_POINT ( 'NONE',  ( -1.250000000000001998, 1.000000000000000666, -0.3499999999999999778 ) ) ;
#2847 = DIRECTION ( 'NONE',  ( 0.000000000000000000, -1.000000000000000000, 0.000000000000000000 ) ) ;
#2848 = AXIS2_PLACEMENT_3D ( 'NONE', #4891, #2703, #15 ) ;
#2849 = VERTEX_POINT ( 'NONE', #1047 ) ;
#2850 = LINE ( 'NONE', #1580, #2984 ) ;
#2851 = ORIENTED_EDGE ( 'NONE', *, *, #419, .T. ) ;
#2852 = PRESENTATION_STYLE_ASSIGNMENT (( #3255 ) ) ;
#2853 = CARTESIAN_POINT ( 'NONE',  ( -1.027500000000001412, 1.000000000000000666, -0.05000000000000002359 ) ) ;
#2854 = FACE_OUTER_BOUND ( 'NONE', #3830, .T. ) ;
#2855 = FILL_AREA_STYLE ('',( #3318 ) ) ;
#2856 = ORIENTED_EDGE ( 'NONE', *, *, #2635, .F. ) ;
#2857 = PRESENTATION_LAYER_ASSIGNMENT (  '', '', ( #5346 ) ) ;
#2858 = EDGE_LOOP ( 'NONE', ( #3872, #5095, #1680, #3189 ) ) ;
#2859 = CARTESIAN_POINT ( 'NONE',  ( 0.4749999999999997558, -0.3374999999999999667, -0.05000000000000002359 ) ) ;
#2860 = SURFACE_STYLE_FILL_AREA ( #4608 ) ;
#2861 = SURFACE_SIDE_STYLE ('',( #3730 ) ) ;
#2862 = PRESENTATION_STYLE_ASSIGNMENT (( #2030 ) ) ;
#2863 = AXIS2_PLACEMENT_3D ( 'NONE', #4886, #41, #1840 ) ;
#2864 = CIRCLE ( 'NONE', #4144, 0.1499999999999999667 ) ;
#2865 =( NAMED_UNIT ( * ) PLANE_ANGLE_UNIT ( ) SI_UNIT ( $, .RADIAN. ) );
#2866 = LINE ( 'NONE', #4614, #135 ) ;
#2867 = UNCERTAINTY_MEASURE_WITH_UNIT (LENGTH_MEASURE( 1.000000000000000082E-05 ), #4971, 'distance_accuracy_value', 'NONE');
#2868 = CARTESIAN_POINT ( 'NONE',  ( -1.250000000000001998, 0.8500000000000006439, -0.05000000000000002359 ) ) ;
#2869 = CIRCLE ( 'NONE', #1548, 0.05000000000000002359 ) ;
#2870 = CARTESIAN_POINT ( 'NONE',  ( -2.188067836949561821E-16, -0.3375000000000002998, -0.05000000000000002359 ) ) ;
#2871 = DIRECTION ( 'NONE',  ( 0.000000000000000000, 0.000000000000000000, -1.000000000000000000 ) ) ;
#2872 = ORIENTED_EDGE ( 'NONE', *, *, #3332, .F. ) ;
#2873 = EDGE_LOOP ( 'NONE', ( #3500, #936, #4771, #3713 ) ) ;
#2874 = SURFACE_STYLE_USAGE ( .BOTH. , #1572 ) ;
#2875 = COLOUR_RGB ( '',0.8627450980392157298, 0.6274509803921568540, 0.05882352941176470507 ) ;
#2876 = FACE_OUTER_BOUND ( 'NONE', #1994, .T. ) ;
#2877 = EDGE_CURVE ( 'NONE', #1283, #4490, #3272, .T. ) ;
#2878 = CARTESIAN_POINT ( 'NONE',  ( 0.9000000000000019096, 0.8400000000000007461, 0.5500000000000000444 ) ) ;
#2879 = ORIENTED_EDGE ( 'NONE', *, *, #5283, .T. ) ;
#2880 = EDGE_CURVE ( 'NONE', #1933, #5557, #1491, .T. ) ;
#2881 = ORIENTED_EDGE ( 'NONE', *, *, #2341, .F. ) ;
#2882 = DIRECTION ( 'NONE',  ( -1.000000000000000000, 0.000000000000000000, 0.000000000000000000 ) ) ;
#2883 =( NAMED_UNIT ( * ) PLANE_ANGLE_UNIT ( ) SI_UNIT ( $, .RADIAN. ) );
#2884 =( NAMED_UNIT ( * ) SI_UNIT ( $, .STERADIAN. ) SOLID_ANGLE_UNIT ( ) );
#2885 = EDGE_CURVE ( 'NONE', #4410, #1569, #1865, .T. ) ;
#2886 = VECTOR ( 'NONE', #4047, 1000.000000000000000 ) ;
#2887 = VERTEX_POINT ( 'NONE', #4709 ) ;
#2888 = ORIENTED_EDGE ( 'NONE', *, *, #3660, .F. ) ;
#2889 = PRESENTATION_STYLE_ASSIGNMENT (( #2331 ) ) ;
#2890 = DIRECTION ( 'NONE',  ( -0.000000000000000000, -0.000000000000000000, -1.000000000000000000 ) ) ;
#2891 =( GEOMETRIC_REPRESENTATION_CONTEXT ( 3 ) GLOBAL_UNCERTAINTY_ASSIGNED_CONTEXT ( ( #1509 ) ) GLOBAL_UNIT_ASSIGNED_CONTEXT ( ( #95, #67, #5000 ) ) REPRESENTATION_CONTEXT ( 'NONE', 'WORKASPACE' ) );
#2892 = MECHANICAL_DESIGN_GEOMETRIC_PRESENTATION_REPRESENTATION (  '', ( #4909 ), #2616 ) ;
#2893 = SURFACE_STYLE_USAGE ( .BOTH. , #5444 ) ;
#2894 = PRESENTATION_LAYER_ASSIGNMENT (  '', '', ( #3731 ) ) ;
#2895 = FILL_AREA_STYLE ('',( #5092 ) ) ;
#2896 = CARTESIAN_POINT ( 'NONE',  ( -1.099999999999998090, 1.000000000000000666, -0.05000000000000002359 ) ) ;
#2897 =( NAMED_UNIT ( * ) SI_UNIT ( $, .STERADIAN. ) SOLID_ANGLE_UNIT ( ) );
#2898 = AXIS2_PLACEMENT_3D ( 'NONE', #1605, #695, #5013 ) ;
#2899 = VERTEX_POINT ( 'NONE', #1219 ) ;
#2900 = AXIS2_PLACEMENT_3D ( 'NONE', #4757, #821, #1641 ) ;
#2901 = EDGE_LOOP ( 'NONE', ( #3661, #5053, #5630, #4372, #5076, #159, #3363, #5501, #772, #4987 ) ) ;
#2902 = SURFACE_SIDE_STYLE ('',( #5101 ) ) ;
#2903 = TOROIDAL_SURFACE ( 'NONE', #2451, 0.1900000000000000855, 0.05000000000000000278 ) ;
#2904 = AXIS2_PLACEMENT_3D ( 'NONE', #2521, #5093, #304 ) ;
#2905 = CARTESIAN_POINT ( 'NONE',  ( 0.000000000000000000, -0.9999999999999993339, -0.05000000000000002359 ) ) ;
#2906 = CARTESIAN_POINT ( 'NONE',  ( 0.4749999999999997558, 0.000000000000000000, -0.05000000000000002359 ) ) ;
#2907 = ORIENTED_EDGE ( 'NONE', *, *, #2127, .T. ) ;
#2908 = STYLED_ITEM ( 'NONE', ( #1101 ), #3903 ) ;
#2909 = DIRECTION ( 'NONE',  ( -1.000000000000000000, 0.000000000000000000, 0.000000000000000000 ) ) ;
#2910 = ORIENTED_EDGE ( 'NONE', *, *, #4004, .T. ) ;
#2911 = EDGE_CURVE ( 'NONE', #3775, #4105, #2348, .T. ) ;
#2912 =( LENGTH_UNIT ( ) NAMED_UNIT ( * ) SI_UNIT ( .MILLI., .METRE. ) );
#2913 = DIRECTION ( 'NONE',  ( 0.000000000000000000, 1.000000000000000000, 0.000000000000000000 ) ) ;
#2914 = SURFACE_STYLE_FILL_AREA ( #4724 ) ;
#2915 = ORIENTED_EDGE ( 'NONE', *, *, #2418, .T. ) ;
#2916 =( GEOMETRIC_REPRESENTATION_CONTEXT ( 3 ) GLOBAL_UNCERTAINTY_ASSIGNED_CONTEXT ( ( #2742 ) ) GLOBAL_UNIT_ASSIGNED_CONTEXT ( ( #3881, #4747, #4768 ) ) REPRESENTATION_CONTEXT ( 'NONE', 'WORKASPACE' ) );
#2917 = EDGE_CURVE ( 'NONE', #4895, #2840, #3810, .T. ) ;
#2918 = VERTEX_POINT ( 'NONE', #687 ) ;
#2919 = FILL_AREA_STYLE_COLOUR ( '', #5040 ) ;
#2920 = EDGE_CURVE ( 'NONE', #4758, #754, #2471, .T. ) ;
#2921 = DIRECTION ( 'NONE',  ( -0.000000000000000000, -0.000000000000000000, -1.000000000000000000 ) ) ;
#2922 = CARTESIAN_POINT ( 'NONE',  ( -0.8899999999999983480, -0.5399999999999998135, 0.6400000000000000133 ) ) ;
#2923 = CARTESIAN_POINT ( 'NONE',  ( -1.249999999999998002, 1.000000000000000666, 0.3499999999999999778 ) ) ;
#2924 = UNCERTAINTY_MEASURE_WITH_UNIT (LENGTH_MEASURE( 1.000000000000000082E-05 ), #1331, 'distance_accuracy_value', 'NONE');
#2925 = AXIS2_PLACEMENT_3D ( 'NONE', #4488, #122, #2308 ) ;
#2926 = SURFACE_STYLE_FILL_AREA ( #2034 ) ;
#2927 = SURFACE_SIDE_STYLE ('',( #5181 ) ) ;
#2928 = VECTOR ( 'NONE', #1537, 1000.000000000000000 ) ;
#2929 = ORIENTED_EDGE ( 'NONE', *, *, #2833, .T. ) ;
#2930 = SURFACE_SIDE_STYLE ('',( #1019 ) ) ;
#2931 = AXIS2_PLACEMENT_3D ( 'NONE', #1063, #643, #5079 ) ;
#2932 = DIRECTION ( 'NONE',  ( 1.000000000000000000, 6.483163961332028415E-16, 0.000000000000000000 ) ) ;
#2933 = FILL_AREA_STYLE_COLOUR ( '', #721 ) ;
#2934 = SURFACE_SIDE_STYLE ('',( #132 ) ) ;
#2935 = ORIENTED_EDGE ( 'NONE', *, *, #5038, .F. ) ;
#2936 = EDGE_LOOP ( 'NONE', ( #1129, #2249, #3286, #1299 ) ) ;
#2937 = SURFACE_STYLE_FILL_AREA ( #2110 ) ;
#2938 = PLANE ( 'NONE',  #2931 ) ;
#2939 =( NAMED_UNIT ( * ) PLANE_ANGLE_UNIT ( ) SI_UNIT ( $, .RADIAN. ) );
#2940 = TOROIDAL_SURFACE ( 'NONE', #2001, 0.2500000000000000000, 0.05000000000000000278 ) ;
#2941 = PLANE ( 'NONE',  #681 ) ;
#2942 = CARTESIAN_POINT ( 'NONE',  ( -1.249999999999998002, 1.010000000000000675, 0.3499999999999999778 ) ) ;
#2943 = ORIENTED_EDGE ( 'NONE', *, *, #5724, .T. ) ;
#2944 = SURFACE_SIDE_STYLE ('',( #3865 ) ) ;
#2945 = STYLED_ITEM ( 'NONE', ( #777 ), #33 ) ;
#2946 = EDGE_CURVE ( 'NONE', #5675, #5047, #3083, .T. ) ;
#2947 =( NAMED_UNIT ( * ) PLANE_ANGLE_UNIT ( ) SI_UNIT ( $, .RADIAN. ) );
#2948 = PRESENTATION_LAYER_ASSIGNMENT (  '', '', ( #1441 ) ) ;
#2949 = ADVANCED_FACE ( 'NONE', ( #5658 ), #1290, .F. ) ;
#2950 =( NAMED_UNIT ( * ) PLANE_ANGLE_UNIT ( ) SI_UNIT ( $, .RADIAN. ) );
#2951 = PLANE ( 'NONE',  #5772 ) ;
#2952 =( GEOMETRIC_REPRESENTATION_CONTEXT ( 3 ) GLOBAL_UNCERTAINTY_ASSIGNED_CONTEXT ( ( #1800 ) ) GLOBAL_UNIT_ASSIGNED_CONTEXT ( ( #2320, #3586, #2674 ) ) REPRESENTATION_CONTEXT ( 'NONE', 'WORKASPACE' ) );
#2953 = COLOUR_RGB ( '',0.2862745098039215508, 0.2862745098039215508, 0.2862745098039215508 ) ;
#2954 = DIRECTION ( 'NONE',  ( 0.000000000000000000, 1.000000000000000000, 0.000000000000000000 ) ) ;
#2955 = DIRECTION ( 'NONE',  ( 0.000000000000000000, 0.000000000000000000, -1.000000000000000000 ) ) ;
#2956 = DIRECTION ( 'NONE',  ( 5.981805089575226963E-15, 1.000000000000000000, 0.000000000000000000 ) ) ;
#2957 = COLOUR_RGB ( '',0.2862745098039215508, 0.2862745098039215508, 0.2862745098039215508 ) ;
#2958 = AXIS2_PLACEMENT_3D ( 'NONE', #2942, #5051, #1173 ) ;
#2959 =( NAMED_UNIT ( * ) SI_UNIT ( $, .STERADIAN. ) SOLID_ANGLE_UNIT ( ) );
#2960 = SURFACE_STYLE_USAGE ( .BOTH. , #2902 ) ;
#2961 = CARTESIAN_POINT ( 'NONE',  ( -1.143933982822019191, -0.8044079500593142029, -0.05000000000000002359 ) ) ;
#2962 = SURFACE_SIDE_STYLE ('',( #1194 ) ) ;
#2963 = CIRCLE ( 'NONE', #5357, 0.1400000000000001521 ) ;
#2964 = VERTEX_POINT ( 'NONE', #3792 ) ;
#2965 = VERTEX_POINT ( 'NONE', #4189 ) ;
#2966 = FILL_AREA_STYLE ('',( #256 ) ) ;
#2967 = AXIS2_PLACEMENT_3D ( 'NONE', #823, #349, #3548 ) ;
#2968 = CARTESIAN_POINT ( 'NONE',  ( 1.250000000000001998, 0.8500000000000006439, -0.3499999999999999778 ) ) ;
#2969 = DIRECTION ( 'NONE',  ( -1.000000000000000000, 0.000000000000000000, 0.000000000000000000 ) ) ;
#2970 =( LENGTH_UNIT ( ) NAMED_UNIT ( * ) SI_UNIT ( .MILLI., .METRE. ) );
#2971 =( GEOMETRIC_REPRESENTATION_CONTEXT ( 3 ) GLOBAL_UNCERTAINTY_ASSIGNED_CONTEXT ( ( #1987 ) ) GLOBAL_UNIT_ASSIGNED_CONTEXT ( ( #1162, #5278, #3886 ) ) REPRESENTATION_CONTEXT ( 'NONE', 'WORKASPACE' ) );
#2972 = VERTEX_POINT ( 'NONE', #2098 ) ;
#2973 = VERTEX_POINT ( 'NONE', #1982 ) ;
#2974 = SURFACE_STYLE_FILL_AREA ( #3867 ) ;
#2975 = PLANE ( 'NONE',  #699 ) ;
#2976 = VECTOR ( 'NONE', #759, 1000.000000000000000 ) ;
#2977 = UNCERTAINTY_MEASURE_WITH_UNIT (LENGTH_MEASURE( 1.000000000000000082E-05 ), #3641, 'distance_accuracy_value', 'NONE');
#2978 = ADVANCED_FACE ( 'NONE', ( #4682 ), #3878, .T. ) ;
#2979 = FACE_OUTER_BOUND ( 'NONE', #4430, .T. ) ;
#2980 = SURFACE_STYLE_USAGE ( .BOTH. , #1625 ) ;
#2981 = SURFACE_SIDE_STYLE ('',( #1627 ) ) ;
#2982 = EDGE_CURVE ( 'NONE', #5169, #2118, #4328, .T. ) ;
#2983 = SURFACE_SIDE_STYLE ('',( #1629 ) ) ;
#2984 = VECTOR ( 'NONE', #1134, 1000.000000000000000 ) ;
#2985 = VECTOR ( 'NONE', #2408, 1000.000000000000000 ) ;
#2986 = EDGE_CURVE ( 'NONE', #133, #5047, #4822, .T. ) ;
#2987 = DIRECTION ( 'NONE',  ( -0.000000000000000000, -1.000000000000000000, -0.000000000000000000 ) ) ;
#2988 =( NAMED_UNIT ( * ) SI_UNIT ( $, .STERADIAN. ) SOLID_ANGLE_UNIT ( ) );
#2989 = FACE_OUTER_BOUND ( 'NONE', #2858, .T. ) ;
#2990 = ADVANCED_FACE ( 'NONE', ( #3565 ), #2241, .T. ) ;
#2991 =( GEOMETRIC_REPRESENTATION_CONTEXT ( 3 ) GLOBAL_UNCERTAINTY_ASSIGNED_CONTEXT ( ( #1978 ) ) GLOBAL_UNIT_ASSIGNED_CONTEXT ( ( #1158, #778, #2959 ) ) REPRESENTATION_CONTEXT ( 'NONE', 'WORKASPACE' ) );
#2992 = DIRECTION ( 'NONE',  ( 1.000000000000000000, 0.000000000000000000, 0.000000000000000000 ) ) ;
#2993 = ORIENTED_EDGE ( 'NONE', *, *, #3688, .T. ) ;
#2994 = VERTEX_POINT ( 'NONE', #776 ) ;
#2995 = DIRECTION ( 'NONE',  ( 1.000000000000000000, -3.742448381574715951E-16, 0.000000000000000000 ) ) ;
#2996 = CYLINDRICAL_SURFACE ( 'NONE', #2713, 0.05000000000000002359 ) ;
#2997 = FACE_OUTER_BOUND ( 'NONE', #1604, .T. ) ;
#2998 = FILL_AREA_STYLE_COLOUR ( '', #3498 ) ;
#2999 = FACE_OUTER_BOUND ( 'NONE', #434, .T. ) ;
#3000 = ORIENTED_EDGE ( 'NONE', *, *, #2293, .F. ) ;
#3001 = LINE ( 'NONE', #4759, #4740 ) ;
#3002 = ORIENTED_EDGE ( 'NONE', *, *, #5348, .F. ) ;
#3003 = MECHANICAL_DESIGN_GEOMETRIC_PRESENTATION_REPRESENTATION (  '', ( #2061 ), #5129 ) ;
#3004 = CARTESIAN_POINT ( 'NONE',  ( -0.8999999999999980238, 0.9000000000000006883, 0.3499999999999999778 ) ) ;
#3005 = LINE ( 'NONE', #4842, #5686 ) ;
#3006 = PLANE ( 'NONE',  #2592 ) ;
#3007 = MECHANICAL_DESIGN_GEOMETRIC_PRESENTATION_REPRESENTATION (  '', ( #3929 ), #2064 ) ;
#3008 = DIRECTION ( 'NONE',  ( 0.000000000000000000, 1.000000000000000000, 0.000000000000000000 ) ) ;
#3009 = ORIENTED_EDGE ( 'NONE', *, *, #3399, .T. ) ;
#3010 = SURFACE_STYLE_FILL_AREA ( #272 ) ;
#3011 = MECHANICAL_DESIGN_GEOMETRIC_PRESENTATION_REPRESENTATION (  '', ( #4661 ), #4844 ) ;
#3012 = DIRECTION ( 'NONE',  ( 0.000000000000000000, 0.000000000000000000, 1.000000000000000000 ) ) ;
#3013 = DIRECTION ( 'NONE',  ( -2.168404344971012812E-15, -1.000000000000000000, -0.000000000000000000 ) ) ;
#3014 =( NAMED_UNIT ( * ) PLANE_ANGLE_UNIT ( ) SI_UNIT ( $, .RADIAN. ) );
#3015 = EDGE_CURVE ( 'NONE', #1569, #5574, #834, .T. ) ;
#3016 = AXIS2_PLACEMENT_3D ( 'NONE', #2632, #2186, #1746 ) ;
#3017 = SURFACE_STYLE_USAGE ( .BOTH. , #5749 ) ;
#3018 = DIRECTION ( 'NONE',  ( 0.000000000000000000, 1.000000000000000000, -0.000000000000000000 ) ) ;
#3019 = STYLED_ITEM ( 'NONE', ( #341 ), #4592 ) ;
#3020 = CARTESIAN_POINT ( 'NONE',  ( 0.9000000000000019096, -0.7399999999999995470, 0.6500000000000001332 ) ) ;
#3021 = ORIENTED_EDGE ( 'NONE', *, *, #249, .F. ) ;
#3022 = ADVANCED_FACE ( 'NONE', ( #3130 ), #439, .F. ) ;
#3023 = AXIS2_PLACEMENT_3D ( 'NONE', #5548, #162, #5157 ) ;
#3024 = ORIENTED_EDGE ( 'NONE', *, *, #599, .T. ) ;
#3025 =( LENGTH_UNIT ( ) NAMED_UNIT ( * ) SI_UNIT ( .MILLI., .METRE. ) );
#3026 = EDGE_CURVE ( 'NONE', #3493, #5292, #4902, .T. ) ;
#3027 = MECHANICAL_DESIGN_GEOMETRIC_PRESENTATION_REPRESENTATION (  '', ( #4020 ), #948 ) ;
#3028 = DIRECTION ( 'NONE',  ( -0.000000000000000000, -0.000000000000000000, -1.000000000000000000 ) ) ;
#3029 = CARTESIAN_POINT ( 'NONE',  ( 1.250000000000001998, 0.8500000000000006439, -0.05000000000000002359 ) ) ;
#3030 = DIRECTION ( 'NONE',  ( 4.644179531951731562E-16, -1.000000000000000000, 0.000000000000000000 ) ) ;
#3031 = CARTESIAN_POINT ( 'NONE',  ( -1.027500000000001856, -0.9999999999999993339, -0.3499999999999999778 ) ) ;
#3032 = PRESENTATION_LAYER_ASSIGNMENT (  '', '', ( #301 ) ) ;
#3033 = VERTEX_POINT ( 'NONE', #2273 ) ;
#3034 = DIRECTION ( 'NONE',  ( -1.000000000000000000, 0.000000000000000000, 0.000000000000000000 ) ) ;
#3035 = TOROIDAL_SURFACE ( 'NONE', #4218, 0.09000000000000009381, 0.05000000000000000278 ) ;
#3036 = SURFACE_SIDE_STYLE ('',( #2210 ) ) ;
#3037 = STYLED_ITEM ( 'NONE', ( #3368 ), #5219 ) ;
#3038 = DIRECTION ( 'NONE',  ( -1.000000000000000000, 3.742448381574715951E-16, 0.000000000000000000 ) ) ;
#3039 = ORIENTED_EDGE ( 'NONE', *, *, #1943, .T. ) ;
#3040 = UNCERTAINTY_MEASURE_WITH_UNIT (LENGTH_MEASURE( 1.000000000000000082E-05 ), #1287, 'distance_accuracy_value', 'NONE');
#3041 = FACE_OUTER_BOUND ( 'NONE', #55, .T. ) ;
#3042 = SURFACE_STYLE_FILL_AREA ( #4399 ) ;
#3043 = CYLINDRICAL_SURFACE ( 'NONE', #10, 0.1499999999999999667 ) ;
#3044 = AXIS2_PLACEMENT_3D ( 'NONE', #3331, #4217, #222 ) ;
#3045 = PRESENTATION_STYLE_ASSIGNMENT (( #745 ) ) ;
#3046 = DIRECTION ( 'NONE',  ( -4.644179531951731562E-16, 1.000000000000000000, 0.000000000000000000 ) ) ;
#3047 = MECHANICAL_DESIGN_GEOMETRIC_PRESENTATION_REPRESENTATION (  '', ( #5551 ), #593 ) ;
#3048 = FILL_AREA_STYLE_COLOUR ( '', #2823 ) ;
#3049 = LINE ( 'NONE', #4797, #4424 ) ;
#3050 = SURFACE_STYLE_USAGE ( .BOTH. , #2642 ) ;
#3051 = ORIENTED_EDGE ( 'NONE', *, *, #3722, .T. ) ;
#3052 = VECTOR ( 'NONE', #450, 1000.000000000000000 ) ;
#3053 = STYLED_ITEM ( 'NONE', ( #465 ), #491 ) ;
#3054 = VERTEX_POINT ( 'NONE', #1953 ) ;
#3055 = LINE ( 'NONE', #1230, #2764 ) ;
#3056 = LINE ( 'NONE', #5669, #2153 ) ;
#3057 =( NAMED_UNIT ( * ) SI_UNIT ( $, .STERADIAN. ) SOLID_ANGLE_UNIT ( ) );
#3058 = SURFACE_STYLE_USAGE ( .BOTH. , #3141 ) ;
#3059 = EDGE_CURVE ( 'NONE', #1298, #3887, #1857, .T. ) ;
#3060 = PRESENTATION_LAYER_ASSIGNMENT (  '', '', ( #986 ) ) ;
#3061 = SURFACE_SIDE_STYLE ('',( #5256 ) ) ;
#3062 =( LENGTH_UNIT ( ) NAMED_UNIT ( * ) SI_UNIT ( .MILLI., .METRE. ) );
#3063 = EDGE_CURVE ( 'NONE', #5292, #2812, #3355, .T. ) ;
#3064 = PRESENTATION_LAYER_ASSIGNMENT (  '', '', ( #2412 ) ) ;
#3065 = ORIENTED_EDGE ( 'NONE', *, *, #1189, .F. ) ;
#3066 = EDGE_CURVE ( 'NONE', #731, #4899, #2326, .T. ) ;
#3067 = DIRECTION ( 'NONE',  ( -1.000000000000000000, -3.742448381574715951E-16, 0.000000000000000000 ) ) ;
#3068 = DIRECTION ( 'NONE',  ( -1.000000000000000000, 0.000000000000000000, 0.000000000000000000 ) ) ;
#3069 = CARTESIAN_POINT ( 'NONE',  ( 1.143933982822019413, 0.000000000000000000, -0.05000000000000002359 ) ) ;
#3070 = VECTOR ( 'NONE', #2332, 999.9999999999998863 ) ;
#3071 = ORIENTED_EDGE ( 'NONE', *, *, #3164, .F. ) ;
#3072 = FILL_AREA_STYLE_COLOUR ( '', #5524 ) ;
#3073 = PLANE ( 'NONE',  #3911 ) ;
#3074 =( LENGTH_UNIT ( ) NAMED_UNIT ( * ) SI_UNIT ( .MILLI., .METRE. ) );
#3075 = CARTESIAN_POINT ( 'NONE',  ( 0.000000000000000000, 0.000000000000000000, -0.3499999999999999778 ) ) ;
#3076 = MECHANICAL_DESIGN_GEOMETRIC_PRESENTATION_REPRESENTATION (  '', ( #1192 ), #1284 ) ;
#3077 = DIRECTION ( 'NONE',  ( 0.000000000000000000, -1.000000000000000000, 0.000000000000000000 ) ) ;
#3078 = PRESENTATION_STYLE_ASSIGNMENT (( #2132 ) ) ;
#3079 = STYLED_ITEM ( 'NONE', ( #2104 ), #2005 ) ;
#3080 =( NAMED_UNIT ( * ) SI_UNIT ( $, .STERADIAN. ) SOLID_ANGLE_UNIT ( ) );
#3081 = PLANE ( 'NONE',  #4257 ) ;
#3082 = FACE_OUTER_BOUND ( 'NONE', #2666, .T. ) ;
#3083 = CIRCLE ( 'NONE', #5294, 0.2225000000000002531 ) ;
#3084 = ORIENTED_EDGE ( 'NONE', *, *, #3688, .F. ) ;
#3085 = AXIS2_PLACEMENT_3D ( 'NONE', #3708, #1384, #1479 ) ;
#3086 = VERTEX_POINT ( 'NONE', #4964 ) ;
#3087 = DIRECTION ( 'NONE',  ( 1.000000000000000000, 6.483163961332028415E-16, 0.000000000000000000 ) ) ;
#3088 = CIRCLE ( 'NONE', #2898, 0.1999999999999999833 ) ;
#3089 =( NAMED_UNIT ( * ) SI_UNIT ( $, .STERADIAN. ) SOLID_ANGLE_UNIT ( ) );
#3090 = PRESENTATION_LAYER_ASSIGNMENT (  '', '', ( #4184 ) ) ;
#3091 = FILL_AREA_STYLE_COLOUR ( '', #4361 ) ;
#3092 = EDGE_CURVE ( 'NONE', #333, #5614, #1036, .T. ) ;
#3093 =( GEOMETRIC_REPRESENTATION_CONTEXT ( 3 ) GLOBAL_UNCERTAINTY_ASSIGNED_CONTEXT ( ( #4187 ) ) GLOBAL_UNIT_ASSIGNED_CONTEXT ( ( #1555, #140, #3348 ) ) REPRESENTATION_CONTEXT ( 'NONE', 'WORKASPACE' ) );
#3094 =( LENGTH_UNIT ( ) NAMED_UNIT ( * ) SI_UNIT ( .MILLI., .METRE. ) );
#3095 = ORIENTED_EDGE ( 'NONE', *, *, #1791, .T. ) ;
#3096 = CARTESIAN_POINT ( 'NONE',  ( 1.027500000000000968, -0.9999999999999993339, -0.05000000000000002359 ) ) ;
#3097 =( LENGTH_UNIT ( ) NAMED_UNIT ( * ) SI_UNIT ( .MILLI., .METRE. ) );
#3098 = MECHANICAL_DESIGN_GEOMETRIC_PRESENTATION_REPRESENTATION (  '', ( #4649 ), #4367 ) ;
#3099 = EDGE_CURVE ( 'NONE', #1616, #5285, #975, .T. ) ;
#3100 = EDGE_LOOP ( 'NONE', ( #284, #4606, #1245, #1783 ) ) ;
#3101 = MECHANICAL_DESIGN_GEOMETRIC_PRESENTATION_REPRESENTATION (  '', ( #651 ), #2246 ) ;
#3102 = ORIENTED_EDGE ( 'NONE', *, *, #5215, .F. ) ;
#3103 = EDGE_CURVE ( 'NONE', #4727, #4628, #2301, .T. ) ;
#3104 = DIRECTION ( 'NONE',  ( -1.000000000000000000, -6.483163961332029401E-16, 0.000000000000000000 ) ) ;
#3105 = SURFACE_SIDE_STYLE ('',( #2188 ) ) ;
#3106 =( GEOMETRIC_REPRESENTATION_CONTEXT ( 3 ) GLOBAL_UNCERTAINTY_ASSIGNED_CONTEXT ( ( #4297 ) ) GLOBAL_UNIT_ASSIGNED_CONTEXT ( ( #2406, #3734, #3812 ) ) REPRESENTATION_CONTEXT ( 'NONE', 'WORKASPACE' ) );
#3107 = FILL_AREA_STYLE_COLOUR ( '', #406 ) ;
#3108 = SURFACE_STYLE_USAGE ( .BOTH. , #1307 ) ;
#3109 =( LENGTH_UNIT ( ) NAMED_UNIT ( * ) SI_UNIT ( .MILLI., .METRE. ) );
#3110 = MECHANICAL_DESIGN_GEOMETRIC_PRESENTATION_REPRESENTATION (  '', ( #2733 ), #5414 ) ;
#3111 = VERTEX_POINT ( 'NONE', #61 ) ;
#3112 = PLANE ( 'NONE',  #1300 ) ;
#3113 = EDGE_LOOP ( 'NONE', ( #4655, #4206, #3685, #313 ) ) ;
#3114 = CARTESIAN_POINT ( 'NONE',  ( 0.9000000000000019096, 0.8400000000000007461, 0.6000000000000000888 ) ) ;
#3115 = CARTESIAN_POINT ( 'NONE',  ( 0.9000000000000020206, 0.6500000000000006883, 0.5500000000000000444 ) ) ;
#3116 = FACE_OUTER_BOUND ( 'NONE', #5143, .T. ) ;
#3117 =( GEOMETRIC_REPRESENTATION_CONTEXT ( 3 ) GLOBAL_UNCERTAINTY_ASSIGNED_CONTEXT ( ( #2330 ) ) GLOBAL_UNIT_ASSIGNED_CONTEXT ( ( #743, #3908, #3171 ) ) REPRESENTATION_CONTEXT ( 'NONE', 'WORKASPACE' ) );
#3118 = CARTESIAN_POINT ( 'NONE',  ( 0.4749999999999997558, 0.000000000000000000, -0.05000000000000002359 ) ) ;
#3119 = ORIENTED_EDGE ( 'NONE', *, *, #683, .T. ) ;
#3120 = SURFACE_STYLE_FILL_AREA ( #5334 ) ;
#3121 =( GEOMETRIC_REPRESENTATION_CONTEXT ( 3 ) GLOBAL_UNCERTAINTY_ASSIGNED_CONTEXT ( ( #5293 ) ) GLOBAL_UNIT_ASSIGNED_CONTEXT ( ( #3750, #4201, #4631 ) ) REPRESENTATION_CONTEXT ( 'NONE', 'WORKASPACE' ) );
#3122 = CARTESIAN_POINT ( 'NONE',  ( -0.8999999999999980238, 0.7900000000000008127, 0.6000000000000000888 ) ) ;
#3123 =( LENGTH_UNIT ( ) NAMED_UNIT ( * ) SI_UNIT ( .MILLI., .METRE. ) );
#3124 = ORIENTED_EDGE ( 'NONE', *, *, #2664, .T. ) ;
#3125 = ORIENTED_EDGE ( 'NONE', *, *, #3868, .T. ) ;
#3126 = DIRECTION ( 'NONE',  ( 0.000000000000000000, 0.000000000000000000, -1.000000000000000000 ) ) ;
#3127 = SURFACE_STYLE_USAGE ( .BOTH. , #1773 ) ;
#3128 = CARTESIAN_POINT ( 'NONE',  ( 0.000000000000000000, -0.8399999999999995248, 0.5500000000000000444 ) ) ;
#3129 = EDGE_CURVE ( 'NONE', #4149, #1931, #5375, .T. ) ;
#3130 = FACE_OUTER_BOUND ( 'NONE', #4346, .T. ) ;
#3131 =( GEOMETRIC_REPRESENTATION_CONTEXT ( 3 ) GLOBAL_UNCERTAINTY_ASSIGNED_CONTEXT ( ( #5235 ) ) GLOBAL_UNIT_ASSIGNED_CONTEXT ( ( #1910, #2939, #2884 ) ) REPRESENTATION_CONTEXT ( 'NONE', 'WORKASPACE' ) );
#3132 = ADVANCED_FACE ( 'NONE', ( #117 ), #2402, .F. ) ;
#3133 =( NAMED_UNIT ( * ) SI_UNIT ( $, .STERADIAN. ) SOLID_ANGLE_UNIT ( ) );
#3134 = SURFACE_STYLE_USAGE ( .BOTH. , #3535 ) ;
#3135 = FILL_AREA_STYLE ('',( #916 ) ) ;
#3136 = ORIENTED_EDGE ( 'NONE', *, *, #355, .T. ) ;
#3137 = VECTOR ( 'NONE', #5203, 1000.000000000000000 ) ;
#3138 = ORIENTED_EDGE ( 'NONE', *, *, #1421, .T. ) ;
#3139 = SURFACE_SIDE_STYLE ('',( #2281 ) ) ;
#3140 =( NAMED_UNIT ( * ) SI_UNIT ( $, .STERADIAN. ) SOLID_ANGLE_UNIT ( ) );
#3141 = SURFACE_SIDE_STYLE ('',( #2228 ) ) ;
#3142 =( GEOMETRIC_REPRESENTATION_CONTEXT ( 3 ) GLOBAL_UNCERTAINTY_ASSIGNED_CONTEXT ( ( #3264 ) ) GLOBAL_UNIT_ASSIGNED_CONTEXT ( ( #4220, #1573, #1132 ) ) REPRESENTATION_CONTEXT ( 'NONE', 'WORKASPACE' ) );
#3143 = CIRCLE ( 'NONE', #4697, 0.1500000000000019096 ) ;
#3144 = FILL_AREA_STYLE ('',( #1790 ) ) ;
#3145 = ORIENTED_EDGE ( 'NONE', *, *, #1799, .T. ) ;
#3146 = COLOUR_RGB ( '',0.8039215686274510109, 0.8039215686274510109, 0.8039215686274510109 ) ;
#3147 = VECTOR ( 'NONE', #3846, 1000.000000000000000 ) ;
#3148 = CYLINDRICAL_SURFACE ( 'NONE', #802, 0.2225000000000004752 ) ;
#3149 = ORIENTED_EDGE ( 'NONE', *, *, #961, .T. ) ;
#3150 = PLANE ( 'NONE',  #5207 ) ;
#3151 = DIRECTION ( 'NONE',  ( 1.000000000000000000, 0.000000000000000000, 0.000000000000000000 ) ) ;
#3152 = SURFACE_STYLE_FILL_AREA ( #1351 ) ;
#3153 = ADVANCED_FACE ( 'NONE', ( #4156 ), #1266, .T. ) ;
#3154 = PLANE ( 'NONE',  #2016 ) ;
#3155 = UNCERTAINTY_MEASURE_WITH_UNIT (LENGTH_MEASURE( 1.000000000000000082E-05 ), #3704, 'distance_accuracy_value', 'NONE');
#3156 = DIRECTION ( 'NONE',  ( -1.000000000000000000, -0.000000000000000000, -0.000000000000000000 ) ) ;
#3157 = FILL_AREA_STYLE_COLOUR ( '', #4531 ) ;
#3158 = ORIENTED_EDGE ( 'NONE', *, *, #4669, .T. ) ;
#3159 = ADVANCED_FACE ( 'NONE', ( #5674 ), #825, .F. ) ;
#3160 = PRESENTATION_LAYER_ASSIGNMENT (  '', '', ( #5291 ) ) ;
#3161 = EDGE_LOOP ( 'NONE', ( #4131, #3305, #1112, #5755 ) ) ;
#3162 = PRESENTATION_STYLE_ASSIGNMENT (( #2252 ) ) ;
#3163 = LINE ( 'NONE', #422, #3180 ) ;
#3164 = EDGE_CURVE ( 'NONE', #661, #545, #4174, .T. ) ;
#3165 = CARTESIAN_POINT ( 'NONE',  ( -1.143933982822019413, 0.000000000000000000, -0.05000000000000002359 ) ) ;
#3166 = VECTOR ( 'NONE', #1660, 1000.000000000000000 ) ;
#3167 = DIRECTION ( 'NONE',  ( 0.000000000000000000, 1.000000000000000000, 0.000000000000000000 ) ) ;
#3168 = ORIENTED_EDGE ( 'NONE', *, *, #641, .F. ) ;
#3169 = MECHANICAL_DESIGN_GEOMETRIC_PRESENTATION_REPRESENTATION (  '', ( #2334 ), #4535 ) ;
#3170 = MECHANICAL_DESIGN_GEOMETRIC_PRESENTATION_REPRESENTATION (  '', ( #636 ), #5681 ) ;
#3171 =( NAMED_UNIT ( * ) SI_UNIT ( $, .STERADIAN. ) SOLID_ANGLE_UNIT ( ) );
#3172 = STYLED_ITEM ( 'NONE', ( #3256 ), #3521 ) ;
#3173 = VECTOR ( 'NONE', #19, 1000.000000000000000 ) ;
#3174 = ORIENTED_EDGE ( 'NONE', *, *, #5067, .F. ) ;
#3175 = VECTOR ( 'NONE', #5078, 1000.000000000000000 ) ;
#3176 = VECTOR ( 'NONE', #3525, 1000.000000000000000 ) ;
#3177 = FILL_AREA_STYLE ('',( #1376 ) ) ;
#3178 =( NAMED_UNIT ( * ) PLANE_ANGLE_UNIT ( ) SI_UNIT ( $, .RADIAN. ) );
#3179 =( LENGTH_UNIT ( ) NAMED_UNIT ( * ) SI_UNIT ( .MILLI., .METRE. ) );
#3180 = VECTOR ( 'NONE', #3994, 1000.000000000000000 ) ;
#3181 = DIRECTION ( 'NONE',  ( -1.000000000000000000, 0.000000000000000000, 0.000000000000000000 ) ) ;
#3182 = CARTESIAN_POINT ( 'NONE',  ( -0.8999999999999980238, 0.6500000000000006883, 0.5500000000000000444 ) ) ;
#3183 = SURFACE_STYLE_FILL_AREA ( #3135 ) ;
#3184 = VECTOR ( 'NONE', #2269, 1000.000000000000000 ) ;
#3185 = CARTESIAN_POINT ( 'NONE',  ( -1.250000000000001998, -0.8499999999999993117, -0.05000000000000002359 ) ) ;
#3186 = FACE_OUTER_BOUND ( 'NONE', #237, .T. ) ;
#3187 = EDGE_CURVE ( 'NONE', #4149, #3054, #4781, .T. ) ;
#3188 = SURFACE_SIDE_STYLE ('',( #476 ) ) ;
#3189 = ORIENTED_EDGE ( 'NONE', *, *, #1904, .F. ) ;
#3190 = ORIENTED_EDGE ( 'NONE', *, *, #1083, .F. ) ;
#3191 = DIRECTION ( 'NONE',  ( -1.000000000000000000, 0.000000000000000000, 0.000000000000000000 ) ) ;
#3192 = FILL_AREA_STYLE ('',( #2356 ) ) ;
#3193 = PRESENTATION_STYLE_ASSIGNMENT (( #1815 ) ) ;
#3194 = ADVANCED_FACE ( 'NONE', ( #5258 ), #2044, .F. ) ;
#3195 = DIRECTION ( 'NONE',  ( -1.000000000000000000, -6.483163961332029401E-16, 0.000000000000000000 ) ) ;
#3196 = EDGE_CURVE ( 'NONE', #71, #5706, #5228, .T. ) ;
#3197 = ORIENTED_EDGE ( 'NONE', *, *, #5787, .T. ) ;
#3198 = DIRECTION ( 'NONE',  ( 0.000000000000000000, 0.000000000000000000, -1.000000000000000000 ) ) ;
#3199 = COLOUR_RGB ( '',0.8627450980392157298, 0.6274509803921568540, 0.05882352941176470507 ) ;
#3200 = APPLICATION_PROTOCOL_DEFINITION ( 'draft international standard', 'automotive_design', 1998, #1663 ) ;
#3201 = CARTESIAN_POINT ( 'NONE',  ( 1.100000000000002087, 0.6500000000000005773, 0.5500000000000000444 ) ) ;
#3202 = FACE_OUTER_BOUND ( 'NONE', #134, .T. ) ;
#3203 = FACE_OUTER_BOUND ( 'NONE', #4200, .T. ) ;
#3204 = ORIENTED_EDGE ( 'NONE', *, *, #421, .T. ) ;
#3205 = MECHANICAL_DESIGN_GEOMETRIC_PRESENTATION_REPRESENTATION (  '', ( #106 ), #3121 ) ;
#3206 = UNCERTAINTY_MEASURE_WITH_UNIT (LENGTH_MEASURE( 1.000000000000000082E-05 ), #5445, 'distance_accuracy_value', 'NONE');
#3207 = DIRECTION ( 'NONE',  ( 0.000000000000000000, 0.000000000000000000, -1.000000000000000000 ) ) ;
#3208 = CARTESIAN_POINT ( 'NONE',  ( -0.5562500000000011324, -0.5562499999999990230, -0.3499999999999999778 ) ) ;
#3209 = CARTESIAN_POINT ( 'NONE',  ( -1.099999999999998090, -0.8499999999999994227, 0.5500000000000000444 ) ) ;
#3210 = CARTESIAN_POINT ( 'NONE',  ( -0.4749999999999999778, 0.3374999999999997446, 0.3742640687119284659 ) ) ;
#3211 = PRESENTATION_LAYER_ASSIGNMENT (  '', '', ( #3593 ) ) ;
#3212 = DIRECTION ( 'NONE',  ( 1.000000000000000000, 0.000000000000000000, -0.000000000000000000 ) ) ;
#3213 = UNCERTAINTY_MEASURE_WITH_UNIT (LENGTH_MEASURE( 1.000000000000000082E-05 ), #4838, 'distance_accuracy_value', 'NONE');
#3214 = STYLED_ITEM ( 'NONE', ( #616 ), #5030 ) ;
#3215 = CARTESIAN_POINT ( 'NONE',  ( 1.027500000000001190, -0.9999999999999993339, -0.3499999999999999778 ) ) ;
#3216 = DIRECTION ( 'NONE',  ( 1.000000000000000000, 0.000000000000000000, 0.000000000000000000 ) ) ;
#3217 = ORIENTED_EDGE ( 'NONE', *, *, #4440, .T. ) ;
#3218 = AXIS2_PLACEMENT_3D ( 'NONE', #259, #5191, #1203 ) ;
#3219 = ORIENTED_EDGE ( 'NONE', *, *, #183, .F. ) ;
#3220 = CYLINDRICAL_SURFACE ( 'NONE', #2354, 0.2225000000000002531 ) ;
#3221 = LINE ( 'NONE', #481, #2886 ) ;
#3222 = DIRECTION ( 'NONE',  ( -1.000000000000000000, 0.000000000000000000, 0.000000000000000000 ) ) ;
#3223 = DIRECTION ( 'NONE',  ( 1.000000000000000000, 0.000000000000000000, 0.000000000000000000 ) ) ;
#3224 = VERTEX_POINT ( 'NONE', #1846 ) ;
#3225 = PLANE ( 'NONE',  #2107 ) ;
#3226 = EDGE_CURVE ( 'NONE', #3754, #1433, #4736, .T. ) ;
#3227 = SURFACE_STYLE_USAGE ( .BOTH. , #109 ) ;
#3228 = VECTOR ( 'NONE', #5783, 1000.000000000000000 ) ;
#3229 = AXIS2_PLACEMENT_3D ( 'NONE', #4012, #4966, #2661 ) ;
#3230 = PRODUCT_RELATED_PRODUCT_CATEGORY ( 'part', '', ( #4251 ) ) ;
#3231 = CARTESIAN_POINT ( 'NONE',  ( 0.9900000000000022116, 0.6500000000000005773, 0.6000000000000000888 ) ) ;
#3232 =( GEOMETRIC_REPRESENTATION_CONTEXT ( 3 ) GLOBAL_UNCERTAINTY_ASSIGNED_CONTEXT ( ( #2398 ) ) GLOBAL_UNIT_ASSIGNED_CONTEXT ( ( #5699, #3852, #2140 ) ) REPRESENTATION_CONTEXT ( 'NONE', 'WORKASPACE' ) );
#3233 = ORIENTED_EDGE ( 'NONE', *, *, #5571, .T. ) ;
#3234 = ADVANCED_FACE ( 'NONE', ( #107 ), #3584, .T. ) ;
#3235 = ORIENTED_EDGE ( 'NONE', *, *, #1831, .T. ) ;
#3236 =( LENGTH_UNIT ( ) NAMED_UNIT ( * ) SI_UNIT ( .MILLI., .METRE. ) );
#3237 = SURFACE_STYLE_FILL_AREA ( #4512 ) ;
#3238 = PRESENTATION_LAYER_ASSIGNMENT (  '', '', ( #5272 ) ) ;
#3239 = SURFACE_STYLE_USAGE ( .BOTH. , #3676 ) ;
#3240 = DIRECTION ( 'NONE',  ( 0.000000000000000000, -1.000000000000000000, 0.000000000000000000 ) ) ;
#3241 = VECTOR ( 'NONE', #2256, 1000.000000000000000 ) ;
#3242 = CARTESIAN_POINT ( 'NONE',  ( -0.8999999999999980238, 0.8500000000000007550, 0.5500000000000000444 ) ) ;
#3243 = DIRECTION ( 'NONE',  ( -0.000000000000000000, -0.000000000000000000, 1.000000000000000000 ) ) ;
#3244 = SURFACE_STYLE_USAGE ( .BOTH. , #1448 ) ;
#3245 = PLANE ( 'NONE',  #5776 ) ;
#3246 = VECTOR ( 'NONE', #5134, 1000.000000000000000 ) ;
#3247 = ORIENTED_EDGE ( 'NONE', *, *, #4475, .F. ) ;
#3248 = ORIENTED_EDGE ( 'NONE', *, *, #4772, .F. ) ;
#3249 = CARTESIAN_POINT ( 'NONE',  ( 0.4749999999999997558, -0.8939339828220190798, -0.05000000000000002359 ) ) ;
#3250 = VECTOR ( 'NONE', #5484, 1000.000000000000000 ) ;
#3251 = DIRECTION ( 'NONE',  ( -1.000000000000000000, 0.000000000000000000, 0.000000000000000000 ) ) ;
#3252 = FACE_OUTER_BOUND ( 'NONE', #3755, .T. ) ;
#3253 =( NAMED_UNIT ( * ) PLANE_ANGLE_UNIT ( ) SI_UNIT ( $, .RADIAN. ) );
#3254 = ORIENTED_EDGE ( 'NONE', *, *, #5790, .F. ) ;
#3255 = SURFACE_STYLE_USAGE ( .BOTH. , #639 ) ;
#3256 = PRESENTATION_STYLE_ASSIGNMENT (( #3587 ) ) ;
#3257 =( LENGTH_UNIT ( ) NAMED_UNIT ( * ) SI_UNIT ( .MILLI., .METRE. ) );
#3258 = MECHANICAL_DESIGN_GEOMETRIC_PRESENTATION_REPRESENTATION (  '', ( #5291 ), #1009 ) ;
#3259 = FILL_AREA_STYLE ('',( #609 ) ) ;
#3260 = ADVANCED_FACE ( 'NONE', ( #958 ), #79, .F. ) ;
#3261 = VECTOR ( 'NONE', #4513, 1000.000000000000000 ) ;
#3262 = EDGE_LOOP ( 'NONE', ( #1452, #2935, #4542, #5698 ) ) ;
#3263 = ORIENTED_EDGE ( 'NONE', *, *, #221, .F. ) ;
#3264 = UNCERTAINTY_MEASURE_WITH_UNIT (LENGTH_MEASURE( 1.000000000000000082E-05 ), #4220, 'distance_accuracy_value', 'NONE');
#3265 = CARTESIAN_POINT ( 'NONE',  ( 1.250000000000001998, 0.7775000000000007461, -0.05000000000000002359 ) ) ;
#3266 = DIRECTION ( 'NONE',  ( 1.000000000000000000, -2.938743035250680914E-16, 0.000000000000000000 ) ) ;
#3267 =( GEOMETRIC_REPRESENTATION_CONTEXT ( 3 ) GLOBAL_UNCERTAINTY_ASSIGNED_CONTEXT ( ( #3382 ) ) GLOBAL_UNIT_ASSIGNED_CONTEXT ( ( #1089, #3746, #1061 ) ) REPRESENTATION_CONTEXT ( 'NONE', 'WORKASPACE' ) );
#3268 = FACE_OUTER_BOUND ( 'NONE', #2795, .T. ) ;
#3269 = DIRECTION ( 'NONE',  ( 1.000000000000000000, 0.000000000000000000, 0.000000000000000000 ) ) ;
#3270 = EDGE_CURVE ( 'NONE', #3224, #4640, #4824, .T. ) ;
#3271 = EDGE_CURVE ( 'NONE', #1469, #3671, #2850, .T. ) ;
#3272 = CIRCLE ( 'NONE', #735, 0.09000000000000002442 ) ;
#3273 = CARTESIAN_POINT ( 'NONE',  ( 1.250000000000001998, 1.000000000000000666, -0.3499999999999999778 ) ) ;
#3274 = UNCERTAINTY_MEASURE_WITH_UNIT (LENGTH_MEASURE( 1.000000000000000082E-05 ), #554, 'distance_accuracy_value', 'NONE');
#3275 = DIRECTION ( 'NONE',  ( -1.000000000000000000, 0.000000000000000000, 0.000000000000000000 ) ) ;
#3276 = DIRECTION ( 'NONE',  ( -1.948483029355699046E-16, -1.000000000000000000, 0.000000000000000000 ) ) ;
#3277 = PRESENTATION_LAYER_ASSIGNMENT (  '', '', ( #172 ) ) ;
#3278 = CARTESIAN_POINT ( 'NONE',  ( -1.054407950059315091, -0.8939339828220188577, -0.05000000000000002359 ) ) ;
#3279 = VERTEX_POINT ( 'NONE', #605 ) ;
#3280 = SURFACE_STYLE_FILL_AREA ( #2224 ) ;
#3281 = ORIENTED_EDGE ( 'NONE', *, *, #4743, .F. ) ;
#3282 = DIRECTION ( 'NONE',  ( 0.000000000000000000, 0.000000000000000000, -1.000000000000000000 ) ) ;
#3283 = LINE ( 'NONE', #4687, #2255 ) ;
#3284 = CARTESIAN_POINT ( 'NONE',  ( -1.100000000000001865, -1.000000000000001110, -0.05000000000000002359 ) ) ;
#3285 = FILL_AREA_STYLE ('',( #3799 ) ) ;
#3286 = ORIENTED_EDGE ( 'NONE', *, *, #1142, .F. ) ;
#3287 = ORIENTED_EDGE ( 'NONE', *, *, #4624, .F. ) ;
#3288 = CARTESIAN_POINT ( 'NONE',  ( 0.000000000000000000, 1.000000000000000666, -0.05000000000000002359 ) ) ;
#3289 = DIRECTION ( 'NONE',  ( -1.000000000000000000, 0.000000000000000000, 0.000000000000000000 ) ) ;
#3290 = SURFACE_SIDE_STYLE ('',( #4146 ) ) ;
#3291 = PRESENTATION_LAYER_ASSIGNMENT (  '', '', ( #2547 ) ) ;
#3292 = ORIENTED_EDGE ( 'NONE', *, *, #787, .F. ) ;
#3293 = ORIENTED_EDGE ( 'NONE', *, *, #21, .F. ) ;
#3294 = CARTESIAN_POINT ( 'NONE',  ( 0.4749999999999997558, -0.3374999999999999667, -0.05000000000000002359 ) ) ;
#3295 = SURFACE_STYLE_FILL_AREA ( #240 ) ;
#3296 = EDGE_CURVE ( 'NONE', #5574, #4306, #3088, .T. ) ;
#3297 = CARTESIAN_POINT ( 'NONE',  ( 2.188067836949561821E-16, -0.3375000000000002998, -0.05000000000000002359 ) ) ;
#3298 = CARTESIAN_POINT ( 'NONE',  ( 1.100000000000002087, 1.000000000000000666, -0.05000000000000002359 ) ) ;
#3299 = AXIS2_PLACEMENT_3D ( 'NONE', #233, #2456, #1461 ) ;
#3300 = SURFACE_STYLE_FILL_AREA ( #1416 ) ;
#3301 = EDGE_CURVE ( 'NONE', #342, #4571, #1026, .T. ) ;
#3302 = COLOUR_RGB ( '',0.2862745098039215508, 0.2862745098039215508, 0.2862745098039215508 ) ;
#3303 = SURFACE_STYLE_USAGE ( .BOTH. , #220 ) ;
#3304 = VERTEX_POINT ( 'NONE', #951 ) ;
#3305 = ORIENTED_EDGE ( 'NONE', *, *, #2657, .F. ) ;
#3306 = CARTESIAN_POINT ( 'NONE',  ( 1.100000000000002087, 0.8500000000000007550, 0.5500000000000000444 ) ) ;
#3307 = DIRECTION ( 'NONE',  ( -1.000000000000000000, -3.742448381574715951E-16, 0.000000000000000000 ) ) ;
#3308 = DIRECTION ( 'NONE',  ( 0.000000000000000000, 0.000000000000000000, -1.000000000000000000 ) ) ;
#3309 = DIRECTION ( 'NONE',  ( 0.000000000000000000, 0.000000000000000000, 1.000000000000000000 ) ) ;
#3310 = CARTESIAN_POINT ( 'NONE',  ( 1.090000000000002078, 0.6500000000000004663, 0.6000000000000000888 ) ) ;
#3311 = ORIENTED_EDGE ( 'NONE', *, *, #2699, .F. ) ;
#3312 = SURFACE_SIDE_STYLE ('',( #2020 ) ) ;
#3313 = VERTEX_POINT ( 'NONE', #2696 ) ;
#3314 = CARTESIAN_POINT ( 'NONE',  ( -1.027500000000001412, 1.000000000000000666, -0.3499999999999999778 ) ) ;
#3315 = LINE ( 'NONE', #5083, #2147 ) ;
#3316 = DIRECTION ( 'NONE',  ( 0.000000000000000000, -1.000000000000000000, 0.000000000000000000 ) ) ;
#3317 = CIRCLE ( 'NONE', #3044, 0.09000000000000002442 ) ;
#3318 = FILL_AREA_STYLE_COLOUR ( '', #412 ) ;
#3319 = ORIENTED_EDGE ( 'NONE', *, *, #2986, .T. ) ;
#3320 = STYLED_ITEM ( 'NONE', ( #480 ), #5377 ) ;
#3321 = MECHANICAL_DESIGN_GEOMETRIC_PRESENTATION_REPRESENTATION (  '', ( #1734 ), #3871 ) ;
#3322 = ORIENTED_EDGE ( 'NONE', *, *, #2877, .F. ) ;
#3323 = FILL_AREA_STYLE ('',( #208 ) ) ;
#3324 = FACE_OUTER_BOUND ( 'NONE', #1033, .T. ) ;
#3325 = AXIS2_PLACEMENT_3D ( 'NONE', #935, #1297, #1822 ) ;
#3326 = LINE ( 'NONE', #4122, #3506 ) ;
#3327 = UNCERTAINTY_MEASURE_WITH_UNIT (LENGTH_MEASURE( 1.000000000000000082E-05 ), #2546, 'distance_accuracy_value', 'NONE');
#3328 = CARTESIAN_POINT ( 'NONE',  ( -1.249999999999999334, -3.738628180984491411E-15, -0.05000000000000002359 ) ) ;
#3329 = DIRECTION ( 'NONE',  ( 0.000000000000000000, 0.000000000000000000, 1.000000000000000000 ) ) ;
#3330 = LINE ( 'NONE', #1930, #4516 ) ;
#3331 = CARTESIAN_POINT ( 'NONE',  ( 0.9000000000000019096, 0.6500000000000006883, 0.6500000000000001332 ) ) ;
#3332 = EDGE_CURVE ( 'NONE', #3754, #545, #5422, .T. ) ;
#3333 = CIRCLE ( 'NONE', #5752, 0.1500000000000008271 ) ;
#3334 = ORIENTED_EDGE ( 'NONE', *, *, #3622, .T. ) ;
#3335 = LINE ( 'NONE', #2450, #3371 ) ;
#3336 = DIRECTION ( 'NONE',  ( -0.000000000000000000, -0.000000000000000000, -1.000000000000000000 ) ) ;
#3337 = TOROIDAL_SURFACE ( 'NONE', #4060, 0.1900000000000000855, 0.05000000000000000278 ) ;
#3338 = SURFACE_STYLE_USAGE ( .BOTH. , #1547 ) ;
#3339 = PRESENTATION_STYLE_ASSIGNMENT (( #2046 ) ) ;
#3340 = VERTEX_POINT ( 'NONE', #4526 ) ;
#3341 = ADVANCED_FACE ( 'NONE', ( #536 ), #3112, .T. ) ;
#3342 = VECTOR ( 'NONE', #1322, 1000.000000000000000 ) ;
#3343 = DIRECTION ( 'NONE',  ( -0.000000000000000000, -0.000000000000000000, -1.000000000000000000 ) ) ;
#3344 = ORIENTED_EDGE ( 'NONE', *, *, #399, .F. ) ;
#3345 = EDGE_CURVE ( 'NONE', #3700, #2312, #2166, .T. ) ;
#3346 = DIRECTION ( 'NONE',  ( 0.000000000000000000, 0.000000000000000000, -1.000000000000000000 ) ) ;
#3347 = SURFACE_STYLE_USAGE ( .BOTH. , #4692 ) ;
#3348 =( NAMED_UNIT ( * ) SI_UNIT ( $, .STERADIAN. ) SOLID_ANGLE_UNIT ( ) );
#3349 = CIRCLE ( 'NONE', #817, 0.1900000000000000577 ) ;
#3350 = SURFACE_STYLE_USAGE ( .BOTH. , #1557 ) ;
#3351 = ORIENTED_EDGE ( 'NONE', *, *, #2418, .F. ) ;
#3352 = COLOUR_RGB ( '',0.8039215686274510109, 0.8039215686274510109, 0.8039215686274510109 ) ;
#3353 = ORIENTED_EDGE ( 'NONE', *, *, #3600, .F. ) ;
#3354 = DIRECTION ( 'NONE',  ( 5.981805089575315315E-15, -1.000000000000000000, 0.000000000000000000 ) ) ;
#3355 = CIRCLE ( 'NONE', #3542, 0.1500000000000008271 ) ;
#3356 = AXIS2_PLACEMENT_3D ( 'NONE', #3959, #2129, #4765 ) ;
#3357 = FILL_AREA_STYLE_COLOUR ( '', #4043 ) ;
#3358 = AXIS2_PLACEMENT_3D ( 'NONE', #2049, #4594, #5573 ) ;
#3359 = CARTESIAN_POINT ( 'NONE',  ( -1.250000000000001998, 1.000000000000000666, -0.05000000000000002359 ) ) ;
#3360 = PRESENTATION_LAYER_ASSIGNMENT (  '', '', ( #914 ) ) ;
#3361 = FACE_OUTER_BOUND ( 'NONE', #1388, .T. ) ;
#3362 = DIRECTION ( 'NONE',  ( -0.000000000000000000, -0.000000000000000000, 1.000000000000000000 ) ) ;
#3363 = ORIENTED_EDGE ( 'NONE', *, *, #1318, .T. ) ;
#3364 = AXIS2_PLACEMENT_3D ( 'NONE', #3520, #2145, #289 ) ;
#3365 =( LENGTH_UNIT ( ) NAMED_UNIT ( * ) SI_UNIT ( .MILLI., .METRE. ) );
#3366 =( GEOMETRIC_REPRESENTATION_CONTEXT ( 3 ) GLOBAL_UNCERTAINTY_ASSIGNED_CONTEXT ( ( #3788 ) ) GLOBAL_UNIT_ASSIGNED_CONTEXT ( ( #81, #4982, #1137 ) ) REPRESENTATION_CONTEXT ( 'NONE', 'WORKASPACE' ) );
#3367 = SURFACE_SIDE_STYLE ('',( #5102 ) ) ;
#3368 = PRESENTATION_STYLE_ASSIGNMENT (( #3798 ) ) ;
#3369 = CARTESIAN_POINT ( 'NONE',  ( -1.250000000000001998, 1.000000000000000666, -0.05000000000000002359 ) ) ;
#3370 = ORIENTED_EDGE ( 'NONE', *, *, #4811, .T. ) ;
#3371 = VECTOR ( 'NONE', #4587, 1000.000000000000000 ) ;
#3372 = ORIENTED_EDGE ( 'NONE', *, *, #894, .T. ) ;
#3373 = FILL_AREA_STYLE ('',( #2055 ) ) ;
#3374 = ADVANCED_FACE ( 'NONE', ( #3938 ), #2580, .F. ) ;
#3375 = VECTOR ( 'NONE', #5678, 1000.000000000000000 ) ;
#3376 = FILL_AREA_STYLE_COLOUR ( '', #3302 ) ;
#3377 = EDGE_CURVE ( 'NONE', #5531, #2680, #5214, .T. ) ;
#3378 = MANIFOLD_SOLID_BREP ( 'Split1[3]', #1256 ) ;
#3379 = ORIENTED_EDGE ( 'NONE', *, *, #3796, .T. ) ;
#3380 = ORIENTED_EDGE ( 'NONE', *, *, #1700, .F. ) ;
#3381 = CARTESIAN_POINT ( 'NONE',  ( 0.4749999999999997558, -9.255294389439565909E-17, -0.05000000000000002359 ) ) ;
#3382 = UNCERTAINTY_MEASURE_WITH_UNIT (LENGTH_MEASURE( 1.000000000000000082E-05 ), #1089, 'distance_accuracy_value', 'NONE');
#3383 = MECHANICAL_DESIGN_GEOMETRIC_PRESENTATION_REPRESENTATION (  '', ( #2466 ), #851 ) ;
#3384 = LINE ( 'NONE', #711, #1032 ) ;
#3385 = FILL_AREA_STYLE ('',( #4651 ) ) ;
#3386 = SURFACE_STYLE_USAGE ( .BOTH. , #2927 ) ;
#3387 = SURFACE_STYLE_FILL_AREA ( #1601 ) ;
#3388 = MANIFOLD_SOLID_BREP ( 'Boss-Extrude6', #870 ) ;
#3389 = SURFACE_SIDE_STYLE ('',( #310 ) ) ;
#3390 = SURFACE_STYLE_FILL_AREA ( #2387 ) ;
#3391 = VERTEX_POINT ( 'NONE', #5320 ) ;
#3392 = COLOUR_RGB ( '',0.8039215686274510109, 0.8039215686274510109, 0.8039215686274510109 ) ;
#3393 = VERTEX_POINT ( 'NONE', #295 ) ;
#3394 = DIRECTION ( 'NONE',  ( -0.000000000000000000, -0.000000000000000000, 1.000000000000000000 ) ) ;
#3395 = AXIS2_PLACEMENT_3D ( 'NONE', #4134, #1057, #955 ) ;
#3396 = SURFACE_STYLE_FILL_AREA ( #1611 ) ;
#3397 = LINE ( 'NONE', #2114, #4307 ) ;
#3398 = CARTESIAN_POINT ( 'NONE',  ( -1.249999999999998002, 0.7775000000000005240, -0.05000000000000002359 ) ) ;
#3399 = EDGE_CURVE ( 'NONE', #5325, #3642, #913, .T. ) ;
#3400 = ORIENTED_EDGE ( 'NONE', *, *, #557, .T. ) ;
#3401 = VERTEX_POINT ( 'NONE', #4123 ) ;
#3402 = SURFACE_STYLE_FILL_AREA ( #5260 ) ;
#3403 = PLANE ( 'NONE',  #401 ) ;
#3404 = CARTESIAN_POINT ( 'NONE',  ( -1.027500000000001190, -0.9999999999999993339, -0.05000000000000002359 ) ) ;
#3405 = FILL_AREA_STYLE_COLOUR ( '', #981 ) ;
#3406 = EDGE_CURVE ( 'NONE', #4899, #5557, #1677, .T. ) ;
#3407 =( GEOMETRIC_REPRESENTATION_CONTEXT ( 3 ) GLOBAL_UNCERTAINTY_ASSIGNED_CONTEXT ( ( #1279 ) ) GLOBAL_UNIT_ASSIGNED_CONTEXT ( ( #2100, #337, #3133 ) ) REPRESENTATION_CONTEXT ( 'NONE', 'WORKASPACE' ) );
#3408 = AXIS2_PLACEMENT_3D ( 'NONE', #2238, #54, #4448 ) ;
#3409 = CARTESIAN_POINT ( 'NONE',  ( -0.4749999999999999223, 0.000000000000000000, -0.3499999999999999778 ) ) ;
#3410 = PRESENTATION_STYLE_ASSIGNMENT (( #4269 ) ) ;
#3411 = CARTESIAN_POINT ( 'NONE',  ( -1.250000000000002220, -1.000000000000000222, -0.05000000000000002359 ) ) ;
#3412 = AXIS2_PLACEMENT_3D ( 'NONE', #5553, #2882, #4534 ) ;
#3413 = STYLED_ITEM ( 'NONE', ( #2025 ), #830 ) ;
#3414 =( NAMED_UNIT ( * ) SI_UNIT ( $, .STERADIAN. ) SOLID_ANGLE_UNIT ( ) );
#3415 = CARTESIAN_POINT ( 'NONE',  ( -3.345501787246905815E-16, -0.8939339828220193018, -0.05000000000000002359 ) ) ;
#3416 =( NAMED_UNIT ( * ) PLANE_ANGLE_UNIT ( ) SI_UNIT ( $, .RADIAN. ) );
#3417 = LINE ( 'NONE', #4195, #1566 ) ;
#3418 =( GEOMETRIC_REPRESENTATION_CONTEXT ( 3 ) GLOBAL_UNCERTAINTY_ASSIGNED_CONTEXT ( ( #435 ) ) GLOBAL_UNIT_ASSIGNED_CONTEXT ( ( #2151, #1426, #3588 ) ) REPRESENTATION_CONTEXT ( 'NONE', 'WORKASPACE' ) );
#3419 = CIRCLE ( 'NONE', #5559, 0.2225000000000002531 ) ;
#3420 = SURFACE_STYLE_FILL_AREA ( #4336 ) ;
#3421 = ORIENTED_EDGE ( 'NONE', *, *, #4021, .T. ) ;
#3422 = ORIENTED_EDGE ( 'NONE', *, *, #680, .T. ) ;
#3423 = VECTOR ( 'NONE', #5601, 1000.000000000000000 ) ;
#3424 = PRESENTATION_STYLE_ASSIGNMENT (( #5701 ) ) ;
#3425 =( NAMED_UNIT ( * ) SI_UNIT ( $, .STERADIAN. ) SOLID_ANGLE_UNIT ( ) );
#3426 = DIRECTION ( 'NONE',  ( -1.000000000000000000, 0.000000000000000000, 0.000000000000000000 ) ) ;
#3427 = MECHANICAL_DESIGN_GEOMETRIC_PRESENTATION_REPRESENTATION (  '', ( #2514 ), #896 ) ;
#3428 = ORIENTED_EDGE ( 'NONE', *, *, #5391, .T. ) ;
#3429 = ORIENTED_EDGE ( 'NONE', *, *, #1584, .F. ) ;
#3430 = PRESENTATION_LAYER_ASSIGNMENT (  '', '', ( #5372 ) ) ;
#3431 = LINE ( 'NONE', #3496, #2452 ) ;
#3432 = EDGE_CURVE ( 'NONE', #3086, #1500, #1923, .T. ) ;
#3433 = CARTESIAN_POINT ( 'NONE',  ( -0.4749999999999997558, -0.8939339828220190798, -0.05000000000000002359 ) ) ;
#3434 = TOROIDAL_SURFACE ( 'NONE', #3537, 0.09000000000000009381, 0.05000000000000000278 ) ;
#3435 = EDGE_LOOP ( 'NONE', ( #1087, #99, #1913, #3864 ) ) ;
#3436 = UNCERTAINTY_MEASURE_WITH_UNIT (LENGTH_MEASURE( 1.000000000000000082E-05 ), #479, 'distance_accuracy_value', 'NONE');
#3437 = FACE_OUTER_BOUND ( 'NONE', #1498, .T. ) ;
#3438 = DIRECTION ( 'NONE',  ( 0.000000000000000000, 0.000000000000000000, -1.000000000000000000 ) ) ;
#3439 = EDGE_CURVE ( 'NONE', #630, #3511, #640, .T. ) ;
#3440 = STYLED_ITEM ( 'NONE', ( #1160 ), #1948 ) ;
#3441 = SURFACE_STYLE_FILL_AREA ( #4025 ) ;
#3442 = CARTESIAN_POINT ( 'NONE',  ( -1.250000000000001998, 1.000000000000000666, -0.05000000000000002359 ) ) ;
#3443 = EDGE_CURVE ( 'NONE', #3684, #4833, #3001, .T. ) ;
#3444 = SURFACE_STYLE_FILL_AREA ( #2522 ) ;
#3445 = VECTOR ( 'NONE', #5742, 1000.000000000000000 ) ;
#3446 = DIRECTION ( 'NONE',  ( 0.000000000000000000, 0.000000000000000000, -1.000000000000000000 ) ) ;
#3447 = CARTESIAN_POINT ( 'NONE',  ( -0.4749999999999999778, 0.3374999999999997446, -0.3499999999999999778 ) ) ;
#3448 =( NAMED_UNIT ( * ) PLANE_ANGLE_UNIT ( ) SI_UNIT ( $, .RADIAN. ) );
#3449 = COLOUR_RGB ( '',0.8627450980392157298, 0.6274509803921568540, 0.05882352941176470507 ) ;
#3450 = AXIS2_PLACEMENT_3D ( 'NONE', #1504, #3839, #5558 ) ;
#3451 = CYLINDRICAL_SURFACE ( 'NONE', #3890, 0.1000000000000001582 ) ;
#3452 = ORIENTED_EDGE ( 'NONE', *, *, #281, .F. ) ;
#3453 = ORIENTED_EDGE ( 'NONE', *, *, #4596, .F. ) ;
#3454 = VECTOR ( 'NONE', #1708, 1000.000000000000000 ) ;
#3455 = DIRECTION ( 'NONE',  ( -1.000000000000000000, 0.000000000000000000, 0.000000000000000000 ) ) ;
#3456 = SURFACE_STYLE_FILL_AREA ( #2175 ) ;
#3457 = FACE_OUTER_BOUND ( 'NONE', #2076, .T. ) ;
#3458 = DIRECTION ( 'NONE',  ( -1.000000000000000000, -0.000000000000000000, -0.000000000000000000 ) ) ;
#3459 = DIRECTION ( 'NONE',  ( 0.000000000000000000, 0.000000000000000000, -1.000000000000000000 ) ) ;
#3460 = FILL_AREA_STYLE_COLOUR ( '', #2023 ) ;
#3461 = AXIS2_PLACEMENT_3D ( 'NONE', #1191, #2987, #4745 ) ;
#3462 = SURFACE_STYLE_USAGE ( .BOTH. , #404 ) ;
#3463 = ORIENTED_EDGE ( 'NONE', *, *, #4677, .F. ) ;
#3464 = VECTOR ( 'NONE', #3727, 1000.000000000000000 ) ;
#3465 = DIRECTION ( 'NONE',  ( -1.000000000000000000, 3.742448381574715951E-16, 0.000000000000000000 ) ) ;
#3466 = CYLINDRICAL_SURFACE ( 'NONE', #3615, 0.1999999999999999833 ) ;
#3467 = AXIS2_PLACEMENT_3D ( 'NONE', #4878, #2807, #5352 ) ;
#3468 = CARTESIAN_POINT ( 'NONE',  ( -1.250000000000002220, -1.000000000000000222, -0.05000000000000002359 ) ) ;
#3469 = VERTEX_POINT ( 'NONE', #3494 ) ;
#3470 = ORIENTED_EDGE ( 'NONE', *, *, #2765, .T. ) ;
#3471 =( NAMED_UNIT ( * ) SI_UNIT ( $, .STERADIAN. ) SOLID_ANGLE_UNIT ( ) );
#3472 = CIRCLE ( 'NONE', #934, 0.2225000000000000311 ) ;
#3473 = SURFACE_STYLE_FILL_AREA ( #5295 ) ;
#3474 = DIRECTION ( 'NONE',  ( 0.000000000000000000, 0.000000000000000000, -1.000000000000000000 ) ) ;
#3475 = SURFACE_STYLE_USAGE ( .BOTH. , #2165 ) ;
#3476 = AXIS2_PLACEMENT_3D ( 'NONE', #4033, #2216, #5770 ) ;
#3477 = EDGE_CURVE ( 'NONE', #2840, #4833, #2053, .T. ) ;
#3478 = SURFACE_SIDE_STYLE ('',( #2608 ) ) ;
#3479 = CYLINDRICAL_SURFACE ( 'NONE', #1237, 0.2225000000000002531 ) ;
#3480 = AXIS2_PLACEMENT_3D ( 'NONE', #4386, #2169, #1332 ) ;
#3481 = CARTESIAN_POINT ( 'NONE',  ( -0.4749999999999999223, 0.8939339828220188577, -0.3499999999999999778 ) ) ;
#3482 = VERTEX_POINT ( 'NONE', #3096 ) ;
#3483 = EDGE_CURVE ( 'NONE', #1558, #5137, #4917, .T. ) ;
#3484 = AXIS2_PLACEMENT_3D ( 'NONE', #1996, #171, #4143 ) ;
#3485 = ORIENTED_EDGE ( 'NONE', *, *, #5576, .T. ) ;
#3486 = SURFACE_SIDE_STYLE ('',( #5632 ) ) ;
#3487 = CARTESIAN_POINT ( 'NONE',  ( -1.143933982822019191, -5.312634788926045980E-16, -0.3499999999999999778 ) ) ;
#3488 = LINE ( 'NONE', #5729, #2318 ) ;
#3489 = CARTESIAN_POINT ( 'NONE',  ( -1.143933982822019191, -5.312634788926045980E-16, -0.05000000000000002359 ) ) ;
#3490 = FILL_AREA_STYLE ('',( #4807 ) ) ;
#3491 = DIRECTION ( 'NONE',  ( -1.000000000000000000, 0.000000000000000000, 0.000000000000000000 ) ) ;
#3492 =( NAMED_UNIT ( * ) SI_UNIT ( $, .STERADIAN. ) SOLID_ANGLE_UNIT ( ) );
#3493 = VERTEX_POINT ( 'NONE', #4783 ) ;
#3494 = CARTESIAN_POINT ( 'NONE',  ( 1.100000000000002087, 1.000000000000000666, -0.3499999999999999778 ) ) ;
#3495 = SURFACE_STYLE_USAGE ( .BOTH. , #2944 ) ;
#3496 = CARTESIAN_POINT ( 'NONE',  ( -1.249999999999998002, 0.7775000000000005240, -0.05000000000000002359 ) ) ;
#3497 = LINE ( 'NONE', #3069, #4148 ) ;
#3498 = COLOUR_RGB ( '',0.8627450980392157298, 0.6274509803921568540, 0.05882352941176470507 ) ;
#3499 =( LENGTH_UNIT ( ) NAMED_UNIT ( * ) SI_UNIT ( .MILLI., .METRE. ) );
#3500 = ORIENTED_EDGE ( 'NONE', *, *, #5650, .T. ) ;
#3501 = FILL_AREA_STYLE_COLOUR ( '', #297 ) ;
#3502 =( NAMED_UNIT ( * ) PLANE_ANGLE_UNIT ( ) SI_UNIT ( $, .RADIAN. ) );
#3503 = CARTESIAN_POINT ( 'NONE',  ( 0.000000000000000000, 0.000000000000000000, -0.05000000000000002359 ) ) ;
#3504 = SURFACE_STYLE_FILL_AREA ( #5717 ) ;
#3505 =( LENGTH_UNIT ( ) NAMED_UNIT ( * ) SI_UNIT ( .MILLI., .METRE. ) );
#3506 = VECTOR ( 'NONE', #585, 1000.000000000000000 ) ;
#3507 = SURFACE_STYLE_FILL_AREA ( #3940 ) ;
#3508 = PRESENTATION_STYLE_ASSIGNMENT (( #3050 ) ) ;
#3509 = EDGE_CURVE ( 'NONE', #5614, #5754, #797, .T. ) ;
#3510 = DIRECTION ( 'NONE',  ( 1.000000000000000000, -0.000000000000000000, 0.000000000000000000 ) ) ;
#3511 = VERTEX_POINT ( 'NONE', #2623 ) ;
#3512 = AXIS2_PLACEMENT_3D ( 'NONE', #1784, #1755, #3578 ) ;
#3513 =( GEOMETRIC_REPRESENTATION_CONTEXT ( 3 ) GLOBAL_UNCERTAINTY_ASSIGNED_CONTEXT ( ( #4013 ) ) GLOBAL_UNIT_ASSIGNED_CONTEXT ( ( #3499, #2947, #4763 ) ) REPRESENTATION_CONTEXT ( 'NONE', 'WORKASPACE' ) );
#3514 = VERTEX_POINT ( 'NONE', #2180 ) ;
#3515 = SURFACE_SIDE_STYLE ('',( #4250 ) ) ;
#3516 = FILL_AREA_STYLE_COLOUR ( '', #5124 ) ;
#3517 = DIRECTION ( 'NONE',  ( 1.000000000000000000, 0.000000000000000000, -0.000000000000000000 ) ) ;
#3518 = VECTOR ( 'NONE', #2440, 1000.000000000000000 ) ;
#3519 = AXIS2_PLACEMENT_3D ( 'NONE', #3231, #2792, #4539 ) ;
#3520 = CARTESIAN_POINT ( 'NONE',  ( -1.089999999999998082, 0.6500000000000006883, 0.6000000000000000888 ) ) ;
#3521 = ADVANCED_FACE ( 'NONE', ( #901 ), #4443, .F. ) ;
#3522 = SURFACE_STYLE_USAGE ( .BOTH. , #2619 ) ;
#3523 = ADVANCED_FACE ( 'NONE', ( #4474 ), #2903, .F. ) ;
#3524 = ORIENTED_EDGE ( 'NONE', *, *, #2164, .T. ) ;
#3525 = DIRECTION ( 'NONE',  ( 0.000000000000000000, 0.000000000000000000, -1.000000000000000000 ) ) ;
#3526 = AXIS2_PLACEMENT_3D ( 'NONE', #3310, #1023, #4590 ) ;
#3527 = PRESENTATION_STYLE_ASSIGNMENT (( #3955 ) ) ;
#3528 =( LENGTH_UNIT ( ) NAMED_UNIT ( * ) SI_UNIT ( .MILLI., .METRE. ) );
#3529 = ORIENTED_EDGE ( 'NONE', *, *, #1042, .F. ) ;
#3530 = AXIS2_PLACEMENT_3D ( 'NONE', #3891, #1951, #2435 ) ;
#3531 = ORIENTED_EDGE ( 'NONE', *, *, #1392, .F. ) ;
#3532 = DIRECTION ( 'NONE',  ( -0.000000000000000000, 1.000000000000000000, -0.000000000000000000 ) ) ;
#3533 = CARTESIAN_POINT ( 'NONE',  ( 0.9000000000000020206, 0.6500000000000006883, 0.5500000000000000444 ) ) ;
#3534 = AXIS2_PLACEMENT_3D ( 'NONE', #1936, #4468, #1084 ) ;
#3535 = SURFACE_SIDE_STYLE ('',( #943 ) ) ;
#3536 = FILL_AREA_STYLE_COLOUR ( '', #5217 ) ;
#3537 = AXIS2_PLACEMENT_3D ( 'NONE', #1631, #634, #4715 ) ;
#3538 = DIRECTION ( 'NONE',  ( -0.000000000000000000, -0.000000000000000000, -1.000000000000000000 ) ) ;
#3539 = SURFACE_SIDE_STYLE ('',( #445 ) ) ;
#3540 =( NAMED_UNIT ( * ) SI_UNIT ( $, .STERADIAN. ) SOLID_ANGLE_UNIT ( ) );
#3541 = PLANE ( 'NONE',  #3627 ) ;
#3542 = AXIS2_PLACEMENT_3D ( 'NONE', #4483, #1830, #1410 ) ;
#3543 = ORIENTED_EDGE ( 'NONE', *, *, #4770, .F. ) ;
#3544 = ORIENTED_EDGE ( 'NONE', *, *, #3766, .F. ) ;
#3545 =( NAMED_UNIT ( * ) SI_UNIT ( $, .STERADIAN. ) SOLID_ANGLE_UNIT ( ) );
#3546 = AXIS2_PLACEMENT_3D ( 'NONE', #2758, #871, #3223 ) ;
#3547 = DIRECTION ( 'NONE',  ( -0.000000000000000000, 1.000000000000000000, 0.000000000000000000 ) ) ;
#3548 = DIRECTION ( 'NONE',  ( 1.000000000000000000, 0.000000000000000000, -0.000000000000000000 ) ) ;
#3549 = AXIS2_PLACEMENT_3D ( 'NONE', #4744, #5153, #3446 ) ;
#3550 = STYLED_ITEM ( 'NONE', ( #3555 ), #2597 ) ;
#3551 = FILL_AREA_STYLE_COLOUR ( '', #1015 ) ;
#3552 = EDGE_LOOP ( 'NONE', ( #766, #3065, #3636, #3422 ) ) ;
#3553 = ADVANCED_FACE ( 'NONE', ( #5399 ), #996, .F. ) ;
#3554 = EDGE_CURVE ( 'NONE', #1467, #4628, #1864, .T. ) ;
#3555 = PRESENTATION_STYLE_ASSIGNMENT (( #1683 ) ) ;
#3556 = DIRECTION ( 'NONE',  ( 0.000000000000000000, -1.000000000000000000, -0.000000000000000000 ) ) ;
#3557 = DIRECTION ( 'NONE',  ( 0.000000000000000000, 1.000000000000000000, 0.000000000000000000 ) ) ;
#3558 = ORIENTED_EDGE ( 'NONE', *, *, #4379, .F. ) ;
#3559 = MANIFOLD_SOLID_BREP ( 'Cut-Extrude4', #2287 ) ;
#3560 =( GEOMETRIC_REPRESENTATION_CONTEXT ( 3 ) GLOBAL_UNCERTAINTY_ASSIGNED_CONTEXT ( ( #1444 ) ) GLOBAL_UNIT_ASSIGNED_CONTEXT ( ( #184, #3680, #215 ) ) REPRESENTATION_CONTEXT ( 'NONE', 'WORKASPACE' ) );
#3561 = ORIENTED_EDGE ( 'NONE', *, *, #1608, .T. ) ;
#3562 = UNCERTAINTY_MEASURE_WITH_UNIT (LENGTH_MEASURE( 1.000000000000000082E-05 ), #577, 'distance_accuracy_value', 'NONE');
#3563 = CARTESIAN_POINT ( 'NONE',  ( 3.345501787246905322E-16, 0.8939339828220190798, -0.05000000000000002359 ) ) ;
#3564 = DIRECTION ( 'NONE',  ( -1.000000000000000000, 0.000000000000000000, 0.000000000000000000 ) ) ;
#3565 = FACE_OUTER_BOUND ( 'NONE', #2754, .T. ) ;
#3566 = MECHANICAL_DESIGN_GEOMETRIC_PRESENTATION_REPRESENTATION (  '', ( #5598 ), #5518 ) ;
#3567 = CARTESIAN_POINT ( 'NONE',  ( -1.027500000000001412, 1.000000000000000666, -0.05000000000000002359 ) ) ;
#3568 = UNCERTAINTY_MEASURE_WITH_UNIT (LENGTH_MEASURE( 1.000000000000000082E-05 ), #105, 'distance_accuracy_value', 'NONE');
#3569 = COLOUR_RGB ( '',0.8627450980392157298, 0.6274509803921568540, 0.05882352941176470507 ) ;
#3570 = CYLINDRICAL_SURFACE ( 'NONE', #3653, 0.2225000000000002531 ) ;
#3571 = DIRECTION ( 'NONE',  ( -1.000000000000000000, 0.000000000000000000, 0.000000000000000000 ) ) ;
#3572 = CYLINDRICAL_SURFACE ( 'NONE', #3480, 0.2225000000000002531 ) ;
#3573 =( NAMED_UNIT ( * ) PLANE_ANGLE_UNIT ( ) SI_UNIT ( $, .RADIAN. ) );
#3574 =( GEOMETRIC_REPRESENTATION_CONTEXT ( 3 ) GLOBAL_UNCERTAINTY_ASSIGNED_CONTEXT ( ( #2682 ) ) GLOBAL_UNIT_ASSIGNED_CONTEXT ( ( #2544, #2605, #3471 ) ) REPRESENTATION_CONTEXT ( 'NONE', 'WORKASPACE' ) );
#3575 = ORIENTED_EDGE ( 'NONE', *, *, #2341, .T. ) ;
#3576 = DIRECTION ( 'NONE',  ( -0.000000000000000000, -0.000000000000000000, -1.000000000000000000 ) ) ;
#3577 = ORIENTED_EDGE ( 'NONE', *, *, #1689, .F. ) ;
#3578 = DIRECTION ( 'NONE',  ( 1.000000000000000000, 0.000000000000000000, 0.000000000000000000 ) ) ;
#3579 = DIRECTION ( 'NONE',  ( -0.000000000000000000, 1.000000000000000000, -0.000000000000000000 ) ) ;
#3580 = VECTOR ( 'NONE', #4908, 1000.000000000000000 ) ;
#3581 = CARTESIAN_POINT ( 'NONE',  ( 0.9000000000000019096, -0.6499999999999994671, 0.6500000000000001332 ) ) ;
#3582 = CARTESIAN_POINT ( 'NONE',  ( -1.250000000000001998, 1.000000000000000666, -0.05000000000000002359 ) ) ;
#3583 = CIRCLE ( 'NONE', #1715, 0.05000000000000002359 ) ;
#3584 = PLANE ( 'NONE',  #4083 ) ;
#3585 = ORIENTED_EDGE ( 'NONE', *, *, #3066, .T. ) ;
#3586 =( NAMED_UNIT ( * ) PLANE_ANGLE_UNIT ( ) SI_UNIT ( $, .RADIAN. ) );
#3587 = SURFACE_STYLE_USAGE ( .BOTH. , #1848 ) ;
#3588 =( NAMED_UNIT ( * ) SI_UNIT ( $, .STERADIAN. ) SOLID_ANGLE_UNIT ( ) );
#3589 = AXIS2_PLACEMENT_3D ( 'NONE', #4689, #692, #3309 ) ;
#3590 = MECHANICAL_DESIGN_GEOMETRIC_PRESENTATION_REPRESENTATION (  '', ( #301 ), #1805 ) ;
#3591 = EDGE_CURVE ( 'NONE', #3775, #2918, #4748, .T. ) ;
#3592 = ORIENTED_EDGE ( 'NONE', *, *, #2982, .T. ) ;
#3593 = STYLED_ITEM ( 'NONE', ( #4992 ), #5034 ) ;
#3594 = ORIENTED_EDGE ( 'NONE', *, *, #2155, .F. ) ;
#3595 =( NAMED_UNIT ( * ) SI_UNIT ( $, .STERADIAN. ) SOLID_ANGLE_UNIT ( ) );
#3596 = DIRECTION ( 'NONE',  ( 0.000000000000000000, 0.000000000000000000, -1.000000000000000000 ) ) ;
#3597 = AXIS2_PLACEMENT_3D ( 'NONE', #2846, #2728, #4469 ) ;
#3598 = EDGE_CURVE ( 'NONE', #4088, #5355, #2425, .T. ) ;
#3599 = FILL_AREA_STYLE_COLOUR ( '', #5636 ) ;
#3600 = EDGE_CURVE ( 'NONE', #4088, #207, #4648, .T. ) ;
#3601 =( NAMED_UNIT ( * ) SI_UNIT ( $, .STERADIAN. ) SOLID_ANGLE_UNIT ( ) );
#3602 = CARTESIAN_POINT ( 'NONE',  ( -1.143933982822019413, -0.3374999999999995226, -0.05000000000000002359 ) ) ;
#3603 = SURFACE_STYLE_USAGE ( .BOTH. , #4461 ) ;
#3604 = DIRECTION ( 'NONE',  ( -0.000000000000000000, -0.000000000000000000, 1.000000000000000000 ) ) ;
#3605 = ORIENTED_EDGE ( 'NONE', *, *, #2662, .T. ) ;
#3606 =( GEOMETRIC_REPRESENTATION_CONTEXT ( 3 ) GLOBAL_UNCERTAINTY_ASSIGNED_CONTEXT ( ( #4713 ) ) GLOBAL_UNIT_ASSIGNED_CONTEXT ( ( #1442, #2865, #1038 ) ) REPRESENTATION_CONTEXT ( 'NONE', 'WORKASPACE' ) );
#3607 = ORIENTED_EDGE ( 'NONE', *, *, #4345, .F. ) ;
#3608 = SURFACE_STYLE_USAGE ( .BOTH. , #1337 ) ;
#3609 =( NAMED_UNIT ( * ) PLANE_ANGLE_UNIT ( ) SI_UNIT ( $, .RADIAN. ) );
#3610 = LINE ( 'NONE', #2646, #4898 ) ;
#3611 = PRESENTATION_LAYER_ASSIGNMENT (  '', '', ( #2209 ) ) ;
#3612 = DIRECTION ( 'NONE',  ( -4.644179531951731562E-16, 1.000000000000000000, 0.000000000000000000 ) ) ;
#3613 = VERTEX_POINT ( 'NONE', #2668 ) ;
#3614 = VECTOR ( 'NONE', #977, 1000.000000000000000 ) ;
#3615 = AXIS2_PLACEMENT_3D ( 'NONE', #768, #5710, #431 ) ;
#3616 = CARTESIAN_POINT ( 'NONE',  ( 1.143933982822019413, 0.3374999999999998557, -0.05000000000000002359 ) ) ;
#3617 = LINE ( 'NONE', #5791, #4502 ) ;
#3618 = MECHANICAL_DESIGN_GEOMETRIC_PRESENTATION_REPRESENTATION (  '', ( #4504 ), #886 ) ;
#3619 = DIRECTION ( 'NONE',  ( -1.000000000000000000, -8.965986505048646580E-14, 0.000000000000000000 ) ) ;
#3620 = ORIENTED_EDGE ( 'NONE', *, *, #2464, .F. ) ;
#3621 = VERTEX_POINT ( 'NONE', #2558 ) ;
#3622 = EDGE_CURVE ( 'NONE', #4727, #2697, #5222, .T. ) ;
#3623 = STYLED_ITEM ( 'NONE', ( #2105 ), #1221 ) ;
#3624 = LINE ( 'NONE', #5, #5284 ) ;
#3625 = DIRECTION ( 'NONE',  ( -0.000000000000000000, -0.000000000000000000, 1.000000000000000000 ) ) ;
#3626 = SURFACE_STYLE_USAGE ( .BOTH. , #32 ) ;
#3627 = AXIS2_PLACEMENT_3D ( 'NONE', #1958, #4216, #1049 ) ;
#3628 = FILL_AREA_STYLE ('',( #4456 ) ) ;
#3629 = DIRECTION ( 'NONE',  ( 1.000000000000000000, -2.938743035250680914E-16, 0.000000000000000000 ) ) ;
#3630 = UNCERTAINTY_MEASURE_WITH_UNIT (LENGTH_MEASURE( 1.000000000000000082E-05 ), #4806, 'distance_accuracy_value', 'NONE');
#3631 = EDGE_CURVE ( 'NONE', #3279, #2612, #4754, .T. ) ;
#3632 = DIRECTION ( 'NONE',  ( -0.000000000000000000, -0.000000000000000000, 1.000000000000000000 ) ) ;
#3633 = AXIS2_PLACEMENT_3D ( 'NONE', #104, #4133, #1843 ) ;
#3634 = EDGE_CURVE ( 'NONE', #4442, #4432, #5757, .T. ) ;
#3635 = VERTEX_POINT ( 'NONE', #4836 ) ;
#3636 = ORIENTED_EDGE ( 'NONE', *, *, #4104, .F. ) ;
#3637 = SURFACE_STYLE_USAGE ( .BOTH. , #4411 ) ;
#3638 = SURFACE_STYLE_FILL_AREA ( #5452 ) ;
#3639 = CARTESIAN_POINT ( 'NONE',  ( -1.143933982822019413, 0.000000000000000000, -0.3499999999999999778 ) ) ;
#3640 = CARTESIAN_POINT ( 'NONE',  ( -1.143933982822018969, -0.8044079500593139809, -0.05000000000000002359 ) ) ;
#3641 =( LENGTH_UNIT ( ) NAMED_UNIT ( * ) SI_UNIT ( .MILLI., .METRE. ) );
#3642 = VERTEX_POINT ( 'NONE', #1756 ) ;
#3643 =( NAMED_UNIT ( * ) SI_UNIT ( $, .STERADIAN. ) SOLID_ANGLE_UNIT ( ) );
#3644 = AXIS2_PLACEMENT_3D ( 'NONE', #2672, #5332, #3691 ) ;
#3645 = CARTESIAN_POINT ( 'NONE',  ( 1.100000000000002087, 1.000000000000000666, -0.05000000000000002359 ) ) ;
#3646 = DIRECTION ( 'NONE',  ( -1.000000000000000000, 3.742448381574715951E-16, 0.000000000000000000 ) ) ;
#3647 = STYLED_ITEM ( 'NONE', ( #1732 ), #2839 ) ;
#3648 = SURFACE_STYLE_USAGE ( .BOTH. , #1742 ) ;
#3649 = EDGE_LOOP ( 'NONE', ( #5448, #1782, #1579, #2126 ) ) ;
#3650 = AXIS2_PLACEMENT_3D ( 'NONE', #1524, #1168, #3346 ) ;
#3651 = PRESENTATION_STYLE_ASSIGNMENT (( #5440 ) ) ;
#3652 = FILL_AREA_STYLE_COLOUR ( '', #1702 ) ;
#3653 = AXIS2_PLACEMENT_3D ( 'NONE', #3359, #5127, #3275 ) ;
#3654 = CARTESIAN_POINT ( 'NONE',  ( 1.143933982822019413, -0.3374999999999995226, -0.05000000000000002359 ) ) ;
#3655 = LINE ( 'NONE', #4425, #1979 ) ;
#3656 = STYLED_ITEM ( 'NONE', ( #523 ), #4096 ) ;
#3657 = SURFACE_STYLE_USAGE ( .BOTH. , #4935 ) ;
#3658 = DIRECTION ( 'NONE',  ( 0.000000000000000000, 0.000000000000000000, 1.000000000000000000 ) ) ;
#3659 = ORIENTED_EDGE ( 'NONE', *, *, #5418, .T. ) ;
#3660 = EDGE_CURVE ( 'NONE', #1090, #2319, #4366, .T. ) ;
#3661 = ORIENTED_EDGE ( 'NONE', *, *, #4770, .T. ) ;
#3662 = DIRECTION ( 'NONE',  ( -0.000000000000000000, -0.000000000000000000, 1.000000000000000000 ) ) ;
#3663 = COLOUR_RGB ( '',0.8039215686274510109, 0.8039215686274510109, 0.8039215686274510109 ) ;
#3664 = ADVANCED_FACE ( 'NONE', ( #3854 ), #2996, .F. ) ;
#3665 = FILL_AREA_STYLE ('',( #4980 ) ) ;
#3666 = ORIENTED_EDGE ( 'NONE', *, *, #4108, .T. ) ;
#3667 = CYLINDRICAL_SURFACE ( 'NONE', #407, 0.05000000000000002359 ) ;
#3668 = COLOUR_RGB ( '',0.2862745098039215508, 0.2862745098039215508, 0.2862745098039215508 ) ;
#3669 = DIRECTION ( 'NONE',  ( 0.000000000000000000, 0.000000000000000000, -1.000000000000000000 ) ) ;
#3670 = ORIENTED_EDGE ( 'NONE', *, *, #68, .T. ) ;
#3671 = VERTEX_POINT ( 'NONE', #5253 ) ;
#3672 = STYLED_ITEM ( 'NONE', ( #5728 ), #5315 ) ;
#3673 = UNCERTAINTY_MEASURE_WITH_UNIT (LENGTH_MEASURE( 1.000000000000000082E-05 ), #327, 'distance_accuracy_value', 'NONE');
#3674 = CARTESIAN_POINT ( 'NONE',  ( 1.027500000000001856, 1.000000000000000666, -0.05000000000000002359 ) ) ;
#3675 = PRESENTATION_STYLE_ASSIGNMENT (( #4092 ) ) ;
#3676 = SURFACE_SIDE_STYLE ('',( #1888 ) ) ;
#3677 = VECTOR ( 'NONE', #3838, 1000.000000000000000 ) ;
#3678 = DIRECTION ( 'NONE',  ( 1.000000000000000000, 0.000000000000000000, 0.000000000000000000 ) ) ;
#3679 = UNCERTAINTY_MEASURE_WITH_UNIT (LENGTH_MEASURE( 1.000000000000000082E-05 ), #5585, 'distance_accuracy_value', 'NONE');
#3680 =( NAMED_UNIT ( * ) PLANE_ANGLE_UNIT ( ) SI_UNIT ( $, .RADIAN. ) );
#3681 = COLOUR_RGB ( '',0.8039215686274510109, 0.8039215686274510109, 0.8039215686274510109 ) ;
#3682 = PRESENTATION_STYLE_ASSIGNMENT (( #889 ) ) ;
#3683 = FILL_AREA_STYLE ('',( #4100 ) ) ;
#3684 = VERTEX_POINT ( 'NONE', #3889 ) ;
#3685 = ORIENTED_EDGE ( 'NONE', *, *, #5508, .F. ) ;
#3686 = CARTESIAN_POINT ( 'NONE',  ( 0.4749999999999997558, -9.255294389439565909E-17, -0.3499999999999999778 ) ) ;
#3687 = DIRECTION ( 'NONE',  ( 0.000000000000000000, 0.000000000000000000, -1.000000000000000000 ) ) ;
#3688 = EDGE_CURVE ( 'NONE', #5339, #1867, #3056, .T. ) ;
#3689 =( LENGTH_UNIT ( ) NAMED_UNIT ( * ) SI_UNIT ( .MILLI., .METRE. ) );
#3690 = CIRCLE ( 'NONE', #3229, 0.09000000000000012157 ) ;
#3691 = DIRECTION ( 'NONE',  ( -1.000000000000000000, 0.000000000000000000, 0.000000000000000000 ) ) ;
#3692 = ORIENTED_EDGE ( 'NONE', *, *, #5344, .F. ) ;
#3693 = MECHANICAL_DESIGN_GEOMETRIC_PRESENTATION_REPRESENTATION (  '', ( #5168 ), #4599 ) ;
#3694 = EDGE_CURVE ( 'NONE', #1090, #4789, #2624, .T. ) ;
#3695 = COLOUR_RGB ( '',0.8627450980392157298, 0.6274509803921568540, 0.05882352941176470507 ) ;
#3696 = CARTESIAN_POINT ( 'NONE',  ( -0.8999999999999980238, -0.6499999999999994671, 0.6500000000000001332 ) ) ;
#3697 = DIRECTION ( 'NONE',  ( -1.000000000000000000, -1.084202172485504434E-15, 0.000000000000000000 ) ) ;
#3698 = EDGE_CURVE ( 'NONE', #333, #200, #3919, .T. ) ;
#3699 = VERTEX_POINT ( 'NONE', #2615 ) ;
#3700 = VERTEX_POINT ( 'NONE', #4368 ) ;
#3701 = FACE_OUTER_BOUND ( 'NONE', #4117, .T. ) ;
#3702 = CARTESIAN_POINT ( 'NONE',  ( -1.249999999999998002, 1.010000000000000675, 0.3499999999999999778 ) ) ;
#3703 = CIRCLE ( 'NONE', #2678, 0.1000000000000001582 ) ;
#3704 =( LENGTH_UNIT ( ) NAMED_UNIT ( * ) SI_UNIT ( .MILLI., .METRE. ) );
#3705 = AXIS2_PLACEMENT_3D ( 'NONE', #5610, #1613, #5530 ) ;
#3706 = CARTESIAN_POINT ( 'NONE',  ( 0.4749999999999997558, -0.8939339828220190798, -0.05000000000000002359 ) ) ;
#3707 = DIRECTION ( 'NONE',  ( 0.000000000000000000, 0.000000000000000000, -1.000000000000000000 ) ) ;
#3708 = CARTESIAN_POINT ( 'NONE',  ( 1.100000000000002087, 1.010000000000000675, 0.5500000000000000444 ) ) ;
#3709 = PRESENTATION_STYLE_ASSIGNMENT (( #1929 ) ) ;
#3710 = MECHANICAL_DESIGN_GEOMETRIC_PRESENTATION_REPRESENTATION (  '', ( #423 ), #4613 ) ;
#3711 = CARTESIAN_POINT ( 'NONE',  ( 0.4749999999999997558, -0.8939339828220190798, -0.05000000000000002359 ) ) ;
#3712 = ORIENTED_EDGE ( 'NONE', *, *, #3970, .F. ) ;
#3713 = ORIENTED_EDGE ( 'NONE', *, *, #968, .F. ) ;
#3714 = LINE ( 'NONE', #689, #4795 ) ;
#3715 = VECTOR ( 'NONE', #5057, 1000.000000000000000 ) ;
#3716 = DIRECTION ( 'NONE',  ( 1.000000000000000000, 0.000000000000000000, 0.000000000000000000 ) ) ;
#3717 = VERTEX_POINT ( 'NONE', #2174 ) ;
#3718 = VECTOR ( 'NONE', #3336, 1000.000000000000000 ) ;
#3719 = SURFACE_STYLE_FILL_AREA ( #5462 ) ;
#3720 = CARTESIAN_POINT ( 'NONE',  ( 1.250000000000001998, 1.000000000000000666, -0.05000000000000002359 ) ) ;
#3721 = PLANE ( 'NONE',  #2967 ) ;
#3722 = EDGE_CURVE ( 'NONE', #2027, #1647, #3948, .T. ) ;
#3723 = VECTOR ( 'NONE', #3276, 1000.000000000000000 ) ;
#3724 = ORIENTED_EDGE ( 'NONE', *, *, #4104, .T. ) ;
#3725 = ORIENTED_EDGE ( 'NONE', *, *, #138, .T. ) ;
#3726 = EDGE_CURVE ( 'NONE', #2849, #5248, #2700, .T. ) ;
#3727 = DIRECTION ( 'NONE',  ( 0.000000000000000000, 0.000000000000000000, -1.000000000000000000 ) ) ;
#3728 = CARTESIAN_POINT ( 'NONE',  ( 1.150000000000001910, -0.6499999999999994671, 0.3499999999999999778 ) ) ;
#3729 = MECHANICAL_DESIGN_GEOMETRIC_PRESENTATION_REPRESENTATION (  '', ( #5586 ), #4360 ) ;
#3730 = SURFACE_STYLE_FILL_AREA ( #1098 ) ;
#3731 = STYLED_ITEM ( 'NONE', ( #653 ), #2494 ) ;
#3732 = AXIS2_PLACEMENT_3D ( 'NONE', #1496, #3289, #2428 ) ;
#3733 = UNCERTAINTY_MEASURE_WITH_UNIT (LENGTH_MEASURE( 1.000000000000000082E-05 ), #3935, 'distance_accuracy_value', 'NONE');
#3734 =( NAMED_UNIT ( * ) PLANE_ANGLE_UNIT ( ) SI_UNIT ( $, .RADIAN. ) );
#3735 = SURFACE_SIDE_STYLE ('',( #4188 ) ) ;
#3736 = SURFACE_STYLE_FILL_AREA ( #1046 ) ;
#3737 = EDGE_LOOP ( 'NONE', ( #4591, #3558, #2828, #611 ) ) ;
#3738 = ORIENTED_EDGE ( 'NONE', *, *, #4071, .F. ) ;
#3739 = MECHANICAL_DESIGN_GEOMETRIC_PRESENTATION_REPRESENTATION (  '', ( #4190 ), #4654 ) ;
#3740 = PRESENTATION_STYLE_ASSIGNMENT (( #2874 ) ) ;
#3741 = FILL_AREA_STYLE ('',( #2013 ) ) ;
#3742 =( NAMED_UNIT ( * ) SI_UNIT ( $, .STERADIAN. ) SOLID_ANGLE_UNIT ( ) );
#3743 =( LENGTH_UNIT ( ) NAMED_UNIT ( * ) SI_UNIT ( .MILLI., .METRE. ) );
#3744 = CARTESIAN_POINT ( 'NONE',  ( 1.249999999999996891, 7.477256361969126395E-15, -0.05000000000000002359 ) ) ;
#3745 = EDGE_LOOP ( 'NONE', ( #4719, #2092, #3084, #175, #5519, #4364, #3896, #565, #1494, #1961, #1543, #3453, #1728, #2368, #5421, #696, #4289, #1104, #3776, #3351, #3485, #3024, #86, #592, #4492, #4910, #4315, #1133, #1530 ) ) ;
#3746 =( NAMED_UNIT ( * ) PLANE_ANGLE_UNIT ( ) SI_UNIT ( $, .RADIAN. ) );
#3747 = ORIENTED_EDGE ( 'NONE', *, *, #2699, .T. ) ;
#3748 = SURFACE_STYLE_USAGE ( .BOTH. , #4664 ) ;
#3749 = SURFACE_STYLE_USAGE ( .BOTH. , #4283 ) ;
#3750 =( LENGTH_UNIT ( ) NAMED_UNIT ( * ) SI_UNIT ( .MILLI., .METRE. ) );
#3751 = FACE_OUTER_BOUND ( 'NONE', #1847, .T. ) ;
#3752 = SURFACE_STYLE_FILL_AREA ( #2510 ) ;
#3753 =( GEOMETRIC_REPRESENTATION_CONTEXT ( 3 ) GLOBAL_UNCERTAINTY_ASSIGNED_CONTEXT ( ( #1853 ) ) GLOBAL_UNIT_ASSIGNED_CONTEXT ( ( #1217, #2271, #938 ) ) REPRESENTATION_CONTEXT ( 'NONE', 'WORKASPACE' ) );
#3754 = VERTEX_POINT ( 'NONE', #4434 ) ;
#3755 = EDGE_LOOP ( 'NONE', ( #3585, #4670, #5199, #4137 ) ) ;
#3756 = ADVANCED_FACE ( 'NONE', ( #989 ), #3220, .F. ) ;
#3757 =( NAMED_UNIT ( * ) SI_UNIT ( $, .STERADIAN. ) SOLID_ANGLE_UNIT ( ) );
#3758 = MECHANICAL_DESIGN_GEOMETRIC_PRESENTATION_REPRESENTATION (  '', ( #1989 ), #1415 ) ;
#3759 =( NAMED_UNIT ( * ) PLANE_ANGLE_UNIT ( ) SI_UNIT ( $, .RADIAN. ) );
#3760 = PRESENTATION_STYLE_ASSIGNMENT (( #2834 ) ) ;
#3761 =( LENGTH_UNIT ( ) NAMED_UNIT ( * ) SI_UNIT ( .MILLI., .METRE. ) );
#3762 = EDGE_CURVE ( 'NONE', #333, #2329, #954, .T. ) ;
#3763 = SURFACE_STYLE_USAGE ( .BOTH. , #5515 ) ;
#3764 = FILL_AREA_STYLE_COLOUR ( '', #5771 ) ;
#3765 = FACE_OUTER_BOUND ( 'NONE', #3552, .T. ) ;
#3766 = EDGE_CURVE ( 'NONE', #1313, #4585, #3163, .T. ) ;
#3767 = VERTEX_POINT ( 'NONE', #5782 ) ;
#3768 = EDGE_LOOP ( 'NONE', ( #2740, #5385, #5613, #3575 ) ) ;
#3769 =( GEOMETRIC_REPRESENTATION_CONTEXT ( 3 ) GLOBAL_UNCERTAINTY_ASSIGNED_CONTEXT ( ( #1274 ) ) GLOBAL_UNIT_ASSIGNED_CONTEXT ( ( #3062, #1709, #116 ) ) REPRESENTATION_CONTEXT ( 'NONE', 'WORKASPACE' ) );
#3770 = SURFACE_STYLE_USAGE ( .BOTH. , #2930 ) ;
#3771 = CARTESIAN_POINT ( 'NONE',  ( -3.345501787246905322E-16, 0.8939339828220190798, -0.05000000000000002359 ) ) ;
#3772 = SURFACE_STYLE_USAGE ( .BOTH. , #3389 ) ;
#3773 = FILL_AREA_STYLE ('',( #251 ) ) ;
#3774 = LINE ( 'NONE', #4136, #1179 ) ;
#3775 = VERTEX_POINT ( 'NONE', #2782 ) ;
#3776 = ORIENTED_EDGE ( 'NONE', *, *, #897, .F. ) ;
#3777 = FACE_OUTER_BOUND ( 'NONE', #4556, .T. ) ;
#3778 = SURFACE_STYLE_FILL_AREA ( #5497 ) ;
#3779 = EDGE_LOOP ( 'NONE', ( #4720, #5358, #1897, #4005, #1986, #343, #3372, #2139, #650 ) ) ;
#3780 = CIRCLE ( 'NONE', #5449, 0.2225000000000004752 ) ;
#3781 = EDGE_LOOP ( 'NONE', ( #3235, #1521, #4000, #2495 ) ) ;
#3782 = DIRECTION ( 'NONE',  ( 0.000000000000000000, 0.000000000000000000, -1.000000000000000000 ) ) ;
#3783 = SURFACE_STYLE_USAGE ( .BOTH. , #2004 ) ;
#3784 = CIRCLE ( 'NONE', #3512, 0.1000000000000001582 ) ;
#3785 = PRESENTATION_LAYER_ASSIGNMENT (  '', '', ( #2295 ) ) ;
#3786 = SURFACE_SIDE_STYLE ('',( #4612 ) ) ;
#3787 = ADVANCED_FACE ( 'NONE', ( #5359 ), #74, .F. ) ;
#3788 = UNCERTAINTY_MEASURE_WITH_UNIT (LENGTH_MEASURE( 1.000000000000000082E-05 ), #81, 'distance_accuracy_value', 'NONE');
#3789 = DIRECTION ( 'NONE',  ( 0.000000000000000000, 0.000000000000000000, -1.000000000000000000 ) ) ;
#3790 = MECHANICAL_DESIGN_GEOMETRIC_PRESENTATION_REPRESENTATION (  '', ( #1271 ), #4408 ) ;
#3791 = SURFACE_STYLE_USAGE ( .BOTH. , #3735 ) ;
#3792 = CARTESIAN_POINT ( 'NONE',  ( -1.027500000000001190, -0.9999999999999993339, -0.05000000000000002359 ) ) ;
#3793 = ORIENTED_EDGE ( 'NONE', *, *, #3063, .F. ) ;
#3794 = ADVANCED_FACE ( 'NONE', ( #2226 ), #4466, .F. ) ;
#3795 =( NAMED_UNIT ( * ) SI_UNIT ( $, .STERADIAN. ) SOLID_ANGLE_UNIT ( ) );
#3796 = EDGE_CURVE ( 'NONE', #4029, #3086, #3335, .T. ) ;
#3797 = FACE_OUTER_BOUND ( 'NONE', #5696, .T. ) ;
#3798 = SURFACE_STYLE_USAGE ( .BOTH. , #2962 ) ;
#3799 = FILL_AREA_STYLE_COLOUR ( '', #4340 ) ;
#3800 = VERTEX_POINT ( 'NONE', #567 ) ;
#3801 = ORIENTED_EDGE ( 'NONE', *, *, #3092, .F. ) ;
#3802 =( LENGTH_UNIT ( ) NAMED_UNIT ( * ) SI_UNIT ( .MILLI., .METRE. ) );
#3803 = SURFACE_SIDE_STYLE ('',( #2024 ) ) ;
#3804 = SURFACE_STYLE_FILL_AREA ( #579 ) ;
#3805 = PRESENTATION_LAYER_ASSIGNMENT (  '', '', ( #1003 ) ) ;
#3806 = ORIENTED_EDGE ( 'NONE', *, *, #1185, .F. ) ;
#3807 = COLOUR_RGB ( '',0.2862745098039215508, 0.2862745098039215508, 0.2862745098039215508 ) ;
#3808 = ORIENTED_EDGE ( 'NONE', *, *, #1001, .F. ) ;
#3809 = DIRECTION ( 'NONE',  ( -1.000000000000000000, 0.000000000000000000, 0.000000000000000000 ) ) ;
#3810 = CIRCLE ( 'NONE', #4091, 0.04999999999999991257 ) ;
#3811 = CARTESIAN_POINT ( 'NONE',  ( -0.6899999999999980593, -0.5399999999999998135, 0.6400000000000000133 ) ) ;
#3812 =( NAMED_UNIT ( * ) SI_UNIT ( $, .STERADIAN. ) SOLID_ANGLE_UNIT ( ) );
#3813 = VECTOR ( 'NONE', #3354, 1000.000000000000000 ) ;
#3814 =( LENGTH_UNIT ( ) NAMED_UNIT ( * ) SI_UNIT ( .MILLI., .METRE. ) );
#3815 = STYLED_ITEM ( 'NONE', ( #2321 ), #3523 ) ;
#3816 = CARTESIAN_POINT ( 'NONE',  ( 1.100000000000002087, 1.000000000000000666, -0.05000000000000002359 ) ) ;
#3817 = AXIS2_PLACEMENT_3D ( 'NONE', #5732, #2345, #5516 ) ;
#3818 = PLANE ( 'NONE',  #5309 ) ;
#3819 = CARTESIAN_POINT ( 'NONE',  ( -1.249999999999998002, 1.000000000000000666, 0.3499999999999999778 ) ) ;
#3820 = CARTESIAN_POINT ( 'NONE',  ( 1.054407950059315313, 0.8939339828220186357, -0.05000000000000002359 ) ) ;
#3821 =( GEOMETRIC_REPRESENTATION_CONTEXT ( 3 ) GLOBAL_UNCERTAINTY_ASSIGNED_CONTEXT ( ( #1623 ) ) GLOBAL_UNIT_ASSIGNED_CONTEXT ( ( #2912, #2883, #5494 ) ) REPRESENTATION_CONTEXT ( 'NONE', 'WORKASPACE' ) );
#3822 = PRESENTATION_LAYER_ASSIGNMENT (  '', '', ( #544 ) ) ;
#3823 = SURFACE_STYLE_FILL_AREA ( #3773 ) ;
#3824 = ADVANCED_FACE ( 'NONE', ( #1935 ), #3818, .T. ) ;
#3825 = CARTESIAN_POINT ( 'NONE',  ( -0.7749999999999994671, -0.3374999999999998002, -0.05000000000000002359 ) ) ;
#3826 = ORIENTED_EDGE ( 'NONE', *, *, #715, .T. ) ;
#3827 = EDGE_CURVE ( 'NONE', #4041, #3635, #5520, .T. ) ;
#3828 = AXIS2_PLACEMENT_3D ( 'NONE', #1075, #3707, #119 ) ;
#3829 = FILL_AREA_STYLE_COLOUR ( '', #1482 ) ;
#3830 = EDGE_LOOP ( 'NONE', ( #581, #4232, #5250, #3002 ) ) ;
#3831 = DIRECTION ( 'NONE',  ( -1.000000000000000000, 6.483163961332028415E-16, 0.000000000000000000 ) ) ;
#3832 = MECHANICAL_DESIGN_GEOMETRIC_PRESENTATION_REPRESENTATION (  '', ( #841 ), #4756 ) ;
#3833 = ADVANCED_FACE ( 'NONE', ( #4163 ), #5748, .F. ) ;
#3834 = ORIENTED_EDGE ( 'NONE', *, *, #2757, .F. ) ;
#3835 = PRESENTATION_LAYER_ASSIGNMENT (  '', '', ( #656 ) ) ;
#3836 = ORIENTED_EDGE ( 'NONE', *, *, #419, .F. ) ;
#3837 = DIRECTION ( 'NONE',  ( 0.000000000000000000, 0.000000000000000000, -1.000000000000000000 ) ) ;
#3838 = DIRECTION ( 'NONE',  ( 0.000000000000000000, 0.000000000000000000, -1.000000000000000000 ) ) ;
#3839 = DIRECTION ( 'NONE',  ( 1.000000000000000000, 0.000000000000000000, 0.000000000000000000 ) ) ;
#3840 = PRESENTATION_LAYER_ASSIGNMENT (  '', '', ( #2733 ) ) ;
#3841 = UNCERTAINTY_MEASURE_WITH_UNIT (LENGTH_MEASURE( 1.000000000000000082E-05 ), #2469, 'distance_accuracy_value', 'NONE');
#3842 = AXIS2_PLACEMENT_3D ( 'NONE', #4652, #4681, #713 ) ;
#3843 =( NAMED_UNIT ( * ) PLANE_ANGLE_UNIT ( ) SI_UNIT ( $, .RADIAN. ) );
#3844 = CARTESIAN_POINT ( 'NONE',  ( 0.9000000000000019096, 0.7400000000000008793, 0.6500000000000001332 ) ) ;
#3845 = CIRCLE ( 'NONE', #1321, 0.2500000000000001110 ) ;
#3846 = DIRECTION ( 'NONE',  ( 1.000000000000000000, -2.938743035250680914E-16, 0.000000000000000000 ) ) ;
#3847 = FILL_AREA_STYLE ('',( #3048 ) ) ;
#3848 = SURFACE_STYLE_USAGE ( .BOTH. , #2136 ) ;
#3849 = VERTEX_POINT ( 'NONE', #5243 ) ;
#3850 = COLOUR_RGB ( '',0.8627450980392157298, 0.6274509803921568540, 0.05882352941176470507 ) ;
#3851 = ORIENTED_EDGE ( 'NONE', *, *, #65, .F. ) ;
#3852 =( NAMED_UNIT ( * ) PLANE_ANGLE_UNIT ( ) SI_UNIT ( $, .RADIAN. ) );
#3853 = EDGE_CURVE ( 'NONE', #3621, #4161, #3925, .T. ) ;
#3854 = FACE_OUTER_BOUND ( 'NONE', #2479, .T. ) ;
#3855 = SURFACE_STYLE_FILL_AREA ( #4284 ) ;
#3856 = VECTOR ( 'NONE', #4956, 1000.000000000000000 ) ;
#3857 = CARTESIAN_POINT ( 'NONE',  ( 1.143933982822019635, 0.8044079500593142029, -0.05000000000000002359 ) ) ;
#3858 = DIRECTION ( 'NONE',  ( 1.000000000000000000, 0.000000000000000000, 0.000000000000000000 ) ) ;
#3859 = CARTESIAN_POINT ( 'NONE',  ( -3.345501787246905322E-16, 0.8939339828220190798, -0.05000000000000002359 ) ) ;
#3860 = FILL_AREA_STYLE ('',( #3551 ) ) ;
#3861 = ORIENTED_EDGE ( 'NONE', *, *, #1654, .T. ) ;
#3862 = EDGE_CURVE ( 'NONE', #5706, #3700, #748, .T. ) ;
#3863 = DIRECTION ( 'NONE',  ( -0.000000000000000000, -0.000000000000000000, -1.000000000000000000 ) ) ;
#3864 = ORIENTED_EDGE ( 'NONE', *, *, #2911, .F. ) ;
#3865 = SURFACE_STYLE_FILL_AREA ( #2028 ) ;
#3866 = CLOSED_SHELL ( 'NONE', ( #5540, #4204, #493, #5062, #4814, #2990, #2430, #3943, #5034, #2380, #2222 ) ) ;
#3867 = FILL_AREA_STYLE ('',( #1241 ) ) ;
#3868 = EDGE_CURVE ( 'NONE', #2556, #1528, #5380, .T. ) ;
#3869 = DIRECTION ( 'NONE',  ( -1.000000000000000000, 0.000000000000000000, 0.000000000000000000 ) ) ;
#3870 = CARTESIAN_POINT ( 'NONE',  ( -1.054407950059315091, -0.8939339828220188577, -0.3499999999999999778 ) ) ;
#3871 =( GEOMETRIC_REPRESENTATION_CONTEXT ( 3 ) GLOBAL_UNCERTAINTY_ASSIGNED_CONTEXT ( ( #2040 ) ) GLOBAL_UNIT_ASSIGNED_CONTEXT ( ( #4035, #5298, #1475 ) ) REPRESENTATION_CONTEXT ( 'NONE', 'WORKASPACE' ) );
#3872 = ORIENTED_EDGE ( 'NONE', *, *, #1906, .T. ) ;
#3873 = SURFACE_SIDE_STYLE ('',( #740 ) ) ;
#3874 = SURFACE_SIDE_STYLE ('',( #3010 ) ) ;
#3875 = COLOUR_RGB ( '',0.8039215686274510109, 0.8039215686274510109, 0.8039215686274510109 ) ;
#3876 =( GEOMETRIC_REPRESENTATION_CONTEXT ( 3 ) GLOBAL_UNCERTAINTY_ASSIGNED_CONTEXT ( ( #4826 ) ) GLOBAL_UNIT_ASSIGNED_CONTEXT ( ( #2711, #5765, #432 ) ) REPRESENTATION_CONTEXT ( 'NONE', 'WORKASPACE' ) );
#3877 = CARTESIAN_POINT ( 'NONE',  ( -0.8999999999999981348, -0.6499999999999994671, 0.3499999999999999778 ) ) ;
#3878 = PLANE ( 'NONE',  #1765 ) ;
#3879 = VECTOR ( 'NONE', #5389, 1000.000000000000000 ) ;
#3880 = DIRECTION ( 'NONE',  ( 3.742448381574715951E-16, 1.000000000000000000, 0.000000000000000000 ) ) ;
#3881 =( LENGTH_UNIT ( ) NAMED_UNIT ( * ) SI_UNIT ( .MILLI., .METRE. ) );
#3882 = DIRECTION ( 'NONE',  ( 1.000000000000000000, 0.000000000000000000, 0.000000000000000000 ) ) ;
#3883 = FACE_OUTER_BOUND ( 'NONE', #1754, .T. ) ;
#3884 = AXIS2_PLACEMENT_3D ( 'NONE', #2709, #2361, #4954 ) ;
#3885 =( GEOMETRIC_REPRESENTATION_CONTEXT ( 3 ) GLOBAL_UNCERTAINTY_ASSIGNED_CONTEXT ( ( #3568 ) ) GLOBAL_UNIT_ASSIGNED_CONTEXT ( ( #105, #46, #2705 ) ) REPRESENTATION_CONTEXT ( 'NONE', 'WORKASPACE' ) );
#3886 =( NAMED_UNIT ( * ) SI_UNIT ( $, .STERADIAN. ) SOLID_ANGLE_UNIT ( ) );
#3887 = VERTEX_POINT ( 'NONE', #918 ) ;
#3888 = VERTEX_POINT ( 'NONE', #2689 ) ;
#3889 = CARTESIAN_POINT ( 'NONE',  ( -0.9899999999999979927, 0.6500000000000006883, 0.6500000000000001332 ) ) ;
#3890 = AXIS2_PLACEMENT_3D ( 'NONE', #1195, #5695, #2992 ) ;
#3891 = CARTESIAN_POINT ( 'NONE',  ( 1.250000000000001998, 1.000000000000000666, -0.3499999999999999778 ) ) ;
#3892 =( NAMED_UNIT ( * ) PLANE_ANGLE_UNIT ( ) SI_UNIT ( $, .RADIAN. ) );
#3893 = FACE_OUTER_BOUND ( 'NONE', #2059, .T. ) ;
#3894 = PLANE ( 'NONE',  #607 ) ;
#3895 = COLOUR_RGB ( '',0.8627450980392157298, 0.6274509803921568540, 0.05882352941176470507 ) ;
#3896 = ORIENTED_EDGE ( 'NONE', *, *, #2627, .T. ) ;
#3897 = ORIENTED_EDGE ( 'NONE', *, *, #5177, .F. ) ;
#3898 = CARTESIAN_POINT ( 'NONE',  ( 0.000000000000000000, 0.000000000000000000, -0.3499999999999999778 ) ) ;
#3899 = FILL_AREA_STYLE ('',( #383 ) ) ;
#3900 = ADVANCED_FACE ( 'NONE', ( #980 ), #3570, .T. ) ;
#3901 = SURFACE_STYLE_FILL_AREA ( #682 ) ;
#3902 = CIRCLE ( 'NONE', #902, 0.1999999999999999833 ) ;
#3903 = ADVANCED_FACE ( 'NONE', ( #4240 ), #2006, .T. ) ;
#3904 = ORIENTED_EDGE ( 'NONE', *, *, #2555, .F. ) ;
#3905 = FILL_AREA_STYLE_COLOUR ( '', #3663 ) ;
#3906 = CARTESIAN_POINT ( 'NONE',  ( 1.250000000000001998, -0.7775000000000007461, -0.3499999999999999778 ) ) ;
#3907 = CIRCLE ( 'NONE', #530, 0.05000000000000002359 ) ;
#3908 =( NAMED_UNIT ( * ) PLANE_ANGLE_UNIT ( ) SI_UNIT ( $, .RADIAN. ) );
#3909 =( NAMED_UNIT ( * ) PLANE_ANGLE_UNIT ( ) SI_UNIT ( $, .RADIAN. ) );
#3910 = EDGE_CURVE ( 'NONE', #3613, #879, #1306, .T. ) ;
#3911 = AXIS2_PLACEMENT_3D ( 'NONE', #3702, #5410, #4482 ) ;
#3912 =( NAMED_UNIT ( * ) PLANE_ANGLE_UNIT ( ) SI_UNIT ( $, .RADIAN. ) );
#3913 = FILL_AREA_STYLE ('',( #5775 ) ) ;
#3914 = MECHANICAL_DESIGN_GEOMETRIC_PRESENTATION_REPRESENTATION (  '', ( #5498 ), #1115 ) ;
#3915 = MECHANICAL_DESIGN_GEOMETRIC_PRESENTATION_REPRESENTATION (  '', ( #1684 ), #5393 ) ;
#3916 = EDGE_LOOP ( 'NONE', ( #720, #2047, #818, #676, #3659, #357, #1340, #143 ) ) ;
#3917 = ORIENTED_EDGE ( 'NONE', *, *, #2946, .T. ) ;
#3918 = DIRECTION ( 'NONE',  ( 0.000000000000000000, 1.000000000000000000, 0.000000000000000000 ) ) ;
#3919 = CIRCLE ( 'NONE', #1386, 0.2225000000000004752 ) ;
#3920 = STYLED_ITEM ( 'NONE', ( #275 ), #2978 ) ;
#3921 = DIRECTION ( 'NONE',  ( 0.000000000000000000, 0.000000000000000000, 1.000000000000000000 ) ) ;
#3922 = SURFACE_STYLE_USAGE ( .BOTH. , #1338 ) ;
#3923 = SURFACE_STYLE_FILL_AREA ( #3490 ) ;
#3924 = DIRECTION ( 'NONE',  ( 0.000000000000000000, 0.000000000000000000, -1.000000000000000000 ) ) ;
#3925 = CIRCLE ( 'NONE', #3461, 0.05000000000000002359 ) ;
#3926 = SURFACE_SIDE_STYLE ('',( #5639 ) ) ;
#3927 = ORIENTED_EDGE ( 'NONE', *, *, #4177, .F. ) ;
#3928 = CARTESIAN_POINT ( 'NONE',  ( 1.250000000000001998, 1.000000000000000666, -0.05000000000000002359 ) ) ;
#3929 = STYLED_ITEM ( 'NONE', ( #2889 ), #4063 ) ;
#3930 = LINE ( 'NONE', #354, #1926 ) ;
#3931 = CARTESIAN_POINT ( 'NONE',  ( -1.249999999999998002, -0.8499999999999993117, -0.3510000000000000342 ) ) ;
#3932 = ORIENTED_EDGE ( 'NONE', *, *, #4475, .T. ) ;
#3933 = EDGE_CURVE ( 'NONE', #3313, #2899, #4679, .T. ) ;
#3934 = PRESENTATION_LAYER_ASSIGNMENT (  '', '', ( #5707 ) ) ;
#3935 =( LENGTH_UNIT ( ) NAMED_UNIT ( * ) SI_UNIT ( .MILLI., .METRE. ) );
#3936 =( LENGTH_UNIT ( ) NAMED_UNIT ( * ) SI_UNIT ( .MILLI., .METRE. ) );
#3937 = AXIS2_PLACEMENT_3D ( 'NONE', #4553, #2277, #2752 ) ;
#3938 = FACE_OUTER_BOUND ( 'NONE', #2391, .T. ) ;
#3939 = EDGE_CURVE ( 'NONE', #872, #840, #4615, .T. ) ;
#3940 = FILL_AREA_STYLE ('',( #812 ) ) ;
#3941 = FILL_AREA_STYLE ('',( #3966 ) ) ;
#3942 =( NAMED_UNIT ( * ) PLANE_ANGLE_UNIT ( ) SI_UNIT ( $, .RADIAN. ) );
#3943 = ADVANCED_FACE ( 'NONE', ( #5512 ), #685, .T. ) ;
#3944 = AXIS2_PLACEMENT_3D ( 'NONE', #4114, #3316, #3669 ) ;
#3945 = ORIENTED_EDGE ( 'NONE', *, *, #3973, .F. ) ;
#3946 = ORIENTED_EDGE ( 'NONE', *, *, #30, .F. ) ;
#3947 =( NAMED_UNIT ( * ) SI_UNIT ( $, .STERADIAN. ) SOLID_ANGLE_UNIT ( ) );
#3948 = LINE ( 'NONE', #5727, #4543 ) ;
#3949 = DIRECTION ( 'NONE',  ( 1.000000000000000000, 0.000000000000000000, 0.000000000000000000 ) ) ;
#3950 = CARTESIAN_POINT ( 'NONE',  ( 0.000000000000000000, 1.000000000000000666, -0.3499999999999999778 ) ) ;
#3951 =( NAMED_UNIT ( * ) PLANE_ANGLE_UNIT ( ) SI_UNIT ( $, .RADIAN. ) );
#3952 = ORIENTED_EDGE ( 'NONE', *, *, #4555, .T. ) ;
#3953 =( GEOMETRIC_REPRESENTATION_CONTEXT ( 3 ) GLOBAL_UNCERTAINTY_ASSIGNED_CONTEXT ( ( #3562 ) ) GLOBAL_UNIT_ASSIGNED_CONTEXT ( ( #577, #1944, #4145 ) ) REPRESENTATION_CONTEXT ( 'NONE', 'WORKASPACE' ) );
#3954 = CARTESIAN_POINT ( 'NONE',  ( -0.4749999999999999223, 0.8939339828220188577, -0.05000000000000002359 ) ) ;
#3955 = SURFACE_STYLE_USAGE ( .BOTH. , #1653 ) ;
#3956 = CARTESIAN_POINT ( 'NONE',  ( 1.143933982822019635, 0.8044079500593142029, -0.3499999999999999778 ) ) ;
#3957 = EDGE_LOOP ( 'NONE', ( #5118, #4986, #1359, #1105 ) ) ;
#3958 = UNCERTAINTY_MEASURE_WITH_UNIT (LENGTH_MEASURE( 1.000000000000000082E-05 ), #5730, 'distance_accuracy_value', 'NONE');
#3959 = CARTESIAN_POINT ( 'NONE',  ( -0.8999999999999980238, -0.8399999999999995248, 0.6000000000000000888 ) ) ;
#3960 = PRESENTATION_STYLE_ASSIGNMENT (( #5270 ) ) ;
#3961 = PRESENTATION_LAYER_ASSIGNMENT (  '', '', ( #31 ) ) ;
#3962 = DIRECTION ( 'NONE',  ( 0.000000000000000000, 0.000000000000000000, -1.000000000000000000 ) ) ;
#3963 = PRESENTATION_LAYER_ASSIGNMENT (  '', '', ( #5551 ) ) ;
#3964 = MECHANICAL_DESIGN_GEOMETRIC_PRESENTATION_REPRESENTATION (  '', ( #1441 ), #3606 ) ;
#3965 = SURFACE_STYLE_USAGE ( .BOTH. , #3478 ) ;
#3966 = FILL_AREA_STYLE_COLOUR ( '', #2704 ) ;
#3967 =( LENGTH_UNIT ( ) NAMED_UNIT ( * ) SI_UNIT ( .MILLI., .METRE. ) );
#3968 = ORIENTED_EDGE ( 'NONE', *, *, #1397, .F. ) ;
#3969 = MECHANICAL_DESIGN_GEOMETRIC_PRESENTATION_REPRESENTATION (  '', ( #4494 ), #2675 ) ;
#3970 = EDGE_CURVE ( 'NONE', #4973, #4338, #3384, .T. ) ;
#3971 = EDGE_LOOP ( 'NONE', ( #5502, #1726, #1869, #4130 ) ) ;
#3972 = LINE ( 'NONE', #953, #3052 ) ;
#3973 = EDGE_CURVE ( 'NONE', #200, #1483, #2094, .T. ) ;
#3974 = LINE ( 'NONE', #2701, #1635 ) ;
#3975 = PRESENTATION_LAYER_ASSIGNMENT (  '', '', ( #4504 ) ) ;
#3976 = DIRECTION ( 'NONE',  ( 0.000000000000000000, 1.000000000000000000, 0.000000000000000000 ) ) ;
#3977 = ORIENTED_EDGE ( 'NONE', *, *, #3694, .T. ) ;
#3978 =( NAMED_UNIT ( * ) PLANE_ANGLE_UNIT ( ) SI_UNIT ( $, .RADIAN. ) );
#3979 = VECTOR ( 'NONE', #2196, 1000.000000000000000 ) ;
#3980 = FILL_AREA_STYLE_COLOUR ( '', #798 ) ;
#3981 = AXIS2_PLACEMENT_3D ( 'NONE', #5408, #3564, #87 ) ;
#3982 = EDGE_LOOP ( 'NONE', ( #3607, #325, #4449, #2239 ) ) ;
#3983 = SURFACE_STYLE_FILL_AREA ( #409 ) ;
#3984 =( NAMED_UNIT ( * ) SI_UNIT ( $, .STERADIAN. ) SOLID_ANGLE_UNIT ( ) );
#3985 = CARTESIAN_POINT ( 'NONE',  ( -1.250000000000001998, 1.000000000000000666, -0.05000000000000002359 ) ) ;
#3986 = AXIS2_PLACEMENT_3D ( 'NONE', #4589, #3662, #570 ) ;
#3987 = CARTESIAN_POINT ( 'NONE',  ( 0.4749999999999997558, 0.000000000000000000, -0.3499999999999999778 ) ) ;
#3988 = FILL_AREA_STYLE_COLOUR ( '', #4728 ) ;
#3989 = DIRECTION ( 'NONE',  ( 1.000000000000000000, 0.000000000000000000, 0.000000000000000000 ) ) ;
#3990 = ORIENTED_EDGE ( 'NONE', *, *, #2464, .T. ) ;
#3991 = COLOUR_RGB ( '',0.8627450980392157298, 0.6274509803921568540, 0.05882352941176470507 ) ;
#3992 = VERTEX_POINT ( 'NONE', #4737 ) ;
#3993 = DIRECTION ( 'NONE',  ( -1.000000000000000000, -8.965986505048646580E-14, 0.000000000000000000 ) ) ;
#3994 = DIRECTION ( 'NONE',  ( -0.000000000000000000, -0.000000000000000000, -1.000000000000000000 ) ) ;
#3995 = PRESENTATION_LAYER_ASSIGNMENT (  '', '', ( #2334 ) ) ;
#3996 = ADVANCED_FACE ( 'NONE', ( #3041 ), #358, .T. ) ;
#3997 = CARTESIAN_POINT ( 'NONE',  ( 1.027500000000001190, -0.9999999999999993339, -0.05000000000000002359 ) ) ;
#3998 = VECTOR ( 'NONE', #5477, 1000.000000000000000 ) ;
#3999 = SURFACE_STYLE_USAGE ( .BOTH. , #4497 ) ;
#4000 = ORIENTED_EDGE ( 'NONE', *, *, #894, .F. ) ;
#4001 = ADVANCED_FACE ( 'NONE', ( #1802 ), #59, .F. ) ;
#4002 =( GEOMETRIC_REPRESENTATION_CONTEXT ( 3 ) GLOBAL_UNCERTAINTY_ASSIGNED_CONTEXT ( ( #4704 ) ) GLOBAL_UNIT_ASSIGNED_CONTEXT ( ( #5460, #2760, #4953 ) ) REPRESENTATION_CONTEXT ( 'NONE', 'WORKASPACE' ) );
#4003 = DIRECTION ( 'NONE',  ( 0.000000000000000000, 0.000000000000000000, 1.000000000000000000 ) ) ;
#4004 = EDGE_CURVE ( 'NONE', #4450, #985, #2714, .T. ) ;
#4005 = ORIENTED_EDGE ( 'NONE', *, *, #4550, .T. ) ;
#4006 =( GEOMETRIC_REPRESENTATION_CONTEXT ( 3 ) GLOBAL_UNCERTAINTY_ASSIGNED_CONTEXT ( ( #2340 ) ) GLOBAL_UNIT_ASSIGNED_CONTEXT ( ( #4106, #2314, #4916 ) ) REPRESENTATION_CONTEXT ( 'NONE', 'WORKASPACE' ) );
#4007 = ORIENTED_EDGE ( 'NONE', *, *, #1904, .T. ) ;
#4008 = UNCERTAINTY_MEASURE_WITH_UNIT (LENGTH_MEASURE( 1.000000000000000082E-05 ), #2195, 'distance_accuracy_value', 'NONE');
#4009 = DIRECTION ( 'NONE',  ( 1.000000000000000000, -3.742448381574715951E-16, 0.000000000000000000 ) ) ;
#4010 = DIRECTION ( 'NONE',  ( -1.000000000000000000, 0.000000000000000000, -0.000000000000000000 ) ) ;
#4011 = COLOUR_RGB ( '',0.8627450980392157298, 0.6274509803921568540, 0.05882352941176470507 ) ;
#4012 = CARTESIAN_POINT ( 'NONE',  ( -0.8999999999999980238, 0.6500000000000006883, 0.6500000000000001332 ) ) ;
#4013 = UNCERTAINTY_MEASURE_WITH_UNIT (LENGTH_MEASURE( 1.000000000000000082E-05 ), #3499, 'distance_accuracy_value', 'NONE');
#4014 = DIRECTION ( 'NONE',  ( -1.000000000000000000, 0.000000000000000000, -0.000000000000000000 ) ) ;
#4015 = CARTESIAN_POINT ( 'NONE',  ( -1.249999999999998002, 0.7775000000000004130, -0.05000000000000002359 ) ) ;
#4016 = MECHANICAL_DESIGN_GEOMETRIC_PRESENTATION_REPRESENTATION (  '', ( #2547 ), #3753 ) ;
#4017 = ORIENTED_EDGE ( 'NONE', *, *, #755, .F. ) ;
#4018 = ORIENTED_EDGE ( 'NONE', *, *, #4911, .T. ) ;
#4019 = FILL_AREA_STYLE_COLOUR ( '', #4725 ) ;
#4020 = STYLED_ITEM ( 'NONE', ( #2364 ), #4869 ) ;
#4021 = EDGE_CURVE ( 'NONE', #207, #420, #1825, .T. ) ;
#4022 = EDGE_LOOP ( 'NONE', ( #2629, #457, #3138, #1062 ) ) ;
#4023 = PRESENTATION_STYLE_ASSIGNMENT (( #4686 ) ) ;
#4024 = FILL_AREA_STYLE_COLOUR ( '', #451 ) ;
#4025 = FILL_AREA_STYLE ('',( #3501 ) ) ;
#4026 =( NAMED_UNIT ( * ) PLANE_ANGLE_UNIT ( ) SI_UNIT ( $, .RADIAN. ) );
#4027 = SURFACE_STYLE_FILL_AREA ( #2 ) ;
#4028 = EDGE_CURVE ( 'NONE', #1517, #3511, #972, .T. ) ;
#4029 = VERTEX_POINT ( 'NONE', #2859 ) ;
#4030 = ORIENTED_EDGE ( 'NONE', *, *, #3853, .F. ) ;
#4031 = EDGE_CURVE ( 'NONE', #1500, #754, #1884, .T. ) ;
#4032 = SURFACE_STYLE_FILL_AREA ( #115 ) ;
#4033 = CARTESIAN_POINT ( 'NONE',  ( 0.9000000000000019096, 0.8400000000000007461, 0.6000000000000000888 ) ) ;
#4034 =( NAMED_UNIT ( * ) PLANE_ANGLE_UNIT ( ) SI_UNIT ( $, .RADIAN. ) );
#4035 =( LENGTH_UNIT ( ) NAMED_UNIT ( * ) SI_UNIT ( .MILLI., .METRE. ) );
#4036 = DIRECTION ( 'NONE',  ( 0.000000000000000000, 0.000000000000000000, 1.000000000000000000 ) ) ;
#4037 = FACE_OUTER_BOUND ( 'NONE', #537, .T. ) ;
#4038 = COLOUR_RGB ( '',0.2862745098039215508, 0.2862745098039215508, 0.2862745098039215508 ) ;
#4039 = LINE ( 'NONE', #1835, #939 ) ;
#4040 = CARTESIAN_POINT ( 'NONE',  ( 0.9000000000000019096, 0.6500000000000006883, 0.6000000000000000888 ) ) ;
#4041 = VERTEX_POINT ( 'NONE', #1531 ) ;
#4042 = PRESENTATION_LAYER_ASSIGNMENT (  '', '', ( #5641 ) ) ;
#4043 = COLOUR_RGB ( '',0.8039215686274510109, 0.8039215686274510109, 0.8039215686274510109 ) ;
#4044 = VERTEX_POINT ( 'NONE', #4179 ) ;
#4045 = CARTESIAN_POINT ( 'NONE',  ( 1.143933982822019413, -0.8044079500593142029, -0.3499999999999999778 ) ) ;
#4046 =( NAMED_UNIT ( * ) PLANE_ANGLE_UNIT ( ) SI_UNIT ( $, .RADIAN. ) );
#4047 = DIRECTION ( 'NONE',  ( -1.000000000000000000, 0.000000000000000000, 0.000000000000000000 ) ) ;
#4048 = MECHANICAL_DESIGN_GEOMETRIC_PRESENTATION_REPRESENTATION (  '', ( #3053 ), #1542 ) ;
#4049 = CARTESIAN_POINT ( 'NONE',  ( -1.249999999999998002, -0.7775000000000007461, -0.3499999999999999778 ) ) ;
#4050 = ORIENTED_EDGE ( 'NONE', *, *, #2080, .T. ) ;
#4051 = DIRECTION ( 'NONE',  ( 0.000000000000000000, 0.000000000000000000, 1.000000000000000000 ) ) ;
#4052 = VECTOR ( 'NONE', #2325, 1000.000000000000000 ) ;
#4053 = DIRECTION ( 'NONE',  ( -1.000000000000000000, 0.000000000000000000, 0.000000000000000000 ) ) ;
#4054 = CARTESIAN_POINT ( 'NONE',  ( 1.250000000000001776, -1.000000000000001110, -0.05000000000000002359 ) ) ;
#4055 = MECHANICAL_DESIGN_GEOMETRIC_PRESENTATION_REPRESENTATION (  '', ( #3413 ), #1553 ) ;
#4056 = FILL_AREA_STYLE_COLOUR ( '', #5642 ) ;
#4057 = ORIENTED_EDGE ( 'NONE', *, *, #5751, .F. ) ;
#4058 = UNCERTAINTY_MEASURE_WITH_UNIT (LENGTH_MEASURE( 1.000000000000000082E-05 ), #3814, 'distance_accuracy_value', 'NONE');
#4059 = PRESENTATION_STYLE_ASSIGNMENT (( #2683 ) ) ;
#4060 = AXIS2_PLACEMENT_3D ( 'NONE', #5105, #693, #5569 ) ;
#4061 = SURFACE_STYLE_USAGE ( .BOTH. , #496 ) ;
#4062 = CARTESIAN_POINT ( 'NONE',  ( -1.250000000000002220, -1.000000000000000222, -0.3499999999999999778 ) ) ;
#4063 = ADVANCED_FACE ( 'NONE', ( #4208 ), #1124, .T. ) ;
#4064 = CARTESIAN_POINT ( 'NONE',  ( -1.249999999999998002, 0.7775000000000004130, -0.05000000000000002359 ) ) ;
#4065 = CARTESIAN_POINT ( 'NONE',  ( 1.143933982822019413, -0.8044079500593143139, -0.05000000000000002359 ) ) ;
#4066 = VECTOR ( 'NONE', #882, 1000.000000000000000 ) ;
#4067 = UNCERTAINTY_MEASURE_WITH_UNIT (LENGTH_MEASURE( 1.000000000000000082E-05 ), #3236, 'distance_accuracy_value', 'NONE');
#4068 = FILL_AREA_STYLE_COLOUR ( '', #456 ) ;
#4069 = CARTESIAN_POINT ( 'NONE',  ( -1.099999999999998090, 0.6500000000000006883, 0.5500000000000000444 ) ) ;
#4070 = CARTESIAN_POINT ( 'NONE',  ( -1.249999999999998002, -0.7775000000000007461, -0.05000000000000002359 ) ) ;
#4071 = EDGE_CURVE ( 'NONE', #3754, #4951, #4544, .T. ) ;
#4072 = CIRCLE ( 'NONE', #5287, 0.2225000000000000311 ) ;
#4073 = DIRECTION ( 'NONE',  ( -1.000000000000000000, 0.000000000000000000, 0.000000000000000000 ) ) ;
#4074 = EDGE_LOOP ( 'NONE', ( #4018, #4595, #2257, #2199, #563, #2447, #1810, #386 ) ) ;
#4075 = AXIS2_PLACEMENT_3D ( 'NONE', #1021, #75, #2815 ) ;
#4076 = ORIENTED_EDGE ( 'NONE', *, *, #2037, .F. ) ;
#4077 = FILL_AREA_STYLE ('',( #5756 ) ) ;
#4078 = DIRECTION ( 'NONE',  ( -1.000000000000000000, -3.742448381574715951E-16, 0.000000000000000000 ) ) ;
#4079 = COLOUR_RGB ( '',0.8627450980392157298, 0.6274509803921568540, 0.05882352941176470507 ) ;
#4080 = CARTESIAN_POINT ( 'NONE',  ( -1.054407950059315091, -0.8939339828220188577, -0.05000000000000002359 ) ) ;
#4081 = VERTEX_POINT ( 'NONE', #553 ) ;
#4082 = FACE_OUTER_BOUND ( 'NONE', #4867, .T. ) ;
#4083 = AXIS2_PLACEMENT_3D ( 'NONE', #1398, #4894, #1365 ) ;
#4084 = AXIS2_PLACEMENT_3D ( 'NONE', #5230, #2088, #3068 ) ;
#4085 = SURFACE_STYLE_USAGE ( .BOTH. , #5335 ) ;
#4086 = DIRECTION ( 'NONE',  ( -0.000000000000000000, -0.000000000000000000, 1.000000000000000000 ) ) ;
#4087 = VECTOR ( 'NONE', #3458, 1000.000000000000000 ) ;
#4088 = VERTEX_POINT ( 'NONE', #5504 ) ;
#4089 = ORIENTED_EDGE ( 'NONE', *, *, #211, .F. ) ;
#4090 = AXIS2_PLACEMENT_3D ( 'NONE', #1995, #5189, #3455 ) ;
#4091 = AXIS2_PLACEMENT_3D ( 'NONE', #5563, #3013, #626 ) ;
#4092 = SURFACE_STYLE_USAGE ( .BOTH. , #1436 ) ;
#4093 = CARTESIAN_POINT ( 'NONE',  ( 1.250000000000001998, -0.7775000000000006350, -0.3499999999999999778 ) ) ;
#4094 = COLOUR_RGB ( '',0.8627450980392157298, 0.6274509803921568540, 0.05882352941176470507 ) ;
#4095 = CARTESIAN_POINT ( 'NONE',  ( -0.4749999999999999223, 0.8939339828220188577, -0.05000000000000002359 ) ) ;
#4096 = ADVANCED_FACE ( 'NONE', ( #3701 ), #4119, .T. ) ;
#4097 = DIRECTION ( 'NONE',  ( -1.000000000000000000, 0.000000000000000000, 0.000000000000000000 ) ) ;
#4098 = CIRCLE ( 'NONE', #1593, 0.2225000000000002531 ) ;
#4099 =( NAMED_UNIT ( * ) SI_UNIT ( $, .STERADIAN. ) SOLID_ANGLE_UNIT ( ) );
#4100 = FILL_AREA_STYLE_COLOUR ( '', #3668 ) ;
#4101 = SURFACE_STYLE_FILL_AREA ( #4582 ) ;
#4102 = ORIENTED_EDGE ( 'NONE', *, *, #1091, .T. ) ;
#4103 = PRESENTATION_LAYER_ASSIGNMENT (  '', '', ( #5703 ) ) ;
#4104 = EDGE_CURVE ( 'NONE', #1523, #5169, #4699, .T. ) ;
#4105 = VERTEX_POINT ( 'NONE', #3004 ) ;
#4106 =( LENGTH_UNIT ( ) NAMED_UNIT ( * ) SI_UNIT ( .MILLI., .METRE. ) );
#4107 = DIRECTION ( 'NONE',  ( 0.000000000000000000, 1.000000000000000000, 0.000000000000000000 ) ) ;
#4108 = EDGE_CURVE ( 'NONE', #831, #988, #4098, .T. ) ;
#4109 = PRESENTATION_STYLE_ASSIGNMENT (( #4943 ) ) ;
#4110 = CIRCLE ( 'NONE', #381, 0.2225000000000002531 ) ;
#4111 = LINE ( 'NONE', #4979, #5362 ) ;
#4112 = ORIENTED_EDGE ( 'NONE', *, *, #177, .T. ) ;
#4113 = DIRECTION ( 'NONE',  ( -2.990902544787594549E-15, 1.000000000000000000, 0.000000000000000000 ) ) ;
#4114 = CARTESIAN_POINT ( 'NONE',  ( 1.150000000000001910, -0.8499999999999994227, 0.4000000000000000222 ) ) ;
#4115 = DIRECTION ( 'NONE',  ( -1.000000000000000000, 6.483163961332029401E-16, 0.000000000000000000 ) ) ;
#4116 = ORIENTED_EDGE ( 'NONE', *, *, #3129, .F. ) ;
#4117 = EDGE_LOOP ( 'NONE', ( #5006, #206, #4207, #3125 ) ) ;
#4118 = UNCERTAINTY_MEASURE_WITH_UNIT (LENGTH_MEASURE( 1.000000000000000082E-05 ), #2559, 'distance_accuracy_value', 'NONE');
#4119 = PLANE ( 'NONE',  #85 ) ;
#4120 =( NAMED_UNIT ( * ) PLANE_ANGLE_UNIT ( ) SI_UNIT ( $, .RADIAN. ) );
#4121 = DIRECTION ( 'NONE',  ( 0.000000000000000000, 0.000000000000000000, -1.000000000000000000 ) ) ;
#4122 = CARTESIAN_POINT ( 'NONE',  ( -1.249999999999998002, -0.9999999999999993339, 0.3499999999999999778 ) ) ;
#4123 = CARTESIAN_POINT ( 'NONE',  ( -1.054407950059315091, -0.8939339828220188577, -0.05000000000000002359 ) ) ;
#4124 = UNCERTAINTY_MEASURE_WITH_UNIT (LENGTH_MEASURE( 1.000000000000000082E-05 ), #4546, 'distance_accuracy_value', 'NONE');
#4125 = VECTOR ( 'NONE', #4717, 1000.000000000000000 ) ;
#4126 = FILL_AREA_STYLE ('',( #588 ) ) ;
#4127 =( NAMED_UNIT ( * ) SI_UNIT ( $, .STERADIAN. ) SOLID_ANGLE_UNIT ( ) );
#4128 = DIRECTION ( 'NONE',  ( 0.000000000000000000, -0.000000000000000000, 1.000000000000000000 ) ) ;
#4129 = DIRECTION ( 'NONE',  ( 1.000000000000000000, 3.742448381574715951E-16, 0.000000000000000000 ) ) ;
#4130 = ORIENTED_EDGE ( 'NONE', *, *, #3933, .T. ) ;
#4131 = ORIENTED_EDGE ( 'NONE', *, *, #4743, .T. ) ;
#4132 = CARTESIAN_POINT ( 'NONE',  ( -0.4749999999999997558, -0.6375000000000027311, -0.3499999999999999778 ) ) ;
#4133 = DIRECTION ( 'NONE',  ( 0.000000000000000000, 0.000000000000000000, -1.000000000000000000 ) ) ;
#4134 = CARTESIAN_POINT ( 'NONE',  ( 0.9000000000000019096, -0.7399999999999994360, 0.6000000000000000888 ) ) ;
#4135 = ADVANCED_FACE ( 'NONE', ( #1649 ), #678, .F. ) ;
#4136 = CARTESIAN_POINT ( 'NONE',  ( 0.4749999999999997558, 0.000000000000000000, -0.3499999999999999778 ) ) ;
#4137 = ORIENTED_EDGE ( 'NONE', *, *, #921, .F. ) ;
#4138 = VECTOR ( 'NONE', #4157, 1000.000000000000000 ) ;
#4139 = EDGE_CURVE ( 'NONE', #3304, #2812, #2540, .T. ) ;
#4140 = ORIENTED_EDGE ( 'NONE', *, *, #3066, .F. ) ;
#4141 =( LENGTH_UNIT ( ) NAMED_UNIT ( * ) SI_UNIT ( .MILLI., .METRE. ) );
#4142 = CARTESIAN_POINT ( 'NONE',  ( 0.9000000000000019096, 0.6500000000000006883, 0.6000000000000000888 ) ) ;
#4143 = DIRECTION ( 'NONE',  ( -1.000000000000000000, 0.000000000000000000, 0.000000000000000000 ) ) ;
#4144 = AXIS2_PLACEMENT_3D ( 'NONE', #5149, #5620, #4734 ) ;
#4145 =( NAMED_UNIT ( * ) SI_UNIT ( $, .STERADIAN. ) SOLID_ANGLE_UNIT ( ) );
#4146 = SURFACE_STYLE_FILL_AREA ( #3259 ) ;
#4147 = AXIS2_PLACEMENT_3D ( 'NONE', #1258, #285, #4309 ) ;
#4148 = VECTOR ( 'NONE', #1316, 1000.000000000000000 ) ;
#4149 = VERTEX_POINT ( 'NONE', #5708 ) ;
#4150 = ORIENTED_EDGE ( 'NONE', *, *, #4031, .F. ) ;
#4151 = PRESENTATION_STYLE_ASSIGNMENT (( #4061 ) ) ;
#4152 =( NAMED_UNIT ( * ) PLANE_ANGLE_UNIT ( ) SI_UNIT ( $, .RADIAN. ) );
#4153 = CARTESIAN_POINT ( 'NONE',  ( -1.054407950059315091, 0.8939339828220185247, -0.05000000000000002359 ) ) ;
#4154 = STYLED_ITEM ( 'NONE', ( #366 ), #5761 ) ;
#4155 = CIRCLE ( 'NONE', #1645, 0.05000000000000002359 ) ;
#4156 = FACE_OUTER_BOUND ( 'NONE', #551, .T. ) ;
#4157 = DIRECTION ( 'NONE',  ( 1.000000000000000000, 3.742448381574715951E-16, 0.000000000000000000 ) ) ;
#4158 = LINE ( 'NONE', #2836, #2928 ) ;
#4159 = STYLED_ITEM ( 'NONE', ( #97 ), #1353 ) ;
#4160 = DIRECTION ( 'NONE',  ( 0.000000000000000000, -0.000000000000000000, 1.000000000000000000 ) ) ;
#4161 = VERTEX_POINT ( 'NONE', #1617 ) ;
#4162 = ORIENTED_EDGE ( 'NONE', *, *, #177, .F. ) ;
#4163 = FACE_OUTER_BOUND ( 'NONE', #5073, .T. ) ;
#4164 = PRESENTATION_LAYER_ASSIGNMENT (  '', '', ( #1192 ) ) ;
#4165 = FILL_AREA_STYLE_COLOUR ( '', #3569 ) ;
#4166 = ORIENTED_EDGE ( 'NONE', *, *, #4379, .T. ) ;
#4167 = ORIENTED_EDGE ( 'NONE', *, *, #4959, .F. ) ;
#4168 = FILL_AREA_STYLE ('',( #2820 ) ) ;
#4169 = ADVANCED_FACE ( 'NONE', ( #1713 ), #4292, .F. ) ;
#4170 = FILL_AREA_STYLE_COLOUR ( '', #4274 ) ;
#4171 =( NAMED_UNIT ( * ) SI_UNIT ( $, .STERADIAN. ) SOLID_ANGLE_UNIT ( ) );
#4172 = CIRCLE ( 'NONE', #3356, 0.05000000000000002359 ) ;
#4173 = EDGE_CURVE ( 'NONE', #4490, #2449, #4714, .T. ) ;
#4174 = CIRCLE ( 'NONE', #534, 0.1500000000000006051 ) ;
#4175 = CIRCLE ( 'NONE', #1674, 0.05000000000000002359 ) ;
#4176 = ORIENTED_EDGE ( 'NONE', *, *, #3377, .F. ) ;
#4177 = EDGE_CURVE ( 'NONE', #2706, #2197, #3283, .T. ) ;
#4178 = ORIENTED_EDGE ( 'NONE', *, *, #3973, .T. ) ;
#4179 = CARTESIAN_POINT ( 'NONE',  ( 0.4749999999999998113, 0.3374999999999998557, -0.3499999999999999778 ) ) ;
#4180 = FILL_AREA_STYLE ('',( #2400 ) ) ;
#4181 = EDGE_CURVE ( 'NONE', #3054, #1467, #5042, .T. ) ;
#4182 = AXIS2_PLACEMENT_3D ( 'NONE', #2568, #2119, #1293 ) ;
#4183 = CYLINDRICAL_SURFACE ( 'NONE', #4084, 0.1999999999999999833 ) ;
#4184 = STYLED_ITEM ( 'NONE', ( #5343 ), #2380 ) ;
#4185 = FACE_OUTER_BOUND ( 'NONE', #1175, .T. ) ;
#4186 = CIRCLE ( 'NONE', #3364, 0.05000000000000002359 ) ;
#4187 = UNCERTAINTY_MEASURE_WITH_UNIT (LENGTH_MEASURE( 1.000000000000000082E-05 ), #1555, 'distance_accuracy_value', 'NONE');
#4188 = SURFACE_STYLE_FILL_AREA ( #2895 ) ;
#4189 = CARTESIAN_POINT ( 'NONE',  ( -1.143933982822019635, 0.8044079500593140919, -0.3499999999999999778 ) ) ;
#4190 = STYLED_ITEM ( 'NONE', ( #1329 ), #3900 ) ;
#4191 = FILL_AREA_STYLE_COLOUR ( '', #3895 ) ;
#4192 = VERTEX_POINT ( 'NONE', #3820 ) ;
#4193 = EDGE_LOOP ( 'NONE', ( #3428, #1419, #5437, #3039 ) ) ;
#4194 =( GEOMETRIC_REPRESENTATION_CONTEXT ( 3 ) GLOBAL_UNCERTAINTY_ASSIGNED_CONTEXT ( ( #5651 ) ) GLOBAL_UNIT_ASSIGNED_CONTEXT ( ( #1659, #773, #2128 ) ) REPRESENTATION_CONTEXT ( 'NONE', 'WORKASPACE' ) );
#4195 = CARTESIAN_POINT ( 'NONE',  ( 0.9000000000000019096, -0.7399999999999994360, 0.6500000000000001332 ) ) ;
#4196 = SURFACE_SIDE_STYLE ('',( #5133 ) ) ;
#4197 = DIRECTION ( 'NONE',  ( -1.000000000000000000, 0.000000000000000000, 0.000000000000000000 ) ) ;
#4198 = MECHANICAL_DESIGN_GEOMETRIC_PRESENTATION_REPRESENTATION (  '', ( #5703 ), #1877 ) ;
#4199 = ORIENTED_EDGE ( 'NONE', *, *, #5650, .F. ) ;
#4200 = EDGE_LOOP ( 'NONE', ( #4541, #3544, #3826, #1719 ) ) ;
#4201 =( NAMED_UNIT ( * ) PLANE_ANGLE_UNIT ( ) SI_UNIT ( $, .RADIAN. ) );
#4202 = CARTESIAN_POINT ( 'NONE',  ( 1.250000000000001998, 1.000000000000000666, -0.3510000000000000342 ) ) ;
#4203 = FACE_OUTER_BOUND ( 'NONE', #4256, .T. ) ;
#4204 = ADVANCED_FACE ( 'NONE', ( #3797 ), #5546, .F. ) ;
#4205 = PRESENTATION_LAYER_ASSIGNMENT (  '', '', ( #2466 ) ) ;
#4206 = ORIENTED_EDGE ( 'NONE', *, *, #3196, .F. ) ;
#4207 = ORIENTED_EDGE ( 'NONE', *, *, #5206, .T. ) ;
#4208 = FACE_OUTER_BOUND ( 'NONE', #4819, .T. ) ;
#4209 = CARTESIAN_POINT ( 'NONE',  ( 0.9900000000000022116, 0.6500000000000005773, 0.6500000000000001332 ) ) ;
#4210 = DIRECTION ( 'NONE',  ( -1.000000000000000000, 0.000000000000000000, 0.000000000000000000 ) ) ;
#4211 = EDGE_CURVE ( 'NONE', #3992, #5285, #5488, .T. ) ;
#4212 = AXIS2_PLACEMENT_3D ( 'NONE', #4721, #3394, #1169 ) ;
#4213 = ADVANCED_FACE ( 'NONE', ( #2844 ), #2416, .T. ) ;
#4214 =( NAMED_UNIT ( * ) PLANE_ANGLE_UNIT ( ) SI_UNIT ( $, .RADIAN. ) );
#4215 = FILL_AREA_STYLE ('',( #2493 ) ) ;
#4216 = DIRECTION ( 'NONE',  ( 0.000000000000000000, 1.000000000000000000, 0.000000000000000000 ) ) ;
#4217 = DIRECTION ( 'NONE',  ( 0.000000000000000000, 0.000000000000000000, 1.000000000000000000 ) ) ;
#4218 = AXIS2_PLACEMENT_3D ( 'NONE', #5409, #2798, #1408 ) ;
#4219 = FILL_AREA_STYLE ('',( #663 ) ) ;
#4220 =( LENGTH_UNIT ( ) NAMED_UNIT ( * ) SI_UNIT ( .MILLI., .METRE. ) );
#4221 = PRESENTATION_STYLE_ASSIGNMENT (( #2960 ) ) ;
#4222 = DIRECTION ( 'NONE',  ( 0.000000000000000000, 1.000000000000000000, 0.000000000000000000 ) ) ;
#4223 =( NAMED_UNIT ( * ) PLANE_ANGLE_UNIT ( ) SI_UNIT ( $, .RADIAN. ) );
#4224 = MECHANICAL_DESIGN_GEOMETRIC_PRESENTATION_REPRESENTATION (  '', ( #4863 ), #3953 ) ;
#4225 = EDGE_LOOP ( 'NONE', ( #2173, #3561, #3543, #3051 ) ) ;
#4226 = EDGE_LOOP ( 'NONE', ( #4050, #2225, #2311, #2537, #1648, #2075, #5786, #1960, #4398 ) ) ;
#4227 = SURFACE_STYLE_USAGE ( .BOTH. , #5164 ) ;
#4228 = CIRCLE ( 'NONE', #2099, 0.2225000000000002531 ) ;
#4229 = SURFACE_STYLE_FILL_AREA ( #2855 ) ;
#4230 = ORIENTED_EDGE ( 'NONE', *, *, #680, .F. ) ;
#4231 = VECTOR ( 'NONE', #1832, 1000.000000000000000 ) ;
#4232 = ORIENTED_EDGE ( 'NONE', *, *, #1576, .F. ) ;
#4233 = PRESENTATION_STYLE_ASSIGNMENT (( #3495 ) ) ;
#4234 = FILL_AREA_STYLE_COLOUR ( '', #2204 ) ;
#4235 = PRESENTATION_LAYER_ASSIGNMENT (  '', '', ( #1268 ) ) ;
#4236 =( GEOMETRIC_REPRESENTATION_CONTEXT ( 3 ) GLOBAL_UNCERTAINTY_ASSIGNED_CONTEXT ( ( #4874 ) ) GLOBAL_UNIT_ASSIGNED_CONTEXT ( ( #5560, #1620, #4611 ) ) REPRESENTATION_CONTEXT ( 'NONE', 'WORKASPACE' ) );
#4237 = CARTESIAN_POINT ( 'NONE',  ( -1.143933982822019413, 0.3374999999999998557, -0.05000000000000002359 ) ) ;
#4238 = UNCERTAINTY_MEASURE_WITH_UNIT (LENGTH_MEASURE( 1.000000000000000082E-05 ), #3365, 'distance_accuracy_value', 'NONE');
#4239 = EDGE_CURVE ( 'NONE', #4338, #3635, #5721, .T. ) ;
#4240 = FACE_OUTER_BOUND ( 'NONE', #3779, .T. ) ;
#4241 = DIRECTION ( 'NONE',  ( 0.000000000000000000, 0.000000000000000000, 1.000000000000000000 ) ) ;
#4242 = ORIENTED_EDGE ( 'NONE', *, *, #604, .T. ) ;
#4243 = VECTOR ( 'NONE', #1578, 1000.000000000000000 ) ;
#4244 = EDGE_CURVE ( 'NONE', #5675, #5339, #2168, .T. ) ;
#4245 = DIRECTION ( 'NONE',  ( 0.000000000000000000, 0.000000000000000000, -1.000000000000000000 ) ) ;
#4246 = DIRECTION ( 'NONE',  ( 0.000000000000000000, 0.000000000000000000, 1.000000000000000000 ) ) ;
#4247 = ORIENTED_EDGE ( 'NONE', *, *, #3477, .F. ) ;
#4248 = CIRCLE ( 'NONE', #714, 0.1499999999999999667 ) ;
#4249 = ORIENTED_EDGE ( 'NONE', *, *, #211, .T. ) ;
#4250 = SURFACE_STYLE_FILL_AREA ( #2966 ) ;
#4251 = PRODUCT ( 'ASDLJ-E-49.152MHZ-L-R-T', 'ASDLJ-E-49.152MHZ-L-R-T', '', ( #963 ) ) ;
#4252 = DIRECTION ( 'NONE',  ( -0.000000000000000000, -0.000000000000000000, 1.000000000000000000 ) ) ;
#4253 = CARTESIAN_POINT ( 'NONE',  ( -0.7899999999999981481, -0.5399999999999998135, 0.6400000000000000133 ) ) ;
#4254 = PRESENTATION_LAYER_ASSIGNMENT (  '', '', ( #2691 ) ) ;
#4255 =( NAMED_UNIT ( * ) PLANE_ANGLE_UNIT ( ) SI_UNIT ( $, .RADIAN. ) );
#4256 = EDGE_LOOP ( 'NONE', ( #4840, #4167 ) ) ;
#4257 = AXIS2_PLACEMENT_3D ( 'NONE', #5750, #2641, #4014 ) ;
#4258 = EDGE_LOOP ( 'NONE', ( #4388, #350, #3605, #5014 ) ) ;
#4259 =( LENGTH_UNIT ( ) NAMED_UNIT ( * ) SI_UNIT ( .MILLI., .METRE. ) );
#4260 = DIRECTION ( 'NONE',  ( 0.000000000000000000, 0.000000000000000000, -1.000000000000000000 ) ) ;
#4261 = CARTESIAN_POINT ( 'NONE',  ( 0.9000000000000019096, -0.6499999999999994671, 0.5500000000000000444 ) ) ;
#4262 = DIRECTION ( 'NONE',  ( 0.000000000000000000, 0.000000000000000000, -1.000000000000000000 ) ) ;
#4263 = VECTOR ( 'NONE', #911, 1000.000000000000000 ) ;
#4264 = FILL_AREA_STYLE_COLOUR ( '', #2953 ) ;
#4265 = PRESENTATION_LAYER_ASSIGNMENT (  '', '', ( #4909 ) ) ;
#4266 =( GEOMETRIC_REPRESENTATION_CONTEXT ( 3 ) GLOBAL_UNCERTAINTY_ASSIGNED_CONTEXT ( ( #3274 ) ) GLOBAL_UNIT_ASSIGNED_CONTEXT ( ( #554, #3178, #4963 ) ) REPRESENTATION_CONTEXT ( 'NONE', 'WORKASPACE' ) );
#4267 = CARTESIAN_POINT ( 'NONE',  ( 0.000000000000000000, 0.000000000000000000, -0.3499999999999999778 ) ) ;
#4268 = DIRECTION ( 'NONE',  ( -1.000000000000000000, 0.000000000000000000, 0.000000000000000000 ) ) ;
#4269 = SURFACE_STYLE_USAGE ( .BOTH. , #2981 ) ;
#4270 = FILL_AREA_STYLE ('',( #2579 ) ) ;
#4271 = ADVANCED_FACE ( 'NONE', ( #4384 ), #309, .T. ) ;
#4272 = PRESENTATION_LAYER_ASSIGNMENT (  '', '', ( #3550 ) ) ;
#4273 = CARTESIAN_POINT ( 'NONE',  ( 2.188067836949561821E-16, -0.3375000000000002998, -0.05000000000000002359 ) ) ;
#4274 = COLOUR_RGB ( '',0.2862745098039215508, 0.2862745098039215508, 0.2862745098039215508 ) ;
#4275 = FILL_AREA_STYLE ('',( #5547 ) ) ;
#4276 = VECTOR ( 'NONE', #5473, 1000.000000000000000 ) ;
#4277 = CARTESIAN_POINT ( 'NONE',  ( 0.000000000000000000, 0.3374999999999998557, -0.3499999999999999778 ) ) ;
#4278 = ORIENTED_EDGE ( 'NONE', *, *, #58, .F. ) ;
#4279 = ADVANCED_FACE ( 'NONE', ( #338 ), #2134, .F. ) ;
#4280 = ORIENTED_EDGE ( 'NONE', *, *, #4911, .F. ) ;
#4281 = CARTESIAN_POINT ( 'NONE',  ( 0.4749999999999997558, -0.3374999999999999667, -0.05000000000000002359 ) ) ;
#4282 = EDGE_CURVE ( 'NONE', #124, #1516, #2723, .T. ) ;
#4283 = SURFACE_SIDE_STYLE ('',( #2533 ) ) ;
#4284 = FILL_AREA_STYLE ('',( #5162 ) ) ;
#4285 =( LENGTH_UNIT ( ) NAMED_UNIT ( * ) SI_UNIT ( .MILLI., .METRE. ) );
#4286 = MECHANICAL_DESIGN_GEOMETRIC_PRESENTATION_REPRESENTATION (  '', ( #1875 ), #4194 ) ;
#4287 = CARTESIAN_POINT ( 'NONE',  ( 0.9000000000000019096, -0.7899999999999994804, 0.6000000000000000888 ) ) ;
#4288 =( NAMED_UNIT ( * ) PLANE_ANGLE_UNIT ( ) SI_UNIT ( $, .RADIAN. ) );
#4289 = ORIENTED_EDGE ( 'NONE', *, *, #1831, .F. ) ;
#4290 = COLOUR_RGB ( '',0.2862745098039215508, 0.2862745098039215508, 0.2862745098039215508 ) ;
#4291 = ORIENTED_EDGE ( 'NONE', *, *, #5463, .T. ) ;
#4292 = CYLINDRICAL_SURFACE ( 'NONE', #2460, 0.05000000000000002359 ) ;
#4293 = PLANE ( 'NONE',  #4441 ) ;
#4294 = AXIS2_PLACEMENT_3D ( 'NONE', #1927, #5481, #1478 ) ;
#4295 = FILL_AREA_STYLE_COLOUR ( '', #3695 ) ;
#4296 = ORIENTED_EDGE ( 'NONE', *, *, #3796, .F. ) ;
#4297 = UNCERTAINTY_MEASURE_WITH_UNIT (LENGTH_MEASURE( 1.000000000000000082E-05 ), #2406, 'distance_accuracy_value', 'NONE');
#4298 = MECHANICAL_DESIGN_GEOMETRIC_PRESENTATION_REPRESENTATION (  '', ( #2551 ), #2371 ) ;
#4299 = SURFACE_STYLE_USAGE ( .BOTH. , #3873 ) ;
#4300 = PLANE ( 'NONE',  #3016 ) ;
#4301 = CARTESIAN_POINT ( 'NONE',  ( -0.8999999999999981348, -0.6499999999999994671, 0.4000000000000000222 ) ) ;
#4302 = DIRECTION ( 'NONE',  ( -1.000000000000000000, 3.898255002195067469E-15, 0.000000000000000000 ) ) ;
#4303 = DIRECTION ( 'NONE',  ( -1.000000000000000000, 0.000000000000000000, -0.000000000000000000 ) ) ;
#4304 = DIRECTION ( 'NONE',  ( -1.000000000000000000, 0.000000000000000000, 0.000000000000000000 ) ) ;
#4305 = LINE ( 'NONE', #4277, #1458 ) ;
#4306 = VERTEX_POINT ( 'NONE', #503 ) ;
#4307 = VECTOR ( 'NONE', #5113, 1000.000000000000000 ) ;
#4308 = ORIENTED_EDGE ( 'NONE', *, *, #5716, .T. ) ;
#4309 = DIRECTION ( 'NONE',  ( 1.948483029355698800E-16, 1.000000000000000000, 0.000000000000000000 ) ) ;
#4310 = CARTESIAN_POINT ( 'NONE',  ( -0.6899999999999980593, -0.5399999999999998135, 0.6400000000000000133 ) ) ;
#4311 = PRESENTATION_STYLE_ASSIGNMENT (( #1610 ) ) ;
#4312 = EDGE_CURVE ( 'NONE', #1569, #2918, #4999, .T. ) ;
#4313 = SURFACE_SIDE_STYLE ('',( #760 ) ) ;
#4314 = EDGE_CURVE ( 'NONE', #3888, #3767, #1778, .T. ) ;
#4315 = ORIENTED_EDGE ( 'NONE', *, *, #3827, .F. ) ;
#4316 = ORIENTED_EDGE ( 'NONE', *, *, #3868, .F. ) ;
#4317 =( NAMED_UNIT ( * ) PLANE_ANGLE_UNIT ( ) SI_UNIT ( $, .RADIAN. ) );
#4318 = SURFACE_STYLE_FILL_AREA ( #2653 ) ;
#4319 = LINE ( 'NONE', #2489, #3137 ) ;
#4320 = CIRCLE ( 'NONE', #121, 0.1400000000000001521 ) ;
#4321 = ORIENTED_EDGE ( 'NONE', *, *, #4707, .T. ) ;
#4322 = DIRECTION ( 'NONE',  ( 0.000000000000000000, 1.000000000000000000, 0.000000000000000000 ) ) ;
#4323 = LINE ( 'NONE', #4355, #5044 ) ;
#4324 = DIRECTION ( 'NONE',  ( -1.000000000000000000, -0.000000000000000000, -0.000000000000000000 ) ) ;
#4325 =( GEOMETRIC_REPRESENTATION_CONTEXT ( 3 ) GLOBAL_UNCERTAINTY_ASSIGNED_CONTEXT ( ( #1216 ) ) GLOBAL_UNIT_ASSIGNED_CONTEXT ( ( #1934, #5451, #5097 ) ) REPRESENTATION_CONTEXT ( 'NONE', 'WORKASPACE' ) );
#4326 = STYLED_ITEM ( 'NONE', ( #4478 ), #484 ) ;
#4327 = CARTESIAN_POINT ( 'NONE',  ( 1.250000000000001776, -1.000000000000001110, -0.05000000000000002359 ) ) ;
#4328 = LINE ( 'NONE', #1350, #528 ) ;
#4329 = LINE ( 'NONE', #276, #24 ) ;
#4330 = COLOUR_RGB ( '',0.2862745098039215508, 0.2862745098039215508, 0.2862745098039215508 ) ;
#4331 = PRESENTATION_LAYER_ASSIGNMENT (  '', '', ( #1271 ) ) ;
#4332 = DIRECTION ( 'NONE',  ( 1.000000000000000000, -3.742448381574715951E-16, 0.000000000000000000 ) ) ;
#4333 = FACE_OUTER_BOUND ( 'NONE', #2936, .T. ) ;
#4334 = SURFACE_STYLE_USAGE ( .BOTH. , #5276 ) ;
#4335 = VECTOR ( 'NONE', #992, 1000.000000000000000 ) ;
#4336 = FILL_AREA_STYLE ('',( #4718 ) ) ;
#4337 = ORIENTED_EDGE ( 'NONE', *, *, #564, .T. ) ;
#4338 = VERTEX_POINT ( 'NONE', #66 ) ;
#4339 = CARTESIAN_POINT ( 'NONE',  ( 1.250000000000001776, -1.000000000000001110, -0.05000000000000002359 ) ) ;
#4340 = COLOUR_RGB ( '',0.8039215686274510109, 0.8039215686274510109, 0.8039215686274510109 ) ;
#4341 = DIRECTION ( 'NONE',  ( 0.000000000000000000, -1.000000000000000000, -0.000000000000000000 ) ) ;
#4342 = SURFACE_STYLE_FILL_AREA ( #788 ) ;
#4343 = FACE_OUTER_BOUND ( 'NONE', #230, .T. ) ;
#4344 = SURFACE_SIDE_STYLE ('',( #671 ) ) ;
#4345 = EDGE_CURVE ( 'NONE', #535, #4377, #4551, .T. ) ;
#4346 = EDGE_LOOP ( 'NONE', ( #5119, #4506, #428, #2179 ) ) ;
#4347 = CARTESIAN_POINT ( 'NONE',  ( 1.250000000000001998, -0.8499999999999993117, -0.3510000000000000342 ) ) ;
#4348 = CIRCLE ( 'NONE', #5099, 0.1000000000000001582 ) ;
#4349 = LINE ( 'NONE', #2573, #236 ) ;
#4350 = CARTESIAN_POINT ( 'NONE',  ( -1.143933982822019635, 0.8044079500593140919, -0.05000000000000002359 ) ) ;
#4351 = EDGE_CURVE ( 'NONE', #3111, #2781, #1510, .T. ) ;
#4352 = ORIENTED_EDGE ( 'NONE', *, *, #4314, .T. ) ;
#4353 = EDGE_CURVE ( 'NONE', #2379, #5068, #4110, .T. ) ;
#4354 = UNCERTAINTY_MEASURE_WITH_UNIT (LENGTH_MEASURE( 1.000000000000000082E-05 ), #3505, 'distance_accuracy_value', 'NONE');
#4355 = CARTESIAN_POINT ( 'NONE',  ( -1.149999999999998135, 0.6500000000000006883, 0.3499999999999999778 ) ) ;
#4356 = CARTESIAN_POINT ( 'NONE',  ( -0.4749999999999997558, -0.8939339828220190798, -0.05000000000000002359 ) ) ;
#4357 =( GEOMETRIC_REPRESENTATION_CONTEXT ( 3 ) GLOBAL_UNCERTAINTY_ASSIGNED_CONTEXT ( ( #271 ) ) GLOBAL_UNIT_ASSIGNED_CONTEXT ( ( #3761, #657, #2007 ) ) REPRESENTATION_CONTEXT ( 'NONE', 'WORKASPACE' ) );
#4358 = FILL_AREA_STYLE ('',( #3536 ) ) ;
#4359 = SURFACE_STYLE_USAGE ( .BOTH. , #5275 ) ;
#4360 =( GEOMETRIC_REPRESENTATION_CONTEXT ( 3 ) GLOBAL_UNCERTAINTY_ASSIGNED_CONTEXT ( ( #2806 ) ) GLOBAL_UNIT_ASSIGNED_CONTEXT ( ( #2305, #3759, #1891 ) ) REPRESENTATION_CONTEXT ( 'NONE', 'WORKASPACE' ) );
#4361 = COLOUR_RGB ( '',0.8627450980392157298, 0.6274509803921568540, 0.05882352941176470507 ) ;
#4362 = LINE ( 'NONE', #2553, #3979 ) ;
#4363 = ORIENTED_EDGE ( 'NONE', *, *, #1698, .F. ) ;
#4364 = ORIENTED_EDGE ( 'NONE', *, *, #3439, .F. ) ;
#4365 = CARTESIAN_POINT ( 'NONE',  ( -0.4749999999999997558, -0.6375000000000006217, -0.05000000000000002359 ) ) ;
#4366 = CIRCLE ( 'NONE', #446, 0.05000000000000002359 ) ;
#4367 =( GEOMETRIC_REPRESENTATION_CONTEXT ( 3 ) GLOBAL_UNCERTAINTY_ASSIGNED_CONTEXT ( ( #1925 ) ) GLOBAL_UNIT_ASSIGNED_CONTEXT ( ( #2659, #3909, #808 ) ) REPRESENTATION_CONTEXT ( 'NONE', 'WORKASPACE' ) );
#4368 = CARTESIAN_POINT ( 'NONE',  ( 1.143933982822019413, -0.3374999999999995226, -0.3499999999999999778 ) ) ;
#4369 = DIRECTION ( 'NONE',  ( -1.000000000000000000, 0.000000000000000000, 0.000000000000000000 ) ) ;
#4370 = CARTESIAN_POINT ( 'NONE',  ( 0.000000000000000000, -1.000000000000001110, -0.05000000000000002359 ) ) ;
#4371 = STYLED_ITEM ( 'NONE', ( #3740 ), #3824 ) ;
#4372 = ORIENTED_EDGE ( 'NONE', *, *, #5206, .F. ) ;
#4373 = PRESENTATION_LAYER_ASSIGNMENT (  '', '', ( #841 ) ) ;
#4374 = DIRECTION ( 'NONE',  ( 1.000000000000000000, 0.000000000000000000, 0.000000000000000000 ) ) ;
#4375 = EDGE_CURVE ( 'NONE', #5754, #5531, #4665, .T. ) ;
#4376 = LINE ( 'NONE', #4817, #125 ) ;
#4377 = VERTEX_POINT ( 'NONE', #982 ) ;
#4378 = VECTOR ( 'NONE', #244, 1000.000000000000000 ) ;
#4379 = EDGE_CURVE ( 'NONE', #985, #831, #3655, .T. ) ;
#4380 = EDGE_CURVE ( 'NONE', #2681, #4640, #758, .T. ) ;
#4381 = CARTESIAN_POINT ( 'NONE',  ( -1.250000000000001998, -0.8499999999999993117, -0.3499999999999999778 ) ) ;
#4382 = PRESENTATION_LAYER_ASSIGNMENT (  '', '', ( #2551 ) ) ;
#4383 = SURFACE_SIDE_STYLE ('',( #2244 ) ) ;
#4384 = FACE_OUTER_BOUND ( 'NONE', #1197, .T. ) ;
#4385 =( NAMED_UNIT ( * ) PLANE_ANGLE_UNIT ( ) SI_UNIT ( $, .RADIAN. ) );
#4386 = CARTESIAN_POINT ( 'NONE',  ( -1.250000000000002220, -1.000000000000000222, -0.05000000000000002359 ) ) ;
#4387 = PRESENTATION_STYLE_ASSIGNMENT (( #5722 ) ) ;
#4388 = ORIENTED_EDGE ( 'NONE', *, *, #2259, .F. ) ;
#4389 = ORIENTED_EDGE ( 'NONE', *, *, #4380, .F. ) ;
#4390 = PRESENTATION_STYLE_ASSIGNMENT (( #3637 ) ) ;
#4391 = DIRECTION ( 'NONE',  ( 0.7071067811865434649, -0.7071067811865516806, 0.000000000000000000 ) ) ;
#4392 = LINE ( 'NONE', #4723, #4087 ) ;
#4393 = AXIS2_PLACEMENT_3D ( 'NONE', #2534, #4777, #290 ) ;
#4394 = DIRECTION ( 'NONE',  ( -1.000000000000000000, 0.000000000000000000, 0.000000000000000000 ) ) ;
#4395 = VERTEX_POINT ( 'NONE', #2245 ) ;
#4396 = AXIS2_PLACEMENT_3D ( 'NONE', #2427, #2323, #1495 ) ;
#4397 = DIRECTION ( 'NONE',  ( -3.742448381574715951E-16, 1.000000000000000000, 0.000000000000000000 ) ) ;
#4398 = ORIENTED_EDGE ( 'NONE', *, *, #931, .T. ) ;
#4399 = FILL_AREA_STYLE ('',( #854 ) ) ;
#4400 = VECTOR ( 'NONE', #3962, 1000.000000000000000 ) ;
#4401 = SURFACE_STYLE_USAGE ( .BOTH. , #912 ) ;
#4402 = EDGE_CURVE ( 'NONE', #113, #1469, #9, .T. ) ;
#4403 = COLOUR_RGB ( '',0.8627450980392157298, 0.6274509803921568540, 0.05882352941176470507 ) ;
#4404 = STYLED_ITEM ( 'NONE', ( #2862 ), #568 ) ;
#4405 = PRESENTATION_STYLE_ASSIGNMENT (( #862 ) ) ;
#4406 = VERTEX_POINT ( 'NONE', #3215 ) ;
#4407 = AXIS2_PLACEMENT_3D ( 'NONE', #4940, #2698, #3993 ) ;
#4408 =( GEOMETRIC_REPRESENTATION_CONTEXT ( 3 ) GLOBAL_UNCERTAINTY_ASSIGNED_CONTEXT ( ( #5718 ) ) GLOBAL_UNIT_ASSIGNED_CONTEXT ( ( #5201, #5289, #1243 ) ) REPRESENTATION_CONTEXT ( 'NONE', 'WORKASPACE' ) );
#4409 = EDGE_CURVE ( 'NONE', #4558, #4432, #5232, .T. ) ;
#4410 = VERTEX_POINT ( 'NONE', #3242 ) ;
#4411 = SURFACE_SIDE_STYLE ('',( #2645 ) ) ;
#4412 = CIRCLE ( 'NONE', #2507, 0.2225000000000004752 ) ;
#4413 = CARTESIAN_POINT ( 'NONE',  ( -1.143933982822019635, 0.8044079500593139809, -0.05000000000000002359 ) ) ;
#4414 = CIRCLE ( 'NONE', #3526, 0.05000000000000002359 ) ;
#4415 = PRESENTATION_STYLE_ASSIGNMENT (( #3999 ) ) ;
#4416 = ORIENTED_EDGE ( 'NONE', *, *, #2232, .T. ) ;
#4417 = FILL_AREA_STYLE_COLOUR ( '', #4403 ) ;
#4418 = MECHANICAL_DESIGN_GEOMETRIC_PRESENTATION_REPRESENTATION (  '', ( #993 ), #1182 ) ;
#4419 = EDGE_LOOP ( 'NONE', ( #5106, #294, #1551, #3174 ) ) ;
#4420 =( LENGTH_UNIT ( ) NAMED_UNIT ( * ) SI_UNIT ( .MILLI., .METRE. ) );
#4421 = LINE ( 'NONE', #4755, #3715 ) ;
#4422 = CARTESIAN_POINT ( 'NONE',  ( 0.4749999999999997558, -0.3374999999999999667, -0.3499999999999999778 ) ) ;
#4423 = FILL_AREA_STYLE_COLOUR ( '', #1120 ) ;
#4424 = VECTOR ( 'NONE', #813, 1000.000000000000000 ) ;
#4425 = CARTESIAN_POINT ( 'NONE',  ( -1.143933982822018969, -0.8044079500593139809, -0.05000000000000002359 ) ) ;
#4426 = CARTESIAN_POINT ( 'NONE',  ( 1.090000000000002078, -0.6499999999999994671, 0.6000000000000000888 ) ) ;
#4427 = FILL_AREA_STYLE ('',( #4936 ) ) ;
#4428 = EDGE_CURVE ( 'NONE', #4105, #1344, #1232, .T. ) ;
#4429 = FILL_AREA_STYLE_COLOUR ( '', #2875 ) ;
#4430 = EDGE_LOOP ( 'NONE', ( #3119, #2297, #4855, #1059 ) ) ;
#4431 = STYLED_ITEM ( 'NONE', ( #5514 ), #2198 ) ;
#4432 = VERTEX_POINT ( 'NONE', #472 ) ;
#4433 = DIRECTION ( 'NONE',  ( 0.000000000000000000, 0.000000000000000000, -1.000000000000000000 ) ) ;
#4434 = CARTESIAN_POINT ( 'NONE',  ( -1.027500000000001856, -0.9999999999999993339, -0.05000000000000002359 ) ) ;
#4435 = FILL_AREA_STYLE ('',( #4467 ) ) ;
#4436 = VECTOR ( 'NONE', #3576, 1000.000000000000000 ) ;
#4437 = CIRCLE ( 'NONE', #2617, 0.1900000000000000577 ) ;
#4438 = EDGE_CURVE ( 'NONE', #1285, #5550, #4906, .T. ) ;
#4439 = CARTESIAN_POINT ( 'NONE',  ( 0.9000000000000019096, -0.7399999999999994360, 0.6000000000000000888 ) ) ;
#4440 = EDGE_CURVE ( 'NONE', #4789, #4161, #1511, .T. ) ;
#4441 = AXIS2_PLACEMENT_3D ( 'NONE', #3898, #298, #1739 ) ;
#4442 = VERTEX_POINT ( 'NONE', #1153 ) ;
#4443 = PLANE ( 'NONE',  #4829 ) ;
#4444 = PRESENTATION_LAYER_ASSIGNMENT (  '', '', ( #2061 ) ) ;
#4445 = CARTESIAN_POINT ( 'NONE',  ( 1.150000000000001910, -0.6499999999999994671, 0.3499999999999999778 ) ) ;
#4446 =( NAMED_UNIT ( * ) PLANE_ANGLE_UNIT ( ) SI_UNIT ( $, .RADIAN. ) );
#4447 = CARTESIAN_POINT ( 'NONE',  ( 9.918257743971033971E-17, 0.3374999999999995226, -0.05000000000000002359 ) ) ;
#4448 = DIRECTION ( 'NONE',  ( 1.000000000000000000, 0.000000000000000000, -0.000000000000000000 ) ) ;
#4449 = ORIENTED_EDGE ( 'NONE', *, *, #1534, .T. ) ;
#4450 = VERTEX_POINT ( 'NONE', #4616 ) ;
#4451 = CARTESIAN_POINT ( 'NONE',  ( -1.143933982822019413, 0.000000000000000000, -0.05000000000000002359 ) ) ;
#4452 = LINE ( 'NONE', #3208, #3070 ) ;
#4453 = SURFACE_SIDE_STYLE ('',( #3237 ) ) ;
#4454 = DIRECTION ( 'NONE',  ( 0.000000000000000000, 0.000000000000000000, -1.000000000000000000 ) ) ;
#4455 = SURFACE_STYLE_FILL_AREA ( #1411 ) ;
#4456 = FILL_AREA_STYLE_COLOUR ( '', #1020 ) ;
#4457 = UNCERTAINTY_MEASURE_WITH_UNIT (LENGTH_MEASURE( 1.000000000000000082E-05 ), #1514, 'distance_accuracy_value', 'NONE');
#4458 = STYLED_ITEM ( 'NONE', ( #3682 ), #4279 ) ;
#4459 = DIRECTION ( 'NONE',  ( 0.000000000000000000, 1.000000000000000000, 0.000000000000000000 ) ) ;
#4460 = CARTESIAN_POINT ( 'NONE',  ( 1.143933982822019635, 0.8044079500593142029, -0.05000000000000002359 ) ) ;
#4461 = SURFACE_SIDE_STYLE ('',( #1808 ) ) ;
#4462 = CARTESIAN_POINT ( 'NONE',  ( -0.4749999999999997558, -0.6375000000000006217, -0.3499999999999999778 ) ) ;
#4463 = ORIENTED_EDGE ( 'NONE', *, *, #5177, .T. ) ;
#4464 = ORIENTED_EDGE ( 'NONE', *, *, #2920, .F. ) ;
#4465 = DIRECTION ( 'NONE',  ( 1.000000000000000000, 0.000000000000000000, 0.000000000000000000 ) ) ;
#4466 = PLANE ( 'NONE',  #1220 ) ;
#4467 = FILL_AREA_STYLE_COLOUR ( '', #2582 ) ;
#4468 = DIRECTION ( 'NONE',  ( -0.000000000000000000, -0.000000000000000000, 1.000000000000000000 ) ) ;
#4469 = DIRECTION ( 'NONE',  ( -1.000000000000000000, -1.949127501097533734E-15, 0.000000000000000000 ) ) ;
#4470 = CARTESIAN_POINT ( 'NONE',  ( 1.143933982822019413, 0.000000000000000000, -0.05000000000000002359 ) ) ;
#4471 = ORIENTED_EDGE ( 'NONE', *, *, #1799, .F. ) ;
#4472 = SURFACE_SIDE_STYLE ('',( #4952 ) ) ;
#4473 = ADVANCED_FACE ( 'NONE', ( #3361 ), #120, .T. ) ;
#4474 = FACE_OUTER_BOUND ( 'NONE', #925, .T. ) ;
#4475 = EDGE_CURVE ( 'NONE', #840, #2840, #1881, .T. ) ;
#4476 = AXIS2_PLACEMENT_3D ( 'NONE', #3696, #5465, #5019 ) ;
#4477 = CARTESIAN_POINT ( 'NONE',  ( 1.054407950059314869, -0.8939339828220188577, -0.3499999999999999778 ) ) ;
#4478 = PRESENTATION_STYLE_ASSIGNMENT (( #5290 ) ) ;
#4479 = EDGE_CURVE ( 'NONE', #1469, #4939, #2070, .T. ) ;
#4480 = ORIENTED_EDGE ( 'NONE', *, *, #4479, .F. ) ;
#4481 = CARTESIAN_POINT ( 'NONE',  ( 1.143933982822019413, -0.8044079500593143139, -0.3499999999999999778 ) ) ;
#4482 = DIRECTION ( 'NONE',  ( -1.000000000000000000, 0.000000000000000000, -0.000000000000000000 ) ) ;
#4483 = CARTESIAN_POINT ( 'NONE',  ( 1.250000000000001776, -1.000000000000001110, -0.3499999999999999778 ) ) ;
#4484 = STYLED_ITEM ( 'NONE', ( #5363 ), #5147 ) ;
#4485 = DIRECTION ( 'NONE',  ( -0.000000000000000000, -0.000000000000000000, -1.000000000000000000 ) ) ;
#4486 = SURFACE_STYLE_USAGE ( .BOTH. , #4969 ) ;
#4487 = VECTOR ( 'NONE', #364, 1000.000000000000000 ) ;
#4488 = CARTESIAN_POINT ( 'NONE',  ( -1.249999999999998002, -0.9999999999999993339, 0.3499999999999999778 ) ) ;
#4489 = PRESENTATION_STYLE_ASSIGNMENT (( #2753 ) ) ;
#4490 = VERTEX_POINT ( 'NONE', #1246 ) ;
#4491 = MECHANICAL_DESIGN_GEOMETRIC_PRESENTATION_REPRESENTATION (  '', ( #31 ), #2492 ) ;
#4492 = ORIENTED_EDGE ( 'NONE', *, *, #5391, .F. ) ;
#4493 =( NAMED_UNIT ( * ) SI_UNIT ( $, .STERADIAN. ) SOLID_ANGLE_UNIT ( ) );
#4494 = STYLED_ITEM ( 'NONE', ( #2852 ), #5544 ) ;
#4495 = PRESENTATION_LAYER_ASSIGNMENT (  '', '', ( #4326 ) ) ;
#4496 = CARTESIAN_POINT ( 'NONE',  ( 3.345501787246905815E-16, -0.8939339828220193018, -0.05000000000000002359 ) ) ;
#4497 = SURFACE_SIDE_STYLE ('',( #994 ) ) ;
#4498 = ORIENTED_EDGE ( 'NONE', *, *, #4312, .T. ) ;
#4499 = DIRECTION ( 'NONE',  ( -0.000000000000000000, -0.000000000000000000, 1.000000000000000000 ) ) ;
#4500 = AXIS2_PLACEMENT_3D ( 'NONE', #223, #566, #2382 ) ;
#4501 = SURFACE_STYLE_FILL_AREA ( #962 ) ;
#4502 = VECTOR ( 'NONE', #580, 1000.000000000000000 ) ;
#4503 = ADVANCED_FACE ( 'NONE', ( #2979 ), #4300, .F. ) ;
#4504 = STYLED_ITEM ( 'NONE', ( #5194 ), #858 ) ;
#4505 = ORIENTED_EDGE ( 'NONE', *, *, #3296, .F. ) ;
#4506 = ORIENTED_EDGE ( 'NONE', *, *, #1325, .T. ) ;
#4507 = UNCERTAINTY_MEASURE_WITH_UNIT (LENGTH_MEASURE( 1.000000000000000082E-05 ), #3097, 'distance_accuracy_value', 'NONE');
#4508 = FILL_AREA_STYLE ('',( #1501 ) ) ;
#4509 = PRESENTATION_LAYER_ASSIGNMENT (  '', '', ( #423 ) ) ;
#4510 = PLANE ( 'NONE',  #3981 ) ;
#4511 = FILL_AREA_STYLE_COLOUR ( '', #3850 ) ;
#4512 = FILL_AREA_STYLE ('',( #2716 ) ) ;
#4513 = DIRECTION ( 'NONE',  ( 0.000000000000000000, 0.000000000000000000, -1.000000000000000000 ) ) ;
#4514 = EDGE_CURVE ( 'NONE', #5341, #3775, #4323, .T. ) ;
#4515 = DIRECTION ( 'NONE',  ( 0.000000000000000000, -0.000000000000000000, -1.000000000000000000 ) ) ;
#4516 = VECTOR ( 'NONE', #1449, 1000.000000000000000 ) ;
#4517 = ADVANCED_FACE ( 'NONE', ( #3437 ), #2095, .F. ) ;
#4518 = UNCERTAINTY_MEASURE_WITH_UNIT (LENGTH_MEASURE( 1.000000000000000082E-05 ), #5733, 'distance_accuracy_value', 'NONE');
#4519 = DIRECTION ( 'NONE',  ( -0.000000000000000000, -0.000000000000000000, -1.000000000000000000 ) ) ;
#4520 = DIRECTION ( 'NONE',  ( -1.000000000000000000, 3.898255002195067469E-15, 0.000000000000000000 ) ) ;
#4521 = AXIS2_PLACEMENT_3D ( 'NONE', #2669, #2702, #4369 ) ;
#4522 = CYLINDRICAL_SURFACE ( 'NONE', #1317, 0.1499999999999999667 ) ;
#4523 =( NAMED_UNIT ( * ) SI_UNIT ( $, .STERADIAN. ) SOLID_ANGLE_UNIT ( ) );
#4524 = ORIENTED_EDGE ( 'NONE', *, *, #3196, .T. ) ;
#4525 = AXIS2_PLACEMENT_3D ( 'NONE', #2500, #2527, #890 ) ;
#4526 = CARTESIAN_POINT ( 'NONE',  ( 0.4749999999999999223, 0.8939339828220188577, -0.05000000000000002359 ) ) ;
#4527 = EDGE_LOOP ( 'NONE', ( #1972, #402, #5054, #5643 ) ) ;
#4528 = PRESENTATION_STYLE_ASSIGNMENT (( #1900 ) ) ;
#4529 = CARTESIAN_POINT ( 'NONE',  ( -0.8999999999999980238, -0.6499999999999994671, 0.5500000000000000444 ) ) ;
#4530 = VECTOR ( 'NONE', #4794, 1000.000000000000000 ) ;
#4531 = COLOUR_RGB ( '',0.2862745098039215508, 0.2862745098039215508, 0.2862745098039215508 ) ;
#4532 = DIRECTION ( 'NONE',  ( 0.000000000000000000, 0.000000000000000000, -1.000000000000000000 ) ) ;
#4533 = ORIENTED_EDGE ( 'NONE', *, *, #2124, .T. ) ;
#4534 = DIRECTION ( 'NONE',  ( 0.000000000000000000, 0.000000000000000000, 1.000000000000000000 ) ) ;
#4535 =( GEOMETRIC_REPRESENTATION_CONTEXT ( 3 ) GLOBAL_UNCERTAINTY_ASSIGNED_CONTEXT ( ( #5592 ) ) GLOBAL_UNIT_ASSIGNED_CONTEXT ( ( #3094, #4288, #1238 ) ) REPRESENTATION_CONTEXT ( 'NONE', 'WORKASPACE' ) );
#4536 = VECTOR ( 'NONE', #3782, 1000.000000000000000 ) ;
#4537 = PRESENTATION_STYLE_ASSIGNMENT (( #4085 ) ) ;
#4538 = DIRECTION ( 'NONE',  ( -0.000000000000000000, 1.000000000000000000, 0.000000000000000000 ) ) ;
#4539 = DIRECTION ( 'NONE',  ( -1.000000000000000000, 2.168404344971007685E-15, 0.000000000000000000 ) ) ;
#4540 = MECHANICAL_DESIGN_GEOMETRIC_PRESENTATION_REPRESENTATION (  '', ( #3647 ), #4830 ) ;
#4541 = ORIENTED_EDGE ( 'NONE', *, *, #5638, .F. ) ;
#4542 = ORIENTED_EDGE ( 'NONE', *, *, #463, .F. ) ;
#4543 = VECTOR ( 'NONE', #1730, 1000.000000000000000 ) ;
#4544 = LINE ( 'NONE', #5025, #3464 ) ;
#4545 = AXIS2_PLACEMENT_3D ( 'NONE', #5760, #1156, #2955 ) ;
#4546 =( LENGTH_UNIT ( ) NAMED_UNIT ( * ) SI_UNIT ( .MILLI., .METRE. ) );
#4547 = CYLINDRICAL_SURFACE ( 'NONE', #1145, 0.2225000000000004752 ) ;
#4548 = FILL_AREA_STYLE ('',( #5472 ) ) ;
#4549 = COLOUR_RGB ( '',0.2862745098039215508, 0.2862745098039215508, 0.2862745098039215508 ) ;
#4550 = EDGE_CURVE ( 'NONE', #5614, #2680, #196, .T. ) ;
#4551 = LINE ( 'NONE', #1862, #1599 ) ;
#4552 = VECTOR ( 'NONE', #2434, 1000.000000000000000 ) ;
#4553 = CARTESIAN_POINT ( 'NONE',  ( 0.9000000000000019096, -0.6499999999999994671, 0.6000000000000000888 ) ) ;
#4554 = SURFACE_SIDE_STYLE ('',( #3300 ) ) ;
#4555 = EDGE_CURVE ( 'NONE', #5355, #420, #3472, .T. ) ;
#4556 = EDGE_LOOP ( 'NONE', ( #4925, #522, #1459, #4308 ) ) ;
#4557 = COLOUR_RGB ( '',0.8627450980392157298, 0.6274509803921568540, 0.05882352941176470507 ) ;
#4558 = VERTEX_POINT ( 'NONE', #5374 ) ;
#4559 = CARTESIAN_POINT ( 'NONE',  ( 0.9000000000000020206, 0.9000000000000006883, 0.3499999999999999778 ) ) ;
#4560 = DIRECTION ( 'NONE',  ( 0.000000000000000000, 0.000000000000000000, 1.000000000000000000 ) ) ;
#4561 = CYLINDRICAL_SURFACE ( 'NONE', #709, 0.05000000000000002359 ) ;
#4562 = ORIENTED_EDGE ( 'NONE', *, *, #355, .F. ) ;
#4563 = EDGE_LOOP ( 'NONE', ( #2411, #2732, #4176, #4861, #3311, #3102, #4846, #2722 ) ) ;
#4564 = DIRECTION ( 'NONE',  ( 0.000000000000000000, 0.000000000000000000, 1.000000000000000000 ) ) ;
#4565 = CIRCLE ( 'NONE', #2832, 0.05000000000000002359 ) ;
#4566 =( NAMED_UNIT ( * ) PLANE_ANGLE_UNIT ( ) SI_UNIT ( $, .RADIAN. ) );
#4567 = DIRECTION ( 'NONE',  ( 1.000000000000000000, 0.000000000000000000, 0.000000000000000000 ) ) ;
#4568 = DIRECTION ( 'NONE',  ( 0.000000000000000000, 1.000000000000000000, 0.000000000000000000 ) ) ;
#4569 = STYLED_ITEM ( 'NONE', ( #775 ), #4850 ) ;
#4570 = ORIENTED_EDGE ( 'NONE', *, *, #2164, .F. ) ;
#4571 = VERTEX_POINT ( 'NONE', #1377 ) ;
#4572 = UNCERTAINTY_MEASURE_WITH_UNIT (LENGTH_MEASURE( 1.000000000000000082E-05 ), #4141, 'distance_accuracy_value', 'NONE');
#4573 = CARTESIAN_POINT ( 'NONE',  ( -0.7749999999999992450, -0.3374999999999998002, -0.05000000000000002359 ) ) ;
#4574 = SURFACE_STYLE_USAGE ( .BOTH. , #1005 ) ;
#4575 = DIRECTION ( 'NONE',  ( -0.000000000000000000, -0.000000000000000000, 1.000000000000000000 ) ) ;
#4576 = SURFACE_STYLE_FILL_AREA ( #148 ) ;
#4577 = CARTESIAN_POINT ( 'NONE',  ( 3.345501787246905815E-16, -0.8939339828220193018, -0.05000000000000002359 ) ) ;
#4578 = UNCERTAINTY_MEASURE_WITH_UNIT (LENGTH_MEASURE( 1.000000000000000082E-05 ), #761, 'distance_accuracy_value', 'NONE');
#4579 = PRESENTATION_LAYER_ASSIGNMENT (  '', '', ( #4863 ) ) ;
#4580 = CARTESIAN_POINT ( 'NONE',  ( -0.7899999999999981481, -0.5399999999999998135, 0.6400000000000000133 ) ) ;
#4581 = DIRECTION ( 'NONE',  ( 0.000000000000000000, 0.000000000000000000, 1.000000000000000000 ) ) ;
#4582 = FILL_AREA_STYLE ('',( #4191 ) ) ;
#4583 = ORIENTED_EDGE ( 'NONE', *, *, #3477, .T. ) ;
#4584 = ADVANCED_FACE ( 'NONE', ( #1323 ), #3572, .T. ) ;
#4585 = VERTEX_POINT ( 'NONE', #1225 ) ;
#4586 = ADVANCED_FACE ( 'NONE', ( #4851 ), #3479, .T. ) ;
#4587 = DIRECTION ( 'NONE',  ( 0.000000000000000000, -1.000000000000000000, 0.000000000000000000 ) ) ;
#4588 =( LENGTH_UNIT ( ) NAMED_UNIT ( * ) SI_UNIT ( .MILLI., .METRE. ) );
#4589 = CARTESIAN_POINT ( 'NONE',  ( -1.250000000000001998, 1.000000000000000666, -0.05000000000000002359 ) ) ;
#4590 = DIRECTION ( 'NONE',  ( 0.000000000000000000, -2.168404344971007685E-15, -1.000000000000000000 ) ) ;
#4591 = ORIENTED_EDGE ( 'NONE', *, *, #5565, .T. ) ;
#4592 = ADVANCED_FACE ( 'NONE', ( #3883 ), #398, .T. ) ;
#4593 = PRESENTATION_LAYER_ASSIGNMENT (  '', '', ( #1734 ) ) ;
#4594 = DIRECTION ( 'NONE',  ( -1.000000000000000000, 0.000000000000000000, 0.000000000000000000 ) ) ;
#4595 = ORIENTED_EDGE ( 'NONE', *, *, #1977, .T. ) ;
#4596 = EDGE_CURVE ( 'NONE', #2329, #1658, #1385, .T. ) ;
#4597 = CARTESIAN_POINT ( 'NONE',  ( 1.027500000000001856, 1.000000000000000666, -0.05000000000000002359 ) ) ;
#4598 =( NAMED_UNIT ( * ) SI_UNIT ( $, .STERADIAN. ) SOLID_ANGLE_UNIT ( ) );
#4599 =( GEOMETRIC_REPRESENTATION_CONTEXT ( 3 ) GLOBAL_UNCERTAINTY_ASSIGNED_CONTEXT ( ( #2576 ) ) GLOBAL_UNIT_ASSIGNED_CONTEXT ( ( #48, #1909, #168 ) ) REPRESENTATION_CONTEXT ( 'NONE', 'WORKASPACE' ) );
#4600 = VECTOR ( 'NONE', #2065, 1000.000000000000000 ) ;
#4601 = DIRECTION ( 'NONE',  ( -0.000000000000000000, -0.000000000000000000, 1.000000000000000000 ) ) ;
#4602 = SURFACE_STYLE_USAGE ( .BOTH. , #2056 ) ;
#4603 =( GEOMETRIC_REPRESENTATION_CONTEXT ( 3 ) GLOBAL_UNCERTAINTY_ASSIGNED_CONTEXT ( ( #1696 ) ) GLOBAL_UNIT_ASSIGNED_CONTEXT ( ( #1000, #4026, #20 ) ) REPRESENTATION_CONTEXT ( 'NONE', 'WORKASPACE' ) );
#4604 = MECHANICAL_DESIGN_GEOMETRIC_PRESENTATION_REPRESENTATION (  '', ( #601 ), #3407 ) ;
#4605 = ORIENTED_EDGE ( 'NONE', *, *, #2229, .T. ) ;
#4606 = ORIENTED_EDGE ( 'NONE', *, *, #1513, .F. ) ;
#4607 = CARTESIAN_POINT ( 'NONE',  ( -1.027500000000001190, -0.9999999999999993339, -0.3499999999999999778 ) ) ;
#4608 = FILL_AREA_STYLE ('',( #2436 ) ) ;
#4609 = FACE_OUTER_BOUND ( 'NONE', #4419, .T. ) ;
#4610 = PRESENTATION_LAYER_ASSIGNMENT (  '', '', ( #5090 ) ) ;
#4611 =( NAMED_UNIT ( * ) SI_UNIT ( $, .STERADIAN. ) SOLID_ANGLE_UNIT ( ) );
#4612 = SURFACE_STYLE_FILL_AREA ( #149 ) ;
#4613 =( GEOMETRIC_REPRESENTATION_CONTEXT ( 3 ) GLOBAL_UNCERTAINTY_ASSIGNED_CONTEXT ( ( #5537 ) ) GLOBAL_UNIT_ASSIGNED_CONTEXT ( ( #4800, #5419, #1387 ) ) REPRESENTATION_CONTEXT ( 'NONE', 'WORKASPACE' ) );
#4614 = CARTESIAN_POINT ( 'NONE',  ( 0.000000000000000000, 0.8400000000000007461, 0.5500000000000000444 ) ) ;
#4615 = LINE ( 'NONE', #1565, #370 ) ;
#4616 = CARTESIAN_POINT ( 'NONE',  ( -1.143933982822019413, -0.3374999999999995226, -0.05000000000000002359 ) ) ;
#4617 = DIRECTION ( 'NONE',  ( 2.990902544787594154E-15, -1.000000000000000000, 0.000000000000000000 ) ) ;
#4618 = LINE ( 'NONE', #3298, #1054 ) ;
#4619 = DIRECTION ( 'NONE',  ( 0.000000000000000000, 0.000000000000000000, -1.000000000000000000 ) ) ;
#4620 = ORIENTED_EDGE ( 'NONE', *, *, #328, .F. ) ;
#4621 = ORIENTED_EDGE ( 'NONE', *, *, #4438, .F. ) ;
#4622 = DIRECTION ( 'NONE',  ( -0.000000000000000000, -1.000000000000000000, -0.000000000000000000 ) ) ;
#4623 =( GEOMETRIC_REPRESENTATION_CONTEXT ( 3 ) GLOBAL_UNCERTAINTY_ASSIGNED_CONTEXT ( ( #4997 ) ) GLOBAL_UNIT_ASSIGNED_CONTEXT ( ( #1395, #2284, #3742 ) ) REPRESENTATION_CONTEXT ( 'NONE', 'WORKASPACE' ) );
#4624 = EDGE_CURVE ( 'NONE', #5767, #3717, #5417, .T. ) ;
#4625 = LINE ( 'NONE', #2906, #5660 ) ;
#4626 = EDGE_LOOP ( 'NONE', ( #3952, #1882, #3353, #2086 ) ) ;
#4627 = VECTOR ( 'NONE', #718, 1000.000000000000000 ) ;
#4628 = VERTEX_POINT ( 'NONE', #5383 ) ;
#4629 = FILL_AREA_STYLE_COLOUR ( '', #2957 ) ;
#4630 = PRESENTATION_STYLE_ASSIGNMENT (( #3749 ) ) ;
#4631 =( NAMED_UNIT ( * ) SI_UNIT ( $, .STERADIAN. ) SOLID_ANGLE_UNIT ( ) );
#4632 = EDGE_CURVE ( 'NONE', #849, #3514, #4039, .T. ) ;
#4633 = PRESENTATION_LAYER_ASSIGNMENT (  '', '', ( #4431 ) ) ;
#4634 = PRESENTATION_STYLE_ASSIGNMENT (( #5082 ) ) ;
#4635 =( LENGTH_UNIT ( ) NAMED_UNIT ( * ) SI_UNIT ( .MILLI., .METRE. ) );
#4636 =( LENGTH_UNIT ( ) NAMED_UNIT ( * ) SI_UNIT ( .MILLI., .METRE. ) );
#4637 = ADVANCED_FACE ( 'NONE', ( #3186 ), #665, .F. ) ;
#4638 = MECHANICAL_DESIGN_GEOMETRIC_PRESENTATION_REPRESENTATION (  '', ( #1570 ), #635 ) ;
#4639 = MECHANICAL_DESIGN_GEOMETRIC_PRESENTATION_REPRESENTATION (  '', ( #4184 ), #72 ) ;
#4640 = VERTEX_POINT ( 'NONE', #2344 ) ;
#4641 = VERTEX_POINT ( 'NONE', #474 ) ;
#4642 = SURFACE_STYLE_FILL_AREA ( #3323 ) ;
#4643 = MECHANICAL_DESIGN_GEOMETRIC_PRESENTATION_REPRESENTATION (  '', ( #3172 ), #1582 ) ;
#4644 = FILL_AREA_STYLE_COLOUR ( '', #442 ) ;
#4645 = VECTOR ( 'NONE', #3030, 1000.000000000000000 ) ;
#4646 = CARTESIAN_POINT ( 'NONE',  ( 0.4749999999999997558, 0.000000000000000000, -0.05000000000000002359 ) ) ;
#4647 =( NAMED_UNIT ( * ) SI_UNIT ( $, .STERADIAN. ) SOLID_ANGLE_UNIT ( ) );
#4648 = CIRCLE ( 'NONE', #4090, 0.2225000000000000311 ) ;
#4649 = STYLED_ITEM ( 'NONE', ( #3960 ), #2990 ) ;
#4650 = UNCERTAINTY_MEASURE_WITH_UNIT (LENGTH_MEASURE( 1.000000000000000082E-05 ), #1988, 'distance_accuracy_value', 'NONE');
#4651 = FILL_AREA_STYLE_COLOUR ( '', #5317 ) ;
#4652 = CARTESIAN_POINT ( 'NONE',  ( -0.7899999999999981481, -0.5399999999999998135, 0.6400000000000000133 ) ) ;
#4653 =( LENGTH_UNIT ( ) NAMED_UNIT ( * ) SI_UNIT ( .MILLI., .METRE. ) );
#4654 =( GEOMETRIC_REPRESENTATION_CONTEXT ( 3 ) GLOBAL_UNCERTAINTY_ASSIGNED_CONTEXT ( ( #5178 ) ) GLOBAL_UNIT_ASSIGNED_CONTEXT ( ( #5351, #5321, #944 ) ) REPRESENTATION_CONTEXT ( 'NONE', 'WORKASPACE' ) );
#4655 = ORIENTED_EDGE ( 'NONE', *, *, #4947, .T. ) ;
#4656 = CARTESIAN_POINT ( 'NONE',  ( 1.250000000000001998, -0.9999999999999993339, -0.3510000000000000342 ) ) ;
#4657 = AXIS2_PLACEMENT_3D ( 'NONE', #243, #1980, #3789 ) ;
#4658 = FACE_OUTER_BOUND ( 'NONE', #5259, .T. ) ;
#4659 =( NAMED_UNIT ( * ) SI_UNIT ( $, .STERADIAN. ) SOLID_ANGLE_UNIT ( ) );
#4660 = DIRECTION ( 'NONE',  ( 0.000000000000000000, 1.000000000000000000, 0.000000000000000000 ) ) ;
#4661 = STYLED_ITEM ( 'NONE', ( #4221 ), #4204 ) ;
#4662 = ORIENTED_EDGE ( 'NONE', *, *, #1767, .F. ) ;
#4663 = ORIENTED_EDGE ( 'NONE', *, *, #1541, .F. ) ;
#4664 = SURFACE_SIDE_STYLE ('',( #1969 ) ) ;
#4665 = CIRCLE ( 'NONE', #4848, 0.1499999999999999667 ) ;
#4666 = PLANE ( 'NONE',  #677 ) ;
#4667 = PRESENTATION_STYLE_ASSIGNMENT (( #3350 ) ) ;
#4668 = AXIS2_PLACEMENT_3D ( 'NONE', #1928, #1480, #4073 ) ;
#4669 = EDGE_CURVE ( 'NONE', #1418, #253, #1050, .T. ) ;
#4670 = ORIENTED_EDGE ( 'NONE', *, *, #5418, .F. ) ;
#4671 = ORIENTED_EDGE ( 'NONE', *, *, #174, .T. ) ;
#4672 = CARTESIAN_POINT ( 'NONE',  ( -3.345501787246905815E-16, -0.8939339828220193018, -0.05000000000000002359 ) ) ;
#4673 = COLOUR_RGB ( '',0.8627450980392157298, 0.6274509803921568540, 0.05882352941176470507 ) ;
#4674 = LINE ( 'NONE', #2486, #3813 ) ;
#4675 = CARTESIAN_POINT ( 'NONE',  ( 9.918257743971033971E-17, 0.3374999999999995226, -0.05000000000000002359 ) ) ;
#4676 = DIRECTION ( 'NONE',  ( -1.000000000000000000, 0.000000000000000000, 0.000000000000000000 ) ) ;
#4677 = EDGE_CURVE ( 'NONE', #2118, #3992, #5049, .T. ) ;
#4678 = PRESENTATION_LAYER_ASSIGNMENT (  '', '', ( #5326 ) ) ;
#4679 = LINE ( 'NONE', #2868, #2250 ) ;
#4680 = PRESENTATION_STYLE_ASSIGNMENT (( #2980 ) ) ;
#4681 = DIRECTION ( 'NONE',  ( 0.000000000000000000, 0.000000000000000000, 1.000000000000000000 ) ) ;
#4682 = FACE_OUTER_BOUND ( 'NONE', #5683, .T. ) ;
#4683 = VECTOR ( 'NONE', #3266, 1000.000000000000000 ) ;
#4684 = LINE ( 'NONE', #5659, #4487 ) ;
#4685 = DIRECTION ( 'NONE',  ( 0.000000000000000000, -1.000000000000000000, 0.000000000000000000 ) ) ;
#4686 = SURFACE_STYLE_USAGE ( .BOTH. , #5154 ) ;
#4687 = CARTESIAN_POINT ( 'NONE',  ( 1.143933982822019413, 0.3374999999999998557, -0.05000000000000002359 ) ) ;
#4688 = PLANE ( 'NONE',  #4525 ) ;
#4689 = CARTESIAN_POINT ( 'NONE',  ( 1.100000000000002087, -0.8499999999999994227, 0.5500000000000000444 ) ) ;
#4690 = VERTEX_POINT ( 'NONE', #984 ) ;
#4691 = ORIENTED_EDGE ( 'NONE', *, *, #1727, .T. ) ;
#4692 = SURFACE_SIDE_STYLE ('',( #2508 ) ) ;
#4693 =( LENGTH_UNIT ( ) NAMED_UNIT ( * ) SI_UNIT ( .MILLI., .METRE. ) );
#4694 = COLOUR_RGB ( '',0.2862745098039215508, 0.2862745098039215508, 0.2862745098039215508 ) ;
#4695 = ORIENTED_EDGE ( 'NONE', *, *, #1048, .F. ) ;
#4696 = AXIS2_PLACEMENT_3D ( 'NONE', #3819, #2759, #873 ) ;
#4697 = AXIS2_PLACEMENT_3D ( 'NONE', #2488, #2541, #4210 ) ;
#4698 = ORIENTED_EDGE ( 'NONE', *, *, #1011, .T. ) ;
#4699 = LINE ( 'NONE', #2485, #3375 ) ;
#4700 = CARTESIAN_POINT ( 'NONE',  ( 1.250000000000001776, -1.000000000000001110, -0.05000000000000002359 ) ) ;
#4701 = ADVANCED_FACE ( 'NONE', ( #2777 ), #4522, .F. ) ;
#4702 = STYLED_ITEM ( 'NONE', ( #344 ), #5608 ) ;
#4703 = DIRECTION ( 'NONE',  ( 1.000000000000000000, -3.742448381574715951E-16, 0.000000000000000000 ) ) ;
#4704 = UNCERTAINTY_MEASURE_WITH_UNIT (LENGTH_MEASURE( 1.000000000000000082E-05 ), #5460, 'distance_accuracy_value', 'NONE');
#4705 = AXIS2_PLACEMENT_3D ( 'NONE', #4054, #1465, #904 ) ;
#4706 = FACE_OUTER_BOUND ( 'NONE', #3971, .T. ) ;
#4707 = EDGE_CURVE ( 'NONE', #4442, #1143, #562, .T. ) ;
#4708 = CARTESIAN_POINT ( 'NONE',  ( -1.249999999999998002, -0.9999999999999993339, -0.3510000000000000342 ) ) ;
#4709 = CARTESIAN_POINT ( 'NONE',  ( -0.4749999999999999223, 0.3374999999999996336, -0.3499999999999999778 ) ) ;
#4710 = EDGE_CURVE ( 'NONE', #2422, #3684, #4565, .T. ) ;
#4711 = FACE_OUTER_BOUND ( 'NONE', #4927, .T. ) ;
#4712 = STYLED_ITEM ( 'NONE', ( #2648 ), #885 ) ;
#4713 = UNCERTAINTY_MEASURE_WITH_UNIT (LENGTH_MEASURE( 1.000000000000000082E-05 ), #1442, 'distance_accuracy_value', 'NONE');
#4714 = LINE ( 'NONE', #2042, #1595 ) ;
#4715 = DIRECTION ( 'NONE',  ( 1.000000000000000000, 0.000000000000000000, 0.000000000000000000 ) ) ;
#4716 = MECHANICAL_DESIGN_GEOMETRIC_PRESENTATION_REPRESENTATION (  '', ( #2419 ), #2971 ) ;
#4717 = DIRECTION ( 'NONE',  ( -1.000000000000000000, 0.000000000000000000, 0.000000000000000000 ) ) ;
#4718 = FILL_AREA_STYLE_COLOUR ( '', #4893 ) ;
#4719 = ORIENTED_EDGE ( 'NONE', *, *, #5751, .T. ) ;
#4720 = ORIENTED_EDGE ( 'NONE', *, *, #1011, .F. ) ;
#4721 = CARTESIAN_POINT ( 'NONE',  ( -0.7899999999999981481, -0.5399999999999998135, 0.6400000000000000133 ) ) ;
#4722 =( NAMED_UNIT ( * ) PLANE_ANGLE_UNIT ( ) SI_UNIT ( $, .RADIAN. ) );
#4723 = CARTESIAN_POINT ( 'NONE',  ( -1.249999999999998002, 1.000000000000000666, -0.3499999999999999778 ) ) ;
#4724 = FILL_AREA_STYLE ('',( #5192 ) ) ;
#4725 = COLOUR_RGB ( '',0.8627450980392157298, 0.6274509803921568540, 0.05882352941176470507 ) ;
#4726 = FACE_OUTER_BOUND ( 'NONE', #3916, .T. ) ;
#4727 = VERTEX_POINT ( 'NONE', #2896 ) ;
#4728 = COLOUR_RGB ( '',0.8627450980392157298, 0.6274509803921568540, 0.05882352941176470507 ) ;
#4729 = EDGE_LOOP ( 'NONE', ( #5096, #4230, #1273, #5229 ) ) ;
#4730 =( NAMED_UNIT ( * ) PLANE_ANGLE_UNIT ( ) SI_UNIT ( $, .RADIAN. ) );
#4731 = CARTESIAN_POINT ( 'NONE',  ( -1.100000000000001865, -1.000000000000001110, -0.05000000000000002359 ) ) ;
#4732 = VECTOR ( 'NONE', #2731, 1000.000000000000000 ) ;
#4733 = PRESENTATION_LAYER_ASSIGNMENT (  '', '', ( #2708 ) ) ;
#4734 = DIRECTION ( 'NONE',  ( -1.000000000000000000, 0.000000000000000000, 0.000000000000000000 ) ) ;
#4735 = EDGE_LOOP ( 'NONE', ( #3834, #3738, #5552, #296 ) ) ;
#4736 = CIRCLE ( 'NONE', #3644, 0.2225000000000002531 ) ;
#4737 = CARTESIAN_POINT ( 'NONE',  ( 1.250000000000001998, 0.7775000000000006350, -0.05000000000000002359 ) ) ;
#4738 = DIRECTION ( 'NONE',  ( 0.000000000000000000, 0.000000000000000000, -1.000000000000000000 ) ) ;
#4739 = DIRECTION ( 'NONE',  ( -4.644179531951731562E-16, -1.000000000000000000, 0.000000000000000000 ) ) ;
#4740 = VECTOR ( 'NONE', #2598, 1000.000000000000000 ) ;
#4741 = FILL_AREA_STYLE_COLOUR ( '', #690 ) ;
#4742 = VECTOR ( 'NONE', #4113, 1000.000000000000000 ) ;
#4743 = EDGE_CURVE ( 'NONE', #1931, #1257, #186, .T. ) ;
#4744 = CARTESIAN_POINT ( 'NONE',  ( -0.7749999999999994671, -0.3374999999999998002, -0.05000000000000002359 ) ) ;
#4745 = DIRECTION ( 'NONE',  ( 0.000000000000000000, 0.000000000000000000, -1.000000000000000000 ) ) ;
#4746 = EDGE_CURVE ( 'NONE', #872, #1993, #3583, .T. ) ;
#4747 =( NAMED_UNIT ( * ) PLANE_ANGLE_UNIT ( ) SI_UNIT ( $, .RADIAN. ) );
#4748 = CIRCLE ( 'NONE', #3650, 0.05000000000000002359 ) ;
#4749 = CARTESIAN_POINT ( 'NONE',  ( -1.249999999999998002, -0.9999999999999993339, 0.3499999999999999778 ) ) ;
#4750 = LINE ( 'NONE', #1282, #2684 ) ;
#4751 = ORIENTED_EDGE ( 'NONE', *, *, #4351, .F. ) ;
#4752 = AXIS2_PLACEMENT_3D ( 'NONE', #538, #5007, #1785 ) ;
#4753 = EDGE_LOOP ( 'NONE', ( #4352, #1950, #3806, #952 ) ) ;
#4754 = LINE ( 'NONE', #1259, #5307 ) ;
#4755 = CARTESIAN_POINT ( 'NONE',  ( -0.6899999999999980593, -0.5399999999999998135, 0.6400000000000000133 ) ) ;
#4756 =( GEOMETRIC_REPRESENTATION_CONTEXT ( 3 ) GLOBAL_UNCERTAINTY_ASSIGNED_CONTEXT ( ( #917 ) ) GLOBAL_UNIT_ASSIGNED_CONTEXT ( ( #4420, #495, #1375 ) ) REPRESENTATION_CONTEXT ( 'NONE', 'WORKASPACE' ) );
#4757 = CARTESIAN_POINT ( 'NONE',  ( -2.188067836949561821E-16, -0.3375000000000002998, -0.05000000000000002359 ) ) ;
#4758 = VERTEX_POINT ( 'NONE', #2035 ) ;
#4759 = CARTESIAN_POINT ( 'NONE',  ( -0.9899999999999982148, -0.6499999999999992450, 0.6500000000000001332 ) ) ;
#4760 = ORIENTED_EDGE ( 'NONE', *, *, #3762, .F. ) ;
#4761 = PRESENTATION_STYLE_ASSIGNMENT (( #4784 ) ) ;
#4762 =( LENGTH_UNIT ( ) NAMED_UNIT ( * ) SI_UNIT ( .MILLI., .METRE. ) );
#4763 =( NAMED_UNIT ( * ) SI_UNIT ( $, .STERADIAN. ) SOLID_ANGLE_UNIT ( ) );
#4764 = EDGE_LOOP ( 'NONE', ( #3322, #2567, #4089, #2433 ) ) ;
#4765 = DIRECTION ( 'NONE',  ( 0.000000000000000000, 0.000000000000000000, 1.000000000000000000 ) ) ;
#4766 = FACE_OUTER_BOUND ( 'NONE', #3262, .T. ) ;
#4767 = DIRECTION ( 'NONE',  ( 0.000000000000000000, 0.000000000000000000, -1.000000000000000000 ) ) ;
#4768 =( NAMED_UNIT ( * ) SI_UNIT ( $, .STERADIAN. ) SOLID_ANGLE_UNIT ( ) );
#4769 = FILL_AREA_STYLE ('',( #5218 ) ) ;
#4770 = EDGE_CURVE ( 'NONE', #2027, #3279, #5151, .T. ) ;
#4771 = ORIENTED_EDGE ( 'NONE', *, *, #102, .T. ) ;
#4772 = EDGE_CURVE ( 'NONE', #2781, #2706, #274, .T. ) ;
#4773 = AXIS2_PLACEMENT_3D ( 'NONE', #5609, #317, #3426 ) ;
#4774 = ORIENTED_EDGE ( 'NONE', *, *, #2080, .F. ) ;
#4775 =( NAMED_UNIT ( * ) PLANE_ANGLE_UNIT ( ) SI_UNIT ( $, .RADIAN. ) );
#4776 = PLANE ( 'NONE',  #2900 ) ;
#4777 = DIRECTION ( 'NONE',  ( -0.000000000000000000, -0.000000000000000000, 1.000000000000000000 ) ) ;
#4778 = EDGE_CURVE ( 'NONE', #2965, #4571, #4158, .T. ) ;
#4779 = CARTESIAN_POINT ( 'NONE',  ( 1.250000000000001776, -1.000000000000001110, -0.3499999999999999778 ) ) ;
#4780 = EDGE_CURVE ( 'NONE', #5137, #3469, #4618, .T. ) ;
#4781 = LINE ( 'NONE', #1762, #1672 ) ;
#4782 = VERTEX_POINT ( 'NONE', #2443 ) ;
#4783 = CARTESIAN_POINT ( 'NONE',  ( 1.100000000000001865, -1.000000000000001110, -0.05000000000000002359 ) ) ;
#4784 = SURFACE_STYLE_USAGE ( .BOTH. , #705 ) ;
#4785 = PRESENTATION_LAYER_ASSIGNMENT (  '', '', ( #601 ) ) ;
#4786 = DIRECTION ( 'NONE',  ( 0.000000000000000000, 0.000000000000000000, -1.000000000000000000 ) ) ;
#4787 = LINE ( 'NONE', #5712, #4873 ) ;
#4788 = AXIS2_PLACEMENT_3D ( 'NONE', #5378, #2189, #4515 ) ;
#4789 = VERTEX_POINT ( 'NONE', #1957 ) ;
#4790 = ORIENTED_EDGE ( 'NONE', *, *, #1151, .F. ) ;
#4791 = FILL_AREA_STYLE_COLOUR ( '', #5788 ) ;
#4792 = SURFACE_STYLE_USAGE ( .BOTH. , #1247 ) ;
#4793 = VECTOR ( 'NONE', #4703, 1000.000000000000000 ) ;
#4794 = DIRECTION ( 'NONE',  ( 1.000000000000000000, 0.000000000000000000, 0.000000000000000000 ) ) ;
#4795 = VECTOR ( 'NONE', #3629, 1000.000000000000000 ) ;
#4796 = COLOUR_RGB ( '',0.8627450980392157298, 0.6274509803921568540, 0.05882352941176470507 ) ;
#4797 = CARTESIAN_POINT ( 'NONE',  ( -1.143933982822019191, -5.312634788926045980E-16, -0.05000000000000002359 ) ) ;
#4798 =( LENGTH_UNIT ( ) NAMED_UNIT ( * ) SI_UNIT ( .MILLI., .METRE. ) );
#4799 = MECHANICAL_DESIGN_GEOMETRIC_PRESENTATION_REPRESENTATION (  '', ( #4712 ), #2304 ) ;
#4800 =( LENGTH_UNIT ( ) NAMED_UNIT ( * ) SI_UNIT ( .MILLI., .METRE. ) );
#4801 = ORIENTED_EDGE ( 'NONE', *, *, #1505, .T. ) ;
#4802 = EDGE_LOOP ( 'NONE', ( #3577, #3945, #4698, #5066 ) ) ;
#4803 = ADVANCED_FACE ( 'NONE', ( #625 ), #4942, .F. ) ;
#4804 = DIRECTION ( 'NONE',  ( -0.000000000000000000, -0.000000000000000000, 1.000000000000000000 ) ) ;
#4805 =( NAMED_UNIT ( * ) PLANE_ANGLE_UNIT ( ) SI_UNIT ( $, .RADIAN. ) );
#4806 =( LENGTH_UNIT ( ) NAMED_UNIT ( * ) SI_UNIT ( .MILLI., .METRE. ) );
#4807 = FILL_AREA_STYLE_COLOUR ( '', #3392 ) ;
#4808 = CARTESIAN_POINT ( 'NONE',  ( -0.8999999999999981348, -0.8499999999999994227, 0.4000000000000000222 ) ) ;
#4809 = VECTOR ( 'NONE', #4129, 1000.000000000000000 ) ;
#4810 = VERTEX_POINT ( 'NONE', #3844 ) ;
#4811 = EDGE_CURVE ( 'NONE', #1163, #2197, #1370, .T. ) ;
#4812 = DIRECTION ( 'NONE',  ( 0.000000000000000000, 0.000000000000000000, -1.000000000000000000 ) ) ;
#4813 = AXIS2_PLACEMENT_3D ( 'NONE', #3115, #375, #3949 ) ;
#4814 = ADVANCED_FACE ( 'NONE', ( #4766 ), #2097, .T. ) ;
#4815 = FILL_AREA_STYLE_COLOUR ( '', #1577 ) ;
#4816 = FACE_OUTER_BOUND ( 'NONE', #264, .T. ) ;
#4817 = CARTESIAN_POINT ( 'NONE',  ( -1.143933982822019413, 0.000000000000000000, -0.05000000000000002359 ) ) ;
#4818 = VECTOR ( 'NONE', #43, 1000.000000000000000 ) ;
#4819 = EDGE_LOOP ( 'NONE', ( #1743, #5221, #101, #5490 ) ) ;
#4820 = COLOUR_RGB ( '',0.2862745098039215508, 0.2862745098039215508, 0.2862745098039215508 ) ;
#4821 = SURFACE_SIDE_STYLE ('',( #3042 ) ) ;
#4822 = LINE ( 'NONE', #1249, #4530 ) ;
#4823 = CARTESIAN_POINT ( 'NONE',  ( 1.143933982822019413, -0.8044079500593142029, -0.05000000000000002359 ) ) ;
#4824 = CIRCLE ( 'NONE', #3358, 0.05000000000000002359 ) ;
#4825 = AXIS2_PLACEMENT_3D ( 'NONE', #2437, #4575, #147 ) ;
#4826 = UNCERTAINTY_MEASURE_WITH_UNIT (LENGTH_MEASURE( 1.000000000000000082E-05 ), #2711, 'distance_accuracy_value', 'NONE');
#4827 = DIRECTION ( 'NONE',  ( -1.000000000000000000, 0.000000000000000000, 0.000000000000000000 ) ) ;
#4828 =( LENGTH_UNIT ( ) NAMED_UNIT ( * ) SI_UNIT ( .MILLI., .METRE. ) );
#4829 = AXIS2_PLACEMENT_3D ( 'NONE', #5017, #2789, #2821 ) ;
#4830 =( GEOMETRIC_REPRESENTATION_CONTEXT ( 3 ) GLOBAL_UNCERTAINTY_ASSIGNED_CONTEXT ( ( #4578 ) ) GLOBAL_UNIT_ASSIGNED_CONTEXT ( ( #761, #2618, #3425 ) ) REPRESENTATION_CONTEXT ( 'NONE', 'WORKASPACE' ) );
#4831 = SURFACE_STYLE_USAGE ( .BOTH. , #2074 ) ;
#4832 = EDGE_LOOP ( 'NONE', ( #4938, #3095, #2819, #4316 ) ) ;
#4833 = VERTEX_POINT ( 'NONE', #2130 ) ;
#4834 = CARTESIAN_POINT ( 'NONE',  ( -1.054407950059315313, 0.8939339828220186357, -0.05000000000000002359 ) ) ;
#4835 = STYLED_ITEM ( 'NONE', ( #4537 ), #3553 ) ;
#4836 = CARTESIAN_POINT ( 'NONE',  ( -1.249999999999998002, -0.7775000000000007461, -0.3499999999999999778 ) ) ;
#4837 = DIRECTION ( 'NONE',  ( -1.000000000000000000, 0.000000000000000000, 0.000000000000000000 ) ) ;
#4838 =( LENGTH_UNIT ( ) NAMED_UNIT ( * ) SI_UNIT ( .MILLI., .METRE. ) );
#4839 = SURFACE_STYLE_FILL_AREA ( #1206 ) ;
#4840 = ORIENTED_EDGE ( 'NONE', *, *, #5680, .F. ) ;
#4841 = STYLED_ITEM ( 'NONE', ( #3760 ), #3943 ) ;
#4842 = CARTESIAN_POINT ( 'NONE',  ( 0.000000000000000000, 1.000000000000000666, -0.05000000000000002359 ) ) ;
#4843 = EDGE_CURVE ( 'NONE', #3613, #5341, #3845, .T. ) ;
#4844 =( GEOMETRIC_REPRESENTATION_CONTEXT ( 3 ) GLOBAL_UNCERTAINTY_ASSIGNED_CONTEXT ( ( #1434 ) ) GLOBAL_UNIT_ASSIGNED_CONTEXT ( ( #4588, #717, #160 ) ) REPRESENTATION_CONTEXT ( 'NONE', 'WORKASPACE' ) );
#4845 =( NAMED_UNIT ( * ) PLANE_ANGLE_UNIT ( ) SI_UNIT ( $, .RADIAN. ) );
#4846 = ORIENTED_EDGE ( 'NONE', *, *, #2523, .T. ) ;
#4847 = DIRECTION ( 'NONE',  ( -1.000000000000000000, 0.000000000000000000, 0.000000000000000000 ) ) ;
#4848 = AXIS2_PLACEMENT_3D ( 'NONE', #2690, #4036, #1446 ) ;
#4849 = FACE_OUTER_BOUND ( 'NONE', #1016, .T. ) ;
#4850 = ADVANCED_FACE ( 'NONE', ( #5689 ), #3043, .F. ) ;
#4851 = FACE_OUTER_BOUND ( 'NONE', #3100, .T. ) ;
#4852 = AXIS2_PLACEMENT_3D ( 'NONE', #4301, #2262, #461 ) ;
#4853 = ORIENTED_EDGE ( 'NONE', *, *, #2155, .T. ) ;
#4854 = AXIS2_PLACEMENT_3D ( 'NONE', #2589, #5223, #4837 ) ;
#4855 = ORIENTED_EDGE ( 'NONE', *, *, #1117, .F. ) ;
#4856 =( NAMED_UNIT ( * ) SI_UNIT ( $, .STERADIAN. ) SOLID_ANGLE_UNIT ( ) );
#4857 = DIRECTION ( 'NONE',  ( 0.000000000000000000, 0.000000000000000000, -1.000000000000000000 ) ) ;
#4858 = LINE ( 'NONE', #426, #5466 ) ;
#4859 = MECHANICAL_DESIGN_GEOMETRIC_PRESENTATION_REPRESENTATION (  '', ( #3593 ), #1250 ) ;
#4860 = PRESENTATION_STYLE_ASSIGNMENT (( #3462 ) ) ;
#4861 = ORIENTED_EDGE ( 'NONE', *, *, #1976, .F. ) ;
#4862 = FACE_OUTER_BOUND ( 'NONE', #3768, .T. ) ;
#4863 = STYLED_ITEM ( 'NONE', ( #997 ), #5104 ) ;
#4864 = SURFACE_STYLE_USAGE ( .BOTH. , #5263 ) ;
#4865 = FACE_OUTER_BOUND ( 'NONE', #1051, .T. ) ;
#4866 = ORIENTED_EDGE ( 'NONE', *, *, #3015, .F. ) ;
#4867 = EDGE_LOOP ( 'NONE', ( #371, #612, #3429, #1121 ) ) ;
#4868 = UNCERTAINTY_MEASURE_WITH_UNIT (LENGTH_MEASURE( 1.000000000000000082E-05 ), #576, 'distance_accuracy_value', 'NONE');
#4869 = ADVANCED_FACE ( 'NONE', ( #2854 ), #998, .F. ) ;
#4870 = DIRECTION ( 'NONE',  ( 0.000000000000000000, 0.000000000000000000, -1.000000000000000000 ) ) ;
#4871 = LINE ( 'NONE', #973, #4066 ) ;
#4872 = PRESENTATION_STYLE_ASSIGNMENT (( #3127 ) ) ;
#4873 = VECTOR ( 'NONE', #5648, 1000.000000000000000 ) ;
#4874 = UNCERTAINTY_MEASURE_WITH_UNIT (LENGTH_MEASURE( 1.000000000000000082E-05 ), #5560, 'distance_accuracy_value', 'NONE');
#4875 =( GEOMETRIC_REPRESENTATION_CONTEXT ( 3 ) GLOBAL_UNCERTAINTY_ASSIGNED_CONTEXT ( ( #5470 ) ) GLOBAL_UNIT_ASSIGNED_CONTEXT ( ( #2227, #3609, #5360 ) ) REPRESENTATION_CONTEXT ( 'NONE', 'WORKASPACE' ) );
#4876 = EDGE_CURVE ( 'NONE', #4192, #1517, #670, .T. ) ;
#4877 = VECTOR ( 'NONE', #1148, 1000.000000000000000 ) ;
#4878 = CARTESIAN_POINT ( 'NONE',  ( -1.250000000000002220, -1.000000000000000222, -0.3499999999999999778 ) ) ;
#4879 = CYLINDRICAL_SURFACE ( 'NONE', #5197, 0.05000000000000002359 ) ;
#4880 = CARTESIAN_POINT ( 'NONE',  ( -1.250000000000002220, -1.000000000000000222, -0.05000000000000002359 ) ) ;
#4881 = ADVANCED_FACE ( 'NONE', ( #3202 ), #5435, .F. ) ;
#4882 = DIRECTION ( 'NONE',  ( 0.000000000000000000, 0.000000000000000000, 1.000000000000000000 ) ) ;
#4883 = ORIENTED_EDGE ( 'NONE', *, *, #4876, .F. ) ;
#4884 = STYLED_ITEM ( 'NONE', ( #1270 ), #649 ) ;
#4885 = ORIENTED_EDGE ( 'NONE', *, *, #100, .F. ) ;
#4886 = CARTESIAN_POINT ( 'NONE',  ( -0.7899999999999981481, -0.5399999999999998135, 0.6500000000000001332 ) ) ;
#4887 = DIRECTION ( 'NONE',  ( -0.000000000000000000, -0.000000000000000000, -1.000000000000000000 ) ) ;
#4888 = LINE ( 'NONE', #3639, #1920 ) ;
#4889 = FILL_AREA_STYLE ('',( #4019 ) ) ;
#4890 = COLOUR_RGB ( '',0.8627450980392157298, 0.6274509803921568540, 0.05882352941176470507 ) ;
#4891 = CARTESIAN_POINT ( 'NONE',  ( 0.9000000000000020206, -0.6499999999999994671, 0.4000000000000000222 ) ) ;
#4892 = CARTESIAN_POINT ( 'NONE',  ( -1.249999999999998002, -0.9999999999999993339, -0.3499999999999999778 ) ) ;
#4893 = COLOUR_RGB ( '',0.2862745098039215508, 0.2862745098039215508, 0.2862745098039215508 ) ;
#4894 = DIRECTION ( 'NONE',  ( -1.000000000000000000, 0.000000000000000000, 0.000000000000000000 ) ) ;
#4895 = VERTEX_POINT ( 'NONE', #965 ) ;
#4896 = LINE ( 'NONE', #1369, #922 ) ;
#4897 = SURFACE_SIDE_STYLE ('',( #332 ) ) ;
#4898 = VECTOR ( 'NONE', #5361, 1000.000000000000000 ) ;
#4899 = VERTEX_POINT ( 'NONE', #1911 ) ;
#4900 =( LENGTH_UNIT ( ) NAMED_UNIT ( * ) SI_UNIT ( .MILLI., .METRE. ) );
#4901 = CARTESIAN_POINT ( 'NONE',  ( -1.054407950059315091, 0.8939339828220185247, -0.3499999999999999778 ) ) ;
#4902 = LINE ( 'NONE', #2717, #1012 ) ;
#4903 = MECHANICAL_DESIGN_GEOMETRIC_PRESENTATION_REPRESENTATION (  '', ( #3440 ), #5766 ) ;
#4904 = CYLINDRICAL_SURFACE ( 'NONE', #2102, 0.1499999999999999667 ) ;
#4905 = PRESENTATION_LAYER_ASSIGNMENT (  '', '', ( #2038 ) ) ;
#4906 = LINE ( 'NONE', #5382, #1130 ) ;
#4907 = SURFACE_STYLE_FILL_AREA ( #2276 ) ;
#4908 = DIRECTION ( 'NONE',  ( -0.000000000000000000, -0.000000000000000000, -1.000000000000000000 ) ) ;
#4909 = STYLED_ITEM ( 'NONE', ( #2621 ), #3194 ) ;
#4910 = ORIENTED_EDGE ( 'NONE', *, *, #5724, .F. ) ;
#4911 = EDGE_CURVE ( 'NONE', #4833, #573, #5055, .T. ) ;
#4912 = CIRCLE ( 'NONE', #4825, 0.1999999999999999833 ) ;
#4913 = ORIENTED_EDGE ( 'NONE', *, *, #4031, .T. ) ;
#4914 =( NAMED_UNIT ( * ) PLANE_ANGLE_UNIT ( ) SI_UNIT ( $, .RADIAN. ) );
#4915 = ADVANCED_FACE ( 'NONE', ( #2999 ), #1642, .F. ) ;
#4916 =( NAMED_UNIT ( * ) SI_UNIT ( $, .STERADIAN. ) SOLID_ANGLE_UNIT ( ) );
#4917 = CIRCLE ( 'NONE', #2146, 0.1499999999999999667 ) ;
#4918 = CYLINDRICAL_SURFACE ( 'NONE', #4521, 0.2225000000000002531 ) ;
#4919 =( GEOMETRIC_REPRESENTATION_CONTEXT ( 3 ) GLOBAL_UNCERTAINTY_ASSIGNED_CONTEXT ( ( #2405 ) ) GLOBAL_UNIT_ASSIGNED_CONTEXT ( ( #2572, #4317, #329 ) ) REPRESENTATION_CONTEXT ( 'NONE', 'WORKASPACE' ) );
#4920 = EDGE_CURVE ( 'NONE', #1143, #4558, #3397, .T. ) ;
#4921 = ORIENTED_EDGE ( 'NONE', *, *, #5688, .F. ) ;
#4922 =( LENGTH_UNIT ( ) NAMED_UNIT ( * ) SI_UNIT ( .MILLI., .METRE. ) );
#4923 = PRESENTATION_LAYER_ASSIGNMENT (  '', '', ( #4190 ) ) ;
#4924 = LINE ( 'NONE', #490, #1829 ) ;
#4925 = ORIENTED_EDGE ( 'NONE', *, *, #4920, .F. ) ;
#4926 = PRESENTATION_LAYER_ASSIGNMENT (  '', '', ( #3656 ) ) ;
#4927 = EDGE_LOOP ( 'NONE', ( #5204, #4695, #3190, #795 ) ) ;
#4928 = UNCERTAINTY_MEASURE_WITH_UNIT (LENGTH_MEASURE( 1.000000000000000082E-05 ), #4693, 'distance_accuracy_value', 'NONE');
#4929 = SURFACE_STYLE_FILL_AREA ( #3177 ) ;
#4930 = CARTESIAN_POINT ( 'NONE',  ( -2.188067836949561821E-16, -0.3375000000000002998, -0.3499999999999999778 ) ) ;
#4931 = DIRECTION ( 'NONE',  ( 0.000000000000000000, 0.000000000000000000, -1.000000000000000000 ) ) ;
#4932 = LINE ( 'NONE', #3567, #4400 ) ;
#4933 = CARTESIAN_POINT ( 'NONE',  ( 1.250000000000001998, -0.8499999999999993117, 0.3499999999999999778 ) ) ;
#4934 = UNCERTAINTY_MEASURE_WITH_UNIT (LENGTH_MEASURE( 1.000000000000000082E-05 ), #1352, 'distance_accuracy_value', 'NONE');
#4935 = SURFACE_SIDE_STYLE ('',( #4907 ) ) ;
#4936 = FILL_AREA_STYLE_COLOUR ( '', #5236 ) ;
#4937 = CARTESIAN_POINT ( 'NONE',  ( -1.249999999999998002, 0.8500000000000006439, -0.3510000000000000342 ) ) ;
#4938 = ORIENTED_EDGE ( 'NONE', *, *, #5428, .T. ) ;
#4939 = VERTEX_POINT ( 'NONE', #5141 ) ;
#4940 = CARTESIAN_POINT ( 'NONE',  ( 1.250000000000001776, -1.000000000000001110, -0.3499999999999999778 ) ) ;
#4941 = SURFACE_STYLE_FILL_AREA ( #2355 ) ;
#4942 = TOROIDAL_SURFACE ( 'NONE', #4852, 0.2500000000000000000, 0.05000000000000000278 ) ;
#4943 = SURFACE_STYLE_USAGE ( .BOTH. , #5426 ) ;
#4944 = ADVANCED_FACE ( 'NONE', ( #3893 ), #2941, .T. ) ;
#4945 = CYLINDRICAL_SURFACE ( 'NONE', #3395, 0.05000000000000002359 ) ;
#4946 = LINE ( 'NONE', #4892, #4335 ) ;
#4947 = EDGE_CURVE ( 'NONE', #5004, #5706, #483, .T. ) ;
#4948 =( GEOMETRIC_REPRESENTATION_CONTEXT ( 3 ) GLOBAL_UNCERTAINTY_ASSIGNED_CONTEXT ( ( #3040 ) ) GLOBAL_UNIT_ASSIGNED_CONTEXT ( ( #1287, #4805, #3057 ) ) REPRESENTATION_CONTEXT ( 'NONE', 'WORKASPACE' ) );
#4949 = COLOUR_RGB ( '',0.8627450980392157298, 0.6274509803921568540, 0.05882352941176470507 ) ;
#4950 =( NAMED_UNIT ( * ) SI_UNIT ( $, .STERADIAN. ) SOLID_ANGLE_UNIT ( ) );
#4951 = VERTEX_POINT ( 'NONE', #3031 ) ;
#4952 = SURFACE_STYLE_FILL_AREA ( #1367 ) ;
#4953 =( NAMED_UNIT ( * ) SI_UNIT ( $, .STERADIAN. ) SOLID_ANGLE_UNIT ( ) );
#4954 = DIRECTION ( 'NONE',  ( 1.000000000000000000, 0.000000000000000000, 0.000000000000000000 ) ) ;
#4955 = EDGE_CURVE ( 'NONE', #1298, #3313, #2081, .T. ) ;
#4956 = DIRECTION ( 'NONE',  ( -0.000000000000000000, -0.000000000000000000, -1.000000000000000000 ) ) ;
#4957 = DIRECTION ( 'NONE',  ( -1.000000000000000000, 0.000000000000000000, 0.000000000000000000 ) ) ;
#4958 = LINE ( 'NONE', #1795, #5746 ) ;
#4959 = EDGE_CURVE ( 'NONE', #535, #408, #2570, .T. ) ;
#4960 = EDGE_LOOP ( 'NONE', ( #1094, #5046, #5527, #5467, #2851, #4480, #2431, #5517 ) ) ;
#4961 = ORIENTED_EDGE ( 'NONE', *, *, #2737, .F. ) ;
#4962 =( LENGTH_UNIT ( ) NAMED_UNIT ( * ) SI_UNIT ( .MILLI., .METRE. ) );
#4963 =( NAMED_UNIT ( * ) SI_UNIT ( $, .STERADIAN. ) SOLID_ANGLE_UNIT ( ) );
#4964 = CARTESIAN_POINT ( 'NONE',  ( 0.4749999999999997558, -0.8939339828220190798, -0.05000000000000002359 ) ) ;
#4965 = AXIS2_PLACEMENT_3D ( 'NONE', #2791, #139, #4567 ) ;
#4966 = DIRECTION ( 'NONE',  ( 0.000000000000000000, 0.000000000000000000, 1.000000000000000000 ) ) ;
#4967 = SURFACE_STYLE_USAGE ( .BOTH. , #4383 ) ;
#4968 = DIRECTION ( 'NONE',  ( 1.000000000000000000, 0.000000000000000000, 0.000000000000000000 ) ) ;
#4969 = SURFACE_SIDE_STYLE ('',( #5482 ) ) ;
#4970 = DIRECTION ( 'NONE',  ( 0.000000000000000000, 1.000000000000000000, 0.000000000000000000 ) ) ;
#4971 =( LENGTH_UNIT ( ) NAMED_UNIT ( * ) SI_UNIT ( .MILLI., .METRE. ) );
#4972 = EDGE_LOOP ( 'NONE', ( #4913, #4464, #3452, #2512 ) ) ;
#4973 = VERTEX_POINT ( 'NONE', #1556 ) ;
#4974 = CARTESIAN_POINT ( 'NONE',  ( 1.250000000000001998, -0.7775000000000007461, -0.05000000000000002359 ) ) ;
#4975 = SURFACE_STYLE_FILL_AREA ( #3192 ) ;
#4976 = FILL_AREA_STYLE_COLOUR ( '', #307 ) ;
#4977 = VECTOR ( 'NONE', #2995, 1000.000000000000000 ) ;
#4978 = AXIS2_PLACEMENT_3D ( 'NONE', #3468, #5682, #5233 ) ;
#4979 = CARTESIAN_POINT ( 'NONE',  ( 0.4749999999999998113, 0.3374999999999998557, -0.05000000000000002359 ) ) ;
#4980 = FILL_AREA_STYLE_COLOUR ( '', #437 ) ;
#4981 = ORIENTED_EDGE ( 'NONE', *, *, #4351, .T. ) ;
#4982 =( NAMED_UNIT ( * ) PLANE_ANGLE_UNIT ( ) SI_UNIT ( $, .RADIAN. ) );
#4983 =( GEOMETRIC_REPRESENTATION_CONTEXT ( 3 ) GLOBAL_UNCERTAINTY_ASSIGNED_CONTEXT ( ( #5773 ) ) GLOBAL_UNIT_ASSIGNED_CONTEXT ( ( #4762, #2677, #330 ) ) REPRESENTATION_CONTEXT ( 'NONE', 'WORKASPACE' ) );
#4984 = LINE ( 'NONE', #2853, #3856 ) ;
#4985 = ADVANCED_FACE ( 'NONE', ( #2561, #2481 ), #4666, .T. ) ;
#4986 = ORIENTED_EDGE ( 'NONE', *, *, #787, .T. ) ;
#4987 = ORIENTED_EDGE ( 'NONE', *, *, #459, .T. ) ;
#4988 = EDGE_CURVE ( 'NONE', #1771, #1931, #2771, .T. ) ;
#4989 = UNCERTAINTY_MEASURE_WITH_UNIT (LENGTH_MEASURE( 1.000000000000000082E-05 ), #195, 'distance_accuracy_value', 'NONE');
#4990 = VECTOR ( 'NONE', #2847, 1000.000000000000000 ) ;
#4991 =( NAMED_UNIT ( * ) PLANE_ANGLE_UNIT ( ) SI_UNIT ( $, .RADIAN. ) );
#4992 = PRESENTATION_STYLE_ASSIGNMENT (( #1437 ) ) ;
#4993 = PRESENTATION_STYLE_ASSIGNMENT (( #3239 ) ) ;
#4994 = DIRECTION ( 'NONE',  ( 0.000000000000000000, -0.000000000000000000, -1.000000000000000000 ) ) ;
#4995 = VECTOR ( 'NONE', #4619, 1000.000000000000000 ) ;
#4996 = DIRECTION ( 'NONE',  ( 0.000000000000000000, 0.000000000000000000, -1.000000000000000000 ) ) ;
#4997 = UNCERTAINTY_MEASURE_WITH_UNIT (LENGTH_MEASURE( 1.000000000000000082E-05 ), #1395, 'distance_accuracy_value', 'NONE');
#4998 = FILL_AREA_STYLE ('',( #2467 ) ) ;
#4999 = LINE ( 'NONE', #4069, #1697 ) ;
#5000 =( NAMED_UNIT ( * ) SI_UNIT ( $, .STERADIAN. ) SOLID_ANGLE_UNIT ( ) );
#5001 = MECHANICAL_DESIGN_GEOMETRIC_PRESENTATION_REPRESENTATION (  '', ( #1003 ), #150 ) ;
#5002 = CARTESIAN_POINT ( 'NONE',  ( 0.000000000000000000, 1.000000000000000666, -0.05000000000000002359 ) ) ;
#5003 = CARTESIAN_POINT ( 'NONE',  ( 0.000000000000000000, 0.3374999999999998557, -0.05000000000000002359 ) ) ;
#5004 = VERTEX_POINT ( 'NONE', #4093 ) ;
#5005 = COLOUR_RGB ( '',0.8039215686274510109, 0.8039215686274510109, 0.8039215686274510109 ) ;
#5006 = ORIENTED_EDGE ( 'NONE', *, *, #5576, .F. ) ;
#5007 = DIRECTION ( 'NONE',  ( 3.742448381574715951E-16, -1.000000000000000000, 0.000000000000000000 ) ) ;
#5008 = LINE ( 'NONE', #226, #2203 ) ;
#5009 = CARTESIAN_POINT ( 'NONE',  ( -0.8999999999999980238, 0.7400000000000007683, 0.6500000000000001332 ) ) ;
#5010 = PRESENTATION_LAYER_ASSIGNMENT (  '', '', ( #1570 ) ) ;
#5011 = COLOUR_RGB ( '',0.8627450980392157298, 0.6274509803921568540, 0.05882352941176470507 ) ;
#5012 = DIRECTION ( 'NONE',  ( 5.981805089575315315E-15, -1.000000000000000000, 0.000000000000000000 ) ) ;
#5013 = DIRECTION ( 'NONE',  ( 1.000000000000000000, 0.000000000000000000, 0.000000000000000000 ) ) ;
#5014 = ORIENTED_EDGE ( 'NONE', *, *, #4780, .T. ) ;
#5015 = STYLED_ITEM ( 'NONE', ( #4415 ), #3234 ) ;
#5016 = COLOUR_RGB ( '',0.8627450980392157298, 0.6274509803921568540, 0.05882352941176470507 ) ;
#5017 = CARTESIAN_POINT ( 'NONE',  ( 1.250000000000001998, -0.9999999999999993339, 0.3499999999999999778 ) ) ;
#5018 = FACE_OUTER_BOUND ( 'NONE', #4729, .T. ) ;
#5019 = DIRECTION ( 'NONE',  ( 1.000000000000000000, 0.000000000000000000, 0.000000000000000000 ) ) ;
#5020 = PRESENTATION_LAYER_ASSIGNMENT (  '', '', ( #5586 ) ) ;
#5021 = PRESENTATION_LAYER_ASSIGNMENT (  '', '', ( #1684 ) ) ;
#5022 = VERTEX_POINT ( 'NONE', #146 ) ;
#5023 = ORIENTED_EDGE ( 'NONE', *, *, #4108, .F. ) ;
#5024 = VECTOR ( 'NONE', #867, 1000.000000000000000 ) ;
#5025 = CARTESIAN_POINT ( 'NONE',  ( -1.027500000000001856, -0.9999999999999993339, -0.05000000000000002359 ) ) ;
#5026 = CARTESIAN_POINT ( 'NONE',  ( -0.7749999999999994671, -0.3374999999999998002, -0.05000000000000002359 ) ) ;
#5027 = CARTESIAN_POINT ( 'NONE',  ( 0.000000000000000000, 0.000000000000000000, -0.05000000000000002359 ) ) ;
#5028 = EDGE_CURVE ( 'NONE', #4306, #628, #1886, .T. ) ;
#5029 = SURFACE_SIDE_STYLE ('',( #4576 ) ) ;
#5030 = ADVANCED_FACE ( 'NONE', ( #5534 ), #3035, .T. ) ;
#5031 = FILL_AREA_STYLE ('',( #2831 ) ) ;
#5032 = SURFACE_STYLE_FILL_AREA ( #4998 ) ;
#5033 = MECHANICAL_DESIGN_GEOMETRIC_PRESENTATION_REPRESENTATION (  '', ( #4841 ), #3106 ) ;
#5034 = ADVANCED_FACE ( 'NONE', ( #974 ), #4547, .T. ) ;
#5035 = PRESENTATION_STYLE_ASSIGNMENT (( #3603 ) ) ;
#5036 = FILL_AREA_STYLE_COLOUR ( '', #1301 ) ;
#5037 = FACE_OUTER_BOUND ( 'NONE', #4193, .T. ) ;
#5038 = EDGE_CURVE ( 'NONE', #3482, #2424, #267, .T. ) ;
#5039 = ORIENTED_EDGE ( 'NONE', *, *, #2694, .T. ) ;
#5040 = COLOUR_RGB ( '',0.8627450980392157298, 0.6274509803921568540, 0.05882352941176470507 ) ;
#5041 = ORIENTED_EDGE ( 'NONE', *, *, #5387, .F. ) ;
#5042 = LINE ( 'NONE', #3771, #2545 ) ;
#5043 = LINE ( 'NONE', #598, #527 ) ;
#5044 = VECTOR ( 'NONE', #3532, 1000.000000000000000 ) ;
#5045 = CARTESIAN_POINT ( 'NONE',  ( 0.4749999999999999223, 0.8939339828220188577, -0.05000000000000002359 ) ) ;
#5046 = ORIENTED_EDGE ( 'NONE', *, *, #4669, .F. ) ;
#5047 = VERTEX_POINT ( 'NONE', #5616 ) ;
#5048 = CARTESIAN_POINT ( 'NONE',  ( -0.4749999999999997558, 0.000000000000000000, -0.05000000000000002359 ) ) ;
#5049 = CIRCLE ( 'NONE', #4668, 0.2225000000000000311 ) ;
#5050 =( NAMED_UNIT ( * ) PLANE_ANGLE_UNIT ( ) SI_UNIT ( $, .RADIAN. ) );
#5051 = DIRECTION ( 'NONE',  ( 0.000000000000000000, 0.000000000000000000, -1.000000000000000000 ) ) ;
#5052 = MECHANICAL_DESIGN_GEOMETRIC_PRESENTATION_REPRESENTATION (  '', ( #5617 ), #3117 ) ;
#5053 = ORIENTED_EDGE ( 'NONE', *, *, #3631, .T. ) ;
#5054 = ORIENTED_EDGE ( 'NONE', *, *, #929, .F. ) ;
#5055 = CIRCLE ( 'NONE', #4476, 0.09000000000000012157 ) ;
#5056 = SURFACE_STYLE_FILL_AREA ( #4508 ) ;
#5057 = DIRECTION ( 'NONE',  ( 0.000000000000000000, 0.000000000000000000, 1.000000000000000000 ) ) ;
#5058 = DIRECTION ( 'NONE',  ( 0.000000000000000000, 0.000000000000000000, 1.000000000000000000 ) ) ;
#5059 = DIRECTION ( 'NONE',  ( -0.000000000000000000, -0.000000000000000000, -1.000000000000000000 ) ) ;
#5060 =( NAMED_UNIT ( * ) PLANE_ANGLE_UNIT ( ) SI_UNIT ( $, .RADIAN. ) );
#5061 = CARTESIAN_POINT ( 'NONE',  ( -1.249999999999998002, -0.8499999999999993117, 0.3499999999999999778 ) ) ;
#5062 = ADVANCED_FACE ( 'NONE', ( #1618 ), #3403, .F. ) ;
#5063 = UNCERTAINTY_MEASURE_WITH_UNIT (LENGTH_MEASURE( 1.000000000000000082E-05 ), #1324, 'distance_accuracy_value', 'NONE');
#5064 = COLOUR_RGB ( '',0.2862745098039215508, 0.2862745098039215508, 0.2862745098039215508 ) ;
#5065 = FILL_AREA_STYLE_COLOUR ( '', #3991 ) ;
#5066 = ORIENTED_EDGE ( 'NONE', *, *, #4624, .T. ) ;
#5067 = EDGE_CURVE ( 'NONE', #628, #4395, #582, .T. ) ;
#5068 = VERTEX_POINT ( 'NONE', #3314 ) ;
#5069 = FILL_AREA_STYLE_COLOUR ( '', #791 ) ;
#5070 = EDGE_CURVE ( 'NONE', #5047, #3699, #4984, .T. ) ;
#5071 = LINE ( 'NONE', #3284, #4818 ) ;
#5072 = FILL_AREA_STYLE ('',( #5523 ) ) ;
#5073 = EDGE_LOOP ( 'NONE', ( #895, #2881, #1319, #2000 ) ) ;
#5074 = VECTOR ( 'NONE', #1842, 1000.000000000000000 ) ;
#5075 = PRESENTATION_STYLE_ASSIGNMENT (( #1967 ) ) ;
#5076 = ORIENTED_EDGE ( 'NONE', *, *, #362, .T. ) ;
#5077 =( NAMED_UNIT ( * ) SI_UNIT ( $, .STERADIAN. ) SOLID_ANGLE_UNIT ( ) );
#5078 = DIRECTION ( 'NONE',  ( 0.000000000000000000, 0.000000000000000000, -1.000000000000000000 ) ) ;
#5079 = DIRECTION ( 'NONE',  ( -4.644179531951731562E-16, -1.000000000000000000, 0.000000000000000000 ) ) ;
#5080 =( GEOMETRIC_REPRESENTATION_CONTEXT ( 3 ) GLOBAL_UNCERTAINTY_ASSIGNED_CONTEXT ( ( #387 ) ) GLOBAL_UNIT_ASSIGNED_CONTEXT ( ( #3802, #5575, #5077 ) ) REPRESENTATION_CONTEXT ( 'NONE', 'WORKASPACE' ) );
#5081 = MECHANICAL_DESIGN_GEOMETRIC_PRESENTATION_REPRESENTATION (  '', ( #2108 ), #3513 ) ;
#5082 = SURFACE_STYLE_USAGE ( .BOTH. , #4313 ) ;
#5083 = CARTESIAN_POINT ( 'NONE',  ( -0.4749999999999997558, 0.000000000000000000, -0.05000000000000002359 ) ) ;
#5084 = PRESENTATION_STYLE_ASSIGNMENT (( #1429 ) ) ;
#5085 = CARTESIAN_POINT ( 'NONE',  ( -1.143933982822019413, -0.3374999999999995226, -0.3499999999999999778 ) ) ;
#5086 = ORIENTED_EDGE ( 'NONE', *, *, #5387, .T. ) ;
#5087 = ORIENTED_EDGE ( 'NONE', *, *, #1828, .F. ) ;
#5088 =( NAMED_UNIT ( * ) SI_UNIT ( $, .STERADIAN. ) SOLID_ANGLE_UNIT ( ) );
#5089 = FILL_AREA_STYLE ('',( #210 ) ) ;
#5090 = STYLED_ITEM ( 'NONE', ( #4667 ), #855 ) ;
#5091 = CYLINDRICAL_SURFACE ( 'NONE', #5739, 0.05000000000000002359 ) ;
#5092 = FILL_AREA_STYLE_COLOUR ( '', #351 ) ;
#5093 = DIRECTION ( 'NONE',  ( 0.000000000000000000, 0.000000000000000000, -1.000000000000000000 ) ) ;
#5094 = MECHANICAL_DESIGN_GEOMETRIC_PRESENTATION_REPRESENTATION (  '', ( #340 ), #2220 ) ;
#5095 = ORIENTED_EDGE ( 'NONE', *, *, #5348, .T. ) ;
#5096 = ORIENTED_EDGE ( 'NONE', *, *, #3726, .T. ) ;
#5097 =( NAMED_UNIT ( * ) SI_UNIT ( $, .STERADIAN. ) SOLID_ANGLE_UNIT ( ) );
#5098 = PRESENTATION_STYLE_ASSIGNMENT (( #1131 ) ) ;
#5099 = AXIS2_PLACEMENT_3D ( 'NONE', #1902, #4560, #161 ) ;
#5100 = DIRECTION ( 'NONE',  ( 1.000000000000000000, -0.000000000000000000, -0.000000000000000000 ) ) ;
#5101 = SURFACE_STYLE_FILL_AREA ( #3741 ) ;
#5102 = SURFACE_STYLE_FILL_AREA ( #4275 ) ;
#5103 = CARTESIAN_POINT ( 'NONE',  ( 0.4749999999999998113, 0.3374999999999998557, -0.3499999999999999778 ) ) ;
#5104 = ADVANCED_FACE ( 'NONE', ( #516 ), #1849, .T. ) ;
#5105 = CARTESIAN_POINT ( 'NONE',  ( -0.8999999999999980238, 0.6500000000000006883, 0.6000000000000000888 ) ) ;
#5106 = ORIENTED_EDGE ( 'NONE', *, *, #1421, .F. ) ;
#5107 =( GEOMETRIC_REPRESENTATION_CONTEXT ( 3 ) GLOBAL_UNCERTAINTY_ASSIGNED_CONTEXT ( ( #5413 ) ) GLOBAL_UNIT_ASSIGNED_CONTEXT ( ( #2751, #1893, #4099 ) ) REPRESENTATION_CONTEXT ( 'NONE', 'WORKASPACE' ) );
#5108 = ORIENTED_EDGE ( 'NONE', *, *, #1263, .F. ) ;
#5109 = PRESENTATION_STYLE_ASSIGNMENT (( #3347 ) ) ;
#5110 = MECHANICAL_DESIGN_GEOMETRIC_PRESENTATION_REPRESENTATION (  '', ( #2793 ), #5591 ) ;
#5111 = MECHANICAL_DESIGN_GEOMETRIC_PRESENTATION_REPRESENTATION (  '', ( #2038 ), #4357 ) ;
#5112 = SURFACE_STYLE_USAGE ( .BOTH. , #202 ) ;
#5113 = DIRECTION ( 'NONE',  ( -0.000000000000000000, -0.000000000000000000, 1.000000000000000000 ) ) ;
#5114 = EDGE_CURVE ( 'NONE', #2329, #1483, #2483, .T. ) ;
#5115 = FILL_AREA_STYLE_COLOUR ( '', #2300 ) ;
#5116 = PRESENTATION_LAYER_ASSIGNMENT (  '', '', ( #2234 ) ) ;
#5117 = VECTOR ( 'NONE', #5172, 1000.000000000000000 ) ;
#5118 = ORIENTED_EDGE ( 'NONE', *, *, #2801, .T. ) ;
#5119 = ORIENTED_EDGE ( 'NONE', *, *, #5313, .F. ) ;
#5120 = DIRECTION ( 'NONE',  ( 1.000000000000000000, 3.742448381574715951E-16, 0.000000000000000000 ) ) ;
#5121 = PRESENTATION_LAYER_ASSIGNMENT (  '', '', ( #2236 ) ) ;
#5122 = DIRECTION ( 'NONE',  ( 0.000000000000000000, 0.000000000000000000, -1.000000000000000000 ) ) ;
#5123 = PRESENTATION_LAYER_ASSIGNMENT (  '', '', ( #3647 ) ) ;
#5124 = COLOUR_RGB ( '',0.8039215686274510109, 0.8039215686274510109, 0.8039215686274510109 ) ;
#5125 = AXIS2_PLACEMENT_3D ( 'NONE', #5595, #2444, #2068 ) ;
#5126 = UNCERTAINTY_MEASURE_WITH_UNIT (LENGTH_MEASURE( 1.000000000000000082E-05 ), #4653, 'distance_accuracy_value', 'NONE');
#5127 = DIRECTION ( 'NONE',  ( 0.000000000000000000, 0.000000000000000000, -1.000000000000000000 ) ) ;
#5128 = PLANE ( 'NONE',  #1372 ) ;
#5129 =( GEOMETRIC_REPRESENTATION_CONTEXT ( 3 ) GLOBAL_UNCERTAINTY_ASSIGNED_CONTEXT ( ( #4650 ) ) GLOBAL_UNIT_ASSIGNED_CONTEXT ( ( #1988, #225, #3795 ) ) REPRESENTATION_CONTEXT ( 'NONE', 'WORKASPACE' ) );
#5130 = ORIENTED_EDGE ( 'NONE', *, *, #5379, .T. ) ;
#5131 = UNCERTAINTY_MEASURE_WITH_UNIT (LENGTH_MEASURE( 1.000000000000000082E-05 ), #2970, 'distance_accuracy_value', 'NONE');
#5132 = COLOUR_RGB ( '',0.2862745098039215508, 0.2862745098039215508, 0.2862745098039215508 ) ;
#5133 = SURFACE_STYLE_FILL_AREA ( #5072 ) ;
#5134 = DIRECTION ( 'NONE',  ( 0.000000000000000000, 0.000000000000000000, -1.000000000000000000 ) ) ;
#5135 = VECTOR ( 'NONE', #2549, 1000.000000000000000 ) ;
#5136 = VERTEX_POINT ( 'NONE', #2762 ) ;
#5137 = VERTEX_POINT ( 'NONE', #3645 ) ;
#5138 = ADVANCED_FACE ( 'NONE', ( #1064 ), #1335, .T. ) ;
#5139 = DIRECTION ( 'NONE',  ( -0.000000000000000000, -0.000000000000000000, 1.000000000000000000 ) ) ;
#5140 = AXIS2_PLACEMENT_3D ( 'NONE', #2407, #1184, #389 ) ;
#5141 = CARTESIAN_POINT ( 'NONE',  ( 1.250000000000001998, 0.8500000000000006439, 0.3499999999999999778 ) ) ;
#5142 = SURFACE_SIDE_STYLE ('',( #4229 ) ) ;
#5143 = EDGE_LOOP ( 'NONE', ( #4291, #513, #704, #842 ) ) ;
#5144 = ADVANCED_FACE ( 'NONE', ( #3751 ), #216, .F. ) ;
#5145 = ORIENTED_EDGE ( 'NONE', *, *, #4514, .F. ) ;
#5146 = DIRECTION ( 'NONE',  ( 3.742448381574715951E-16, 1.000000000000000000, -0.000000000000000000 ) ) ;
#5147 = ADVANCED_FACE ( 'NONE', ( #5163 ), #2940, .F. ) ;
#5148 = PLANE ( 'NONE',  #3450 ) ;
#5149 = CARTESIAN_POINT ( 'NONE',  ( 1.250000000000001998, 1.000000000000000666, -0.05000000000000002359 ) ) ;
#5150 =( NAMED_UNIT ( * ) SI_UNIT ( $, .STERADIAN. ) SOLID_ANGLE_UNIT ( ) );
#5151 = LINE ( 'NONE', #2870, #1990 ) ;
#5152 = PRESENTATION_LAYER_ASSIGNMENT (  '', '', ( #957 ) ) ;
#5153 = DIRECTION ( 'NONE',  ( -0.7071067811865487940, -0.7071067811865462405, -0.000000000000000000 ) ) ;
#5154 = SURFACE_SIDE_STYLE ('',( #3387 ) ) ;
#5155 = CARTESIAN_POINT ( 'NONE',  ( -1.149999999999998135, 0.8500000000000007550, 0.4000000000000000222 ) ) ;
#5156 = FILL_AREA_STYLE ('',( #2933 ) ) ;
#5157 = DIRECTION ( 'NONE',  ( -1.000000000000000000, 2.938743035250680421E-16, 0.000000000000000000 ) ) ;
#5158 = ORIENTED_EDGE ( 'NONE', *, *, #1389, .T. ) ;
#5159 = ORIENTED_EDGE ( 'NONE', *, *, #2526, .F. ) ;
#5160 = FACE_OUTER_BOUND ( 'NONE', #4563, .T. ) ;
#5161 = DIRECTION ( 'NONE',  ( -1.000000000000000000, 3.898255002195067469E-15, 0.000000000000000000 ) ) ;
#5162 = FILL_AREA_STYLE_COLOUR ( '', #2474 ) ;
#5163 = FACE_OUTER_BOUND ( 'NONE', #1067, .T. ) ;
#5164 = SURFACE_SIDE_STYLE ('',( #2914 ) ) ;
#5165 =( GEOMETRIC_REPRESENTATION_CONTEXT ( 3 ) GLOBAL_UNCERTAINTY_ASSIGNED_CONTEXT ( ( #2581 ) ) GLOBAL_UNIT_ASSIGNED_CONTEXT ( ( #5319, #5745, #1858 ) ) REPRESENTATION_CONTEXT ( 'NONE', 'WORKASPACE' ) );
#5166 = FILL_AREA_STYLE_COLOUR ( '', #5654 ) ;
#5167 = EDGE_LOOP ( 'NONE', ( #765, #1095, #3470, #1839 ) ) ;
#5168 = STYLED_ITEM ( 'NONE', ( #486 ), #5538 ) ;
#5169 = VERTEX_POINT ( 'NONE', #455 ) ;
#5170 = DIRECTION ( 'NONE',  ( -1.000000000000000000, 0.000000000000000000, 0.000000000000000000 ) ) ;
#5171 =( NAMED_UNIT ( * ) SI_UNIT ( $, .STERADIAN. ) SOLID_ANGLE_UNIT ( ) );
#5172 = DIRECTION ( 'NONE',  ( -0.000000000000000000, -0.000000000000000000, -1.000000000000000000 ) ) ;
#5173 = PRESENTATION_STYLE_ASSIGNMENT (( #3783 ) ) ;
#5174 = ADVANCED_FACE ( 'NONE', ( #5427 ), #4945, .T. ) ;
#5175 = CIRCLE ( 'NONE', #4705, 0.2225000000000004752 ) ;
#5176 = LINE ( 'NONE', #708, #4793 ) ;
#5177 = EDGE_CURVE ( 'NONE', #3887, #1581, #864, .T. ) ;
#5178 = UNCERTAINTY_MEASURE_WITH_UNIT (LENGTH_MEASURE( 1.000000000000000082E-05 ), #5351, 'distance_accuracy_value', 'NONE');
#5179 = PRESENTATION_LAYER_ASSIGNMENT (  '', '', ( #4712 ) ) ;
#5180 = CARTESIAN_POINT ( 'NONE',  ( 1.143933982822019413, 0.3374999999999998557, -0.3499999999999999778 ) ) ;
#5181 = SURFACE_STYLE_FILL_AREA ( #1597 ) ;
#5182 = CARTESIAN_POINT ( 'NONE',  ( -0.6899999999999980593, -0.5399999999999998135, 0.6500000000000001332 ) ) ;
#5183 = VECTOR ( 'NONE', #5012, 1000.000000000000000 ) ;
#5184 = DIRECTION ( 'NONE',  ( -1.000000000000000000, 3.742448381574715951E-16, 0.000000000000000000 ) ) ;
#5185 = CARTESIAN_POINT ( 'NONE',  ( -3.345501787246905815E-16, -0.8939339828220193018, -0.05000000000000002359 ) ) ;
#5186 = ORIENTED_EDGE ( 'NONE', *, *, #65, .T. ) ;
#5187 = ORIENTED_EDGE ( 'NONE', *, *, #931, .F. ) ;
#5188 = CARTESIAN_POINT ( 'NONE',  ( -1.099999999999998090, -0.6499999999999993561, 0.5500000000000000444 ) ) ;
#5189 = DIRECTION ( 'NONE',  ( -0.000000000000000000, -0.000000000000000000, 1.000000000000000000 ) ) ;
#5190 = CARTESIAN_POINT ( 'NONE',  ( -0.4749999999999997558, -0.8939339828220190798, -0.3499999999999999778 ) ) ;
#5191 = DIRECTION ( 'NONE',  ( 0.000000000000000000, 0.000000000000000000, 1.000000000000000000 ) ) ;
#5192 = FILL_AREA_STYLE_COLOUR ( '', #5624 ) ;
#5193 = AXIS2_PLACEMENT_3D ( 'NONE', #3165, #346, #2143 ) ;
#5194 = PRESENTATION_STYLE_ASSIGNMENT (( #3522 ) ) ;
#5195 = DIRECTION ( 'NONE',  ( 0.000000000000000000, 0.000000000000000000, -1.000000000000000000 ) ) ;
#5196 = ORIENTED_EDGE ( 'NONE', *, *, #3443, .F. ) ;
#5197 = AXIS2_PLACEMENT_3D ( 'NONE', #4426, #3018, #781 ) ;
#5198 = DIRECTION ( 'NONE',  ( 0.000000000000000000, 0.000000000000000000, -1.000000000000000000 ) ) ;
#5199 = ORIENTED_EDGE ( 'NONE', *, *, #4428, .T. ) ;
#5200 = PRESENTATION_STYLE_ASSIGNMENT (( #209 ) ) ;
#5201 =( LENGTH_UNIT ( ) NAMED_UNIT ( * ) SI_UNIT ( .MILLI., .METRE. ) );
#5202 = MECHANICAL_DESIGN_GEOMETRIC_PRESENTATION_REPRESENTATION (  '', ( #2708 ), #2327 ) ;
#5203 = DIRECTION ( 'NONE',  ( 0.000000000000000000, 0.000000000000000000, -1.000000000000000000 ) ) ;
#5204 = ORIENTED_EDGE ( 'NONE', *, *, #5459, .T. ) ;
#5205 = PRESENTATION_LAYER_ASSIGNMENT (  '', '', ( #5498 ) ) ;
#5206 = EDGE_CURVE ( 'NONE', #3401, #2556, #2285, .T. ) ;
#5207 = AXIS2_PLACEMENT_3D ( 'NONE', #5027, #1006, #4010 ) ;
#5208 = DIRECTION ( 'NONE',  ( -1.000000000000000000, -0.000000000000000000, 0.000000000000000000 ) ) ;
#5209 = DIRECTION ( 'NONE',  ( -1.000000000000000000, 0.000000000000000000, 0.000000000000000000 ) ) ;
#5210 = DIRECTION ( 'NONE',  ( 1.000000000000000000, 0.000000000000000000, 0.000000000000000000 ) ) ;
#5211 = PRESENTATION_LAYER_ASSIGNMENT (  '', '', ( #2347 ) ) ;
#5212 =( NAMED_UNIT ( * ) SI_UNIT ( $, .STERADIAN. ) SOLID_ANGLE_UNIT ( ) );
#5213 = VECTOR ( 'NONE', #1651, 1000.000000000000000 ) ;
#5214 = LINE ( 'NONE', #1222, #2240 ) ;
#5215 = EDGE_CURVE ( 'NONE', #2964, #3800, #2453, .T. ) ;
#5216 = SURFACE_STYLE_FILL_AREA ( #4358 ) ;
#5217 = COLOUR_RGB ( '',0.8627450980392157298, 0.6274509803921568540, 0.05882352941176470507 ) ;
#5218 = FILL_AREA_STYLE_COLOUR ( '', #5612 ) ;
#5219 = ADVANCED_FACE ( 'NONE', ( #2501 ), #1161, .T. ) ;
#5220 = ORIENTED_EDGE ( 'NONE', *, *, #4988, .T. ) ;
#5221 = ORIENTED_EDGE ( 'NONE', *, *, #710, .T. ) ;
#5222 = LINE ( 'NONE', #2077, #5024 ) ;
#5223 = DIRECTION ( 'NONE',  ( -0.000000000000000000, -0.000000000000000000, 1.000000000000000000 ) ) ;
#5224 = DIRECTION ( 'NONE',  ( 0.000000000000000000, 0.000000000000000000, 1.000000000000000000 ) ) ;
#5225 =( GEOMETRIC_REPRESENTATION_CONTEXT ( 3 ) GLOBAL_UNCERTAINTY_ASSIGNED_CONTEXT ( ( #2215 ) ) GLOBAL_UNIT_ASSIGNED_CONTEXT ( ( #861, #3416, #3080 ) ) REPRESENTATION_CONTEXT ( 'NONE', 'WORKASPACE' ) );
#5226 = PLANE ( 'NONE',  #3817 ) ;
#5227 =( LENGTH_UNIT ( ) NAMED_UNIT ( * ) SI_UNIT ( .MILLI., .METRE. ) );
#5228 = LINE ( 'NONE', #1817, #4732 ) ;
#5229 = ORIENTED_EDGE ( 'NONE', *, *, #1767, .T. ) ;
#5230 = CARTESIAN_POINT ( 'NONE',  ( 0.9000000000000020206, -0.6499999999999994671, 0.5500000000000000444 ) ) ;
#5231 = CARTESIAN_POINT ( 'NONE',  ( 0.9000000000000019096, -0.8499999999999994227, 0.5500000000000000444 ) ) ;
#5232 = CIRCLE ( 'NONE', #559, 0.1000000000000001582 ) ;
#5233 = DIRECTION ( 'NONE',  ( -1.000000000000000000, 0.000000000000000000, 0.000000000000000000 ) ) ;
#5234 = ORIENTED_EDGE ( 'NONE', *, *, #2662, .F. ) ;
#5235 = UNCERTAINTY_MEASURE_WITH_UNIT (LENGTH_MEASURE( 1.000000000000000082E-05 ), #1910, 'distance_accuracy_value', 'NONE');
#5236 = COLOUR_RGB ( '',0.8039215686274510109, 0.8039215686274510109, 0.8039215686274510109 ) ;
#5237 = LINE ( 'NONE', #5318, #5676 ) ;
#5238 = SURFACE_SIDE_STYLE ('',( #3441 ) ) ;
#5239 = PRESENTATION_LAYER_ASSIGNMENT (  '', '', ( #3672 ) ) ;
#5240 = MECHANICAL_DESIGN_GEOMETRIC_PRESENTATION_REPRESENTATION (  '', ( #2649 ), #1711 ) ;
#5241 = CARTESIAN_POINT ( 'NONE',  ( -0.8999999999999980238, 0.8500000000000007550, 0.5500000000000000444 ) ) ;
#5242 = ADVANCED_FACE ( 'NONE', ( #2989 ), #2015, .F. ) ;
#5243 = CARTESIAN_POINT ( 'NONE',  ( 0.4749999999999998113, 0.3374999999999998557, -0.05000000000000002359 ) ) ;
#5244 = PRESENTATION_STYLE_ASSIGNMENT (( #3965 ) ) ;
#5245 = DIRECTION ( 'NONE',  ( -1.000000000000000000, -6.483163961332029401E-16, 0.000000000000000000 ) ) ;
#5246 = DIRECTION ( 'NONE',  ( 0.000000000000000000, 0.000000000000000000, -1.000000000000000000 ) ) ;
#5247 = FILL_AREA_STYLE ('',( #2610 ) ) ;
#5248 = VERTEX_POINT ( 'NONE', #5103 ) ;
#5249 = ADVANCED_FACE ( 'NONE', ( #2876 ), #2938, .F. ) ;
#5250 = ORIENTED_EDGE ( 'NONE', *, *, #2880, .F. ) ;
#5251 = DIRECTION ( 'NONE',  ( 0.000000000000000000, -0.000000000000000000, 1.000000000000000000 ) ) ;
#5252 = ADVANCED_FACE ( 'NONE', ( #5018 ), #5495, .F. ) ;
#5253 = CARTESIAN_POINT ( 'NONE',  ( -1.099999999999998090, 1.000000000000000666, 0.3499999999999999778 ) ) ;
#5254 = FILL_AREA_STYLE ('',( #1288 ) ) ;
#5255 = MECHANICAL_DESIGN_GEOMETRIC_PRESENTATION_REPRESENTATION (  '', ( #5336 ), #5438 ) ;
#5256 = SURFACE_STYLE_FILL_AREA ( #347 ) ;
#5257 = SURFACE_SIDE_STYLE ('',( #3923 ) ) ;
#5258 = FACE_OUTER_BOUND ( 'NONE', #2530, .T. ) ;
#5259 = EDGE_LOOP ( 'NONE', ( #4162, #4280, #4247, #3247 ) ) ;
#5260 = FILL_AREA_STYLE ('',( #266 ) ) ;
#5261 = CLOSED_SHELL ( 'NONE', ( #2084, #2115, #3523, #2048, #4517, #1265, #1088, #292, #4637, #5511, #3664, #5030, #5611, #5138, #3194, #3153, #5174, #1948, #4985, #5286, #484 ) ) ;
#5262 = PRESENTATION_STYLE_ASSIGNMENT (( #5679 ) ) ;
#5263 = SURFACE_SIDE_STYLE ('',( #1717 ) ) ;
#5264 = COLOUR_RGB ( '',0.8627450980392157298, 0.6274509803921568540, 0.05882352941176470507 ) ;
#5265 = PRESENTATION_LAYER_ASSIGNMENT (  '', '', ( #2583 ) ) ;
#5266 = ORIENTED_EDGE ( 'NONE', *, *, #674, .F. ) ;
#5267 = LINE ( 'NONE', #2187, #164 ) ;
#5268 = CIRCLE ( 'NONE', #2863, 0.1000000000000001582 ) ;
#5269 = MECHANICAL_DESIGN_GEOMETRIC_PRESENTATION_REPRESENTATION (  '', ( #2295 ), #4236 ) ;
#5270 = SURFACE_STYLE_USAGE ( .BOTH. , #3105 ) ;
#5271 = CARTESIAN_POINT ( 'NONE',  ( -1.149999999999998135, -0.6499999999999993561, 0.4000000000000000222 ) ) ;
#5272 = STYLED_ITEM ( 'NONE', ( #2263 ), #746 ) ;
#5273 = PRESENTATION_STYLE_ASSIGNMENT (( #1695 ) ) ;
#5274 = PRESENTATION_STYLE_ASSIGNMENT (( #3017 ) ) ;
#5275 = SURFACE_SIDE_STYLE ('',( #339 ) ) ;
#5276 = SURFACE_SIDE_STYLE ('',( #782 ) ) ;
#5277 = AXIS2_PLACEMENT_3D ( 'NONE', #2357, #1844, #3612 ) ;
#5278 =( NAMED_UNIT ( * ) PLANE_ANGLE_UNIT ( ) SI_UNIT ( $, .RADIAN. ) );
#5279 = ORIENTED_EDGE ( 'NONE', *, *, #2917, .F. ) ;
#5280 = ORIENTED_EDGE ( 'NONE', *, *, #4409, .F. ) ;
#5281 = PRESENTATION_STYLE_ASSIGNMENT (( #1638 ) ) ;
#5282 = FACE_OUTER_BOUND ( 'NONE', #5526, .T. ) ;
#5283 = EDGE_CURVE ( 'NONE', #1933, #731, #5529, .T. ) ;
#5284 = VECTOR ( 'NONE', #3126, 1000.000000000000000 ) ;
#5285 = VERTEX_POINT ( 'NONE', #2822 ) ;
#5286 = ADVANCED_FACE ( 'NONE', ( #3777 ), #5554, .F. ) ;
#5287 = AXIS2_PLACEMENT_3D ( 'NONE', #5454, #1455, #3251 ) ;
#5288 = CARTESIAN_POINT ( 'NONE',  ( -0.4749999999999997558, -0.6375000000000027311, -0.05000000000000002359 ) ) ;
#5289 =( NAMED_UNIT ( * ) PLANE_ANGLE_UNIT ( ) SI_UNIT ( $, .RADIAN. ) );
#5290 = SURFACE_STYLE_USAGE ( .BOTH. , #5737 ) ;
#5291 = STYLED_ITEM ( 'NONE', ( #1280 ), #2011 ) ;
#5292 = VERTEX_POINT ( 'NONE', #1199 ) ;
#5293 = UNCERTAINTY_MEASURE_WITH_UNIT (LENGTH_MEASURE( 1.000000000000000082E-05 ), #3750, 'distance_accuracy_value', 'NONE');
#5294 = AXIS2_PLACEMENT_3D ( 'NONE', #3442, #3362, #4302 ) ;
#5295 = FILL_AREA_STYLE ('',( #5687 ) ) ;
#5296 = MECHANICAL_DESIGN_GEOMETRIC_PRESENTATION_REPRESENTATION (  '', ( #4431 ), #1955 ) ;
#5297 = DIRECTION ( 'NONE',  ( -1.000000000000000000, 0.000000000000000000, -0.000000000000000000 ) ) ;
#5298 =( NAMED_UNIT ( * ) PLANE_ANGLE_UNIT ( ) SI_UNIT ( $, .RADIAN. ) );
#5299 =( GEOMETRIC_REPRESENTATION_CONTEXT ( 3 ) GLOBAL_UNCERTAINTY_ASSIGNED_CONTEXT ( ( #2977 ) ) GLOBAL_UNIT_ASSIGNED_CONTEXT ( ( #3641, #1907, #4950 ) ) REPRESENTATION_CONTEXT ( 'NONE', 'WORKASPACE' ) );
#5300 = VECTOR ( 'NONE', #2772, 1000.000000000000000 ) ;
#5301 = SURFACE_STYLE_FILL_AREA ( #3847 ) ;
#5302 =( NAMED_UNIT ( * ) PLANE_ANGLE_UNIT ( ) SI_UNIT ( $, .RADIAN. ) );
#5303 = VECTOR ( 'NONE', #987, 1000.000000000000000 ) ;
#5304 = FILL_AREA_STYLE ('',( #923 ) ) ;
#5305 = ORIENTED_EDGE ( 'NONE', *, *, #753, .F. ) ;
#5306 = ORIENTED_EDGE ( 'NONE', *, *, #2769, .T. ) ;
#5307 = VECTOR ( 'NONE', #4391, 1000.000000000000000 ) ;
#5308 = FACE_OUTER_BOUND ( 'NONE', #4258, .T. ) ;
#5309 = AXIS2_PLACEMENT_3D ( 'NONE', #5599, #3282, #596 ) ;
#5310 = EDGE_CURVE ( 'NONE', #1581, #1771, #374, .T. ) ;
#5311 = EDGE_LOOP ( 'NONE', ( #4562, #1336, #5677, #4663, #1373, #4471, #4921, #995, #40 ) ) ;
#5312 = CARTESIAN_POINT ( 'NONE',  ( 0.000000000000000000, -0.9999999999999993339, -0.05000000000000002359 ) ) ;
#5313 = EDGE_CURVE ( 'NONE', #3514, #133, #857, .T. ) ;
#5314 = ORIENTED_EDGE ( 'NONE', *, *, #3432, .F. ) ;
#5315 = ADVANCED_FACE ( 'NONE', ( #2997 ), #757, .T. ) ;
#5316 = CARTESIAN_POINT ( 'NONE',  ( 3.345501787246905322E-16, 0.8939339828220190798, -0.05000000000000002359 ) ) ;
#5317 = COLOUR_RGB ( '',0.2862745098039215508, 0.2862745098039215508, 0.2862745098039215508 ) ;
#5318 = CARTESIAN_POINT ( 'NONE',  ( 0.9000000000000019096, 0.7900000000000008127, 0.6000000000000000888 ) ) ;
#5319 =( LENGTH_UNIT ( ) NAMED_UNIT ( * ) SI_UNIT ( .MILLI., .METRE. ) );
#5320 = CARTESIAN_POINT ( 'NONE',  ( -0.4749999999999999223, 0.8939339828220188577, -0.05000000000000002359 ) ) ;
#5321 =( NAMED_UNIT ( * ) PLANE_ANGLE_UNIT ( ) SI_UNIT ( $, .RADIAN. ) );
#5322 =( NAMED_UNIT ( * ) SI_UNIT ( $, .STERADIAN. ) SOLID_ANGLE_UNIT ( ) );
#5323 = FILL_AREA_STYLE_COLOUR ( '', #3199 ) ;
#5324 = VECTOR ( 'NONE', #4739, 1000.000000000000000 ) ;
#5325 = VERTEX_POINT ( 'NONE', #844 ) ;
#5326 = STYLED_ITEM ( 'NONE', ( #5109 ), #5286 ) ;
#5327 = ORIENTED_EDGE ( 'NONE', *, *, #1389, .F. ) ;
#5328 = FACE_OUTER_BOUND ( 'NONE', #73, .T. ) ;
#5329 = CARTESIAN_POINT ( 'NONE',  ( -1.250000000000002220, -1.000000000000000222, -0.05000000000000002359 ) ) ;
#5330 = PRESENTATION_STYLE_ASSIGNMENT (( #1874 ) ) ;
#5331 = MECHANICAL_DESIGN_GEOMETRIC_PRESENTATION_REPRESENTATION (  '', ( #957 ), #3769 ) ;
#5332 = DIRECTION ( 'NONE',  ( -0.000000000000000000, -0.000000000000000000, 1.000000000000000000 ) ) ;
#5333 = ORIENTED_EDGE ( 'NONE', *, *, #2986, .F. ) ;
#5334 = FILL_AREA_STYLE ('',( #514 ) ) ;
#5335 = SURFACE_SIDE_STYLE ('',( #4501 ) ) ;
#5336 = STYLED_ITEM ( 'NONE', ( #3193 ), #5174 ) ;
#5337 = MANIFOLD_SOLID_BREP ( 'Chamfer1', #5545 ) ;
#5338 =( NAMED_UNIT ( * ) SI_UNIT ( $, .STERADIAN. ) SOLID_ANGLE_UNIT ( ) );
#5339 = VERTEX_POINT ( 'NONE', #424 ) ;
#5340 = VECTOR ( 'NONE', #2956, 1000.000000000000000 ) ;
#5341 = VERTEX_POINT ( 'NONE', #1420 ) ;
#5342 = SURFACE_SIDE_STYLE ('',( #4032 ) ) ;
#5343 = PRESENTATION_STYLE_ASSIGNMENT (( #497 ) ) ;
#5344 = EDGE_CURVE ( 'NONE', #2280, #4044, #725, .T. ) ;
#5345 = DIRECTION ( 'NONE',  ( 0.000000000000000000, -1.000000000000000000, -0.000000000000000000 ) ) ;
#5346 = STYLED_ITEM ( 'NONE', ( #5528 ), #5540 ) ;
#5347 = AXIS2_PLACEMENT_3D ( 'NONE', #3985, #4485, #3181 ) ;
#5348 = EDGE_CURVE ( 'NONE', #3033, #1933, #3974, .T. ) ;
#5349 = LINE ( 'NONE', #2746, #4231 ) ;
#5350 = UNCERTAINTY_MEASURE_WITH_UNIT (LENGTH_MEASURE( 1.000000000000000082E-05 ), #3528, 'distance_accuracy_value', 'NONE');
#5351 =( LENGTH_UNIT ( ) NAMED_UNIT ( * ) SI_UNIT ( .MILLI., .METRE. ) );
#5352 = DIRECTION ( 'NONE',  ( -1.000000000000000000, 0.000000000000000000, 0.000000000000000000 ) ) ;
#5353 = CYLINDRICAL_SURFACE ( 'NONE', #5579, 0.1000000000000001582 ) ;
#5354 = SURFACE_STYLE_FILL_AREA ( #1417 ) ;
#5355 = VERTEX_POINT ( 'NONE', #452 ) ;
#5356 = AXIS2_PLACEMENT_3D ( 'NONE', #866, #2313, #926 ) ;
#5357 = AXIS2_PLACEMENT_3D ( 'NONE', #83, #1880, #1430 ) ;
#5358 = ORIENTED_EDGE ( 'NONE', *, *, #3698, .F. ) ;
#5359 = FACE_OUTER_BOUND ( 'NONE', #3781, .T. ) ;
#5360 =( NAMED_UNIT ( * ) SI_UNIT ( $, .STERADIAN. ) SOLID_ANGLE_UNIT ( ) );
#5361 = DIRECTION ( 'NONE',  ( 0.000000000000000000, 1.000000000000000000, 0.000000000000000000 ) ) ;
#5362 = VECTOR ( 'NONE', #956, 1000.000000000000000 ) ;
#5363 = PRESENTATION_STYLE_ASSIGNMENT (( #2785 ) ) ;
#5364 = LINE ( 'NONE', #4470, #2116 ) ;
#5365 = AXIS2_PLACEMENT_3D ( 'NONE', #4040, #3658, #3989 ) ;
#5366 = ORIENTED_EDGE ( 'NONE', *, *, #4843, .F. ) ;
#5367 = SURFACE_SIDE_STYLE ('',( #3120 ) ) ;
#5368 = DIRECTION ( 'NONE',  ( 0.000000000000000000, 0.000000000000000000, -1.000000000000000000 ) ) ;
#5369 = VECTOR ( 'NONE', #5447, 1000.000000000000000 ) ;
#5370 = DIRECTION ( 'NONE',  ( 1.000000000000000000, -2.938743035250680914E-16, 0.000000000000000000 ) ) ;
#5371 = ORIENTED_EDGE ( 'NONE', *, *, #5067, .T. ) ;
#5372 = STYLED_ITEM ( 'NONE', ( #898 ), #1692 ) ;
#5373 = ORIENTED_EDGE ( 'NONE', *, *, #1189, .T. ) ;
#5374 = CARTESIAN_POINT ( 'NONE',  ( -0.8899999999999983480, -0.5399999999999998135, 0.6500000000000001332 ) ) ;
#5375 = LINE ( 'NONE', #3210, #3261 ) ;
#5376 = STYLED_ITEM ( 'NONE', ( #2776 ), #2084 ) ;
#5377 = MANIFOLD_SOLID_BREP ( 'Cut-Extrude3', #5261 ) ;
#5378 = CARTESIAN_POINT ( 'NONE',  ( 0.000000000000000000, 0.3374999999999998557, -0.05000000000000002359 ) ) ;
#5379 = EDGE_CURVE ( 'NONE', #661, #2109, #990, .T. ) ;
#5380 = LINE ( 'NONE', #1777, #367 ) ;
#5381 = MECHANICAL_DESIGN_GEOMETRIC_PRESENTATION_REPRESENTATION (  '', ( #2138 ), #910 ) ;
#5382 = CARTESIAN_POINT ( 'NONE',  ( -0.4749999999999997558, -0.6375000000000006217, -0.05000000000000002359 ) ) ;
#5383 = CARTESIAN_POINT ( 'NONE',  ( -1.027500000000001412, 1.000000000000000666, -0.05000000000000002359 ) ) ;
#5384 = COLOUR_RGB ( '',0.2862745098039215508, 0.2862745098039215508, 0.2862745098039215508 ) ;
#5385 = ORIENTED_EDGE ( 'NONE', *, *, #4438, .T. ) ;
#5386 = MECHANICAL_DESIGN_GEOMETRIC_PRESENTATION_REPRESENTATION (  '', ( #1484 ), #4266 ) ;
#5387 = EDGE_CURVE ( 'NONE', #4895, #5325, #1786, .T. ) ;
#5388 = ORIENTED_EDGE ( 'NONE', *, *, #388, .T. ) ;
#5389 = DIRECTION ( 'NONE',  ( 4.644179531951731562E-16, 1.000000000000000000, 0.000000000000000000 ) ) ;
#5390 = DIRECTION ( 'NONE',  ( -0.000000000000000000, -0.000000000000000000, -1.000000000000000000 ) ) ;
#5391 = EDGE_CURVE ( 'NONE', #2973, #1647, #4888, .T. ) ;
#5392 = CARTESIAN_POINT ( 'NONE',  ( -1.143933982822019413, 0.3374999999999998557, -0.3499999999999999778 ) ) ;
#5393 =( GEOMETRIC_REPRESENTATION_CONTEXT ( 3 ) GLOBAL_UNCERTAINTY_ASSIGNED_CONTEXT ( ( #3630 ) ) GLOBAL_UNIT_ASSIGNED_CONTEXT ( ( #4806, #3892, #2647 ) ) REPRESENTATION_CONTEXT ( 'NONE', 'WORKASPACE' ) );
#5394 = CARTESIAN_POINT ( 'NONE',  ( 0.4749999999999999223, 0.8939339828220188577, -0.05000000000000002359 ) ) ;
#5395 = STYLED_ITEM ( 'NONE', ( #4528 ), #3756 ) ;
#5396 = VECTOR ( 'NONE', #5623, 1000.000000000000000 ) ;
#5397 = ORIENTED_EDGE ( 'NONE', *, *, #3301, .F. ) ;
#5398 = PRESENTATION_STYLE_ASSIGNMENT (( #1764 ) ) ;
#5399 = FACE_OUTER_BOUND ( 'NONE', #4225, .T. ) ;
#5400 = SURFACE_STYLE_FILL_AREA ( #1462 ) ;
#5401 = CARTESIAN_POINT ( 'NONE',  ( -1.099999999999998090, -0.8999999999999994671, 0.4000000000000000222 ) ) ;
#5402 = LINE ( 'NONE', #4447, #2112 ) ;
#5403 = PRESENTATION_STYLE_ASSIGNMENT (( #2628 ) ) ;
#5404 = ORIENTED_EDGE ( 'NONE', *, *, #674, .T. ) ;
#5405 = EDGE_LOOP ( 'NONE', ( #3620, #4790, #1135, #1069 ) ) ;
#5406 = UNCERTAINTY_MEASURE_WITH_UNIT (LENGTH_MEASURE( 1.000000000000000082E-05 ), #3689, 'distance_accuracy_value', 'NONE');
#5407 = CARTESIAN_POINT ( 'NONE',  ( 1.054407950059315313, 0.8939339828220186357, -0.05000000000000002359 ) ) ;
#5408 = CARTESIAN_POINT ( 'NONE',  ( -1.143933982822019413, 0.000000000000000000, -0.05000000000000002359 ) ) ;
#5409 = CARTESIAN_POINT ( 'NONE',  ( -0.8999999999999980238, 0.6500000000000006883, 0.6000000000000000888 ) ) ;
#5410 = DIRECTION ( 'NONE',  ( 0.000000000000000000, 0.000000000000000000, -1.000000000000000000 ) ) ;
#5411 =( NAMED_UNIT ( * ) SI_UNIT ( $, .STERADIAN. ) SOLID_ANGLE_UNIT ( ) );
#5412 = CYLINDRICAL_SURFACE ( 'NONE', #5347, 0.2225000000000002531 ) ;
#5413 = UNCERTAINTY_MEASURE_WITH_UNIT (LENGTH_MEASURE( 1.000000000000000082E-05 ), #2751, 'distance_accuracy_value', 'NONE');
#5414 =( GEOMETRIC_REPRESENTATION_CONTEXT ( 3 ) GLOBAL_UNCERTAINTY_ASSIGNED_CONTEXT ( ( #494 ) ) GLOBAL_UNIT_ASSIGNED_CONTEXT ( ( #587, #2950, #2468 ) ) REPRESENTATION_CONTEXT ( 'NONE', 'WORKASPACE' ) );
#5415 = FILL_AREA_STYLE ('',( #4068 ) ) ;
#5416 = CARTESIAN_POINT ( 'NONE',  ( 1.250000000000001998, 1.000000000000000666, -0.05000000000000002359 ) ) ;
#5417 = LINE ( 'NONE', #2247, #3580 ) ;
#5418 = EDGE_CURVE ( 'NONE', #4105, #4899, #632, .T. ) ;
#5419 =( NAMED_UNIT ( * ) PLANE_ANGLE_UNIT ( ) SI_UNIT ( $, .RADIAN. ) );
#5420 = MECHANICAL_DESIGN_GEOMETRIC_PRESENTATION_REPRESENTATION (  '', ( #5707 ), #2264 ) ;
#5421 = ORIENTED_EDGE ( 'NONE', *, *, #1042, .T. ) ;
#5422 = LINE ( 'NONE', #1812, #5303 ) ;
#5423 = EDGE_LOOP ( 'NONE', ( #2172, #2352 ) ) ;
#5424 = FILL_AREA_STYLE_COLOUR ( '', #2057 ) ;
#5425 = PRESENTATION_LAYER_ASSIGNMENT (  '', '', ( #4020 ) ) ;
#5426 = SURFACE_SIDE_STYLE ('',( #4975 ) ) ;
#5427 = FACE_OUTER_BOUND ( 'NONE', #1669, .T. ) ;
#5428 = EDGE_CURVE ( 'NONE', #2556, #2612, #1962, .T. ) ;
#5429 = DIRECTION ( 'NONE',  ( 1.000000000000000000, 0.000000000000000000, -0.000000000000000000 ) ) ;
#5430 = COLOUR_RGB ( '',0.8039215686274510109, 0.8039215686274510109, 0.8039215686274510109 ) ;
#5431 = EDGE_CURVE ( 'NONE', #5734, #4782, #5453, .T. ) ;
#5432 =( GEOMETRIC_REPRESENTATION_CONTEXT ( 3 ) GLOBAL_UNCERTAINTY_ASSIGNED_CONTEXT ( ( #552 ) ) GLOBAL_UNIT_ASSIGNED_CONTEXT ( ( #5580, #1583, #235 ) ) REPRESENTATION_CONTEXT ( 'NONE', 'WORKASPACE' ) );
#5433 = ORIENTED_EDGE ( 'NONE', *, *, #1118, .F. ) ;
#5434 = DIRECTION ( 'NONE',  ( 0.000000000000000000, -1.000000000000000000, 0.000000000000000000 ) ) ;
#5435 = CYLINDRICAL_SURFACE ( 'NONE', #673, 0.05000000000000002359 ) ;
#5436 = FILL_AREA_STYLE ('',( #1912 ) ) ;
#5437 = ORIENTED_EDGE ( 'NONE', *, *, #459, .F. ) ;
#5438 =( GEOMETRIC_REPRESENTATION_CONTEXT ( 3 ) GLOBAL_UNCERTAINTY_ASSIGNED_CONTEXT ( ( #5406 ) ) GLOBAL_UNIT_ASSIGNED_CONTEXT ( ( #3689, #1456, #928 ) ) REPRESENTATION_CONTEXT ( 'NONE', 'WORKASPACE' ) );
#5439 = ORIENTED_EDGE ( 'NONE', *, *, #3377, .T. ) ;
#5440 = SURFACE_STYLE_USAGE ( .BOTH. , #5342 ) ;
#5441 = SURFACE_SIDE_STYLE ('',( #2333 ) ) ;
#5442 = PRESENTATION_STYLE_ASSIGNMENT (( #2272 ) ) ;
#5443 = SURFACE_SIDE_STYLE ('',( #92 ) ) ;
#5444 = SURFACE_SIDE_STYLE ('',( #5032 ) ) ;
#5445 =( LENGTH_UNIT ( ) NAMED_UNIT ( * ) SI_UNIT ( .MILLI., .METRE. ) );
#5446 = AXIS2_PLACEMENT_3D ( 'NONE', #118, #5536, #1010 ) ;
#5447 = DIRECTION ( 'NONE',  ( -0.000000000000000000, -0.000000000000000000, 1.000000000000000000 ) ) ;
#5448 = ORIENTED_EDGE ( 'NONE', *, *, #3631, .F. ) ;
#5449 = AXIS2_PLACEMENT_3D ( 'NONE', #2208, #4499, #1793 ) ;
#5450 = EDGE_LOOP ( 'NONE', ( #2604, #3000, #5485, #595 ) ) ;
#5451 =( NAMED_UNIT ( * ) PLANE_ANGLE_UNIT ( ) SI_UNIT ( $, .RADIAN. ) );
#5452 = FILL_AREA_STYLE ('',( #5424 ) ) ;
#5453 = LINE ( 'NONE', #5521, #2761 ) ;
#5454 = CARTESIAN_POINT ( 'NONE',  ( 1.250000000000001998, 1.000000000000000666, -0.3499999999999999778 ) ) ;
#5455 = AXIS2_PLACEMENT_3D ( 'NONE', #723, #4465, #4433 ) ;
#5456 = CIRCLE ( 'NONE', #3519, 0.05000000000000002359 ) ;
#5457 = CARTESIAN_POINT ( 'NONE',  ( -0.8999999999999980238, 0.8500000000000007550, 0.4000000000000000222 ) ) ;
#5458 = ORIENTED_EDGE ( 'NONE', *, *, #4282, .F. ) ;
#5459 = EDGE_CURVE ( 'NONE', #2197, #4044, #5008, .T. ) ;
#5460 =( LENGTH_UNIT ( ) NAMED_UNIT ( * ) SI_UNIT ( .MILLI., .METRE. ) );
#5461 = MECHANICAL_DESIGN_GEOMETRIC_PRESENTATION_REPRESENTATION (  '', ( #4404 ), #600 ) ;
#5462 = FILL_AREA_STYLE ('',( #1878 ) ) ;
#5463 = EDGE_CURVE ( 'NONE', #1257, #2379, #2012, .T. ) ;
#5464 = FILL_AREA_STYLE_COLOUR ( '', #2339 ) ;
#5465 = DIRECTION ( 'NONE',  ( 0.000000000000000000, 0.000000000000000000, 1.000000000000000000 ) ) ;
#5466 = VECTOR ( 'NONE', #76, 1000.000000000000000 ) ;
#5467 = ORIENTED_EDGE ( 'NONE', *, *, #4375, .F. ) ;
#5468 = ADVANCED_FACE ( 'NONE', ( #664 ), #2385, .F. ) ;
#5469 = ORIENTED_EDGE ( 'NONE', *, *, #1178, .T. ) ;
#5470 = UNCERTAINTY_MEASURE_WITH_UNIT (LENGTH_MEASURE( 1.000000000000000082E-05 ), #2227, 'distance_accuracy_value', 'NONE');
#5471 = PRESENTATION_LAYER_ASSIGNMENT (  '', '', ( #3623 ) ) ;
#5472 = FILL_AREA_STYLE_COLOUR ( '', #2144 ) ;
#5473 = DIRECTION ( 'NONE',  ( 0.000000000000000000, 0.000000000000000000, -1.000000000000000000 ) ) ;
#5474 = MANIFOLD_SOLID_BREP ( 'Boss-Extrude4[3]', #969 ) ;
#5475 = PLANE ( 'NONE',  #875 ) ;
#5476 = PRESENTATION_LAYER_ASSIGNMENT (  '', '', ( #999 ) ) ;
#5477 = DIRECTION ( 'NONE',  ( 0.000000000000000000, 0.000000000000000000, -1.000000000000000000 ) ) ;
#5478 = DIRECTION ( 'NONE',  ( 4.644179531951731562E-16, 1.000000000000000000, 0.000000000000000000 ) ) ;
#5479 = UNCERTAINTY_MEASURE_WITH_UNIT (LENGTH_MEASURE( 1.000000000000000082E-05 ), #5700, 'distance_accuracy_value', 'NONE');
#5480 = SURFACE_STYLE_FILL_AREA ( #2375 ) ;
#5481 = DIRECTION ( 'NONE',  ( 0.000000000000000000, 0.000000000000000000, -1.000000000000000000 ) ) ;
#5482 = SURFACE_STYLE_FILL_AREA ( #4126 ) ;
#5483 = MECHANICAL_DESIGN_GEOMETRIC_PRESENTATION_REPRESENTATION (  '', ( #5372 ), #5666 ) ;
#5484 = DIRECTION ( 'NONE',  ( -0.000000000000000000, -0.000000000000000000, -1.000000000000000000 ) ) ;
#5485 = ORIENTED_EDGE ( 'NONE', *, *, #4746, .F. ) ;
#5486 = VECTOR ( 'NONE', #4222, 1000.000000000000000 ) ;
#5487 = EDGE_LOOP ( 'NONE', ( #3136, #4662, #485, #3421 ) ) ;
#5488 = LINE ( 'NONE', #1488, #91 ) ;
#5489 = PRESENTATION_LAYER_ASSIGNMENT (  '', '', ( #1292 ) ) ;
#5490 = ORIENTED_EDGE ( 'NONE', *, *, #2885, .F. ) ;
#5491 = ORIENTED_EDGE ( 'NONE', *, *, #525, .T. ) ;
#5492 = MECHANICAL_DESIGN_GEOMETRIC_PRESENTATION_REPRESENTATION (  '', ( #2620 ), #2991 ) ;
#5493 = CIRCLE ( 'NONE', #1208, 0.2225000000000002531 ) ;
#5494 =( NAMED_UNIT ( * ) SI_UNIT ( $, .STERADIAN. ) SOLID_ANGLE_UNIT ( ) );
#5495 = PLANE ( 'NONE',  #3299 ) ;
#5496 = DIRECTION ( 'NONE',  ( 1.000000000000000000, 0.000000000000000000, 0.000000000000000000 ) ) ;
#5497 = FILL_AREA_STYLE ('',( #5166 ) ) ;
#5498 = STYLED_ITEM ( 'NONE', ( #915 ), #3378 ) ;
#5499 = EDGE_CURVE ( 'NONE', #1559, #3671, #1076, .T. ) ;
#5500 = PRESENTATION_LAYER_ASSIGNMENT (  '', '', ( #2715 ) ) ;
#5501 = ORIENTED_EDGE ( 'NONE', *, *, #3970, .T. ) ;
#5502 = ORIENTED_EDGE ( 'NONE', *, *, #2664, .F. ) ;
#5503 = PRESENTATION_LAYER_ASSIGNMENT (  '', '', ( #5395 ) ) ;
#5504 = CARTESIAN_POINT ( 'NONE',  ( 1.027500000000001856, 1.000000000000000666, -0.05000000000000002359 ) ) ;
#5505 = DIRECTION ( 'NONE',  ( -1.000000000000000000, 3.898255002195067469E-15, 0.000000000000000000 ) ) ;
#5506 = LINE ( 'NONE', #3294, #2802 ) ;
#5507 = DIRECTION ( 'NONE',  ( -0.000000000000000000, -0.000000000000000000, 1.000000000000000000 ) ) ;
#5508 = EDGE_CURVE ( 'NONE', #5649, #71, #3780, .T. ) ;
#5509 = MECHANICAL_DESIGN_GEOMETRIC_PRESENTATION_REPRESENTATION (  '', ( #82 ), #4006 ) ;
#5510 = CARTESIAN_POINT ( 'NONE',  ( 1.250000000000001998, 1.000000000000000666, -0.05000000000000002359 ) ) ;
#5511 = ADVANCED_FACE ( 'NONE', ( #4082 ), #3667, .T. ) ;
#5512 = FACE_OUTER_BOUND ( 'NONE', #5405, .T. ) ;
#5513 = AXIS2_PLACEMENT_3D ( 'NONE', #3563, #1854, #4009 ) ;
#5514 = PRESENTATION_STYLE_ASSIGNMENT (( #3791 ) ) ;
#5515 = SURFACE_SIDE_STYLE ('',( #3736 ) ) ;
#5516 = DIRECTION ( 'NONE',  ( 0.000000000000000000, 0.000000000000000000, -1.000000000000000000 ) ) ;
#5517 = ORIENTED_EDGE ( 'NONE', *, *, #5499, .F. ) ;
#5518 =( GEOMETRIC_REPRESENTATION_CONTEXT ( 3 ) GLOBAL_UNCERTAINTY_ASSIGNED_CONTEXT ( ( #93 ) ) GLOBAL_UNIT_ASSIGNED_CONTEXT ( ( #4259, #352, #2571 ) ) REPRESENTATION_CONTEXT ( 'NONE', 'WORKASPACE' ) );
#5519 = ORIENTED_EDGE ( 'NONE', *, *, #2833, .F. ) ;
#5520 = LINE ( 'NONE', #2415, #1393 ) ;
#5521 = CARTESIAN_POINT ( 'NONE',  ( -0.4749999999999997558, -0.6375000000000027311, -0.3499999999999999778 ) ) ;
#5522 = CARTESIAN_POINT ( 'NONE',  ( 1.100000000000002087, -0.8499999999999994227, 0.5500000000000000444 ) ) ;
#5523 = FILL_AREA_STYLE_COLOUR ( '', #1326 ) ;
#5524 = COLOUR_RGB ( '',0.2862745098039215508, 0.2862745098039215508, 0.2862745098039215508 ) ;
#5525 = DIRECTION ( 'NONE',  ( -1.000000000000000000, 0.000000000000000000, 0.000000000000000000 ) ) ;
#5526 = EDGE_LOOP ( 'NONE', ( #924, #2856, #2459, #730 ) ) ;
#5527 = ORIENTED_EDGE ( 'NONE', *, *, #1976, .T. ) ;
#5528 = PRESENTATION_STYLE_ASSIGNMENT (( #3748 ) ) ;
#5529 = CIRCLE ( 'NONE', #3484, 0.1999999999999999833 ) ;
#5530 = DIRECTION ( 'NONE',  ( -1.000000000000000000, 0.000000000000000000, -0.000000000000000000 ) ) ;
#5531 = VERTEX_POINT ( 'NONE', #458 ) ;
#5532 = ORIENTED_EDGE ( 'NONE', *, *, #5070, .T. ) ;
#5533 = CARTESIAN_POINT ( 'NONE',  ( 3.345501787246905815E-16, -0.8939339828220193018, -0.3499999999999999778 ) ) ;
#5534 = FACE_OUTER_BOUND ( 'NONE', #5763, .T. ) ;
#5535 = VECTOR ( 'NONE', #790, 1000.000000000000000 ) ;
#5536 = DIRECTION ( 'NONE',  ( -0.000000000000000000, -1.000000000000000000, -0.000000000000000000 ) ) ;
#5537 = UNCERTAINTY_MEASURE_WITH_UNIT (LENGTH_MEASURE( 1.000000000000000082E-05 ), #4800, 'distance_accuracy_value', 'NONE');
#5538 = ADVANCED_FACE ( 'NONE', ( #4862 ), #3225, .F. ) ;
#5539 = CARTESIAN_POINT ( 'NONE',  ( -0.7899999999999981481, -0.5399999999999998135, 0.6400000000000000133 ) ) ;
#5540 = ADVANCED_FACE ( 'NONE', ( #1028 ), #1114, .F. ) ;
#5541 = CARTESIAN_POINT ( 'NONE',  ( -0.8999999999999980238, 0.7400000000000007683, 0.6500000000000001332 ) ) ;
#5542 = EDGE_LOOP ( 'NONE', ( #1965, #550, #1704, #2724 ) ) ;
#5543 = ORIENTED_EDGE ( 'NONE', *, *, #4028, .T. ) ;
#5544 = ADVANCED_FACE ( 'NONE', ( #1552 ), #669, .T. ) ;
#5545 = CLOSED_SHELL ( 'NONE', ( #3833, #5538, #2809, #1692, #4584, #4592, #4135, #568, #4586, #2011, #3824, #3374 ) ) ;
#5546 = PLANE ( 'NONE',  #555 ) ;
#5547 = FILL_AREA_STYLE_COLOUR ( '', #3807 ) ;
#5548 = CARTESIAN_POINT ( 'NONE',  ( 9.918257743971033971E-17, 0.3374999999999995226, -0.05000000000000002359 ) ) ;
#5549 = DIRECTION ( 'NONE',  ( -0.000000000000000000, -0.000000000000000000, -1.000000000000000000 ) ) ;
#5550 = VERTEX_POINT ( 'NONE', #4365 ) ;
#5551 = STYLED_ITEM ( 'NONE', ( #4023 ), #5474 ) ;
#5552 = ORIENTED_EDGE ( 'NONE', *, *, #3332, .T. ) ;
#5553 = CARTESIAN_POINT ( 'NONE',  ( 1.143933982822019413, 0.000000000000000000, -0.05000000000000002359 ) ) ;
#5554 = CYLINDRICAL_SURFACE ( 'NONE', #4212, 0.1000000000000001582 ) ;
#5555 = MECHANICAL_DESIGN_GEOMETRIC_PRESENTATION_REPRESENTATION (  '', ( #4326 ), #3876 ) ;
#5556 = ORIENTED_EDGE ( 'NONE', *, *, #3862, .T. ) ;
#5557 = VERTEX_POINT ( 'NONE', #2557 ) ;
#5558 = DIRECTION ( 'NONE',  ( 0.000000000000000000, 0.000000000000000000, -1.000000000000000000 ) ) ;
#5559 = AXIS2_PLACEMENT_3D ( 'NONE', #3582, #16, #2729 ) ;
#5560 =( LENGTH_UNIT ( ) NAMED_UNIT ( * ) SI_UNIT ( .MILLI., .METRE. ) );
#5561 = MECHANICAL_DESIGN_GEOMETRIC_PRESENTATION_REPRESENTATION (  '', ( #2309 ), #2779 ) ;
#5562 = DIRECTION ( 'NONE',  ( 0.000000000000000000, 0.000000000000000000, -1.000000000000000000 ) ) ;
#5563 = CARTESIAN_POINT ( 'NONE',  ( -1.089999999999998082, -0.6499999999999991340, 0.6000000000000000888 ) ) ;
#5564 = COLOUR_RGB ( '',0.2862745098039215508, 0.2862745098039215508, 0.2862745098039215508 ) ;
#5565 = EDGE_CURVE ( 'NONE', #816, #831, #3055, .T. ) ;
#5566 = FILL_AREA_STYLE_COLOUR ( '', #4094 ) ;
#5567 = CIRCLE ( 'NONE', #716, 0.2225000000000002531 ) ;
#5568 = DIRECTION ( 'NONE',  ( 0.000000000000000000, 1.000000000000000000, 0.000000000000000000 ) ) ;
#5569 = DIRECTION ( 'NONE',  ( 1.000000000000000000, 0.000000000000000000, 0.000000000000000000 ) ) ;
#5570 = ORIENTED_EDGE ( 'NONE', *, *, #2946, .F. ) ;
#5571 = EDGE_CURVE ( 'NONE', #4029, #2312, #697, .T. ) ;
#5572 = AXIS2_PLACEMENT_3D ( 'NONE', #1602, #4246, #3882 ) ;
#5573 = DIRECTION ( 'NONE',  ( 0.000000000000000000, 0.000000000000000000, 1.000000000000000000 ) ) ;
#5574 = VERTEX_POINT ( 'NONE', #5188 ) ;
#5575 =( NAMED_UNIT ( * ) PLANE_ANGLE_UNIT ( ) SI_UNIT ( $, .RADIAN. ) );
#5576 = EDGE_CURVE ( 'NONE', #312, #1528, #1637, .T. ) ;
#5577 = SURFACE_STYLE_USAGE ( .BOTH. , #3803 ) ;
#5578 = AXIS2_PLACEMENT_3D ( 'NONE', #1187, #3329, #5210 ) ;
#5579 = AXIS2_PLACEMENT_3D ( 'NONE', #5539, #273, #1154 ) ;
#5580 =( LENGTH_UNIT ( ) NAMED_UNIT ( * ) SI_UNIT ( .MILLI., .METRE. ) );
#5581 = AXIS2_PLACEMENT_3D ( 'NONE', #3118, #4394, #379 ) ;
#5582 = MECHANICAL_DESIGN_GEOMETRIC_PRESENTATION_REPRESENTATION (  '', ( #914 ), #4919 ) ;
#5583 = ORIENTED_EDGE ( 'NONE', *, *, #2390, .F. ) ;
#5584 = EDGE_LOOP ( 'NONE', ( #3666, #18, #2251, #4166 ) ) ;
#5585 =( LENGTH_UNIT ( ) NAMED_UNIT ( * ) SI_UNIT ( .MILLI., .METRE. ) );
#5586 = STYLED_ITEM ( 'NONE', ( #859 ), #3388 ) ;
#5587 =( NAMED_UNIT ( * ) PLANE_ANGLE_UNIT ( ) SI_UNIT ( $, .RADIAN. ) );
#5588 = MECHANICAL_DESIGN_GEOMETRIC_PRESENTATION_REPRESENTATION (  '', ( #2054 ), #2532 ) ;
#5589 = CARTESIAN_POINT ( 'NONE',  ( 1.250000000000001998, -0.9999999999999993339, 0.3499999999999999778 ) ) ;
#5590 = MECHANICAL_DESIGN_GEOMETRIC_PRESENTATION_REPRESENTATION (  '', ( #2347 ), #5692 ) ;
#5591 =( GEOMETRIC_REPRESENTATION_CONTEXT ( 3 ) GLOBAL_UNCERTAINTY_ASSIGNED_CONTEXT ( ( #5126 ) ) GLOBAL_UNIT_ASSIGNED_CONTEXT ( ( #4653, #659, #1568 ) ) REPRESENTATION_CONTEXT ( 'NONE', 'WORKASPACE' ) );
#5592 = UNCERTAINTY_MEASURE_WITH_UNIT (LENGTH_MEASURE( 1.000000000000000082E-05 ), #3094, 'distance_accuracy_value', 'NONE');
#5593 = DIRECTION ( 'NONE',  ( -5.981805089575315315E-15, 1.000000000000000000, 0.000000000000000000 ) ) ;
#5594 = SURFACE_STYLE_FILL_AREA ( #3385 ) ;
#5595 = CARTESIAN_POINT ( 'NONE',  ( -0.8999999999999981348, 0.6500000000000006883, 0.4000000000000000222 ) ) ;
#5596 = PRESENTATION_LAYER_ASSIGNMENT (  '', '', ( #82 ) ) ;
#5597 = DIRECTION ( 'NONE',  ( 0.000000000000000000, 0.000000000000000000, -1.000000000000000000 ) ) ;
#5598 = STYLED_ITEM ( 'NONE', ( #4761 ), #4135 ) ;
#5599 = CARTESIAN_POINT ( 'NONE',  ( 0.000000000000000000, 0.000000000000000000, -0.3499999999999999778 ) ) ;
#5600 = PRESENTATION_STYLE_ASSIGNMENT (( #3338 ) ) ;
#5601 = DIRECTION ( 'NONE',  ( 0.000000000000000000, 0.000000000000000000, -1.000000000000000000 ) ) ;
#5602 = PRESENTATION_LAYER_ASSIGNMENT (  '', '', ( #1975 ) ) ;
#5603 = EDGE_LOOP ( 'NONE', ( #5266, #5665, #2794, #5583, #5087, #2026, #5458, #5186, #5023, #4 ) ) ;
#5604 = ORIENTED_EDGE ( 'NONE', *, *, #2599, .T. ) ;
#5605 = PLANE ( 'NONE',  #5647 ) ;
#5606 = CARTESIAN_POINT ( 'NONE',  ( -1.250000000000001998, 1.000000000000000666, -0.05000000000000002359 ) ) ;
#5607 =( NAMED_UNIT ( * ) PLANE_ANGLE_UNIT ( ) SI_UNIT ( $, .RADIAN. ) );
#5608 = ADVANCED_FACE ( 'NONE', ( #5160 ), #5605, .F. ) ;
#5609 = CARTESIAN_POINT ( 'NONE',  ( 1.250000000000001998, 1.000000000000000666, -0.05000000000000002359 ) ) ;
#5610 = CARTESIAN_POINT ( 'NONE',  ( 0.000000000000000000, 0.000000000000000000, -0.3499999999999999778 ) ) ;
#5611 = ADVANCED_FACE ( 'NONE', ( #2614 ), #372, .F. ) ;
#5612 = COLOUR_RGB ( '',0.8627450980392157298, 0.6274509803921568540, 0.05882352941176470507 ) ;
#5613 = ORIENTED_EDGE ( 'NONE', *, *, #2735, .F. ) ;
#5614 = VERTEX_POINT ( 'NONE', #1870 ) ;
#5615 = DIRECTION ( 'NONE',  ( 0.000000000000000000, 0.000000000000000000, -1.000000000000000000 ) ) ;
#5616 = CARTESIAN_POINT ( 'NONE',  ( -1.027500000000001412, 1.000000000000000666, -0.05000000000000002359 ) ) ;
#5617 = STYLED_ITEM ( 'NONE', ( #2291 ), #4814 ) ;
#5618 = CARTESIAN_POINT ( 'NONE',  ( -1.099999999999998090, 1.000000000000000666, -0.3510000000000000342 ) ) ;
#5619 =( NAMED_UNIT ( * ) SI_UNIT ( $, .STERADIAN. ) SOLID_ANGLE_UNIT ( ) );
#5620 = DIRECTION ( 'NONE',  ( -0.000000000000000000, -0.000000000000000000, 1.000000000000000000 ) ) ;
#5621 = CARTESIAN_POINT ( 'NONE',  ( 1.143933982822019413, -0.8044079500593143139, -0.05000000000000002359 ) ) ;
#5622 = DIRECTION ( 'NONE',  ( 1.000000000000000000, -6.483163961332029401E-16, 0.000000000000000000 ) ) ;
#5623 = DIRECTION ( 'NONE',  ( 0.000000000000000000, 0.000000000000000000, -1.000000000000000000 ) ) ;
#5624 = COLOUR_RGB ( '',0.2862745098039215508, 0.2862745098039215508, 0.2862745098039215508 ) ;
#5625 = CARTESIAN_POINT ( 'NONE',  ( 0.4749999999999997558, -0.3374999999999999667, -0.05000000000000002359 ) ) ;
#5626 = CARTESIAN_POINT ( 'NONE',  ( 2.188067836949561821E-16, -0.3375000000000002998, -0.3499999999999999778 ) ) ;
#5627 =( NAMED_UNIT ( * ) PLANE_ANGLE_UNIT ( ) SI_UNIT ( $, .RADIAN. ) );
#5628 = ORIENTED_EDGE ( 'NONE', *, *, #5463, .F. ) ;
#5629 = AXIS2_PLACEMENT_3D ( 'NONE', #5271, #1157, #5597 ) ;
#5630 = ORIENTED_EDGE ( 'NONE', *, *, #5428, .F. ) ;
#5631 = DIRECTION ( 'NONE',  ( 0.000000000000000000, -1.000000000000000000, 0.000000000000000000 ) ) ;
#5632 = SURFACE_STYLE_FILL_AREA ( #2201 ) ;
#5633 = SURFACE_SIDE_STYLE ('',( #3855 ) ) ;
#5634 = CARTESIAN_POINT ( 'NONE',  ( 1.040000000000002034, -0.6499999999999994671, 0.6000000000000000888 ) ) ;
#5635 = FILL_AREA_STYLE_COLOUR ( '', #359 ) ;
#5636 = COLOUR_RGB ( '',0.8627450980392157298, 0.6274509803921568540, 0.05882352941176470507 ) ;
#5637 = SURFACE_STYLE_FILL_AREA ( #1676 ) ;
#5638 = EDGE_CURVE ( 'NONE', #4585, #4406, #35, .T. ) ;
#5639 = SURFACE_STYLE_FILL_AREA ( #3860 ) ;
#5640 = ORIENTED_EDGE ( 'NONE', *, *, #3509, .T. ) ;
#5641 = STYLED_ITEM ( 'NONE', ( #103 ), #5468 ) ;
#5642 = COLOUR_RGB ( '',0.8627450980392157298, 0.6274509803921568540, 0.05882352941176470507 ) ;
#5643 = ORIENTED_EDGE ( 'NONE', *, *, #3026, .T. ) ;
#5644 = DIRECTION ( 'NONE',  ( -1.000000000000000000, 4.872818752743834533E-15, 0.000000000000000000 ) ) ;
#5645 = LINE ( 'NONE', #850, #1964 ) ;
#5646 = FACE_OUTER_BOUND ( 'NONE', #2901, .T. ) ;
#5647 = AXIS2_PLACEMENT_3D ( 'NONE', #1705, #3918, #5251 ) ;
#5648 = DIRECTION ( 'NONE',  ( -0.000000000000000000, 1.000000000000000000, -0.000000000000000000 ) ) ;
#5649 = VERTEX_POINT ( 'NONE', #2667 ) ;
#5650 = EDGE_CURVE ( 'NONE', #238, #731, #3972, .T. ) ;
#5651 = UNCERTAINTY_MEASURE_WITH_UNIT (LENGTH_MEASURE( 1.000000000000000082E-05 ), #1659, 'distance_accuracy_value', 'NONE');
#5652 = PRESENTATION_LAYER_ASSIGNMENT (  '', '', ( #4154 ) ) ;
#5653 = PRESENTATION_STYLE_ASSIGNMENT (( #4299 ) ) ;
#5654 = COLOUR_RGB ( '',0.2862745098039215508, 0.2862745098039215508, 0.2862745098039215508 ) ;
#5655 = SURFACE_STYLE_FILL_AREA ( #712 ) ;
#5656 = LINE ( 'NONE', #4356, #3166 ) ;
#5657 = FILL_AREA_STYLE ('',( #51 ) ) ;
#5658 = FACE_OUTER_BOUND ( 'NONE', #3435, .T. ) ;
#5659 = CARTESIAN_POINT ( 'NONE',  ( -0.4749999999999999223, 0.3374999999999996336, 0.3742640687119285769 ) ) ;
#5660 = VECTOR ( 'NONE', #4660, 1000.000000000000000 ) ;
#5661 =( LENGTH_UNIT ( ) NAMED_UNIT ( * ) SI_UNIT ( .MILLI., .METRE. ) );
#5662 =( LENGTH_UNIT ( ) NAMED_UNIT ( * ) SI_UNIT ( .MILLI., .METRE. ) );
#5663 = MECHANICAL_DESIGN_GEOMETRIC_PRESENTATION_REPRESENTATION (  '', ( #4159 ), #1750 ) ;
#5664 = FILL_AREA_STYLE ('',( #5323 ) ) ;
#5665 = ORIENTED_EDGE ( 'NONE', *, *, #1470, .T. ) ;
#5666 =( GEOMETRIC_REPRESENTATION_CONTEXT ( 3 ) GLOBAL_UNCERTAINTY_ASSIGNED_CONTEXT ( ( #739 ) ) GLOBAL_UNIT_ASSIGNED_CONTEXT ( ( #820, #1787, #1706 ) ) REPRESENTATION_CONTEXT ( 'NONE', 'WORKASPACE' ) );
#5667 = ORIENTED_EDGE ( 'NONE', *, *, #4028, .F. ) ;
#5668 = SURFACE_STYLE_USAGE ( .BOTH. , #5726 ) ;
#5669 = CARTESIAN_POINT ( 'NONE',  ( -3.345501787246905322E-16, 0.8939339828220190798, -0.3499999999999999778 ) ) ;
#5670 =( LENGTH_UNIT ( ) NAMED_UNIT ( * ) SI_UNIT ( .MILLI., .METRE. ) );
#5671 = CARTESIAN_POINT ( 'NONE',  ( 1.250000000000001998, -0.8499999999999993117, -0.3499999999999999778 ) ) ;
#5672 =( NAMED_UNIT ( * ) SI_UNIT ( $, .STERADIAN. ) SOLID_ANGLE_UNIT ( ) );
#5673 =( NAMED_UNIT ( * ) SI_UNIT ( $, .STERADIAN. ) SOLID_ANGLE_UNIT ( ) );
#5674 = FACE_OUTER_BOUND ( 'NONE', #4753, .T. ) ;
#5675 = VERTEX_POINT ( 'NONE', #4834 ) ;
#5676 = VECTOR ( 'NONE', #1690, 1000.000000000000000 ) ;
#5677 = ORIENTED_EDGE ( 'NONE', *, *, #2259, .T. ) ;
#5678 = DIRECTION ( 'NONE',  ( 1.000000000000000000, -0.000000000000000000, 0.000000000000000000 ) ) ;
#5679 = SURFACE_STYLE_USAGE ( .BOTH. , #1532 ) ;
#5680 = EDGE_CURVE ( 'NONE', #408, #535, #3784, .T. ) ;
#5681 =( GEOMETRIC_REPRESENTATION_CONTEXT ( 3 ) GLOBAL_UNCERTAINTY_ASSIGNED_CONTEXT ( ( #3733 ) ) GLOBAL_UNIT_ASSIGNED_CONTEXT ( ( #3935, #833, #2299 ) ) REPRESENTATION_CONTEXT ( 'NONE', 'WORKASPACE' ) );
#5682 = DIRECTION ( 'NONE',  ( 0.000000000000000000, 0.000000000000000000, -1.000000000000000000 ) ) ;
#5683 = EDGE_LOOP ( 'NONE', ( #2158, #3897, #3124, #2656, #5306, #1606, #5628, #3281, #932 ) ) ;
#5684 = ORIENTED_EDGE ( 'NONE', *, *, #3270, .F. ) ;
#5685 = COLOUR_RGB ( '',0.2862745098039215508, 0.2862745098039215508, 0.2862745098039215508 ) ;
#5686 = VECTOR ( 'NONE', #430, 1000.000000000000000 ) ;
#5687 = FILL_AREA_STYLE_COLOUR ( '', #2442 ) ;
#5688 = EDGE_CURVE ( 'NONE', #12, #466, #5780, .T. ) ;
#5689 = FACE_OUTER_BOUND ( 'NONE', #5542, .T. ) ;
#5690 = CARTESIAN_POINT ( 'NONE',  ( 0.000000000000000000, -1.000000000000001110, -0.05000000000000002359 ) ) ;
#5691 = ADVANCED_FACE ( 'NONE', ( #5328 ), #2725, .F. ) ;
#5692 =( GEOMETRIC_REPRESENTATION_CONTEXT ( 3 ) GLOBAL_UNCERTAINTY_ASSIGNED_CONTEXT ( ( #5479 ) ) GLOBAL_UNIT_ASSIGNED_CONTEXT ( ( #5700, #2141, #3545 ) ) REPRESENTATION_CONTEXT ( 'NONE', 'WORKASPACE' ) );
#5693 = SURFACE_SIDE_STYLE ('',( #3504 ) ) ;
#5694 =( NAMED_UNIT ( * ) SI_UNIT ( $, .STERADIAN. ) SOLID_ANGLE_UNIT ( ) );
#5695 = DIRECTION ( 'NONE',  ( 0.000000000000000000, 0.000000000000000000, 1.000000000000000000 ) ) ;
#5696 = EDGE_LOOP ( 'NONE', ( #2266, #1267, #4076, #1210 ) ) ;
#5697 = MECHANICAL_DESIGN_GEOMETRIC_PRESENTATION_REPRESENTATION (  '', ( #3656 ), #2634 ) ;
#5698 = ORIENTED_EDGE ( 'NONE', *, *, #2920, .T. ) ;
#5699 =( LENGTH_UNIT ( ) NAMED_UNIT ( * ) SI_UNIT ( .MILLI., .METRE. ) );
#5700 =( LENGTH_UNIT ( ) NAMED_UNIT ( * ) SI_UNIT ( .MILLI., .METRE. ) );
#5701 = SURFACE_STYLE_USAGE ( .BOTH. , #5633 ) ;
#5702 = DIRECTION ( 'NONE',  ( 0.000000000000000000, -1.000000000000000000, 0.000000000000000000 ) ) ;
#5703 = STYLED_ITEM ( 'NONE', ( #4233 ), #4169 ) ;
#5704 = SURFACE_SIDE_STYLE ('',( #3396 ) ) ;
#5705 = PRESENTATION_STYLE_ASSIGNMENT (( #822 ) ) ;
#5706 = VERTEX_POINT ( 'NONE', #4045 ) ;
#5707 = STYLED_ITEM ( 'NONE', ( #4872 ), #4584 ) ;
#5708 = CARTESIAN_POINT ( 'NONE',  ( -0.4749999999999999778, 0.3374999999999997446, -0.05000000000000002359 ) ) ;
#5709 = CARTESIAN_POINT ( 'NONE',  ( -0.7749999999999994671, -0.3374999999999998002, -0.3499999999999999778 ) ) ;
#5710 = DIRECTION ( 'NONE',  ( -0.000000000000000000, 0.000000000000000000, -1.000000000000000000 ) ) ;
#5711 = STYLED_ITEM ( 'NONE', ( #5035 ), #4637 ) ;
#5712 = CARTESIAN_POINT ( 'NONE',  ( -1.039999999999998259, 0.6500000000000006883, 0.6000000000000000888 ) ) ;
#5713 = ORIENTED_EDGE ( 'NONE', *, *, #2555, .T. ) ;
#5714 = PRODUCT_DEFINITION_CONTEXT ( 'detailed design', #762, 'design' ) ;
#5715 = LINE ( 'NONE', #3128, #1202 ) ;
#5716 = EDGE_CURVE ( 'NONE', #4432, #4558, #5268, .T. ) ;
#5717 = FILL_AREA_STYLE ('',( #277 ) ) ;
#5718 = UNCERTAINTY_MEASURE_WITH_UNIT (LENGTH_MEASURE( 1.000000000000000082E-05 ), #5201, 'distance_accuracy_value', 'NONE');
#5719 = ADVANCED_FACE ( 'NONE', ( #843 ), #1286, .F. ) ;
#5720 = STYLED_ITEM ( 'NONE', ( #1998 ), #4915 ) ;
#5721 = LINE ( 'NONE', #838, #1037 ) ;
#5722 = SURFACE_STYLE_USAGE ( .BOTH. , #815 ) ;
#5723 = VERTEX_POINT ( 'NONE', #3249 ) ;
#5724 = EDGE_CURVE ( 'NONE', #3635, #2973, #1644, .T. ) ;
#5725 = ORIENTED_EDGE ( 'NONE', *, *, #2265, .F. ) ;
#5726 = SURFACE_SIDE_STYLE ('',( #2937 ) ) ;
#5727 = CARTESIAN_POINT ( 'NONE',  ( -1.143933982822019413, -0.3374999999999995226, -0.05000000000000002359 ) ) ;
#5728 = PRESENTATION_STYLE_ASSIGNMENT (( #345 ) ) ;
#5729 = CARTESIAN_POINT ( 'NONE',  ( 1.250000000000001998, 0.8500000000000006439, -0.3510000000000000342 ) ) ;
#5730 =( LENGTH_UNIT ( ) NAMED_UNIT ( * ) SI_UNIT ( .MILLI., .METRE. ) );
#5731 = PRESENTATION_LAYER_ASSIGNMENT (  '', '', ( #488 ) ) ;
#5732 = CARTESIAN_POINT ( 'NONE',  ( 1.250000000000001998, 0.000000000000000000, -0.05000000000000002359 ) ) ;
#5733 =( LENGTH_UNIT ( ) NAMED_UNIT ( * ) SI_UNIT ( .MILLI., .METRE. ) );
#5734 = VERTEX_POINT ( 'NONE', #4132 ) ;
#5735 = AXIS2_PLACEMENT_3D ( 'NONE', #3503, #1190, #4303 ) ;
#5736 = CARTESIAN_POINT ( 'NONE',  ( 1.040000000000002034, 0.6500000000000004663, 0.6000000000000000888 ) ) ;
#5737 = SURFACE_SIDE_STYLE ('',( #2679 ) ) ;
#5738 = MECHANICAL_DESIGN_GEOMETRIC_PRESENTATION_REPRESENTATION (  '', ( #5641 ), #3142 ) ;
#5739 = AXIS2_PLACEMENT_3D ( 'NONE', #1244, #1655, #2091 ) ;
#5740 = ORIENTED_EDGE ( 'NONE', *, *, #4211, .F. ) ;
#5741 = DIRECTION ( 'NONE',  ( -1.000000000000000000, 0.000000000000000000, 0.000000000000000000 ) ) ;
#5742 = DIRECTION ( 'NONE',  ( 1.000000000000000000, 0.000000000000000000, 0.000000000000000000 ) ) ;
#5743 = CIRCLE ( 'NONE', #2670, 0.2225000000000004752 ) ;
#5744 = FILL_AREA_STYLE ('',( #2633 ) ) ;
#5745 =( NAMED_UNIT ( * ) PLANE_ANGLE_UNIT ( ) SI_UNIT ( $, .RADIAN. ) );
#5746 = VECTOR ( 'NONE', #4115, 1000.000000000000000 ) ;
#5747 = FILL_AREA_STYLE_COLOUR ( '', #733 ) ;
#5748 = PLANE ( 'NONE',  #2539 ) ;
#5749 = SURFACE_SIDE_STYLE ('',( #5301 ) ) ;
#5750 = CARTESIAN_POINT ( 'NONE',  ( 0.000000000000000000, 0.000000000000000000, -0.05000000000000002359 ) ) ;
#5751 = EDGE_CURVE ( 'NONE', #4571, #2887, #3714, .T. ) ;
#5752 = AXIS2_PLACEMENT_3D ( 'NONE', #2317, #2231, #1339 ) ;
#5753 = CARTESIAN_POINT ( 'NONE',  ( -1.249999999999998002, -0.9999999999999993339, -0.05000000000000002359 ) ) ;
#5754 = VERTEX_POINT ( 'NONE', #4933 ) ;
#5755 = ORIENTED_EDGE ( 'NONE', *, *, #3129, .T. ) ;
#5756 = FILL_AREA_STYLE_COLOUR ( '', #698 ) ;
#5757 = LINE ( 'NONE', #4310, #1024 ) ;
#5758 = SURFACE_STYLE_USAGE ( .BOTH. , #1757 ) ;
#5759 = DIRECTION ( 'NONE',  ( 0.000000000000000000, 0.000000000000000000, -1.000000000000000000 ) ) ;
#5760 = CARTESIAN_POINT ( 'NONE',  ( 1.150000000000001910, 0.6500000000000005773, 0.4000000000000000222 ) ) ;
#5761 = ADVANCED_FACE ( 'NONE', ( #2638 ), #3154, .F. ) ;
#5762 = EDGE_CURVE ( 'NONE', #3642, #1090, #2866, .T. ) ;
#5763 = EDGE_LOOP ( 'NONE', ( #1588, #3219, #2454, #3292 ) ) ;
#5764 = DIRECTION ( 'NONE',  ( 0.000000000000000000, 0.000000000000000000, -1.000000000000000000 ) ) ;
#5765 =( NAMED_UNIT ( * ) PLANE_ANGLE_UNIT ( ) SI_UNIT ( $, .RADIAN. ) );
#5766 =( GEOMETRIC_REPRESENTATION_CONTEXT ( 3 ) GLOBAL_UNCERTAINTY_ASSIGNED_CONTEXT ( ( #2518 ) ) GLOBAL_UNIT_ASSIGNED_CONTEXT ( ( #2072, #194, #2988 ) ) REPRESENTATION_CONTEXT ( 'NONE', 'WORKASPACE' ) );
#5767 = VERTEX_POINT ( 'NONE', #3654 ) ;
#5768 = UNCERTAINTY_MEASURE_WITH_UNIT (LENGTH_MEASURE( 1.000000000000000082E-05 ), #3074, 'distance_accuracy_value', 'NONE');
#5769 = SURFACE_STYLE_FILL_AREA ( #467 ) ;
#5770 = DIRECTION ( 'NONE',  ( 0.000000000000000000, 0.000000000000000000, 1.000000000000000000 ) ) ;
#5771 = COLOUR_RGB ( '',0.8627450980392157298, 0.6274509803921568540, 0.05882352941176470507 ) ;
#5772 = AXIS2_PLACEMENT_3D ( 'NONE', #4267, #4738, #742 ) ;
#5773 = UNCERTAINTY_MEASURE_WITH_UNIT (LENGTH_MEASURE( 1.000000000000000082E-05 ), #4762, 'distance_accuracy_value', 'NONE');
#5774 = DIRECTION ( 'NONE',  ( 0.000000000000000000, 0.000000000000000000, 1.000000000000000000 ) ) ;
#5775 = FILL_AREA_STYLE_COLOUR ( '', #5005 ) ;
#5776 = AXIS2_PLACEMENT_3D ( 'NONE', #5002, #3547, #4128 ) ;
#5777 = SURFACE_STYLE_USAGE ( .BOTH. , #447 ) ;
#5778 = EDGE_LOOP ( 'NONE', ( #4801, #5491, #3724, #3592, #1485, #255, #1636, #5234, #2367 ) ) ;
#5779 = ORIENTED_EDGE ( 'NONE', *, *, #2160, .F. ) ;
#5780 = LINE ( 'NONE', #2200, #3879 ) ;
#5781 = AXIS2_PLACEMENT_3D ( 'NONE', #2506, #257, #3831 ) ;
#5782 = CARTESIAN_POINT ( 'NONE',  ( 0.4749999999999997558, -0.3374999999999999667, -0.3499999999999999778 ) ) ;
#5783 = DIRECTION ( 'NONE',  ( 5.981805089575226963E-15, 1.000000000000000000, 0.000000000000000000 ) ) ;
#5784 = PRESENTATION_STYLE_ASSIGNMENT (( #3058 ) ) ;
#5785 = FACE_OUTER_BOUND ( 'NONE', #2461, .T. ) ;
#5786 = ORIENTED_EDGE ( 'NONE', *, *, #1144, .T. ) ;
#5787 = EDGE_CURVE ( 'NONE', #1589, #4450, #1860, .T. ) ;
#5788 = COLOUR_RGB ( '',0.8627450980392157298, 0.6274509803921568540, 0.05882352941176470507 ) ;
#5789 =( NAMED_UNIT ( * ) PLANE_ANGLE_UNIT ( ) SI_UNIT ( $, .RADIAN. ) );
#5790 = EDGE_CURVE ( 'NONE', #752, #5574, #586, .T. ) ;
#5791 = CARTESIAN_POINT ( 'NONE',  ( 0.4749999999999998113, 0.3374999999999998557, -0.05000000000000002359 ) ) ;
ENDSEC;
END-ISO-10303-21;
