ISO-10303-21;
HEADER;
/* Generated by software containing ST-Developer
 * from STEP Tools, Inc. (www.steptools.com) 
 */
/* OPTION: strings as raw bytes, not using required /X/ escapes */

FILE_DESCRIPTION(
/* description */ ('Unknown',
'CAx-IF Rec.Pracs.---Representation and Presentation of Product Manufa
cturing Information (PMI)---4.0---2014-10-13',
'CAx-IF Rec.Pracs.---3D Tessellated Geometry---0.4---2014-09-14','2;1'),

/* implementation_level */ '2;1');

FILE_NAME(
/* name */ 'TORX1950A(F)',
/* time_stamp */ '2025-05-08T16:02:06+02:00',
/* author */ ('Unknown'),
/* organization */ ('Unknown'),
/* preprocessor_version */ 'ST-DEVELOPER v18.102',
/* originating_system */ 'Solid Edge',
/* authorisation */ 'Unknown');

FILE_SCHEMA (('AP242_MANAGED_MODEL_BASED_3D_ENGINEERING_MIM_LF { 1 0 10303 442 1 1 4 }'));
ENDSEC;

DATA;
#10=CONSTRUCTIVE_GEOMETRY_REPRESENTATION_RELATIONSHIP(
'supplemental geometry','',#4348,#11);
#11=CONSTRUCTIVE_GEOMETRY_REPRESENTATION('supplemental geometry',(#4605),
#6389);
#12=SHAPE_REPRESENTATION_RELATIONSHIP('','',#4348,#13);
#13=ADVANCED_BREP_SHAPE_REPRESENTATION('',(#4346),#6389);
#14=B_SPLINE_CURVE_WITH_KNOTS('',3,(#5949,#5950,#5951,#5952),
 .UNSPECIFIED.,.F.,.F.,(4,4),(0.,0.000660113912024504),.UNSPECIFIED.);
#15=B_SPLINE_CURVE_WITH_KNOTS('',3,(#5958,#5959,#5960,#5961),
 .UNSPECIFIED.,.F.,.F.,(4,4),(0.,0.000660113912024504),.UNSPECIFIED.);
#16=B_SPLINE_CURVE_WITH_KNOTS('',3,(#5975,#5976,#5977,#5978),
 .UNSPECIFIED.,.F.,.F.,(4,4),(0.,0.000660113912024504),.UNSPECIFIED.);
#17=B_SPLINE_CURVE_WITH_KNOTS('',3,(#5982,#5983,#5984,#5985),
 .UNSPECIFIED.,.F.,.F.,(4,4),(0.,0.000660113912024504),.UNSPECIFIED.);
#18=ELLIPSE('',#4366,0.0707106781186546,0.0499999999999999);
#19=ELLIPSE('',#4367,0.0707106781186546,0.0499999999999999);
#20=ELLIPSE('',#4369,0.0707106781186546,0.0499999999999999);
#21=ELLIPSE('',#4370,0.0707106781186546,0.0499999999999999);
#22=ELLIPSE('',#4372,0.0707106781186547,0.0499999999999999);
#23=ELLIPSE('',#4373,0.0707106781186546,0.0499999999999999);
#24=ELLIPSE('',#4375,0.0707106781186546,0.0499999999999999);
#25=ELLIPSE('',#4376,0.0707106781186546,0.0499999999999999);
#26=ELLIPSE('',#4378,0.0707106781186546,0.0499999999999999);
#27=ELLIPSE('',#4379,0.0707106781186547,0.0499999999999999);
#28=ELLIPSE('',#4381,0.0707106781186547,0.0499999999999999);
#29=ELLIPSE('',#4382,0.0707106781186547,0.0499999999999999);
#30=CONICAL_SURFACE('',#4362,1.54399211322769,0.785398163397448);
#31=CONICAL_SURFACE('',#4401,0.455,0.785398163397447);
#32=CONICAL_SURFACE('',#4404,0.454999999999999,0.785398163397447);
#33=CONICAL_SURFACE('',#4407,0.454999999999986,0.785398163397445);
#34=CONICAL_SURFACE('',#4410,0.454999999999999,0.785398163397447);
#35=CONICAL_SURFACE('',#4413,0.454999999999999,0.785398163397447);
#36=CONICAL_SURFACE('',#4416,0.454999999999985,0.785398163397444);
#37=CONICAL_SURFACE('',#4444,0.157500000000001,0.785398163397448);
#38=CONICAL_SURFACE('',#4448,0.1575,0.785398163397449);
#39=CONICAL_SURFACE('',#4463,0.700967650522186,0.785398163397449);
#40=CONICAL_SURFACE('',#4468,0.700967650522186,0.785398163397449);
#41=CONICAL_SURFACE('',#4498,0.1575,0.785398163397449);
#42=CONICAL_SURFACE('',#4503,0.157500000000001,0.785398163397448);
#43=CYLINDRICAL_SURFACE('',#4356,0.633487152625142);
#44=CYLINDRICAL_SURFACE('',#4360,1.19399211322769);
#45=CYLINDRICAL_SURFACE('',#4383,0.0499999999999999);
#46=CYLINDRICAL_SURFACE('',#4386,0.0499999999999999);
#47=CYLINDRICAL_SURFACE('',#4389,0.0499999999999999);
#48=CYLINDRICAL_SURFACE('',#4392,0.0499999999999999);
#49=CYLINDRICAL_SURFACE('',#4395,0.0499999999999999);
#50=CYLINDRICAL_SURFACE('',#4398,0.0499999999999999);
#51=CYLINDRICAL_SURFACE('',#4431,0.700967650522186);
#52=CYLINDRICAL_SURFACE('',#4436,0.700967650522186);
#53=CYLINDRICAL_SURFACE('',#4475,0.35);
#54=CYLINDRICAL_SURFACE('',#4479,0.35);
#55=CYLINDRICAL_SURFACE('',#4483,0.35);
#56=CYLINDRICAL_SURFACE('',#4486,0.35);
#57=CYLINDRICAL_SURFACE('',#4489,0.35);
#58=CYLINDRICAL_SURFACE('',#4493,0.35);
#59=CYLINDRICAL_SURFACE('',#4515,0.35);
#60=CYLINDRICAL_SURFACE('',#4518,0.35);
#61=CYLINDRICAL_SURFACE('',#4528,0.35);
#62=CYLINDRICAL_SURFACE('',#4532,0.35);
#63=CYLINDRICAL_SURFACE('',#4537,0.35);
#64=CYLINDRICAL_SURFACE('',#4539,0.35);
#65=CYLINDRICAL_SURFACE('',#4543,0.3);
#66=CYLINDRICAL_SURFACE('',#4544,0.3);
#67=CYLINDRICAL_SURFACE('',#4553,0.14);
#68=CYLINDRICAL_SURFACE('',#4556,0.14);
#69=CYLINDRICAL_SURFACE('',#4566,0.14);
#70=CYLINDRICAL_SURFACE('',#4569,0.14);
#71=CYLINDRICAL_SURFACE('',#4577,0.14);
#72=CYLINDRICAL_SURFACE('',#4580,0.14);
#73=CYLINDRICAL_SURFACE('',#4590,0.14);
#74=CYLINDRICAL_SURFACE('',#4593,0.14);
#75=LINE('',#5480,#429);
#76=LINE('',#5483,#430);
#77=LINE('',#5485,#431);
#78=LINE('',#5487,#432);
#79=LINE('',#5489,#433);
#80=LINE('',#5491,#434);
#81=LINE('',#5493,#435);
#82=LINE('',#5495,#436);
#83=LINE('',#5497,#437);
#84=LINE('',#5499,#438);
#85=LINE('',#5501,#439);
#86=LINE('',#5503,#440);
#87=LINE('',#5504,#441);
#88=LINE('',#5507,#442);
#89=LINE('',#5509,#443);
#90=LINE('',#5511,#444);
#91=LINE('',#5513,#445);
#92=LINE('',#5515,#446);
#93=LINE('',#5517,#447);
#94=LINE('',#5519,#448);
#95=LINE('',#5521,#449);
#96=LINE('',#5523,#450);
#97=LINE('',#5525,#451);
#98=LINE('',#5527,#452);
#99=LINE('',#5529,#453);
#100=LINE('',#5531,#454);
#101=LINE('',#5533,#455);
#102=LINE('',#5535,#456);
#103=LINE('',#5537,#457);
#104=LINE('',#5539,#458);
#105=LINE('',#5541,#459);
#106=LINE('',#5543,#460);
#107=LINE('',#5545,#461);
#108=LINE('',#5547,#462);
#109=LINE('',#5549,#463);
#110=LINE('',#5551,#464);
#111=LINE('',#5553,#465);
#112=LINE('',#5556,#466);
#113=LINE('',#5558,#467);
#114=LINE('',#5560,#468);
#115=LINE('',#5577,#469);
#116=LINE('',#5580,#470);
#117=LINE('',#5582,#471);
#118=LINE('',#5584,#472);
#119=LINE('',#5586,#473);
#120=LINE('',#5588,#474);
#121=LINE('',#5590,#475);
#122=LINE('',#5595,#476);
#123=LINE('',#5596,#477);
#124=LINE('',#5600,#478);
#125=LINE('',#5605,#479);
#126=LINE('',#5608,#480);
#127=LINE('',#5612,#481);
#128=LINE('',#5616,#482);
#129=LINE('',#5620,#483);
#130=LINE('',#5624,#484);
#131=LINE('',#5628,#485);
#132=LINE('',#5634,#486);
#133=LINE('',#5638,#487);
#134=LINE('',#5642,#488);
#135=LINE('',#5644,#489);
#136=LINE('',#5646,#490);
#137=LINE('',#5650,#491);
#138=LINE('',#5652,#492);
#139=LINE('',#5654,#493);
#140=LINE('',#5656,#494);
#141=LINE('',#5660,#495);
#142=LINE('',#5662,#496);
#143=LINE('',#5666,#497);
#144=LINE('',#5668,#498);
#145=LINE('',#5670,#499);
#146=LINE('',#5674,#500);
#147=LINE('',#5676,#501);
#148=LINE('',#5678,#502);
#149=LINE('',#5682,#503);
#150=LINE('',#5684,#504);
#151=LINE('',#5686,#505);
#152=LINE('',#5688,#506);
#153=LINE('',#5692,#507);
#154=LINE('',#5694,#508);
#155=LINE('',#5696,#509);
#156=LINE('',#5700,#510);
#157=LINE('',#5702,#511);
#158=LINE('',#5704,#512);
#159=LINE('',#5708,#513);
#160=LINE('',#5710,#514);
#161=LINE('',#5714,#515);
#162=LINE('',#5716,#516);
#163=LINE('',#5718,#517);
#164=LINE('',#5722,#518);
#165=LINE('',#5724,#519);
#166=LINE('',#5726,#520);
#167=LINE('',#5728,#521);
#168=LINE('',#5732,#522);
#169=LINE('',#5734,#523);
#170=LINE('',#5737,#524);
#171=LINE('',#5741,#525);
#172=LINE('',#5743,#526);
#173=LINE('',#5745,#527);
#174=LINE('',#5747,#528);
#175=LINE('',#5749,#529);
#176=LINE('',#5753,#530);
#177=LINE('',#5755,#531);
#178=LINE('',#5758,#532);
#179=LINE('',#5760,#533);
#180=LINE('',#5762,#534);
#181=LINE('',#5764,#535);
#182=LINE('',#5767,#536);
#183=LINE('',#5769,#537);
#184=LINE('',#5771,#538);
#185=LINE('',#5773,#539);
#186=LINE('',#5776,#540);
#187=LINE('',#5778,#541);
#188=LINE('',#5780,#542);
#189=LINE('',#5781,#543);
#190=LINE('',#5783,#544);
#191=LINE('',#5785,#545);
#192=LINE('',#5787,#546);
#193=LINE('',#5789,#547);
#194=LINE('',#5791,#548);
#195=LINE('',#5793,#549);
#196=LINE('',#5795,#550);
#197=LINE('',#5797,#551);
#198=LINE('',#5799,#552);
#199=LINE('',#5801,#553);
#200=LINE('',#5804,#554);
#201=LINE('',#5806,#555);
#202=LINE('',#5807,#556);
#203=LINE('',#5809,#557);
#204=LINE('',#5811,#558);
#205=LINE('',#5813,#559);
#206=LINE('',#5817,#560);
#207=LINE('',#5819,#561);
#208=LINE('',#5821,#562);
#209=LINE('',#5823,#563);
#210=LINE('',#5825,#564);
#211=LINE('',#5827,#565);
#212=LINE('',#5829,#566);
#213=LINE('',#5833,#567);
#214=LINE('',#5835,#568);
#215=LINE('',#5837,#569);
#216=LINE('',#5839,#570);
#217=LINE('',#5841,#571);
#218=LINE('',#5843,#572);
#219=LINE('',#5845,#573);
#220=LINE('',#5847,#574);
#221=LINE('',#5849,#575);
#222=LINE('',#5851,#576);
#223=LINE('',#5853,#577);
#224=LINE('',#5855,#578);
#225=LINE('',#5857,#579);
#226=LINE('',#5859,#580);
#227=LINE('',#5861,#581);
#228=LINE('',#5866,#582);
#229=LINE('',#5870,#583);
#230=LINE('',#5873,#584);
#231=LINE('',#5874,#585);
#232=LINE('',#5876,#586);
#233=LINE('',#5882,#587);
#234=LINE('',#5884,#588);
#235=LINE('',#5886,#589);
#236=LINE('',#5888,#590);
#237=LINE('',#5890,#591);
#238=LINE('',#5892,#592);
#239=LINE('',#5894,#593);
#240=LINE('',#5897,#594);
#241=LINE('',#5899,#595);
#242=LINE('',#5901,#596);
#243=LINE('',#5903,#597);
#244=LINE('',#5905,#598);
#245=LINE('',#5907,#599);
#246=LINE('',#5909,#600);
#247=LINE('',#5911,#601);
#248=LINE('',#5913,#602);
#249=LINE('',#5915,#603);
#250=LINE('',#5917,#604);
#251=LINE('',#5920,#605);
#252=LINE('',#5922,#606);
#253=LINE('',#5924,#607);
#254=LINE('',#5926,#608);
#255=LINE('',#5929,#609);
#256=LINE('',#5931,#610);
#257=LINE('',#5933,#611);
#258=LINE('',#5935,#612);
#259=LINE('',#5937,#613);
#260=LINE('',#5939,#614);
#261=LINE('',#5941,#615);
#262=LINE('',#5943,#616);
#263=LINE('',#5945,#617);
#264=LINE('',#5947,#618);
#265=LINE('',#5954,#619);
#266=LINE('',#5956,#620);
#267=LINE('',#5965,#621);
#268=LINE('',#5967,#622);
#269=LINE('',#5969,#623);
#270=LINE('',#5971,#624);
#271=LINE('',#5973,#625);
#272=LINE('',#5987,#626);
#273=LINE('',#5989,#627);
#274=LINE('',#5991,#628);
#275=LINE('',#5993,#629);
#276=LINE('',#5995,#630);
#277=LINE('',#5997,#631);
#278=LINE('',#5999,#632);
#279=LINE('',#6001,#633);
#280=LINE('',#6004,#634);
#281=LINE('',#6006,#635);
#282=LINE('',#6007,#636);
#283=LINE('',#6009,#637);
#284=LINE('',#6013,#638);
#285=LINE('',#6017,#639);
#286=LINE('',#6019,#640);
#287=LINE('',#6021,#641);
#288=LINE('',#6025,#642);
#289=LINE('',#6029,#643);
#290=LINE('',#6030,#644);
#291=LINE('',#6032,#645);
#292=LINE('',#6034,#646);
#293=LINE('',#6036,#647);
#294=LINE('',#6038,#648);
#295=LINE('',#6042,#649);
#296=LINE('',#6044,#650);
#297=LINE('',#6046,#651);
#298=LINE('',#6050,#652);
#299=LINE('',#6053,#653);
#300=LINE('',#6055,#654);
#301=LINE('',#6057,#655);
#302=LINE('',#6063,#656);
#303=LINE('',#6065,#657);
#304=LINE('',#6067,#658);
#305=LINE('',#6069,#659);
#306=LINE('',#6073,#660);
#307=LINE('',#6077,#661);
#308=LINE('',#6079,#662);
#309=LINE('',#6081,#663);
#310=LINE('',#6083,#664);
#311=LINE('',#6085,#665);
#312=LINE('',#6088,#666);
#313=LINE('',#6092,#667);
#314=LINE('',#6096,#668);
#315=LINE('',#6099,#669);
#316=LINE('',#6101,#670);
#317=LINE('',#6103,#671);
#318=LINE('',#6106,#672);
#319=LINE('',#6108,#673);
#320=LINE('',#6110,#674);
#321=LINE('',#6118,#675);
#322=LINE('',#6119,#676);
#323=LINE('',#6121,#677);
#324=LINE('',#6123,#678);
#325=LINE('',#6125,#679);
#326=LINE('',#6126,#680);
#327=LINE('',#6127,#681);
#328=LINE('',#6129,#682);
#329=LINE('',#6131,#683);
#330=LINE('',#6139,#684);
#331=LINE('',#6140,#685);
#332=LINE('',#6142,#686);
#333=LINE('',#6144,#687);
#334=LINE('',#6146,#688);
#335=LINE('',#6147,#689);
#336=LINE('',#6148,#690);
#337=LINE('',#6149,#691);
#338=LINE('',#6151,#692);
#339=LINE('',#6153,#693);
#340=LINE('',#6155,#694);
#341=LINE('',#6171,#695);
#342=LINE('',#6173,#696);
#343=LINE('',#6178,#697);
#344=LINE('',#6180,#698);
#345=LINE('',#6182,#699);
#346=LINE('',#6184,#700);
#347=LINE('',#6186,#701);
#348=LINE('',#6188,#702);
#349=LINE('',#6190,#703);
#350=LINE('',#6192,#704);
#351=LINE('',#6194,#705);
#352=LINE('',#6196,#706);
#353=LINE('',#6198,#707);
#354=LINE('',#6200,#708);
#355=LINE('',#6202,#709);
#356=LINE('',#6204,#710);
#357=LINE('',#6207,#711);
#358=LINE('',#6209,#712);
#359=LINE('',#6211,#713);
#360=LINE('',#6212,#714);
#361=LINE('',#6215,#715);
#362=LINE('',#6217,#716);
#363=LINE('',#6219,#717);
#364=LINE('',#6220,#718);
#365=LINE('',#6223,#719);
#366=LINE('',#6225,#720);
#367=LINE('',#6227,#721);
#368=LINE('',#6228,#722);
#369=LINE('',#6231,#723);
#370=LINE('',#6233,#724);
#371=LINE('',#6235,#725);
#372=LINE('',#6240,#726);
#373=LINE('',#6244,#727);
#374=LINE('',#6248,#728);
#375=LINE('',#6252,#729);
#376=LINE('',#6254,#730);
#377=LINE('',#6256,#731);
#378=LINE('',#6258,#732);
#379=LINE('',#6260,#733);
#380=LINE('',#6262,#734);
#381=LINE('',#6264,#735);
#382=LINE('',#6265,#736);
#383=LINE('',#6267,#737);
#384=LINE('',#6269,#738);
#385=LINE('',#6272,#739);
#386=LINE('',#6275,#740);
#387=LINE('',#6277,#741);
#388=LINE('',#6279,#742);
#389=LINE('',#6283,#743);
#390=LINE('',#6291,#744);
#391=LINE('',#6293,#745);
#392=LINE('',#6295,#746);
#393=LINE('',#6297,#747);
#394=LINE('',#6299,#748);
#395=LINE('',#6300,#749);
#396=LINE('',#6302,#750);
#397=LINE('',#6304,#751);
#398=LINE('',#6310,#752);
#399=LINE('',#6314,#753);
#400=LINE('',#6318,#754);
#401=LINE('',#6322,#755);
#402=LINE('',#6324,#756);
#403=LINE('',#6326,#757);
#404=LINE('',#6328,#758);
#405=LINE('',#6330,#759);
#406=LINE('',#6332,#760);
#407=LINE('',#6334,#761);
#408=LINE('',#6335,#762);
#409=LINE('',#6337,#763);
#410=LINE('',#6339,#764);
#411=LINE('',#6342,#765);
#412=LINE('',#6345,#766);
#413=LINE('',#6347,#767);
#414=LINE('',#6349,#768);
#415=LINE('',#6353,#769);
#416=LINE('',#6361,#770);
#417=LINE('',#6363,#771);
#418=LINE('',#6365,#772);
#419=LINE('',#6367,#773);
#420=LINE('',#6369,#774);
#421=LINE('',#6370,#775);
#422=LINE('',#6372,#776);
#423=LINE('',#6374,#777);
#424=LINE('',#6377,#778);
#425=LINE('',#6379,#779);
#426=LINE('',#6381,#780);
#427=LINE('',#6383,#781);
#428=LINE('',#6385,#782);
#429=VECTOR('',#4614,1000.);
#430=VECTOR('',#4615,1000.);
#431=VECTOR('',#4616,1000.);
#432=VECTOR('',#4617,1000.);
#433=VECTOR('',#4618,1000.);
#434=VECTOR('',#4619,1000.);
#435=VECTOR('',#4620,1000.);
#436=VECTOR('',#4621,1000.);
#437=VECTOR('',#4622,1000.);
#438=VECTOR('',#4623,1000.);
#439=VECTOR('',#4624,1000.);
#440=VECTOR('',#4625,1000.);
#441=VECTOR('',#4626,1000.);
#442=VECTOR('',#4627,1000.);
#443=VECTOR('',#4628,1000.);
#444=VECTOR('',#4629,1000.);
#445=VECTOR('',#4630,1000.);
#446=VECTOR('',#4631,1000.);
#447=VECTOR('',#4632,1000.);
#448=VECTOR('',#4633,1000.);
#449=VECTOR('',#4634,1000.);
#450=VECTOR('',#4635,1000.);
#451=VECTOR('',#4636,1000.);
#452=VECTOR('',#4637,1000.);
#453=VECTOR('',#4638,1000.);
#454=VECTOR('',#4639,1000.);
#455=VECTOR('',#4640,1000.);
#456=VECTOR('',#4641,1000.);
#457=VECTOR('',#4642,1000.);
#458=VECTOR('',#4643,1000.);
#459=VECTOR('',#4644,1000.);
#460=VECTOR('',#4645,1000.);
#461=VECTOR('',#4646,1000.);
#462=VECTOR('',#4647,1000.);
#463=VECTOR('',#4648,1000.);
#464=VECTOR('',#4649,1000.);
#465=VECTOR('',#4652,1000.);
#466=VECTOR('',#4653,1000.);
#467=VECTOR('',#4654,1000.);
#468=VECTOR('',#4655,1000.);
#469=VECTOR('',#4678,1000.);
#470=VECTOR('',#4679,1000.);
#471=VECTOR('',#4680,1000.);
#472=VECTOR('',#4681,1000.);
#473=VECTOR('',#4682,1000.);
#474=VECTOR('',#4683,1000.);
#475=VECTOR('',#4686,1000.);
#476=VECTOR('',#4689,1000.);
#477=VECTOR('',#4690,1000.);
#478=VECTOR('',#4695,1000.);
#479=VECTOR('',#4698,1000.);
#480=VECTOR('',#4703,1000.);
#481=VECTOR('',#4706,1000.);
#482=VECTOR('',#4711,1000.);
#483=VECTOR('',#4714,1000.);
#484=VECTOR('',#4719,1000.);
#485=VECTOR('',#4722,1000.);
#486=VECTOR('',#4729,1000.);
#487=VECTOR('',#4734,1000.);
#488=VECTOR('',#4737,1000.);
#489=VECTOR('',#4740,1000.);
#490=VECTOR('',#4741,1000.);
#491=VECTOR('',#4746,1000.);
#492=VECTOR('',#4749,1000.);
#493=VECTOR('',#4750,1000.);
#494=VECTOR('',#4753,1000.);
#495=VECTOR('',#4758,1000.);
#496=VECTOR('',#4759,1000.);
#497=VECTOR('',#4764,1000.);
#498=VECTOR('',#4767,1000.);
#499=VECTOR('',#4768,1000.);
#500=VECTOR('',#4773,1000.);
#501=VECTOR('',#4776,1000.);
#502=VECTOR('',#4777,1000.);
#503=VECTOR('',#4782,1000.);
#504=VECTOR('',#4785,1000.);
#505=VECTOR('',#4788,1000.);
#506=VECTOR('',#4789,1000.);
#507=VECTOR('',#4794,1000.);
#508=VECTOR('',#4795,1000.);
#509=VECTOR('',#4798,1000.);
#510=VECTOR('',#4803,1000.);
#511=VECTOR('',#4804,1000.);
#512=VECTOR('',#4807,1000.);
#513=VECTOR('',#4812,1000.);
#514=VECTOR('',#4813,1000.);
#515=VECTOR('',#4818,1000.);
#516=VECTOR('',#4821,1000.);
#517=VECTOR('',#4822,1000.);
#518=VECTOR('',#4827,1000.);
#519=VECTOR('',#4830,1000.);
#520=VECTOR('',#4831,1000.);
#521=VECTOR('',#4834,1000.);
#522=VECTOR('',#4839,1000.);
#523=VECTOR('',#4842,1000.);
#524=VECTOR('',#4843,1000.);
#525=VECTOR('',#4846,1000.);
#526=VECTOR('',#4847,1000.);
#527=VECTOR('',#4848,1000.);
#528=VECTOR('',#4849,1000.);
#529=VECTOR('',#4850,1000.);
#530=VECTOR('',#4853,1000.);
#531=VECTOR('',#4856,1000.);
#532=VECTOR('',#4857,1000.);
#533=VECTOR('',#4858,1000.);
#534=VECTOR('',#4859,1000.);
#535=VECTOR('',#4862,1000.);
#536=VECTOR('',#4863,1000.);
#537=VECTOR('',#4864,1000.);
#538=VECTOR('',#4865,1000.);
#539=VECTOR('',#4868,1000.);
#540=VECTOR('',#4869,1000.);
#541=VECTOR('',#4870,1000.);
#542=VECTOR('',#4871,1000.);
#543=VECTOR('',#4872,1000.);
#544=VECTOR('',#4875,1000.);
#545=VECTOR('',#4876,1000.);
#546=VECTOR('',#4879,1000.);
#547=VECTOR('',#4880,1000.);
#548=VECTOR('',#4883,1000.);
#549=VECTOR('',#4884,1000.);
#550=VECTOR('',#4885,1000.);
#551=VECTOR('',#4888,1000.);
#552=VECTOR('',#4889,1000.);
#553=VECTOR('',#4892,1000.);
#554=VECTOR('',#4893,1000.);
#555=VECTOR('',#4894,1000.);
#556=VECTOR('',#4895,1000.);
#557=VECTOR('',#4898,1000.);
#558=VECTOR('',#4899,1000.);
#559=VECTOR('',#4900,1000.);
#560=VECTOR('',#4905,1000.);
#561=VECTOR('',#4908,1000.);
#562=VECTOR('',#4909,1000.);
#563=VECTOR('',#4912,1000.);
#564=VECTOR('',#4913,1000.);
#565=VECTOR('',#4916,1000.);
#566=VECTOR('',#4917,1000.);
#567=VECTOR('',#4922,1000.);
#568=VECTOR('',#4925,1000.);
#569=VECTOR('',#4926,1000.);
#570=VECTOR('',#4929,1000.);
#571=VECTOR('',#4930,1000.);
#572=VECTOR('',#4933,1000.);
#573=VECTOR('',#4934,1000.);
#574=VECTOR('',#4937,1000.);
#575=VECTOR('',#4940,1000.);
#576=VECTOR('',#4941,1000.);
#577=VECTOR('',#4942,1000.);
#578=VECTOR('',#4945,1000.);
#579=VECTOR('',#4946,1000.);
#580=VECTOR('',#4947,1000.);
#581=VECTOR('',#4950,1000.);
#582=VECTOR('',#4953,1000.);
#583=VECTOR('',#4958,1000.);
#584=VECTOR('',#4959,1000.);
#585=VECTOR('',#4960,1000.);
#586=VECTOR('',#4963,1000.);
#587=VECTOR('',#4970,1000.);
#588=VECTOR('',#4971,1000.);
#589=VECTOR('',#4972,1000.);
#590=VECTOR('',#4975,1000.);
#591=VECTOR('',#4976,1000.);
#592=VECTOR('',#4977,1000.);
#593=VECTOR('',#4980,1000.);
#594=VECTOR('',#4981,1000.);
#595=VECTOR('',#4982,1000.);
#596=VECTOR('',#4983,1000.);
#597=VECTOR('',#4986,1000.);
#598=VECTOR('',#4987,1000.);
#599=VECTOR('',#4988,1000.);
#600=VECTOR('',#4991,1000.);
#601=VECTOR('',#4992,1000.);
#602=VECTOR('',#4995,1000.);
#603=VECTOR('',#4996,1000.);
#604=VECTOR('',#4999,1000.);
#605=VECTOR('',#5000,1000.);
#606=VECTOR('',#5001,1000.);
#607=VECTOR('',#5002,1000.);
#608=VECTOR('',#5005,1000.);
#609=VECTOR('',#5006,1000.);
#610=VECTOR('',#5007,1000.);
#611=VECTOR('',#5008,1000.);
#612=VECTOR('',#5011,1000.);
#613=VECTOR('',#5012,1000.);
#614=VECTOR('',#5013,1000.);
#615=VECTOR('',#5016,1000.);
#616=VECTOR('',#5017,1000.);
#617=VECTOR('',#5020,1000.);
#618=VECTOR('',#5021,1000.);
#619=VECTOR('',#5024,1000.);
#620=VECTOR('',#5025,1000.);
#621=VECTOR('',#5032,1000.);
#622=VECTOR('',#5033,1000.);
#623=VECTOR('',#5036,1000.);
#624=VECTOR('',#5037,1000.);
#625=VECTOR('',#5040,1000.);
#626=VECTOR('',#5047,1000.);
#627=VECTOR('',#5048,1000.);
#628=VECTOR('',#5051,1000.);
#629=VECTOR('',#5052,1000.);
#630=VECTOR('',#5055,1000.);
#631=VECTOR('',#5056,1000.);
#632=VECTOR('',#5059,1000.);
#633=VECTOR('',#5062,1000.);
#634=VECTOR('',#5063,1000.);
#635=VECTOR('',#5064,1000.);
#636=VECTOR('',#5065,1000.);
#637=VECTOR('',#5066,1000.);
#638=VECTOR('',#5071,1000.);
#639=VECTOR('',#5076,1000.);
#640=VECTOR('',#5077,1000.);
#641=VECTOR('',#5078,1000.);
#642=VECTOR('',#5083,1000.);
#643=VECTOR('',#5088,1000.);
#644=VECTOR('',#5089,1000.);
#645=VECTOR('',#5090,1000.);
#646=VECTOR('',#5091,1000.);
#647=VECTOR('',#5094,1000.);
#648=VECTOR('',#5095,1000.);
#649=VECTOR('',#5100,1000.);
#650=VECTOR('',#5101,1000.);
#651=VECTOR('',#5104,1000.);
#652=VECTOR('',#5109,1000.);
#653=VECTOR('',#5110,1000.);
#654=VECTOR('',#5111,1000.);
#655=VECTOR('',#5112,1000.);
#656=VECTOR('',#5119,1000.);
#657=VECTOR('',#5122,1000.);
#658=VECTOR('',#5123,1000.);
#659=VECTOR('',#5124,1000.);
#660=VECTOR('',#5129,1000.);
#661=VECTOR('',#5134,1000.);
#662=VECTOR('',#5135,1000.);
#663=VECTOR('',#5136,1000.);
#664=VECTOR('',#5139,1000.);
#665=VECTOR('',#5140,1000.);
#666=VECTOR('',#5145,1000.);
#667=VECTOR('',#5150,1000.);
#668=VECTOR('',#5155,1000.);
#669=VECTOR('',#5160,1000.);
#670=VECTOR('',#5161,1000.);
#671=VECTOR('',#5164,1000.);
#672=VECTOR('',#5165,1000.);
#673=VECTOR('',#5166,1000.);
#674=VECTOR('',#5167,1000.);
#675=VECTOR('',#5178,1000.);
#676=VECTOR('',#5179,1000.);
#677=VECTOR('',#5182,1000.);
#678=VECTOR('',#5185,1000.);
#679=VECTOR('',#5188,1000.);
#680=VECTOR('',#5189,1000.);
#681=VECTOR('',#5190,1000.);
#682=VECTOR('',#5191,1000.);
#683=VECTOR('',#5192,1000.);
#684=VECTOR('',#5207,1000.);
#685=VECTOR('',#5208,1000.);
#686=VECTOR('',#5211,1000.);
#687=VECTOR('',#5212,1000.);
#688=VECTOR('',#5213,1000.);
#689=VECTOR('',#5214,1000.);
#690=VECTOR('',#5215,1000.);
#691=VECTOR('',#5216,1000.);
#692=VECTOR('',#5219,1000.);
#693=VECTOR('',#5222,1000.);
#694=VECTOR('',#5225,1000.);
#695=VECTOR('',#5256,1000.);
#696=VECTOR('',#5259,1000.);
#697=VECTOR('',#5268,1000.);
#698=VECTOR('',#5269,1000.);
#699=VECTOR('',#5272,1000.);
#700=VECTOR('',#5273,1000.);
#701=VECTOR('',#5276,1000.);
#702=VECTOR('',#5277,1000.);
#703=VECTOR('',#5280,1000.);
#704=VECTOR('',#5281,1000.);
#705=VECTOR('',#5284,1000.);
#706=VECTOR('',#5285,1000.);
#707=VECTOR('',#5288,1000.);
#708=VECTOR('',#5289,1000.);
#709=VECTOR('',#5292,1000.);
#710=VECTOR('',#5295,1000.);
#711=VECTOR('',#5296,1000.);
#712=VECTOR('',#5297,1000.);
#713=VECTOR('',#5298,1000.);
#714=VECTOR('',#5299,1000.);
#715=VECTOR('',#5300,1000.);
#716=VECTOR('',#5301,1000.);
#717=VECTOR('',#5302,1000.);
#718=VECTOR('',#5303,1000.);
#719=VECTOR('',#5304,1000.);
#720=VECTOR('',#5305,1000.);
#721=VECTOR('',#5306,1000.);
#722=VECTOR('',#5307,1000.);
#723=VECTOR('',#5308,1000.);
#724=VECTOR('',#5309,1000.);
#725=VECTOR('',#5310,1000.);
#726=VECTOR('',#5315,1000.);
#727=VECTOR('',#5318,1000.);
#728=VECTOR('',#5323,1000.);
#729=VECTOR('',#5328,1000.);
#730=VECTOR('',#5329,1000.);
#731=VECTOR('',#5330,1000.);
#732=VECTOR('',#5333,1000.);
#733=VECTOR('',#5334,1000.);
#734=VECTOR('',#5335,1000.);
#735=VECTOR('',#5338,1000.);
#736=VECTOR('',#5339,1000.);
#737=VECTOR('',#5342,1000.);
#738=VECTOR('',#5345,1000.);
#739=VECTOR('',#5350,1000.);
#740=VECTOR('',#5351,1000.);
#741=VECTOR('',#5352,1000.);
#742=VECTOR('',#5353,1000.);
#743=VECTOR('',#5358,1000.);
#744=VECTOR('',#5367,1000.);
#745=VECTOR('',#5370,1000.);
#746=VECTOR('',#5371,1000.);
#747=VECTOR('',#5372,1000.);
#748=VECTOR('',#5375,1000.);
#749=VECTOR('',#5376,1000.);
#750=VECTOR('',#5379,1000.);
#751=VECTOR('',#5382,1000.);
#752=VECTOR('',#5389,1000.);
#753=VECTOR('',#5392,1000.);
#754=VECTOR('',#5397,1000.);
#755=VECTOR('',#5402,1000.);
#756=VECTOR('',#5403,1000.);
#757=VECTOR('',#5404,1000.);
#758=VECTOR('',#5407,1000.);
#759=VECTOR('',#5408,1000.);
#760=VECTOR('',#5409,1000.);
#761=VECTOR('',#5412,1000.);
#762=VECTOR('',#5413,1000.);
#763=VECTOR('',#5416,1000.);
#764=VECTOR('',#5419,1000.);
#765=VECTOR('',#5424,1000.);
#766=VECTOR('',#5425,1000.);
#767=VECTOR('',#5426,1000.);
#768=VECTOR('',#5427,1000.);
#769=VECTOR('',#5432,1000.);
#770=VECTOR('',#5441,1000.);
#771=VECTOR('',#5444,1000.);
#772=VECTOR('',#5445,1000.);
#773=VECTOR('',#5446,1000.);
#774=VECTOR('',#5449,1000.);
#775=VECTOR('',#5450,1000.);
#776=VECTOR('',#5453,1000.);
#777=VECTOR('',#5456,1000.);
#778=VECTOR('',#5461,1000.);
#779=VECTOR('',#5462,1000.);
#780=VECTOR('',#5465,1000.);
#781=VECTOR('',#5466,1000.);
#782=VECTOR('',#5469,1000.);
#783=ORIENTED_EDGE('',*,*,#1665,.T.);
#784=ORIENTED_EDGE('',*,*,#1666,.T.);
#785=ORIENTED_EDGE('',*,*,#1667,.F.);
#786=ORIENTED_EDGE('',*,*,#1668,.T.);
#787=ORIENTED_EDGE('',*,*,#1669,.T.);
#788=ORIENTED_EDGE('',*,*,#1670,.T.);
#789=ORIENTED_EDGE('',*,*,#1671,.T.);
#790=ORIENTED_EDGE('',*,*,#1672,.T.);
#791=ORIENTED_EDGE('',*,*,#1673,.T.);
#792=ORIENTED_EDGE('',*,*,#1674,.T.);
#793=ORIENTED_EDGE('',*,*,#1675,.T.);
#794=ORIENTED_EDGE('',*,*,#1676,.T.);
#795=ORIENTED_EDGE('',*,*,#1677,.F.);
#796=ORIENTED_EDGE('',*,*,#1678,.F.);
#797=ORIENTED_EDGE('',*,*,#1679,.F.);
#798=ORIENTED_EDGE('',*,*,#1680,.T.);
#799=ORIENTED_EDGE('',*,*,#1681,.F.);
#800=ORIENTED_EDGE('',*,*,#1682,.F.);
#801=ORIENTED_EDGE('',*,*,#1683,.T.);
#802=ORIENTED_EDGE('',*,*,#1684,.F.);
#803=ORIENTED_EDGE('',*,*,#1685,.T.);
#804=ORIENTED_EDGE('',*,*,#1686,.F.);
#805=ORIENTED_EDGE('',*,*,#1687,.T.);
#806=ORIENTED_EDGE('',*,*,#1688,.T.);
#807=ORIENTED_EDGE('',*,*,#1689,.T.);
#808=ORIENTED_EDGE('',*,*,#1690,.F.);
#809=ORIENTED_EDGE('',*,*,#1691,.T.);
#810=ORIENTED_EDGE('',*,*,#1692,.F.);
#811=ORIENTED_EDGE('',*,*,#1693,.T.);
#812=ORIENTED_EDGE('',*,*,#1694,.F.);
#813=ORIENTED_EDGE('',*,*,#1695,.T.);
#814=ORIENTED_EDGE('',*,*,#1696,.T.);
#815=ORIENTED_EDGE('',*,*,#1697,.F.);
#816=ORIENTED_EDGE('',*,*,#1698,.F.);
#817=ORIENTED_EDGE('',*,*,#1699,.F.);
#818=ORIENTED_EDGE('',*,*,#1700,.F.);
#819=ORIENTED_EDGE('',*,*,#1701,.F.);
#820=ORIENTED_EDGE('',*,*,#1702,.F.);
#821=ORIENTED_EDGE('',*,*,#1703,.F.);
#822=ORIENTED_EDGE('',*,*,#1704,.F.);
#823=ORIENTED_EDGE('',*,*,#1705,.F.);
#824=ORIENTED_EDGE('',*,*,#1706,.T.);
#825=ORIENTED_EDGE('',*,*,#1707,.F.);
#826=ORIENTED_EDGE('',*,*,#1707,.T.);
#827=ORIENTED_EDGE('',*,*,#1708,.T.);
#828=ORIENTED_EDGE('',*,*,#1708,.F.);
#829=ORIENTED_EDGE('',*,*,#1709,.F.);
#830=ORIENTED_EDGE('',*,*,#1710,.T.);
#831=ORIENTED_EDGE('',*,*,#1709,.T.);
#832=ORIENTED_EDGE('',*,*,#1710,.F.);
#833=ORIENTED_EDGE('',*,*,#1711,.F.);
#834=ORIENTED_EDGE('',*,*,#1711,.T.);
#835=ORIENTED_EDGE('',*,*,#1712,.T.);
#836=ORIENTED_EDGE('',*,*,#1713,.T.);
#837=ORIENTED_EDGE('',*,*,#1714,.T.);
#838=ORIENTED_EDGE('',*,*,#1715,.T.);
#839=ORIENTED_EDGE('',*,*,#1716,.T.);
#840=ORIENTED_EDGE('',*,*,#1717,.T.);
#841=ORIENTED_EDGE('',*,*,#1718,.F.);
#842=ORIENTED_EDGE('',*,*,#1719,.F.);
#843=ORIENTED_EDGE('',*,*,#1720,.F.);
#844=ORIENTED_EDGE('',*,*,#1717,.F.);
#845=ORIENTED_EDGE('',*,*,#1721,.T.);
#846=ORIENTED_EDGE('',*,*,#1722,.F.);
#847=ORIENTED_EDGE('',*,*,#1723,.F.);
#848=ORIENTED_EDGE('',*,*,#1724,.F.);
#849=ORIENTED_EDGE('',*,*,#1725,.F.);
#850=ORIENTED_EDGE('',*,*,#1712,.F.);
#851=ORIENTED_EDGE('',*,*,#1720,.T.);
#852=ORIENTED_EDGE('',*,*,#1726,.F.);
#853=ORIENTED_EDGE('',*,*,#1727,.T.);
#854=ORIENTED_EDGE('',*,*,#1713,.F.);
#855=ORIENTED_EDGE('',*,*,#1725,.T.);
#856=ORIENTED_EDGE('',*,*,#1728,.F.);
#857=ORIENTED_EDGE('',*,*,#1729,.F.);
#858=ORIENTED_EDGE('',*,*,#1730,.F.);
#859=ORIENTED_EDGE('',*,*,#1731,.T.);
#860=ORIENTED_EDGE('',*,*,#1714,.F.);
#861=ORIENTED_EDGE('',*,*,#1727,.F.);
#862=ORIENTED_EDGE('',*,*,#1732,.F.);
#863=ORIENTED_EDGE('',*,*,#1733,.F.);
#864=ORIENTED_EDGE('',*,*,#1734,.F.);
#865=ORIENTED_EDGE('',*,*,#1735,.T.);
#866=ORIENTED_EDGE('',*,*,#1715,.F.);
#867=ORIENTED_EDGE('',*,*,#1731,.F.);
#868=ORIENTED_EDGE('',*,*,#1736,.F.);
#869=ORIENTED_EDGE('',*,*,#1737,.F.);
#870=ORIENTED_EDGE('',*,*,#1738,.F.);
#871=ORIENTED_EDGE('',*,*,#1721,.F.);
#872=ORIENTED_EDGE('',*,*,#1716,.F.);
#873=ORIENTED_EDGE('',*,*,#1735,.F.);
#874=ORIENTED_EDGE('',*,*,#1739,.F.);
#875=ORIENTED_EDGE('',*,*,#1740,.F.);
#876=ORIENTED_EDGE('',*,*,#1741,.F.);
#877=ORIENTED_EDGE('',*,*,#1722,.T.);
#878=ORIENTED_EDGE('',*,*,#1741,.T.);
#879=ORIENTED_EDGE('',*,*,#1742,.F.);
#880=ORIENTED_EDGE('',*,*,#1743,.T.);
#881=ORIENTED_EDGE('',*,*,#1744,.F.);
#882=ORIENTED_EDGE('',*,*,#1745,.T.);
#883=ORIENTED_EDGE('',*,*,#1718,.T.);
#884=ORIENTED_EDGE('',*,*,#1744,.T.);
#885=ORIENTED_EDGE('',*,*,#1746,.T.);
#886=ORIENTED_EDGE('',*,*,#1726,.T.);
#887=ORIENTED_EDGE('',*,*,#1719,.T.);
#888=ORIENTED_EDGE('',*,*,#1745,.F.);
#889=ORIENTED_EDGE('',*,*,#1747,.T.);
#890=ORIENTED_EDGE('',*,*,#1748,.F.);
#891=ORIENTED_EDGE('',*,*,#1749,.T.);
#892=ORIENTED_EDGE('',*,*,#1723,.T.);
#893=ORIENTED_EDGE('',*,*,#1748,.T.);
#894=ORIENTED_EDGE('',*,*,#1750,.T.);
#895=ORIENTED_EDGE('',*,*,#1751,.F.);
#896=ORIENTED_EDGE('',*,*,#1728,.T.);
#897=ORIENTED_EDGE('',*,*,#1724,.T.);
#898=ORIENTED_EDGE('',*,*,#1749,.F.);
#899=ORIENTED_EDGE('',*,*,#1752,.T.);
#900=ORIENTED_EDGE('',*,*,#1753,.T.);
#901=ORIENTED_EDGE('',*,*,#1729,.T.);
#902=ORIENTED_EDGE('',*,*,#1751,.T.);
#903=ORIENTED_EDGE('',*,*,#1754,.T.);
#904=ORIENTED_EDGE('',*,*,#1732,.T.);
#905=ORIENTED_EDGE('',*,*,#1730,.T.);
#906=ORIENTED_EDGE('',*,*,#1753,.F.);
#907=ORIENTED_EDGE('',*,*,#1755,.T.);
#908=ORIENTED_EDGE('',*,*,#1756,.F.);
#909=ORIENTED_EDGE('',*,*,#1757,.T.);
#910=ORIENTED_EDGE('',*,*,#1733,.T.);
#911=ORIENTED_EDGE('',*,*,#1756,.T.);
#912=ORIENTED_EDGE('',*,*,#1758,.T.);
#913=ORIENTED_EDGE('',*,*,#1736,.T.);
#914=ORIENTED_EDGE('',*,*,#1734,.T.);
#915=ORIENTED_EDGE('',*,*,#1757,.F.);
#916=ORIENTED_EDGE('',*,*,#1759,.T.);
#917=ORIENTED_EDGE('',*,*,#1760,.F.);
#918=ORIENTED_EDGE('',*,*,#1761,.T.);
#919=ORIENTED_EDGE('',*,*,#1737,.T.);
#920=ORIENTED_EDGE('',*,*,#1760,.T.);
#921=ORIENTED_EDGE('',*,*,#1762,.T.);
#922=ORIENTED_EDGE('',*,*,#1739,.T.);
#923=ORIENTED_EDGE('',*,*,#1738,.T.);
#924=ORIENTED_EDGE('',*,*,#1761,.F.);
#925=ORIENTED_EDGE('',*,*,#1763,.T.);
#926=ORIENTED_EDGE('',*,*,#1764,.F.);
#927=ORIENTED_EDGE('',*,*,#1742,.T.);
#928=ORIENTED_EDGE('',*,*,#1740,.T.);
#929=ORIENTED_EDGE('',*,*,#1764,.T.);
#930=ORIENTED_EDGE('',*,*,#1765,.T.);
#931=ORIENTED_EDGE('',*,*,#1766,.T.);
#932=ORIENTED_EDGE('',*,*,#1743,.F.);
#933=ORIENTED_EDGE('',*,*,#1767,.F.);
#934=ORIENTED_EDGE('',*,*,#1768,.F.);
#935=ORIENTED_EDGE('',*,*,#1769,.T.);
#936=ORIENTED_EDGE('',*,*,#1746,.F.);
#937=ORIENTED_EDGE('',*,*,#1766,.F.);
#938=ORIENTED_EDGE('',*,*,#1770,.F.);
#939=ORIENTED_EDGE('',*,*,#1771,.T.);
#940=ORIENTED_EDGE('',*,*,#1747,.F.);
#941=ORIENTED_EDGE('',*,*,#1769,.F.);
#942=ORIENTED_EDGE('',*,*,#1772,.F.);
#943=ORIENTED_EDGE('',*,*,#1773,.T.);
#944=ORIENTED_EDGE('',*,*,#1750,.F.);
#945=ORIENTED_EDGE('',*,*,#1771,.F.);
#946=ORIENTED_EDGE('',*,*,#1774,.F.);
#947=ORIENTED_EDGE('',*,*,#1775,.F.);
#948=ORIENTED_EDGE('',*,*,#1752,.F.);
#949=ORIENTED_EDGE('',*,*,#1773,.F.);
#950=ORIENTED_EDGE('',*,*,#1776,.F.);
#951=ORIENTED_EDGE('',*,*,#1775,.T.);
#952=ORIENTED_EDGE('',*,*,#1777,.F.);
#953=ORIENTED_EDGE('',*,*,#1778,.F.);
#954=ORIENTED_EDGE('',*,*,#1754,.F.);
#955=ORIENTED_EDGE('',*,*,#1778,.T.);
#956=ORIENTED_EDGE('',*,*,#1779,.F.);
#957=ORIENTED_EDGE('',*,*,#1780,.F.);
#958=ORIENTED_EDGE('',*,*,#1755,.F.);
#959=ORIENTED_EDGE('',*,*,#1780,.T.);
#960=ORIENTED_EDGE('',*,*,#1781,.F.);
#961=ORIENTED_EDGE('',*,*,#1782,.F.);
#962=ORIENTED_EDGE('',*,*,#1758,.F.);
#963=ORIENTED_EDGE('',*,*,#1782,.T.);
#964=ORIENTED_EDGE('',*,*,#1783,.F.);
#965=ORIENTED_EDGE('',*,*,#1784,.F.);
#966=ORIENTED_EDGE('',*,*,#1759,.F.);
#967=ORIENTED_EDGE('',*,*,#1784,.T.);
#968=ORIENTED_EDGE('',*,*,#1785,.F.);
#969=ORIENTED_EDGE('',*,*,#1786,.F.);
#970=ORIENTED_EDGE('',*,*,#1762,.F.);
#971=ORIENTED_EDGE('',*,*,#1787,.T.);
#972=ORIENTED_EDGE('',*,*,#1763,.F.);
#973=ORIENTED_EDGE('',*,*,#1786,.T.);
#974=ORIENTED_EDGE('',*,*,#1788,.F.);
#975=ORIENTED_EDGE('',*,*,#1767,.T.);
#976=ORIENTED_EDGE('',*,*,#1765,.F.);
#977=ORIENTED_EDGE('',*,*,#1787,.F.);
#978=ORIENTED_EDGE('',*,*,#1789,.F.);
#979=ORIENTED_EDGE('',*,*,#1789,.T.);
#980=ORIENTED_EDGE('',*,*,#1788,.T.);
#981=ORIENTED_EDGE('',*,*,#1785,.T.);
#982=ORIENTED_EDGE('',*,*,#1783,.T.);
#983=ORIENTED_EDGE('',*,*,#1781,.T.);
#984=ORIENTED_EDGE('',*,*,#1779,.T.);
#985=ORIENTED_EDGE('',*,*,#1777,.T.);
#986=ORIENTED_EDGE('',*,*,#1776,.T.);
#987=ORIENTED_EDGE('',*,*,#1774,.T.);
#988=ORIENTED_EDGE('',*,*,#1772,.T.);
#989=ORIENTED_EDGE('',*,*,#1770,.T.);
#990=ORIENTED_EDGE('',*,*,#1768,.T.);
#991=ORIENTED_EDGE('',*,*,#1790,.T.);
#992=ORIENTED_EDGE('',*,*,#1791,.T.);
#993=ORIENTED_EDGE('',*,*,#1792,.T.);
#994=ORIENTED_EDGE('',*,*,#1793,.T.);
#995=ORIENTED_EDGE('',*,*,#1794,.T.);
#996=ORIENTED_EDGE('',*,*,#1795,.T.);
#997=ORIENTED_EDGE('',*,*,#1796,.T.);
#998=ORIENTED_EDGE('',*,*,#1797,.T.);
#999=ORIENTED_EDGE('',*,*,#1798,.T.);
#1000=ORIENTED_EDGE('',*,*,#1799,.T.);
#1001=ORIENTED_EDGE('',*,*,#1800,.F.);
#1002=ORIENTED_EDGE('',*,*,#1801,.T.);
#1003=ORIENTED_EDGE('',*,*,#1802,.F.);
#1004=ORIENTED_EDGE('',*,*,#1803,.F.);
#1005=ORIENTED_EDGE('',*,*,#1804,.T.);
#1006=ORIENTED_EDGE('',*,*,#1805,.T.);
#1007=ORIENTED_EDGE('',*,*,#1806,.F.);
#1008=ORIENTED_EDGE('',*,*,#1807,.T.);
#1009=ORIENTED_EDGE('',*,*,#1808,.F.);
#1010=ORIENTED_EDGE('',*,*,#1809,.T.);
#1011=ORIENTED_EDGE('',*,*,#1810,.F.);
#1012=ORIENTED_EDGE('',*,*,#1811,.T.);
#1013=ORIENTED_EDGE('',*,*,#1802,.T.);
#1014=ORIENTED_EDGE('',*,*,#1812,.F.);
#1015=ORIENTED_EDGE('',*,*,#1813,.F.);
#1016=ORIENTED_EDGE('',*,*,#1814,.T.);
#1017=ORIENTED_EDGE('',*,*,#1803,.T.);
#1018=ORIENTED_EDGE('',*,*,#1811,.F.);
#1019=ORIENTED_EDGE('',*,*,#1815,.F.);
#1020=ORIENTED_EDGE('',*,*,#1816,.T.);
#1021=ORIENTED_EDGE('',*,*,#1800,.T.);
#1022=ORIENTED_EDGE('',*,*,#1814,.F.);
#1023=ORIENTED_EDGE('',*,*,#1806,.T.);
#1024=ORIENTED_EDGE('',*,*,#1817,.T.);
#1025=ORIENTED_EDGE('',*,*,#1818,.F.);
#1026=ORIENTED_EDGE('',*,*,#1819,.T.);
#1027=ORIENTED_EDGE('',*,*,#1805,.F.);
#1028=ORIENTED_EDGE('',*,*,#1820,.T.);
#1029=ORIENTED_EDGE('',*,*,#1821,.T.);
#1030=ORIENTED_EDGE('',*,*,#1817,.F.);
#1031=ORIENTED_EDGE('',*,*,#1822,.F.);
#1032=ORIENTED_EDGE('',*,*,#1823,.T.);
#1033=ORIENTED_EDGE('',*,*,#1824,.T.);
#1034=ORIENTED_EDGE('',*,*,#1807,.F.);
#1035=ORIENTED_EDGE('',*,*,#1819,.F.);
#1036=ORIENTED_EDGE('',*,*,#1825,.T.);
#1037=ORIENTED_EDGE('',*,*,#1797,.F.);
#1038=ORIENTED_EDGE('',*,*,#1826,.T.);
#1039=ORIENTED_EDGE('',*,*,#1827,.T.);
#1040=ORIENTED_EDGE('',*,*,#1828,.F.);
#1041=ORIENTED_EDGE('',*,*,#1829,.T.);
#1042=ORIENTED_EDGE('',*,*,#1830,.F.);
#1043=ORIENTED_EDGE('',*,*,#1798,.F.);
#1044=ORIENTED_EDGE('',*,*,#1828,.T.);
#1045=ORIENTED_EDGE('',*,*,#1830,.T.);
#1046=ORIENTED_EDGE('',*,*,#1831,.T.);
#1047=ORIENTED_EDGE('',*,*,#1832,.F.);
#1048=ORIENTED_EDGE('',*,*,#1799,.F.);
#1049=ORIENTED_EDGE('',*,*,#1832,.T.);
#1050=ORIENTED_EDGE('',*,*,#1833,.T.);
#1051=ORIENTED_EDGE('',*,*,#1834,.F.);
#1052=ORIENTED_EDGE('',*,*,#1790,.F.);
#1053=ORIENTED_EDGE('',*,*,#1835,.F.);
#1054=ORIENTED_EDGE('',*,*,#1791,.F.);
#1055=ORIENTED_EDGE('',*,*,#1834,.T.);
#1056=ORIENTED_EDGE('',*,*,#1836,.T.);
#1057=ORIENTED_EDGE('',*,*,#1837,.T.);
#1058=ORIENTED_EDGE('',*,*,#1838,.F.);
#1059=ORIENTED_EDGE('',*,*,#1792,.F.);
#1060=ORIENTED_EDGE('',*,*,#1835,.T.);
#1061=ORIENTED_EDGE('',*,*,#1838,.T.);
#1062=ORIENTED_EDGE('',*,*,#1839,.T.);
#1063=ORIENTED_EDGE('',*,*,#1840,.F.);
#1064=ORIENTED_EDGE('',*,*,#1793,.F.);
#1065=ORIENTED_EDGE('',*,*,#1840,.T.);
#1066=ORIENTED_EDGE('',*,*,#1841,.T.);
#1067=ORIENTED_EDGE('',*,*,#1842,.F.);
#1068=ORIENTED_EDGE('',*,*,#1794,.F.);
#1069=ORIENTED_EDGE('',*,*,#1842,.T.);
#1070=ORIENTED_EDGE('',*,*,#1843,.T.);
#1071=ORIENTED_EDGE('',*,*,#1844,.F.);
#1072=ORIENTED_EDGE('',*,*,#1795,.F.);
#1073=ORIENTED_EDGE('',*,*,#1826,.F.);
#1074=ORIENTED_EDGE('',*,*,#1796,.F.);
#1075=ORIENTED_EDGE('',*,*,#1844,.T.);
#1076=ORIENTED_EDGE('',*,*,#1845,.T.);
#1077=ORIENTED_EDGE('',*,*,#1816,.F.);
#1078=ORIENTED_EDGE('',*,*,#1846,.T.);
#1079=ORIENTED_EDGE('',*,*,#1847,.F.);
#1080=ORIENTED_EDGE('',*,*,#1848,.F.);
#1081=ORIENTED_EDGE('',*,*,#1812,.T.);
#1082=ORIENTED_EDGE('',*,*,#1801,.F.);
#1083=ORIENTED_EDGE('',*,*,#1820,.F.);
#1084=ORIENTED_EDGE('',*,*,#1804,.F.);
#1085=ORIENTED_EDGE('',*,*,#1824,.F.);
#1086=ORIENTED_EDGE('',*,*,#1849,.T.);
#1087=ORIENTED_EDGE('',*,*,#1850,.F.);
#1088=ORIENTED_EDGE('',*,*,#1851,.T.);
#1089=ORIENTED_EDGE('',*,*,#1852,.T.);
#1090=ORIENTED_EDGE('',*,*,#1853,.F.);
#1091=ORIENTED_EDGE('',*,*,#1854,.F.);
#1092=ORIENTED_EDGE('',*,*,#1855,.F.);
#1093=ORIENTED_EDGE('',*,*,#1856,.T.);
#1094=ORIENTED_EDGE('',*,*,#1857,.F.);
#1095=ORIENTED_EDGE('',*,*,#1852,.F.);
#1096=ORIENTED_EDGE('',*,*,#1858,.F.);
#1097=ORIENTED_EDGE('',*,*,#1859,.F.);
#1098=ORIENTED_EDGE('',*,*,#1860,.F.);
#1099=ORIENTED_EDGE('',*,*,#1856,.F.);
#1100=ORIENTED_EDGE('',*,*,#1861,.F.);
#1101=ORIENTED_EDGE('',*,*,#1854,.T.);
#1102=ORIENTED_EDGE('',*,*,#1862,.F.);
#1103=ORIENTED_EDGE('',*,*,#1863,.F.);
#1104=ORIENTED_EDGE('',*,*,#1864,.F.);
#1105=ORIENTED_EDGE('',*,*,#1859,.T.);
#1106=ORIENTED_EDGE('',*,*,#1865,.F.);
#1107=ORIENTED_EDGE('',*,*,#1866,.F.);
#1108=ORIENTED_EDGE('',*,*,#1867,.F.);
#1109=ORIENTED_EDGE('',*,*,#1868,.T.);
#1110=ORIENTED_EDGE('',*,*,#1869,.T.);
#1111=ORIENTED_EDGE('',*,*,#1870,.T.);
#1112=ORIENTED_EDGE('',*,*,#1871,.T.);
#1113=ORIENTED_EDGE('',*,*,#1872,.F.);
#1114=ORIENTED_EDGE('',*,*,#1873,.F.);
#1115=ORIENTED_EDGE('',*,*,#1874,.F.);
#1116=ORIENTED_EDGE('',*,*,#1808,.T.);
#1117=ORIENTED_EDGE('',*,*,#1848,.T.);
#1118=ORIENTED_EDGE('',*,*,#1875,.F.);
#1119=ORIENTED_EDGE('',*,*,#1809,.F.);
#1120=ORIENTED_EDGE('',*,*,#1874,.T.);
#1121=ORIENTED_EDGE('',*,*,#1876,.T.);
#1122=ORIENTED_EDGE('',*,*,#1846,.F.);
#1123=ORIENTED_EDGE('',*,*,#1815,.T.);
#1124=ORIENTED_EDGE('',*,*,#1813,.T.);
#1125=ORIENTED_EDGE('',*,*,#1810,.T.);
#1126=ORIENTED_EDGE('',*,*,#1875,.T.);
#1127=ORIENTED_EDGE('',*,*,#1877,.T.);
#1128=ORIENTED_EDGE('',*,*,#1878,.F.);
#1129=ORIENTED_EDGE('',*,*,#1879,.F.);
#1130=ORIENTED_EDGE('',*,*,#1880,.T.);
#1131=ORIENTED_EDGE('',*,*,#1881,.F.);
#1132=ORIENTED_EDGE('',*,*,#1882,.F.);
#1133=ORIENTED_EDGE('',*,*,#1883,.F.);
#1134=ORIENTED_EDGE('',*,*,#1884,.F.);
#1135=ORIENTED_EDGE('',*,*,#1885,.T.);
#1136=ORIENTED_EDGE('',*,*,#1886,.F.);
#1137=ORIENTED_EDGE('',*,*,#1821,.F.);
#1138=ORIENTED_EDGE('',*,*,#1851,.F.);
#1139=ORIENTED_EDGE('',*,*,#1887,.T.);
#1140=ORIENTED_EDGE('',*,*,#1888,.F.);
#1141=ORIENTED_EDGE('',*,*,#1889,.F.);
#1142=ORIENTED_EDGE('',*,*,#1825,.F.);
#1143=ORIENTED_EDGE('',*,*,#1818,.T.);
#1144=ORIENTED_EDGE('',*,*,#1889,.T.);
#1145=ORIENTED_EDGE('',*,*,#1890,.F.);
#1146=ORIENTED_EDGE('',*,*,#1891,.F.);
#1147=ORIENTED_EDGE('',*,*,#1822,.T.);
#1148=ORIENTED_EDGE('',*,*,#1892,.T.);
#1149=ORIENTED_EDGE('',*,*,#1849,.F.);
#1150=ORIENTED_EDGE('',*,*,#1823,.F.);
#1151=ORIENTED_EDGE('',*,*,#1891,.T.);
#1152=ORIENTED_EDGE('',*,*,#1893,.T.);
#1153=ORIENTED_EDGE('',*,*,#1894,.T.);
#1154=ORIENTED_EDGE('',*,*,#1827,.F.);
#1155=ORIENTED_EDGE('',*,*,#1895,.F.);
#1156=ORIENTED_EDGE('',*,*,#1896,.F.);
#1157=ORIENTED_EDGE('',*,*,#1897,.T.);
#1158=ORIENTED_EDGE('',*,*,#1829,.F.);
#1159=ORIENTED_EDGE('',*,*,#1894,.F.);
#1160=ORIENTED_EDGE('',*,*,#1898,.F.);
#1161=ORIENTED_EDGE('',*,*,#1899,.T.);
#1162=ORIENTED_EDGE('',*,*,#1831,.F.);
#1163=ORIENTED_EDGE('',*,*,#1897,.F.);
#1164=ORIENTED_EDGE('',*,*,#1900,.F.);
#1165=ORIENTED_EDGE('',*,*,#1899,.F.);
#1166=ORIENTED_EDGE('',*,*,#1901,.F.);
#1167=ORIENTED_EDGE('',*,*,#1902,.F.);
#1168=ORIENTED_EDGE('',*,*,#1833,.F.);
#1169=ORIENTED_EDGE('',*,*,#1902,.T.);
#1170=ORIENTED_EDGE('',*,*,#1903,.F.);
#1171=ORIENTED_EDGE('',*,*,#1904,.F.);
#1172=ORIENTED_EDGE('',*,*,#1836,.F.);
#1173=ORIENTED_EDGE('',*,*,#1904,.T.);
#1174=ORIENTED_EDGE('',*,*,#1905,.F.);
#1175=ORIENTED_EDGE('',*,*,#1906,.F.);
#1176=ORIENTED_EDGE('',*,*,#1837,.F.);
#1177=ORIENTED_EDGE('',*,*,#1906,.T.);
#1178=ORIENTED_EDGE('',*,*,#1907,.F.);
#1179=ORIENTED_EDGE('',*,*,#1908,.F.);
#1180=ORIENTED_EDGE('',*,*,#1839,.F.);
#1181=ORIENTED_EDGE('',*,*,#1908,.T.);
#1182=ORIENTED_EDGE('',*,*,#1909,.F.);
#1183=ORIENTED_EDGE('',*,*,#1910,.F.);
#1184=ORIENTED_EDGE('',*,*,#1841,.F.);
#1185=ORIENTED_EDGE('',*,*,#1910,.T.);
#1186=ORIENTED_EDGE('',*,*,#1911,.F.);
#1187=ORIENTED_EDGE('',*,*,#1912,.T.);
#1188=ORIENTED_EDGE('',*,*,#1843,.F.);
#1189=ORIENTED_EDGE('',*,*,#1895,.T.);
#1190=ORIENTED_EDGE('',*,*,#1845,.F.);
#1191=ORIENTED_EDGE('',*,*,#1912,.F.);
#1192=ORIENTED_EDGE('',*,*,#1913,.F.);
#1193=ORIENTED_EDGE('',*,*,#1914,.F.);
#1194=ORIENTED_EDGE('',*,*,#1915,.T.);
#1195=ORIENTED_EDGE('',*,*,#1916,.F.);
#1196=ORIENTED_EDGE('',*,*,#1872,.T.);
#1197=ORIENTED_EDGE('',*,*,#1847,.T.);
#1198=ORIENTED_EDGE('',*,*,#1878,.T.);
#1199=ORIENTED_EDGE('',*,*,#1917,.F.);
#1200=ORIENTED_EDGE('',*,*,#1918,.T.);
#1201=ORIENTED_EDGE('',*,*,#1919,.F.);
#1202=ORIENTED_EDGE('',*,*,#1920,.F.);
#1203=ORIENTED_EDGE('',*,*,#1921,.F.);
#1204=ORIENTED_EDGE('',*,*,#1915,.F.);
#1205=ORIENTED_EDGE('',*,*,#1922,.F.);
#1206=ORIENTED_EDGE('',*,*,#1923,.T.);
#1207=ORIENTED_EDGE('',*,*,#1924,.F.);
#1208=ORIENTED_EDGE('',*,*,#1920,.T.);
#1209=ORIENTED_EDGE('',*,*,#1925,.F.);
#1210=ORIENTED_EDGE('',*,*,#1926,.F.);
#1211=ORIENTED_EDGE('',*,*,#1927,.F.);
#1212=ORIENTED_EDGE('',*,*,#1923,.F.);
#1213=ORIENTED_EDGE('',*,*,#1928,.F.);
#1214=ORIENTED_EDGE('',*,*,#1926,.T.);
#1215=ORIENTED_EDGE('',*,*,#1929,.T.);
#1216=ORIENTED_EDGE('',*,*,#1930,.T.);
#1217=ORIENTED_EDGE('',*,*,#1931,.F.);
#1218=ORIENTED_EDGE('',*,*,#1887,.F.);
#1219=ORIENTED_EDGE('',*,*,#1850,.T.);
#1220=ORIENTED_EDGE('',*,*,#1892,.F.);
#1221=ORIENTED_EDGE('',*,*,#1932,.F.);
#1222=ORIENTED_EDGE('',*,*,#1860,.T.);
#1223=ORIENTED_EDGE('',*,*,#1933,.F.);
#1224=ORIENTED_EDGE('',*,*,#1934,.F.);
#1225=ORIENTED_EDGE('',*,*,#1935,.T.);
#1226=ORIENTED_EDGE('',*,*,#1857,.T.);
#1227=ORIENTED_EDGE('',*,*,#1932,.T.);
#1228=ORIENTED_EDGE('',*,*,#1936,.F.);
#1229=ORIENTED_EDGE('',*,*,#1937,.F.);
#1230=ORIENTED_EDGE('',*,*,#1853,.T.);
#1231=ORIENTED_EDGE('',*,*,#1935,.F.);
#1232=ORIENTED_EDGE('',*,*,#1938,.F.);
#1233=ORIENTED_EDGE('',*,*,#1939,.F.);
#1234=ORIENTED_EDGE('',*,*,#1940,.T.);
#1235=ORIENTED_EDGE('',*,*,#1941,.T.);
#1236=ORIENTED_EDGE('',*,*,#1942,.T.);
#1237=ORIENTED_EDGE('',*,*,#1943,.F.);
#1238=ORIENTED_EDGE('',*,*,#1940,.F.);
#1239=ORIENTED_EDGE('',*,*,#1944,.F.);
#1240=ORIENTED_EDGE('',*,*,#1945,.F.);
#1241=ORIENTED_EDGE('',*,*,#1946,.T.);
#1242=ORIENTED_EDGE('',*,*,#1947,.T.);
#1243=ORIENTED_EDGE('',*,*,#1948,.F.);
#1244=ORIENTED_EDGE('',*,*,#1945,.T.);
#1245=ORIENTED_EDGE('',*,*,#1949,.F.);
#1246=ORIENTED_EDGE('',*,*,#1950,.F.);
#1247=ORIENTED_EDGE('',*,*,#1951,.F.);
#1248=ORIENTED_EDGE('',*,*,#1947,.F.);
#1249=ORIENTED_EDGE('',*,*,#1952,.F.);
#1250=ORIENTED_EDGE('',*,*,#1950,.T.);
#1251=ORIENTED_EDGE('',*,*,#1953,.T.);
#1252=ORIENTED_EDGE('',*,*,#1954,.T.);
#1253=ORIENTED_EDGE('',*,*,#1955,.T.);
#1254=ORIENTED_EDGE('',*,*,#1862,.T.);
#1255=ORIENTED_EDGE('',*,*,#1937,.T.);
#1256=ORIENTED_EDGE('',*,*,#1956,.T.);
#1257=ORIENTED_EDGE('',*,*,#1863,.T.);
#1258=ORIENTED_EDGE('',*,*,#1957,.F.);
#1259=ORIENTED_EDGE('',*,*,#1958,.T.);
#1260=ORIENTED_EDGE('',*,*,#1959,.F.);
#1261=ORIENTED_EDGE('',*,*,#1864,.T.);
#1262=ORIENTED_EDGE('',*,*,#1959,.T.);
#1263=ORIENTED_EDGE('',*,*,#1960,.T.);
#1264=ORIENTED_EDGE('',*,*,#1961,.T.);
#1265=ORIENTED_EDGE('',*,*,#1865,.T.);
#1266=ORIENTED_EDGE('',*,*,#1861,.T.);
#1267=ORIENTED_EDGE('',*,*,#1858,.T.);
#1268=ORIENTED_EDGE('',*,*,#1855,.T.);
#1269=ORIENTED_EDGE('',*,*,#1866,.T.);
#1270=ORIENTED_EDGE('',*,*,#1961,.F.);
#1271=ORIENTED_EDGE('',*,*,#1962,.F.);
#1272=ORIENTED_EDGE('',*,*,#1963,.F.);
#1273=ORIENTED_EDGE('',*,*,#1933,.T.);
#1274=ORIENTED_EDGE('',*,*,#1867,.T.);
#1275=ORIENTED_EDGE('',*,*,#1964,.T.);
#1276=ORIENTED_EDGE('',*,*,#1965,.F.);
#1277=ORIENTED_EDGE('',*,*,#1966,.F.);
#1278=ORIENTED_EDGE('',*,*,#1967,.F.);
#1279=ORIENTED_EDGE('',*,*,#1968,.F.);
#1280=ORIENTED_EDGE('',*,*,#1969,.F.);
#1281=ORIENTED_EDGE('',*,*,#1970,.F.);
#1282=ORIENTED_EDGE('',*,*,#1971,.F.);
#1283=ORIENTED_EDGE('',*,*,#1671,.F.);
#1284=ORIENTED_EDGE('',*,*,#1972,.T.);
#1285=ORIENTED_EDGE('',*,*,#1871,.F.);
#1286=ORIENTED_EDGE('',*,*,#1973,.F.);
#1287=ORIENTED_EDGE('',*,*,#1670,.F.);
#1288=ORIENTED_EDGE('',*,*,#1974,.T.);
#1289=ORIENTED_EDGE('',*,*,#1868,.F.);
#1290=ORIENTED_EDGE('',*,*,#1972,.F.);
#1291=ORIENTED_EDGE('',*,*,#1669,.F.);
#1292=ORIENTED_EDGE('',*,*,#1975,.T.);
#1293=ORIENTED_EDGE('',*,*,#1869,.F.);
#1294=ORIENTED_EDGE('',*,*,#1974,.F.);
#1295=ORIENTED_EDGE('',*,*,#1973,.T.);
#1296=ORIENTED_EDGE('',*,*,#1870,.F.);
#1297=ORIENTED_EDGE('',*,*,#1975,.F.);
#1298=ORIENTED_EDGE('',*,*,#1668,.F.);
#1299=ORIENTED_EDGE('',*,*,#1976,.T.);
#1300=ORIENTED_EDGE('',*,*,#1966,.T.);
#1301=ORIENTED_EDGE('',*,*,#1977,.F.);
#1302=ORIENTED_EDGE('',*,*,#1676,.F.);
#1303=ORIENTED_EDGE('',*,*,#1978,.T.);
#1304=ORIENTED_EDGE('',*,*,#1979,.T.);
#1305=ORIENTED_EDGE('',*,*,#1980,.F.);
#1306=ORIENTED_EDGE('',*,*,#1672,.F.);
#1307=ORIENTED_EDGE('',*,*,#1981,.F.);
#1308=ORIENTED_EDGE('',*,*,#1685,.F.);
#1309=ORIENTED_EDGE('',*,*,#1982,.F.);
#1310=ORIENTED_EDGE('',*,*,#1954,.F.);
#1311=ORIENTED_EDGE('',*,*,#1983,.F.);
#1312=ORIENTED_EDGE('',*,*,#1930,.F.);
#1313=ORIENTED_EDGE('',*,*,#1984,.F.);
#1314=ORIENTED_EDGE('',*,*,#1683,.F.);
#1315=ORIENTED_EDGE('',*,*,#1681,.T.);
#1316=ORIENTED_EDGE('',*,*,#1985,.T.);
#1317=ORIENTED_EDGE('',*,*,#1885,.F.);
#1318=ORIENTED_EDGE('',*,*,#1986,.F.);
#1319=ORIENTED_EDGE('',*,*,#1680,.F.);
#1320=ORIENTED_EDGE('',*,*,#1987,.T.);
#1321=ORIENTED_EDGE('',*,*,#1988,.F.);
#1322=ORIENTED_EDGE('',*,*,#1989,.F.);
#1323=ORIENTED_EDGE('',*,*,#1696,.F.);
#1324=ORIENTED_EDGE('',*,*,#1990,.F.);
#1325=ORIENTED_EDGE('',*,*,#1881,.T.);
#1326=ORIENTED_EDGE('',*,*,#1991,.F.);
#1327=ORIENTED_EDGE('',*,*,#1703,.T.);
#1328=ORIENTED_EDGE('',*,*,#1992,.F.);
#1329=ORIENTED_EDGE('',*,*,#1886,.T.);
#1330=ORIENTED_EDGE('',*,*,#1985,.F.);
#1331=ORIENTED_EDGE('',*,*,#1883,.T.);
#1332=ORIENTED_EDGE('',*,*,#1992,.T.);
#1333=ORIENTED_EDGE('',*,*,#1706,.F.);
#1334=ORIENTED_EDGE('',*,*,#1993,.F.);
#1335=ORIENTED_EDGE('',*,*,#1704,.T.);
#1336=ORIENTED_EDGE('',*,*,#1991,.T.);
#1337=ORIENTED_EDGE('',*,*,#1880,.F.);
#1338=ORIENTED_EDGE('',*,*,#1994,.F.);
#1339=ORIENTED_EDGE('',*,*,#1882,.T.);
#1340=ORIENTED_EDGE('',*,*,#1990,.T.);
#1341=ORIENTED_EDGE('',*,*,#1695,.F.);
#1342=ORIENTED_EDGE('',*,*,#1995,.F.);
#1343=ORIENTED_EDGE('',*,*,#1913,.T.);
#1344=ORIENTED_EDGE('',*,*,#1911,.T.);
#1345=ORIENTED_EDGE('',*,*,#1909,.T.);
#1346=ORIENTED_EDGE('',*,*,#1907,.T.);
#1347=ORIENTED_EDGE('',*,*,#1905,.T.);
#1348=ORIENTED_EDGE('',*,*,#1903,.T.);
#1349=ORIENTED_EDGE('',*,*,#1901,.T.);
#1350=ORIENTED_EDGE('',*,*,#1900,.T.);
#1351=ORIENTED_EDGE('',*,*,#1898,.T.);
#1352=ORIENTED_EDGE('',*,*,#1896,.T.);
#1353=ORIENTED_EDGE('',*,*,#1924,.T.);
#1354=ORIENTED_EDGE('',*,*,#1927,.T.);
#1355=ORIENTED_EDGE('',*,*,#1928,.T.);
#1356=ORIENTED_EDGE('',*,*,#1893,.F.);
#1357=ORIENTED_EDGE('',*,*,#1890,.T.);
#1358=ORIENTED_EDGE('',*,*,#1888,.T.);
#1359=ORIENTED_EDGE('',*,*,#1931,.T.);
#1360=ORIENTED_EDGE('',*,*,#1983,.T.);
#1361=ORIENTED_EDGE('',*,*,#1682,.T.);
#1362=ORIENTED_EDGE('',*,*,#1986,.T.);
#1363=ORIENTED_EDGE('',*,*,#1884,.T.);
#1364=ORIENTED_EDGE('',*,*,#1993,.T.);
#1365=ORIENTED_EDGE('',*,*,#1705,.T.);
#1366=ORIENTED_EDGE('',*,*,#1994,.T.);
#1367=ORIENTED_EDGE('',*,*,#1879,.T.);
#1368=ORIENTED_EDGE('',*,*,#1995,.T.);
#1369=ORIENTED_EDGE('',*,*,#1694,.T.);
#1370=ORIENTED_EDGE('',*,*,#1996,.T.);
#1371=ORIENTED_EDGE('',*,*,#1917,.T.);
#1372=ORIENTED_EDGE('',*,*,#1877,.F.);
#1373=ORIENTED_EDGE('',*,*,#1876,.F.);
#1374=ORIENTED_EDGE('',*,*,#1873,.T.);
#1375=ORIENTED_EDGE('',*,*,#1916,.T.);
#1376=ORIENTED_EDGE('',*,*,#1921,.T.);
#1377=ORIENTED_EDGE('',*,*,#1997,.F.);
#1378=ORIENTED_EDGE('',*,*,#1918,.F.);
#1379=ORIENTED_EDGE('',*,*,#1996,.F.);
#1380=ORIENTED_EDGE('',*,*,#1693,.F.);
#1381=ORIENTED_EDGE('',*,*,#1929,.F.);
#1382=ORIENTED_EDGE('',*,*,#1925,.T.);
#1383=ORIENTED_EDGE('',*,*,#1922,.T.);
#1384=ORIENTED_EDGE('',*,*,#1919,.T.);
#1385=ORIENTED_EDGE('',*,*,#1914,.T.);
#1386=ORIENTED_EDGE('',*,*,#1997,.T.);
#1387=ORIENTED_EDGE('',*,*,#1692,.T.);
#1388=ORIENTED_EDGE('',*,*,#1998,.T.);
#1389=ORIENTED_EDGE('',*,*,#1941,.F.);
#1390=ORIENTED_EDGE('',*,*,#1943,.T.);
#1391=ORIENTED_EDGE('',*,*,#1948,.T.);
#1392=ORIENTED_EDGE('',*,*,#1951,.T.);
#1393=ORIENTED_EDGE('',*,*,#1952,.T.);
#1394=ORIENTED_EDGE('',*,*,#1982,.T.);
#1395=ORIENTED_EDGE('',*,*,#1684,.T.);
#1396=ORIENTED_EDGE('',*,*,#1984,.T.);
#1397=ORIENTED_EDGE('',*,*,#1998,.F.);
#1398=ORIENTED_EDGE('',*,*,#1691,.F.);
#1399=ORIENTED_EDGE('',*,*,#1999,.F.);
#1400=ORIENTED_EDGE('',*,*,#1942,.F.);
#1401=ORIENTED_EDGE('',*,*,#1965,.T.);
#1402=ORIENTED_EDGE('',*,*,#2000,.T.);
#1403=ORIENTED_EDGE('',*,*,#1686,.T.);
#1404=ORIENTED_EDGE('',*,*,#1981,.T.);
#1405=ORIENTED_EDGE('',*,*,#1953,.F.);
#1406=ORIENTED_EDGE('',*,*,#1949,.T.);
#1407=ORIENTED_EDGE('',*,*,#1946,.F.);
#1408=ORIENTED_EDGE('',*,*,#1944,.T.);
#1409=ORIENTED_EDGE('',*,*,#1939,.T.);
#1410=ORIENTED_EDGE('',*,*,#1999,.T.);
#1411=ORIENTED_EDGE('',*,*,#1690,.T.);
#1412=ORIENTED_EDGE('',*,*,#2001,.T.);
#1413=ORIENTED_EDGE('',*,*,#1956,.F.);
#1414=ORIENTED_EDGE('',*,*,#1938,.T.);
#1415=ORIENTED_EDGE('',*,*,#1936,.T.);
#1416=ORIENTED_EDGE('',*,*,#1934,.T.);
#1417=ORIENTED_EDGE('',*,*,#1689,.F.);
#1418=ORIENTED_EDGE('',*,*,#1957,.T.);
#1419=ORIENTED_EDGE('',*,*,#1955,.F.);
#1420=ORIENTED_EDGE('',*,*,#2001,.F.);
#1421=ORIENTED_EDGE('',*,*,#1962,.T.);
#1422=ORIENTED_EDGE('',*,*,#1960,.F.);
#1423=ORIENTED_EDGE('',*,*,#1958,.F.);
#1424=ORIENTED_EDGE('',*,*,#1688,.F.);
#1425=ORIENTED_EDGE('',*,*,#1964,.F.);
#1426=ORIENTED_EDGE('',*,*,#1963,.T.);
#1427=ORIENTED_EDGE('',*,*,#1687,.F.);
#1428=ORIENTED_EDGE('',*,*,#2000,.F.);
#1429=ORIENTED_EDGE('',*,*,#1976,.F.);
#1430=ORIENTED_EDGE('',*,*,#1667,.T.);
#1431=ORIENTED_EDGE('',*,*,#2002,.T.);
#1432=ORIENTED_EDGE('',*,*,#1967,.T.);
#1433=ORIENTED_EDGE('',*,*,#2002,.F.);
#1434=ORIENTED_EDGE('',*,*,#1678,.T.);
#1435=ORIENTED_EDGE('',*,*,#2003,.T.);
#1436=ORIENTED_EDGE('',*,*,#1968,.T.);
#1437=ORIENTED_EDGE('',*,*,#2003,.F.);
#1438=ORIENTED_EDGE('',*,*,#1677,.T.);
#1439=ORIENTED_EDGE('',*,*,#1977,.T.);
#1440=ORIENTED_EDGE('',*,*,#1969,.T.);
#1441=ORIENTED_EDGE('',*,*,#1970,.T.);
#1442=ORIENTED_EDGE('',*,*,#1666,.F.);
#1443=ORIENTED_EDGE('',*,*,#1971,.T.);
#1444=ORIENTED_EDGE('',*,*,#1665,.F.);
#1445=ORIENTED_EDGE('',*,*,#1679,.T.);
#1446=ORIENTED_EDGE('',*,*,#2004,.T.);
#1447=ORIENTED_EDGE('',*,*,#2005,.F.);
#1448=ORIENTED_EDGE('',*,*,#1987,.F.);
#1449=ORIENTED_EDGE('',*,*,#1702,.T.);
#1450=ORIENTED_EDGE('',*,*,#2006,.T.);
#1451=ORIENTED_EDGE('',*,*,#2007,.F.);
#1452=ORIENTED_EDGE('',*,*,#2004,.F.);
#1453=ORIENTED_EDGE('',*,*,#1701,.T.);
#1454=ORIENTED_EDGE('',*,*,#2008,.T.);
#1455=ORIENTED_EDGE('',*,*,#2009,.F.);
#1456=ORIENTED_EDGE('',*,*,#2006,.F.);
#1457=ORIENTED_EDGE('',*,*,#1700,.T.);
#1458=ORIENTED_EDGE('',*,*,#2010,.T.);
#1459=ORIENTED_EDGE('',*,*,#2011,.F.);
#1460=ORIENTED_EDGE('',*,*,#2008,.F.);
#1461=ORIENTED_EDGE('',*,*,#1699,.T.);
#1462=ORIENTED_EDGE('',*,*,#2012,.T.);
#1463=ORIENTED_EDGE('',*,*,#2013,.F.);
#1464=ORIENTED_EDGE('',*,*,#2010,.F.);
#1465=ORIENTED_EDGE('',*,*,#1698,.T.);
#1466=ORIENTED_EDGE('',*,*,#2014,.T.);
#1467=ORIENTED_EDGE('',*,*,#2015,.F.);
#1468=ORIENTED_EDGE('',*,*,#2012,.F.);
#1469=ORIENTED_EDGE('',*,*,#1697,.T.);
#1470=ORIENTED_EDGE('',*,*,#1989,.T.);
#1471=ORIENTED_EDGE('',*,*,#2016,.F.);
#1472=ORIENTED_EDGE('',*,*,#2014,.F.);
#1473=ORIENTED_EDGE('',*,*,#2017,.F.);
#1474=ORIENTED_EDGE('',*,*,#2018,.F.);
#1475=ORIENTED_EDGE('',*,*,#2019,.F.);
#1476=ORIENTED_EDGE('',*,*,#2020,.F.);
#1477=ORIENTED_EDGE('',*,*,#2021,.F.);
#1478=ORIENTED_EDGE('',*,*,#2022,.F.);
#1479=ORIENTED_EDGE('',*,*,#2023,.F.);
#1480=ORIENTED_EDGE('',*,*,#2024,.F.);
#1481=ORIENTED_EDGE('',*,*,#2025,.F.);
#1482=ORIENTED_EDGE('',*,*,#2026,.F.);
#1483=ORIENTED_EDGE('',*,*,#2027,.F.);
#1484=ORIENTED_EDGE('',*,*,#2028,.F.);
#1485=ORIENTED_EDGE('',*,*,#2029,.F.);
#1486=ORIENTED_EDGE('',*,*,#2030,.F.);
#1487=ORIENTED_EDGE('',*,*,#2031,.F.);
#1488=ORIENTED_EDGE('',*,*,#2032,.F.);
#1489=ORIENTED_EDGE('',*,*,#2005,.T.);
#1490=ORIENTED_EDGE('',*,*,#2007,.T.);
#1491=ORIENTED_EDGE('',*,*,#2009,.T.);
#1492=ORIENTED_EDGE('',*,*,#2011,.T.);
#1493=ORIENTED_EDGE('',*,*,#2013,.T.);
#1494=ORIENTED_EDGE('',*,*,#2015,.T.);
#1495=ORIENTED_EDGE('',*,*,#2016,.T.);
#1496=ORIENTED_EDGE('',*,*,#1988,.T.);
#1497=ORIENTED_EDGE('',*,*,#2033,.T.);
#1498=ORIENTED_EDGE('',*,*,#2034,.T.);
#1499=ORIENTED_EDGE('',*,*,#2035,.T.);
#1500=ORIENTED_EDGE('',*,*,#2036,.F.);
#1501=ORIENTED_EDGE('',*,*,#2037,.T.);
#1502=ORIENTED_EDGE('',*,*,#2038,.T.);
#1503=ORIENTED_EDGE('',*,*,#2039,.T.);
#1504=ORIENTED_EDGE('',*,*,#2036,.T.);
#1505=ORIENTED_EDGE('',*,*,#2040,.T.);
#1506=ORIENTED_EDGE('',*,*,#2041,.T.);
#1507=ORIENTED_EDGE('',*,*,#2042,.T.);
#1508=ORIENTED_EDGE('',*,*,#2038,.F.);
#1509=ORIENTED_EDGE('',*,*,#2043,.T.);
#1510=ORIENTED_EDGE('',*,*,#2044,.F.);
#1511=ORIENTED_EDGE('',*,*,#2045,.T.);
#1512=ORIENTED_EDGE('',*,*,#2034,.F.);
#1513=ORIENTED_EDGE('',*,*,#2046,.T.);
#1514=ORIENTED_EDGE('',*,*,#2017,.T.);
#1515=ORIENTED_EDGE('',*,*,#2047,.F.);
#1516=ORIENTED_EDGE('',*,*,#2043,.F.);
#1517=ORIENTED_EDGE('',*,*,#2033,.F.);
#1518=ORIENTED_EDGE('',*,*,#2039,.F.);
#1519=ORIENTED_EDGE('',*,*,#2042,.F.);
#1520=ORIENTED_EDGE('',*,*,#2041,.F.);
#1521=ORIENTED_EDGE('',*,*,#2048,.F.);
#1522=ORIENTED_EDGE('',*,*,#2018,.T.);
#1523=ORIENTED_EDGE('',*,*,#2046,.F.);
#1524=ORIENTED_EDGE('',*,*,#2045,.F.);
#1525=ORIENTED_EDGE('',*,*,#2049,.F.);
#1526=ORIENTED_EDGE('',*,*,#2019,.T.);
#1527=ORIENTED_EDGE('',*,*,#2048,.T.);
#1528=ORIENTED_EDGE('',*,*,#2040,.F.);
#1529=ORIENTED_EDGE('',*,*,#2037,.F.);
#1530=ORIENTED_EDGE('',*,*,#2035,.F.);
#1531=ORIENTED_EDGE('',*,*,#2047,.T.);
#1532=ORIENTED_EDGE('',*,*,#2020,.T.);
#1533=ORIENTED_EDGE('',*,*,#2049,.T.);
#1534=ORIENTED_EDGE('',*,*,#2044,.T.);
#1535=ORIENTED_EDGE('',*,*,#2050,.F.);
#1536=ORIENTED_EDGE('',*,*,#2051,.T.);
#1537=ORIENTED_EDGE('',*,*,#2052,.F.);
#1538=ORIENTED_EDGE('',*,*,#2053,.F.);
#1539=ORIENTED_EDGE('',*,*,#2054,.F.);
#1540=ORIENTED_EDGE('',*,*,#2055,.F.);
#1541=ORIENTED_EDGE('',*,*,#2056,.F.);
#1542=ORIENTED_EDGE('',*,*,#2051,.F.);
#1543=ORIENTED_EDGE('',*,*,#2057,.F.);
#1544=ORIENTED_EDGE('',*,*,#2055,.T.);
#1545=ORIENTED_EDGE('',*,*,#2058,.F.);
#1546=ORIENTED_EDGE('',*,*,#2059,.F.);
#1547=ORIENTED_EDGE('',*,*,#2060,.F.);
#1548=ORIENTED_EDGE('',*,*,#2059,.T.);
#1549=ORIENTED_EDGE('',*,*,#2061,.F.);
#1550=ORIENTED_EDGE('',*,*,#2062,.T.);
#1551=ORIENTED_EDGE('',*,*,#2063,.T.);
#1552=ORIENTED_EDGE('',*,*,#2021,.T.);
#1553=ORIENTED_EDGE('',*,*,#2064,.T.);
#1554=ORIENTED_EDGE('',*,*,#2053,.T.);
#1555=ORIENTED_EDGE('',*,*,#2065,.T.);
#1556=ORIENTED_EDGE('',*,*,#2022,.T.);
#1557=ORIENTED_EDGE('',*,*,#2063,.F.);
#1558=ORIENTED_EDGE('',*,*,#2052,.T.);
#1559=ORIENTED_EDGE('',*,*,#2056,.T.);
#1560=ORIENTED_EDGE('',*,*,#2057,.T.);
#1561=ORIENTED_EDGE('',*,*,#2060,.T.);
#1562=ORIENTED_EDGE('',*,*,#2062,.F.);
#1563=ORIENTED_EDGE('',*,*,#2066,.F.);
#1564=ORIENTED_EDGE('',*,*,#2023,.T.);
#1565=ORIENTED_EDGE('',*,*,#2065,.F.);
#1566=ORIENTED_EDGE('',*,*,#2050,.T.);
#1567=ORIENTED_EDGE('',*,*,#2064,.F.);
#1568=ORIENTED_EDGE('',*,*,#2024,.T.);
#1569=ORIENTED_EDGE('',*,*,#2066,.T.);
#1570=ORIENTED_EDGE('',*,*,#2061,.T.);
#1571=ORIENTED_EDGE('',*,*,#2058,.T.);
#1572=ORIENTED_EDGE('',*,*,#2054,.T.);
#1573=ORIENTED_EDGE('',*,*,#2067,.T.);
#1574=ORIENTED_EDGE('',*,*,#2068,.T.);
#1575=ORIENTED_EDGE('',*,*,#2069,.T.);
#1576=ORIENTED_EDGE('',*,*,#2070,.T.);
#1577=ORIENTED_EDGE('',*,*,#2071,.T.);
#1578=ORIENTED_EDGE('',*,*,#2072,.T.);
#1579=ORIENTED_EDGE('',*,*,#2073,.T.);
#1580=ORIENTED_EDGE('',*,*,#2070,.F.);
#1581=ORIENTED_EDGE('',*,*,#2074,.T.);
#1582=ORIENTED_EDGE('',*,*,#2075,.F.);
#1583=ORIENTED_EDGE('',*,*,#2076,.T.);
#1584=ORIENTED_EDGE('',*,*,#2072,.F.);
#1585=ORIENTED_EDGE('',*,*,#2077,.T.);
#1586=ORIENTED_EDGE('',*,*,#2078,.T.);
#1587=ORIENTED_EDGE('',*,*,#2079,.T.);
#1588=ORIENTED_EDGE('',*,*,#2068,.F.);
#1589=ORIENTED_EDGE('',*,*,#2076,.F.);
#1590=ORIENTED_EDGE('',*,*,#2080,.F.);
#1591=ORIENTED_EDGE('',*,*,#2025,.T.);
#1592=ORIENTED_EDGE('',*,*,#2081,.T.);
#1593=ORIENTED_EDGE('',*,*,#2077,.F.);
#1594=ORIENTED_EDGE('',*,*,#2067,.F.);
#1595=ORIENTED_EDGE('',*,*,#2073,.F.);
#1596=ORIENTED_EDGE('',*,*,#2082,.T.);
#1597=ORIENTED_EDGE('',*,*,#2026,.T.);
#1598=ORIENTED_EDGE('',*,*,#2080,.T.);
#1599=ORIENTED_EDGE('',*,*,#2075,.T.);
#1600=ORIENTED_EDGE('',*,*,#2083,.T.);
#1601=ORIENTED_EDGE('',*,*,#2027,.T.);
#1602=ORIENTED_EDGE('',*,*,#2082,.F.);
#1603=ORIENTED_EDGE('',*,*,#2074,.F.);
#1604=ORIENTED_EDGE('',*,*,#2071,.F.);
#1605=ORIENTED_EDGE('',*,*,#2069,.F.);
#1606=ORIENTED_EDGE('',*,*,#2079,.F.);
#1607=ORIENTED_EDGE('',*,*,#2078,.F.);
#1608=ORIENTED_EDGE('',*,*,#2081,.F.);
#1609=ORIENTED_EDGE('',*,*,#2028,.T.);
#1610=ORIENTED_EDGE('',*,*,#2083,.F.);
#1611=ORIENTED_EDGE('',*,*,#2084,.F.);
#1612=ORIENTED_EDGE('',*,*,#2085,.T.);
#1613=ORIENTED_EDGE('',*,*,#2086,.F.);
#1614=ORIENTED_EDGE('',*,*,#2087,.F.);
#1615=ORIENTED_EDGE('',*,*,#2088,.F.);
#1616=ORIENTED_EDGE('',*,*,#2089,.F.);
#1617=ORIENTED_EDGE('',*,*,#2090,.F.);
#1618=ORIENTED_EDGE('',*,*,#2085,.F.);
#1619=ORIENTED_EDGE('',*,*,#2091,.F.);
#1620=ORIENTED_EDGE('',*,*,#2089,.T.);
#1621=ORIENTED_EDGE('',*,*,#2092,.F.);
#1622=ORIENTED_EDGE('',*,*,#2093,.F.);
#1623=ORIENTED_EDGE('',*,*,#2094,.F.);
#1624=ORIENTED_EDGE('',*,*,#2093,.T.);
#1625=ORIENTED_EDGE('',*,*,#2095,.F.);
#1626=ORIENTED_EDGE('',*,*,#2096,.T.);
#1627=ORIENTED_EDGE('',*,*,#2097,.T.);
#1628=ORIENTED_EDGE('',*,*,#2029,.T.);
#1629=ORIENTED_EDGE('',*,*,#2098,.T.);
#1630=ORIENTED_EDGE('',*,*,#2087,.T.);
#1631=ORIENTED_EDGE('',*,*,#2099,.T.);
#1632=ORIENTED_EDGE('',*,*,#2030,.T.);
#1633=ORIENTED_EDGE('',*,*,#2097,.F.);
#1634=ORIENTED_EDGE('',*,*,#2086,.T.);
#1635=ORIENTED_EDGE('',*,*,#2090,.T.);
#1636=ORIENTED_EDGE('',*,*,#2091,.T.);
#1637=ORIENTED_EDGE('',*,*,#2094,.T.);
#1638=ORIENTED_EDGE('',*,*,#2096,.F.);
#1639=ORIENTED_EDGE('',*,*,#2100,.F.);
#1640=ORIENTED_EDGE('',*,*,#2031,.T.);
#1641=ORIENTED_EDGE('',*,*,#2099,.F.);
#1642=ORIENTED_EDGE('',*,*,#2084,.T.);
#1643=ORIENTED_EDGE('',*,*,#2098,.F.);
#1644=ORIENTED_EDGE('',*,*,#2032,.T.);
#1645=ORIENTED_EDGE('',*,*,#2100,.T.);
#1646=ORIENTED_EDGE('',*,*,#2095,.T.);
#1647=ORIENTED_EDGE('',*,*,#2092,.T.);
#1648=ORIENTED_EDGE('',*,*,#2088,.T.);
#1649=ORIENTED_EDGE('',*,*,#1980,.T.);
#1650=ORIENTED_EDGE('',*,*,#2101,.T.);
#1651=ORIENTED_EDGE('',*,*,#2102,.F.);
#1652=ORIENTED_EDGE('',*,*,#1673,.F.);
#1653=ORIENTED_EDGE('',*,*,#2102,.T.);
#1654=ORIENTED_EDGE('',*,*,#2103,.T.);
#1655=ORIENTED_EDGE('',*,*,#2104,.F.);
#1656=ORIENTED_EDGE('',*,*,#1674,.F.);
#1657=ORIENTED_EDGE('',*,*,#2104,.T.);
#1658=ORIENTED_EDGE('',*,*,#2105,.T.);
#1659=ORIENTED_EDGE('',*,*,#1978,.F.);
#1660=ORIENTED_EDGE('',*,*,#1675,.F.);
#1661=ORIENTED_EDGE('',*,*,#1979,.F.);
#1662=ORIENTED_EDGE('',*,*,#2105,.F.);
#1663=ORIENTED_EDGE('',*,*,#2103,.F.);
#1664=ORIENTED_EDGE('',*,*,#2101,.F.);
#1665=EDGE_CURVE('',#2106,#2106,#2393,.T.);
#1666=EDGE_CURVE('',#2107,#2107,#2394,.T.);
#1667=EDGE_CURVE('',#2108,#2109,#75,.T.);
#1668=EDGE_CURVE('',#2108,#2110,#76,.T.);
#1669=EDGE_CURVE('',#2110,#2111,#77,.T.);
#1670=EDGE_CURVE('',#2111,#2112,#78,.T.);
#1671=EDGE_CURVE('',#2112,#2113,#79,.T.);
#1672=EDGE_CURVE('',#2113,#2114,#80,.T.);
#1673=EDGE_CURVE('',#2114,#2115,#81,.T.);
#1674=EDGE_CURVE('',#2115,#2116,#82,.T.);
#1675=EDGE_CURVE('',#2116,#2117,#83,.T.);
#1676=EDGE_CURVE('',#2117,#2118,#84,.T.);
#1677=EDGE_CURVE('',#2119,#2118,#85,.T.);
#1678=EDGE_CURVE('',#2109,#2119,#86,.T.);
#1679=EDGE_CURVE('',#2120,#2121,#87,.T.);
#1680=EDGE_CURVE('',#2120,#2122,#88,.T.);
#1681=EDGE_CURVE('',#2123,#2122,#89,.T.);
#1682=EDGE_CURVE('',#2124,#2123,#90,.T.);
#1683=EDGE_CURVE('',#2124,#2125,#91,.T.);
#1684=EDGE_CURVE('',#2126,#2125,#92,.T.);
#1685=EDGE_CURVE('',#2126,#2127,#93,.F.);
#1686=EDGE_CURVE('',#2128,#2127,#94,.T.);
#1687=EDGE_CURVE('',#2128,#2129,#95,.T.);
#1688=EDGE_CURVE('',#2129,#2130,#96,.T.);
#1689=EDGE_CURVE('',#2130,#2131,#97,.T.);
#1690=EDGE_CURVE('',#2132,#2131,#98,.T.);
#1691=EDGE_CURVE('',#2132,#2133,#99,.F.);
#1692=EDGE_CURVE('',#2134,#2133,#100,.T.);
#1693=EDGE_CURVE('',#2134,#2135,#101,.T.);
#1694=EDGE_CURVE('',#2136,#2135,#102,.T.);
#1695=EDGE_CURVE('',#2136,#2137,#103,.T.);
#1696=EDGE_CURVE('',#2137,#2138,#104,.T.);
#1697=EDGE_CURVE('',#2139,#2138,#105,.T.);
#1698=EDGE_CURVE('',#2140,#2139,#106,.T.);
#1699=EDGE_CURVE('',#2141,#2140,#107,.T.);
#1700=EDGE_CURVE('',#2142,#2141,#108,.T.);
#1701=EDGE_CURVE('',#2143,#2142,#109,.T.);
#1702=EDGE_CURVE('',#2121,#2143,#110,.T.);
#1703=EDGE_CURVE('',#2144,#2145,#111,.T.);
#1704=EDGE_CURVE('',#2146,#2144,#112,.T.);
#1705=EDGE_CURVE('',#2147,#2146,#113,.T.);
#1706=EDGE_CURVE('',#2147,#2145,#114,.T.);
#1707=EDGE_CURVE('',#2148,#2148,#2395,.T.);
#1708=EDGE_CURVE('',#2149,#2149,#2396,.F.);
#1709=EDGE_CURVE('',#2150,#2150,#2397,.T.);
#1710=EDGE_CURVE('',#2151,#2151,#2398,.F.);
#1711=EDGE_CURVE('',#2152,#2152,#2399,.T.);
#1712=EDGE_CURVE('',#2153,#2154,#115,.T.);
#1713=EDGE_CURVE('',#2154,#2155,#116,.T.);
#1714=EDGE_CURVE('',#2155,#2156,#117,.T.);
#1715=EDGE_CURVE('',#2156,#2157,#118,.T.);
#1716=EDGE_CURVE('',#2157,#2158,#119,.T.);
#1717=EDGE_CURVE('',#2158,#2153,#120,.T.);
#1718=EDGE_CURVE('',#2159,#2160,#121,.T.);
#1719=EDGE_CURVE('',#2161,#2159,#18,.F.);
#1720=EDGE_CURVE('',#2153,#2161,#122,.T.);
#1721=EDGE_CURVE('',#2158,#2162,#123,.T.);
#1722=EDGE_CURVE('',#2160,#2162,#19,.F.);
#1723=EDGE_CURVE('',#2163,#2164,#124,.T.);
#1724=EDGE_CURVE('',#2165,#2163,#20,.F.);
#1725=EDGE_CURVE('',#2154,#2165,#125,.F.);
#1726=EDGE_CURVE('',#2164,#2161,#21,.F.);
#1727=EDGE_CURVE('',#2166,#2155,#126,.F.);
#1728=EDGE_CURVE('',#2167,#2165,#22,.F.);
#1729=EDGE_CURVE('',#2168,#2167,#127,.T.);
#1730=EDGE_CURVE('',#2166,#2168,#23,.F.);
#1731=EDGE_CURVE('',#2169,#2156,#128,.F.);
#1732=EDGE_CURVE('',#2170,#2166,#24,.F.);
#1733=EDGE_CURVE('',#2171,#2170,#129,.T.);
#1734=EDGE_CURVE('',#2169,#2171,#25,.F.);
#1735=EDGE_CURVE('',#2172,#2157,#130,.F.);
#1736=EDGE_CURVE('',#2173,#2169,#26,.F.);
#1737=EDGE_CURVE('',#2174,#2173,#131,.T.);
#1738=EDGE_CURVE('',#2172,#2174,#27,.F.);
#1739=EDGE_CURVE('',#2175,#2172,#28,.F.);
#1740=EDGE_CURVE('',#2176,#2175,#132,.T.);
#1741=EDGE_CURVE('',#2162,#2176,#29,.F.);
#1742=EDGE_CURVE('',#2177,#2176,#133,.F.);
#1743=EDGE_CURVE('',#2177,#2178,#2400,.T.);
#1744=EDGE_CURVE('',#2160,#2178,#134,.T.);
#1745=EDGE_CURVE('',#2179,#2159,#135,.F.);
#1746=EDGE_CURVE('',#2178,#2179,#136,.T.);
#1747=EDGE_CURVE('',#2179,#2180,#2401,.T.);
#1748=EDGE_CURVE('',#2164,#2180,#137,.T.);
#1749=EDGE_CURVE('',#2181,#2163,#138,.F.);
#1750=EDGE_CURVE('',#2180,#2181,#139,.T.);
#1751=EDGE_CURVE('',#2167,#2182,#140,.T.);
#1752=EDGE_CURVE('',#2181,#2182,#2402,.T.);
#1753=EDGE_CURVE('',#2183,#2168,#141,.F.);
#1754=EDGE_CURVE('',#2182,#2183,#142,.T.);
#1755=EDGE_CURVE('',#2183,#2184,#2403,.T.);
#1756=EDGE_CURVE('',#2170,#2184,#143,.T.);
#1757=EDGE_CURVE('',#2185,#2171,#144,.F.);
#1758=EDGE_CURVE('',#2184,#2185,#145,.T.);
#1759=EDGE_CURVE('',#2185,#2186,#2404,.T.);
#1760=EDGE_CURVE('',#2173,#2186,#146,.T.);
#1761=EDGE_CURVE('',#2187,#2174,#147,.F.);
#1762=EDGE_CURVE('',#2186,#2187,#148,.T.);
#1763=EDGE_CURVE('',#2187,#2188,#2405,.T.);
#1764=EDGE_CURVE('',#2175,#2188,#149,.T.);
#1765=EDGE_CURVE('',#2188,#2177,#150,.T.);
#1766=EDGE_CURVE('',#2189,#2178,#151,.T.);
#1767=EDGE_CURVE('',#2190,#2177,#152,.T.);
#1768=EDGE_CURVE('',#2189,#2190,#2406,.F.);
#1769=EDGE_CURVE('',#2191,#2179,#153,.T.);
#1770=EDGE_CURVE('',#2191,#2189,#154,.T.);
#1771=EDGE_CURVE('',#2192,#2180,#155,.T.);
#1772=EDGE_CURVE('',#2192,#2191,#2407,.F.);
#1773=EDGE_CURVE('',#2193,#2181,#156,.T.);
#1774=EDGE_CURVE('',#2193,#2192,#157,.T.);
#1775=EDGE_CURVE('',#2182,#2194,#158,.T.);
#1776=EDGE_CURVE('',#2194,#2193,#2408,.F.);
#1777=EDGE_CURVE('',#2195,#2194,#159,.T.);
#1778=EDGE_CURVE('',#2183,#2195,#160,.T.);
#1779=EDGE_CURVE('',#2196,#2195,#2409,.F.);
#1780=EDGE_CURVE('',#2184,#2196,#161,.T.);
#1781=EDGE_CURVE('',#2197,#2196,#162,.T.);
#1782=EDGE_CURVE('',#2185,#2197,#163,.T.);
#1783=EDGE_CURVE('',#2198,#2197,#2410,.F.);
#1784=EDGE_CURVE('',#2186,#2198,#164,.T.);
#1785=EDGE_CURVE('',#2199,#2198,#165,.T.);
#1786=EDGE_CURVE('',#2187,#2199,#166,.T.);
#1787=EDGE_CURVE('',#2200,#2188,#167,.T.);
#1788=EDGE_CURVE('',#2200,#2199,#2411,.F.);
#1789=EDGE_CURVE('',#2190,#2200,#168,.T.);
#1790=EDGE_CURVE('',#2201,#2202,#169,.T.);
#1791=EDGE_CURVE('',#2202,#2203,#170,.T.);
#1792=EDGE_CURVE('',#2203,#2204,#2412,.T.);
#1793=EDGE_CURVE('',#2204,#2205,#171,.T.);
#1794=EDGE_CURVE('',#2205,#2206,#172,.T.);
#1795=EDGE_CURVE('',#2206,#2207,#173,.T.);
#1796=EDGE_CURVE('',#2207,#2208,#174,.T.);
#1797=EDGE_CURVE('',#2208,#2209,#175,.T.);
#1798=EDGE_CURVE('',#2209,#2210,#2413,.T.);
#1799=EDGE_CURVE('',#2210,#2201,#176,.T.);
#1800=EDGE_CURVE('',#2211,#2212,#177,.T.);
#1801=EDGE_CURVE('',#2211,#2213,#178,.T.);
#1802=EDGE_CURVE('',#2214,#2213,#179,.T.);
#1803=EDGE_CURVE('',#2212,#2214,#180,.T.);
#1804=EDGE_CURVE('',#2215,#2216,#181,.T.);
#1805=EDGE_CURVE('',#2216,#2217,#182,.T.);
#1806=EDGE_CURVE('',#2218,#2217,#183,.T.);
#1807=EDGE_CURVE('',#2218,#2215,#184,.T.);
#1808=EDGE_CURVE('',#2219,#2220,#185,.T.);
#1809=EDGE_CURVE('',#2219,#2221,#186,.T.);
#1810=EDGE_CURVE('',#2222,#2221,#187,.T.);
#1811=EDGE_CURVE('',#2222,#2214,#188,.T.);
#1812=EDGE_CURVE('',#2220,#2213,#189,.T.);
#1813=EDGE_CURVE('',#2223,#2222,#190,.T.);
#1814=EDGE_CURVE('',#2223,#2212,#191,.T.);
#1815=EDGE_CURVE('',#2224,#2223,#192,.T.);
#1816=EDGE_CURVE('',#2224,#2211,#193,.T.);
#1817=EDGE_CURVE('',#2217,#2225,#194,.T.);
#1818=EDGE_CURVE('',#2226,#2225,#195,.T.);
#1819=EDGE_CURVE('',#2226,#2218,#196,.T.);
#1820=EDGE_CURVE('',#2216,#2227,#197,.T.);
#1821=EDGE_CURVE('',#2227,#2225,#198,.T.);
#1822=EDGE_CURVE('',#2228,#2229,#199,.T.);
#1823=EDGE_CURVE('',#2228,#2230,#200,.T.);
#1824=EDGE_CURVE('',#2230,#2215,#201,.T.);
#1825=EDGE_CURVE('',#2226,#2229,#202,.T.);
#1826=EDGE_CURVE('',#2208,#2231,#203,.T.);
#1827=EDGE_CURVE('',#2231,#2232,#204,.T.);
#1828=EDGE_CURVE('',#2209,#2232,#205,.T.);
#1829=EDGE_CURVE('',#2232,#2233,#2414,.T.);
#1830=EDGE_CURVE('',#2210,#2233,#206,.T.);
#1831=EDGE_CURVE('',#2233,#2234,#207,.T.);
#1832=EDGE_CURVE('',#2201,#2234,#208,.T.);
#1833=EDGE_CURVE('',#2234,#2235,#209,.T.);
#1834=EDGE_CURVE('',#2202,#2235,#210,.T.);
#1835=EDGE_CURVE('',#2203,#2236,#211,.T.);
#1836=EDGE_CURVE('',#2235,#2236,#212,.T.);
#1837=EDGE_CURVE('',#2236,#2237,#2415,.T.);
#1838=EDGE_CURVE('',#2204,#2237,#213,.T.);
#1839=EDGE_CURVE('',#2237,#2238,#214,.T.);
#1840=EDGE_CURVE('',#2205,#2238,#215,.T.);
#1841=EDGE_CURVE('',#2238,#2239,#216,.T.);
#1842=EDGE_CURVE('',#2206,#2239,#217,.T.);
#1843=EDGE_CURVE('',#2239,#2240,#218,.T.);
#1844=EDGE_CURVE('',#2207,#2240,#219,.T.);
#1845=EDGE_CURVE('',#2240,#2231,#220,.T.);
#1846=EDGE_CURVE('',#2224,#2241,#221,.T.);
#1847=EDGE_CURVE('',#2242,#2241,#222,.T.);
#1848=EDGE_CURVE('',#2220,#2242,#223,.T.);
#1849=EDGE_CURVE('',#2230,#2243,#224,.T.);
#1850=EDGE_CURVE('',#2244,#2243,#225,.T.);
#1851=EDGE_CURVE('',#2244,#2227,#226,.T.);
#1852=EDGE_CURVE('',#2245,#2246,#227,.T.);
#1853=EDGE_CURVE('',#2247,#2246,#2416,.T.);
#1854=EDGE_CURVE('',#2248,#2247,#228,.T.);
#1855=EDGE_CURVE('',#2245,#2248,#2417,.F.);
#1856=EDGE_CURVE('',#2249,#2250,#229,.T.);
#1857=EDGE_CURVE('',#2246,#2250,#230,.T.);
#1858=EDGE_CURVE('',#2249,#2245,#231,.T.);
#1859=EDGE_CURVE('',#2251,#2252,#232,.T.);
#1860=EDGE_CURVE('',#2250,#2251,#2418,.T.);
#1861=EDGE_CURVE('',#2252,#2249,#2419,.F.);
#1862=EDGE_CURVE('',#2253,#2247,#233,.T.);
#1863=EDGE_CURVE('',#2254,#2253,#234,.T.);
#1864=EDGE_CURVE('',#2248,#2254,#235,.T.);
#1865=EDGE_CURVE('',#2255,#2252,#236,.T.);
#1866=EDGE_CURVE('',#2256,#2255,#237,.T.);
#1867=EDGE_CURVE('',#2251,#2256,#238,.T.);
#1868=EDGE_CURVE('',#2257,#2258,#239,.T.);
#1869=EDGE_CURVE('',#2258,#2259,#240,.T.);
#1870=EDGE_CURVE('',#2259,#2260,#241,.T.);
#1871=EDGE_CURVE('',#2260,#2257,#242,.T.);
#1872=EDGE_CURVE('',#2261,#2242,#243,.T.);
#1873=EDGE_CURVE('',#2262,#2261,#244,.T.);
#1874=EDGE_CURVE('',#2219,#2262,#245,.T.);
#1875=EDGE_CURVE('',#2221,#2263,#246,.T.);
#1876=EDGE_CURVE('',#2262,#2263,#247,.T.);
#1877=EDGE_CURVE('',#2263,#2264,#248,.T.);
#1878=EDGE_CURVE('',#2241,#2264,#249,.T.);
#1879=EDGE_CURVE('',#2265,#2266,#250,.T.);
#1880=EDGE_CURVE('',#2265,#2267,#251,.T.);
#1881=EDGE_CURVE('',#2268,#2267,#252,.T.);
#1882=EDGE_CURVE('',#2266,#2268,#253,.T.);
#1883=EDGE_CURVE('',#2269,#2270,#254,.T.);
#1884=EDGE_CURVE('',#2271,#2269,#255,.T.);
#1885=EDGE_CURVE('',#2271,#2272,#256,.T.);
#1886=EDGE_CURVE('',#2270,#2272,#257,.T.);
#1887=EDGE_CURVE('',#2244,#2273,#258,.T.);
#1888=EDGE_CURVE('',#2274,#2273,#259,.T.);
#1889=EDGE_CURVE('',#2229,#2274,#260,.T.);
#1890=EDGE_CURVE('',#2275,#2274,#261,.T.);
#1891=EDGE_CURVE('',#2228,#2275,#262,.T.);
#1892=EDGE_CURVE('',#2276,#2243,#263,.T.);
#1893=EDGE_CURVE('',#2275,#2276,#264,.T.);
#1894=EDGE_CURVE('',#2277,#2232,#14,.T.);
#1895=EDGE_CURVE('',#2278,#2231,#265,.T.);
#1896=EDGE_CURVE('',#2277,#2278,#266,.T.);
#1897=EDGE_CURVE('',#2279,#2233,#15,.T.);
#1898=EDGE_CURVE('',#2279,#2277,#2420,.F.);
#1899=EDGE_CURVE('',#2280,#2234,#267,.T.);
#1900=EDGE_CURVE('',#2280,#2279,#268,.T.);
#1901=EDGE_CURVE('',#2281,#2280,#269,.T.);
#1902=EDGE_CURVE('',#2235,#2281,#270,.F.);
#1903=EDGE_CURVE('',#2282,#2281,#271,.T.);
#1904=EDGE_CURVE('',#2236,#2282,#16,.F.);
#1905=EDGE_CURVE('',#2283,#2282,#2421,.F.);
#1906=EDGE_CURVE('',#2237,#2283,#17,.F.);
#1907=EDGE_CURVE('',#2284,#2283,#272,.T.);
#1908=EDGE_CURVE('',#2238,#2284,#273,.F.);
#1909=EDGE_CURVE('',#2285,#2284,#274,.T.);
#1910=EDGE_CURVE('',#2239,#2285,#275,.F.);
#1911=EDGE_CURVE('',#2286,#2285,#276,.T.);
#1912=EDGE_CURVE('',#2286,#2240,#277,.F.);
#1913=EDGE_CURVE('',#2278,#2286,#278,.T.);
#1914=EDGE_CURVE('',#2287,#2288,#279,.T.);
#1915=EDGE_CURVE('',#2287,#2289,#280,.T.);
#1916=EDGE_CURVE('',#2261,#2289,#281,.T.);
#1917=EDGE_CURVE('',#2290,#2264,#282,.T.);
#1918=EDGE_CURVE('',#2290,#2288,#283,.F.);
#1919=EDGE_CURVE('',#2291,#2287,#2422,.F.);
#1920=EDGE_CURVE('',#2292,#2291,#284,.F.);
#1921=EDGE_CURVE('',#2289,#2292,#2423,.T.);
#1922=EDGE_CURVE('',#2293,#2291,#285,.T.);
#1923=EDGE_CURVE('',#2293,#2294,#286,.T.);
#1924=EDGE_CURVE('',#2292,#2294,#287,.T.);
#1925=EDGE_CURVE('',#2295,#2293,#2424,.F.);
#1926=EDGE_CURVE('',#2296,#2295,#288,.F.);
#1927=EDGE_CURVE('',#2294,#2296,#2425,.T.);
#1928=EDGE_CURVE('',#2296,#2276,#289,.T.);
#1929=EDGE_CURVE('',#2295,#2297,#290,.T.);
#1930=EDGE_CURVE('',#2297,#2298,#291,.F.);
#1931=EDGE_CURVE('',#2273,#2298,#292,.T.);
#1932=EDGE_CURVE('',#2250,#2299,#293,.T.);
#1933=EDGE_CURVE('',#2300,#2251,#294,.F.);
#1934=EDGE_CURVE('',#2299,#2300,#2426,.F.);
#1935=EDGE_CURVE('',#2301,#2246,#295,.F.);
#1936=EDGE_CURVE('',#2301,#2299,#296,.T.);
#1937=EDGE_CURVE('',#2247,#2302,#297,.T.);
#1938=EDGE_CURVE('',#2302,#2301,#2427,.F.);
#1939=EDGE_CURVE('',#2303,#2304,#298,.T.);
#1940=EDGE_CURVE('',#2303,#2305,#299,.F.);
#1941=EDGE_CURVE('',#2305,#2306,#300,.T.);
#1942=EDGE_CURVE('',#2306,#2304,#301,.T.);
#1943=EDGE_CURVE('',#2305,#2307,#2428,.T.);
#1944=EDGE_CURVE('',#2308,#2303,#2429,.T.);
#1945=EDGE_CURVE('',#2307,#2308,#302,.T.);
#1946=EDGE_CURVE('',#2308,#2309,#303,.T.);
#1947=EDGE_CURVE('',#2309,#2310,#304,.T.);
#1948=EDGE_CURVE('',#2307,#2310,#305,.T.);
#1949=EDGE_CURVE('',#2311,#2309,#2430,.T.);
#1950=EDGE_CURVE('',#2312,#2311,#306,.F.);
#1951=EDGE_CURVE('',#2310,#2312,#2431,.T.);
#1952=EDGE_CURVE('',#2312,#2313,#307,.T.);
#1953=EDGE_CURVE('',#2311,#2314,#308,.T.);
#1954=EDGE_CURVE('',#2314,#2313,#309,.T.);
#1955=EDGE_CURVE('',#2315,#2253,#310,.F.);
#1956=EDGE_CURVE('',#2302,#2315,#311,.T.);
#1957=EDGE_CURVE('',#2130,#2253,#2432,.T.);
#1958=EDGE_CURVE('',#2130,#2316,#312,.T.);
#1959=EDGE_CURVE('',#2254,#2316,#2433,.F.);
#1960=EDGE_CURVE('',#2316,#2317,#313,.T.);
#1961=EDGE_CURVE('',#2317,#2255,#2434,.F.);
#1962=EDGE_CURVE('',#2129,#2317,#314,.T.);
#1963=EDGE_CURVE('',#2256,#2129,#2435,.T.);
#1964=EDGE_CURVE('',#2256,#2318,#315,.F.);
#1965=EDGE_CURVE('',#2300,#2318,#316,.T.);
#1966=EDGE_CURVE('',#2319,#2320,#317,.T.);
#1967=EDGE_CURVE('',#2321,#2319,#318,.T.);
#1968=EDGE_CURVE('',#2322,#2321,#319,.T.);
#1969=EDGE_CURVE('',#2320,#2322,#320,.T.);
#1970=EDGE_CURVE('',#2323,#2323,#2436,.T.);
#1971=EDGE_CURVE('',#2324,#2324,#2437,.T.);
#1972=EDGE_CURVE('',#2112,#2257,#321,.T.);
#1973=EDGE_CURVE('',#2113,#2260,#322,.T.);
#1974=EDGE_CURVE('',#2111,#2258,#323,.T.);
#1975=EDGE_CURVE('',#2110,#2259,#324,.T.);
#1976=EDGE_CURVE('',#2108,#2319,#325,.T.);
#1977=EDGE_CURVE('',#2118,#2320,#326,.T.);
#1978=EDGE_CURVE('',#2117,#2325,#327,.T.);
#1979=EDGE_CURVE('',#2325,#2326,#328,.T.);
#1980=EDGE_CURVE('',#2114,#2326,#329,.T.);
#1981=EDGE_CURVE('',#2127,#2314,#2438,.T.);
#1982=EDGE_CURVE('',#2313,#2126,#2439,.T.);
#1983=EDGE_CURVE('',#2298,#2124,#2440,.T.);
#1984=EDGE_CURVE('',#2125,#2297,#2441,.F.);
#1985=EDGE_CURVE('',#2122,#2272,#330,.T.);
#1986=EDGE_CURVE('',#2123,#2271,#331,.T.);
#1987=EDGE_CURVE('',#2120,#2327,#332,.T.);
#1988=EDGE_CURVE('',#2328,#2327,#333,.T.);
#1989=EDGE_CURVE('',#2138,#2328,#334,.T.);
#1990=EDGE_CURVE('',#2268,#2137,#335,.T.);
#1991=EDGE_CURVE('',#2144,#2267,#336,.T.);
#1992=EDGE_CURVE('',#2270,#2145,#337,.T.);
#1993=EDGE_CURVE('',#2269,#2147,#338,.T.);
#1994=EDGE_CURVE('',#2146,#2265,#339,.T.);
#1995=EDGE_CURVE('',#2266,#2136,#340,.T.);
#1996=EDGE_CURVE('',#2135,#2290,#2442,.T.);
#1997=EDGE_CURVE('',#2288,#2134,#2443,.F.);
#1998=EDGE_CURVE('',#2133,#2306,#2444,.T.);
#1999=EDGE_CURVE('',#2304,#2132,#2445,.T.);
#2000=EDGE_CURVE('',#2318,#2128,#2446,.F.);
#2001=EDGE_CURVE('',#2131,#2315,#2447,.F.);
#2002=EDGE_CURVE('',#2109,#2321,#341,.T.);
#2003=EDGE_CURVE('',#2119,#2322,#342,.T.);
#2004=EDGE_CURVE('',#2121,#2329,#343,.T.);
#2005=EDGE_CURVE('',#2327,#2329,#344,.T.);
#2006=EDGE_CURVE('',#2143,#2330,#345,.T.);
#2007=EDGE_CURVE('',#2329,#2330,#346,.T.);
#2008=EDGE_CURVE('',#2142,#2331,#347,.T.);
#2009=EDGE_CURVE('',#2330,#2331,#348,.T.);
#2010=EDGE_CURVE('',#2141,#2332,#349,.T.);
#2011=EDGE_CURVE('',#2331,#2332,#350,.T.);
#2012=EDGE_CURVE('',#2140,#2333,#351,.T.);
#2013=EDGE_CURVE('',#2332,#2333,#352,.T.);
#2014=EDGE_CURVE('',#2139,#2334,#353,.T.);
#2015=EDGE_CURVE('',#2333,#2334,#354,.T.);
#2016=EDGE_CURVE('',#2334,#2328,#355,.T.);
#2017=EDGE_CURVE('',#2335,#2336,#356,.T.);
#2018=EDGE_CURVE('',#2337,#2335,#357,.T.);
#2019=EDGE_CURVE('',#2338,#2337,#358,.T.);
#2020=EDGE_CURVE('',#2336,#2338,#359,.T.);
#2021=EDGE_CURVE('',#2339,#2340,#360,.T.);
#2022=EDGE_CURVE('',#2341,#2339,#361,.T.);
#2023=EDGE_CURVE('',#2342,#2341,#362,.T.);
#2024=EDGE_CURVE('',#2340,#2342,#363,.T.);
#2025=EDGE_CURVE('',#2343,#2344,#364,.T.);
#2026=EDGE_CURVE('',#2345,#2343,#365,.T.);
#2027=EDGE_CURVE('',#2346,#2345,#366,.T.);
#2028=EDGE_CURVE('',#2344,#2346,#367,.T.);
#2029=EDGE_CURVE('',#2347,#2348,#368,.T.);
#2030=EDGE_CURVE('',#2349,#2347,#369,.T.);
#2031=EDGE_CURVE('',#2350,#2349,#370,.T.);
#2032=EDGE_CURVE('',#2348,#2350,#371,.T.);
#2033=EDGE_CURVE('',#2351,#2352,#2448,.F.);
#2034=EDGE_CURVE('',#2352,#2353,#372,.F.);
#2035=EDGE_CURVE('',#2353,#2354,#2449,.F.);
#2036=EDGE_CURVE('',#2351,#2354,#373,.F.);
#2037=EDGE_CURVE('',#2354,#2355,#2450,.F.);
#2038=EDGE_CURVE('',#2355,#2356,#374,.T.);
#2039=EDGE_CURVE('',#2356,#2351,#2451,.F.);
#2040=EDGE_CURVE('',#2355,#2357,#375,.T.);
#2041=EDGE_CURVE('',#2357,#2358,#376,.T.);
#2042=EDGE_CURVE('',#2358,#2356,#377,.T.);
#2043=EDGE_CURVE('',#2352,#2359,#378,.T.);
#2044=EDGE_CURVE('',#2360,#2359,#379,.T.);
#2045=EDGE_CURVE('',#2360,#2353,#380,.T.);
#2046=EDGE_CURVE('',#2358,#2335,#381,.T.);
#2047=EDGE_CURVE('',#2359,#2336,#382,.T.);
#2048=EDGE_CURVE('',#2337,#2357,#383,.T.);
#2049=EDGE_CURVE('',#2338,#2360,#384,.T.);
#2050=EDGE_CURVE('',#2361,#2362,#385,.T.);
#2051=EDGE_CURVE('',#2361,#2363,#386,.T.);
#2052=EDGE_CURVE('',#2364,#2363,#387,.T.);
#2053=EDGE_CURVE('',#2362,#2364,#388,.T.);
#2054=EDGE_CURVE('',#2365,#2361,#2452,.F.);
#2055=EDGE_CURVE('',#2366,#2365,#389,.F.);
#2056=EDGE_CURVE('',#2363,#2366,#2453,.F.);
#2057=EDGE_CURVE('',#2366,#2367,#2454,.F.);
#2058=EDGE_CURVE('',#2368,#2365,#2455,.F.);
#2059=EDGE_CURVE('',#2367,#2368,#390,.F.);
#2060=EDGE_CURVE('',#2367,#2369,#391,.T.);
#2061=EDGE_CURVE('',#2370,#2368,#392,.T.);
#2062=EDGE_CURVE('',#2370,#2369,#393,.T.);
#2063=EDGE_CURVE('',#2364,#2339,#394,.T.);
#2064=EDGE_CURVE('',#2340,#2362,#395,.T.);
#2065=EDGE_CURVE('',#2369,#2341,#396,.T.);
#2066=EDGE_CURVE('',#2342,#2370,#397,.T.);
#2067=EDGE_CURVE('',#2371,#2372,#2456,.F.);
#2068=EDGE_CURVE('',#2372,#2373,#398,.T.);
#2069=EDGE_CURVE('',#2373,#2374,#2457,.F.);
#2070=EDGE_CURVE('',#2374,#2371,#399,.F.);
#2071=EDGE_CURVE('',#2374,#2375,#2458,.F.);
#2072=EDGE_CURVE('',#2375,#2376,#400,.F.);
#2073=EDGE_CURVE('',#2376,#2371,#2459,.F.);
#2074=EDGE_CURVE('',#2375,#2377,#401,.T.);
#2075=EDGE_CURVE('',#2378,#2377,#402,.T.);
#2076=EDGE_CURVE('',#2378,#2376,#403,.T.);
#2077=EDGE_CURVE('',#2372,#2379,#404,.T.);
#2078=EDGE_CURVE('',#2379,#2380,#405,.T.);
#2079=EDGE_CURVE('',#2380,#2373,#406,.T.);
#2080=EDGE_CURVE('',#2343,#2378,#407,.T.);
#2081=EDGE_CURVE('',#2344,#2379,#408,.T.);
#2082=EDGE_CURVE('',#2377,#2345,#409,.T.);
#2083=EDGE_CURVE('',#2380,#2346,#410,.T.);
#2084=EDGE_CURVE('',#2381,#2382,#411,.T.);
#2085=EDGE_CURVE('',#2381,#2383,#412,.T.);
#2086=EDGE_CURVE('',#2384,#2383,#413,.T.);
#2087=EDGE_CURVE('',#2382,#2384,#414,.T.);
#2088=EDGE_CURVE('',#2385,#2381,#2460,.F.);
#2089=EDGE_CURVE('',#2386,#2385,#415,.F.);
#2090=EDGE_CURVE('',#2383,#2386,#2461,.F.);
#2091=EDGE_CURVE('',#2386,#2387,#2462,.F.);
#2092=EDGE_CURVE('',#2388,#2385,#2463,.F.);
#2093=EDGE_CURVE('',#2387,#2388,#416,.F.);
#2094=EDGE_CURVE('',#2387,#2389,#417,.T.);
#2095=EDGE_CURVE('',#2390,#2388,#418,.T.);
#2096=EDGE_CURVE('',#2390,#2389,#419,.T.);
#2097=EDGE_CURVE('',#2384,#2347,#420,.T.);
#2098=EDGE_CURVE('',#2348,#2382,#421,.T.);
#2099=EDGE_CURVE('',#2389,#2349,#422,.T.);
#2100=EDGE_CURVE('',#2350,#2390,#423,.T.);
#2101=EDGE_CURVE('',#2326,#2391,#424,.T.);
#2102=EDGE_CURVE('',#2115,#2391,#425,.T.);
#2103=EDGE_CURVE('',#2391,#2392,#426,.T.);
#2104=EDGE_CURVE('',#2116,#2392,#427,.T.);
#2105=EDGE_CURVE('',#2392,#2325,#428,.T.);
#2106=VERTEX_POINT('',#5477);
#2107=VERTEX_POINT('',#5479);
#2108=VERTEX_POINT('',#5481);
#2109=VERTEX_POINT('',#5482);
#2110=VERTEX_POINT('',#5484);
#2111=VERTEX_POINT('',#5486);
#2112=VERTEX_POINT('',#5488);
#2113=VERTEX_POINT('',#5490);
#2114=VERTEX_POINT('',#5492);
#2115=VERTEX_POINT('',#5494);
#2116=VERTEX_POINT('',#5496);
#2117=VERTEX_POINT('',#5498);
#2118=VERTEX_POINT('',#5500);
#2119=VERTEX_POINT('',#5502);
#2120=VERTEX_POINT('',#5505);
#2121=VERTEX_POINT('',#5506);
#2122=VERTEX_POINT('',#5508);
#2123=VERTEX_POINT('',#5510);
#2124=VERTEX_POINT('',#5512);
#2125=VERTEX_POINT('',#5514);
#2126=VERTEX_POINT('',#5516);
#2127=VERTEX_POINT('',#5518);
#2128=VERTEX_POINT('',#5520);
#2129=VERTEX_POINT('',#5522);
#2130=VERTEX_POINT('',#5524);
#2131=VERTEX_POINT('',#5526);
#2132=VERTEX_POINT('',#5528);
#2133=VERTEX_POINT('',#5530);
#2134=VERTEX_POINT('',#5532);
#2135=VERTEX_POINT('',#5534);
#2136=VERTEX_POINT('',#5536);
#2137=VERTEX_POINT('',#5538);
#2138=VERTEX_POINT('',#5540);
#2139=VERTEX_POINT('',#5542);
#2140=VERTEX_POINT('',#5544);
#2141=VERTEX_POINT('',#5546);
#2142=VERTEX_POINT('',#5548);
#2143=VERTEX_POINT('',#5550);
#2144=VERTEX_POINT('',#5554);
#2145=VERTEX_POINT('',#5555);
#2146=VERTEX_POINT('',#5557);
#2147=VERTEX_POINT('',#5559);
#2148=VERTEX_POINT('',#5563);
#2149=VERTEX_POINT('',#5566);
#2150=VERTEX_POINT('',#5569);
#2151=VERTEX_POINT('',#5572);
#2152=VERTEX_POINT('',#5575);
#2153=VERTEX_POINT('',#5578);
#2154=VERTEX_POINT('',#5579);
#2155=VERTEX_POINT('',#5581);
#2156=VERTEX_POINT('',#5583);
#2157=VERTEX_POINT('',#5585);
#2158=VERTEX_POINT('',#5587);
#2159=VERTEX_POINT('',#5591);
#2160=VERTEX_POINT('',#5592);
#2161=VERTEX_POINT('',#5594);
#2162=VERTEX_POINT('',#5597);
#2163=VERTEX_POINT('',#5601);
#2164=VERTEX_POINT('',#5602);
#2165=VERTEX_POINT('',#5604);
#2166=VERTEX_POINT('',#5609);
#2167=VERTEX_POINT('',#5611);
#2168=VERTEX_POINT('',#5613);
#2169=VERTEX_POINT('',#5617);
#2170=VERTEX_POINT('',#5619);
#2171=VERTEX_POINT('',#5621);
#2172=VERTEX_POINT('',#5625);
#2173=VERTEX_POINT('',#5627);
#2174=VERTEX_POINT('',#5629);
#2175=VERTEX_POINT('',#5633);
#2176=VERTEX_POINT('',#5635);
#2177=VERTEX_POINT('',#5639);
#2178=VERTEX_POINT('',#5641);
#2179=VERTEX_POINT('',#5645);
#2180=VERTEX_POINT('',#5649);
#2181=VERTEX_POINT('',#5653);
#2182=VERTEX_POINT('',#5657);
#2183=VERTEX_POINT('',#5661);
#2184=VERTEX_POINT('',#5665);
#2185=VERTEX_POINT('',#5669);
#2186=VERTEX_POINT('',#5673);
#2187=VERTEX_POINT('',#5677);
#2188=VERTEX_POINT('',#5681);
#2189=VERTEX_POINT('',#5687);
#2190=VERTEX_POINT('',#5689);
#2191=VERTEX_POINT('',#5693);
#2192=VERTEX_POINT('',#5697);
#2193=VERTEX_POINT('',#5701);
#2194=VERTEX_POINT('',#5705);
#2195=VERTEX_POINT('',#5709);
#2196=VERTEX_POINT('',#5713);
#2197=VERTEX_POINT('',#5717);
#2198=VERTEX_POINT('',#5721);
#2199=VERTEX_POINT('',#5725);
#2200=VERTEX_POINT('',#5729);
#2201=VERTEX_POINT('',#5735);
#2202=VERTEX_POINT('',#5736);
#2203=VERTEX_POINT('',#5738);
#2204=VERTEX_POINT('',#5740);
#2205=VERTEX_POINT('',#5742);
#2206=VERTEX_POINT('',#5744);
#2207=VERTEX_POINT('',#5746);
#2208=VERTEX_POINT('',#5748);
#2209=VERTEX_POINT('',#5750);
#2210=VERTEX_POINT('',#5752);
#2211=VERTEX_POINT('',#5756);
#2212=VERTEX_POINT('',#5757);
#2213=VERTEX_POINT('',#5759);
#2214=VERTEX_POINT('',#5761);
#2215=VERTEX_POINT('',#5765);
#2216=VERTEX_POINT('',#5766);
#2217=VERTEX_POINT('',#5768);
#2218=VERTEX_POINT('',#5770);
#2219=VERTEX_POINT('',#5774);
#2220=VERTEX_POINT('',#5775);
#2221=VERTEX_POINT('',#5777);
#2222=VERTEX_POINT('',#5779);
#2223=VERTEX_POINT('',#5784);
#2224=VERTEX_POINT('',#5788);
#2225=VERTEX_POINT('',#5792);
#2226=VERTEX_POINT('',#5794);
#2227=VERTEX_POINT('',#5798);
#2228=VERTEX_POINT('',#5802);
#2229=VERTEX_POINT('',#5803);
#2230=VERTEX_POINT('',#5805);
#2231=VERTEX_POINT('',#5810);
#2232=VERTEX_POINT('',#5812);
#2233=VERTEX_POINT('',#5816);
#2234=VERTEX_POINT('',#5820);
#2235=VERTEX_POINT('',#5824);
#2236=VERTEX_POINT('',#5828);
#2237=VERTEX_POINT('',#5832);
#2238=VERTEX_POINT('',#5836);
#2239=VERTEX_POINT('',#5840);
#2240=VERTEX_POINT('',#5844);
#2241=VERTEX_POINT('',#5850);
#2242=VERTEX_POINT('',#5852);
#2243=VERTEX_POINT('',#5856);
#2244=VERTEX_POINT('',#5858);
#2245=VERTEX_POINT('',#5862);
#2246=VERTEX_POINT('',#5863);
#2247=VERTEX_POINT('',#5865);
#2248=VERTEX_POINT('',#5867);
#2249=VERTEX_POINT('',#5871);
#2250=VERTEX_POINT('',#5872);
#2251=VERTEX_POINT('',#5877);
#2252=VERTEX_POINT('',#5878);
#2253=VERTEX_POINT('',#5883);
#2254=VERTEX_POINT('',#5885);
#2255=VERTEX_POINT('',#5889);
#2256=VERTEX_POINT('',#5891);
#2257=VERTEX_POINT('',#5895);
#2258=VERTEX_POINT('',#5896);
#2259=VERTEX_POINT('',#5898);
#2260=VERTEX_POINT('',#5900);
#2261=VERTEX_POINT('',#5904);
#2262=VERTEX_POINT('',#5906);
#2263=VERTEX_POINT('',#5910);
#2264=VERTEX_POINT('',#5914);
#2265=VERTEX_POINT('',#5918);
#2266=VERTEX_POINT('',#5919);
#2267=VERTEX_POINT('',#5921);
#2268=VERTEX_POINT('',#5923);
#2269=VERTEX_POINT('',#5927);
#2270=VERTEX_POINT('',#5928);
#2271=VERTEX_POINT('',#5930);
#2272=VERTEX_POINT('',#5932);
#2273=VERTEX_POINT('',#5936);
#2274=VERTEX_POINT('',#5938);
#2275=VERTEX_POINT('',#5942);
#2276=VERTEX_POINT('',#5946);
#2277=VERTEX_POINT('',#5953);
#2278=VERTEX_POINT('',#5955);
#2279=VERTEX_POINT('',#5962);
#2280=VERTEX_POINT('',#5966);
#2281=VERTEX_POINT('',#5970);
#2282=VERTEX_POINT('',#5974);
#2283=VERTEX_POINT('',#5981);
#2284=VERTEX_POINT('',#5988);
#2285=VERTEX_POINT('',#5992);
#2286=VERTEX_POINT('',#5996);
#2287=VERTEX_POINT('',#6002);
#2288=VERTEX_POINT('',#6003);
#2289=VERTEX_POINT('',#6005);
#2290=VERTEX_POINT('',#6008);
#2291=VERTEX_POINT('',#6012);
#2292=VERTEX_POINT('',#6014);
#2293=VERTEX_POINT('',#6018);
#2294=VERTEX_POINT('',#6020);
#2295=VERTEX_POINT('',#6024);
#2296=VERTEX_POINT('',#6026);
#2297=VERTEX_POINT('',#6031);
#2298=VERTEX_POINT('',#6033);
#2299=VERTEX_POINT('',#6037);
#2300=VERTEX_POINT('',#6039);
#2301=VERTEX_POINT('',#6043);
#2302=VERTEX_POINT('',#6047);
#2303=VERTEX_POINT('',#6051);
#2304=VERTEX_POINT('',#6052);
#2305=VERTEX_POINT('',#6054);
#2306=VERTEX_POINT('',#6056);
#2307=VERTEX_POINT('',#6060);
#2308=VERTEX_POINT('',#6062);
#2309=VERTEX_POINT('',#6066);
#2310=VERTEX_POINT('',#6068);
#2311=VERTEX_POINT('',#6072);
#2312=VERTEX_POINT('',#6074);
#2313=VERTEX_POINT('',#6078);
#2314=VERTEX_POINT('',#6080);
#2315=VERTEX_POINT('',#6084);
#2316=VERTEX_POINT('',#6089);
#2317=VERTEX_POINT('',#6093);
#2318=VERTEX_POINT('',#6100);
#2319=VERTEX_POINT('',#6104);
#2320=VERTEX_POINT('',#6105);
#2321=VERTEX_POINT('',#6107);
#2322=VERTEX_POINT('',#6109);
#2323=VERTEX_POINT('',#6113);
#2324=VERTEX_POINT('',#6116);
#2325=VERTEX_POINT('',#6128);
#2326=VERTEX_POINT('',#6130);
#2327=VERTEX_POINT('',#6143);
#2328=VERTEX_POINT('',#6145);
#2329=VERTEX_POINT('',#6179);
#2330=VERTEX_POINT('',#6183);
#2331=VERTEX_POINT('',#6187);
#2332=VERTEX_POINT('',#6191);
#2333=VERTEX_POINT('',#6195);
#2334=VERTEX_POINT('',#6199);
#2335=VERTEX_POINT('',#6205);
#2336=VERTEX_POINT('',#6206);
#2337=VERTEX_POINT('',#6208);
#2338=VERTEX_POINT('',#6210);
#2339=VERTEX_POINT('',#6213);
#2340=VERTEX_POINT('',#6214);
#2341=VERTEX_POINT('',#6216);
#2342=VERTEX_POINT('',#6218);
#2343=VERTEX_POINT('',#6221);
#2344=VERTEX_POINT('',#6222);
#2345=VERTEX_POINT('',#6224);
#2346=VERTEX_POINT('',#6226);
#2347=VERTEX_POINT('',#6229);
#2348=VERTEX_POINT('',#6230);
#2349=VERTEX_POINT('',#6232);
#2350=VERTEX_POINT('',#6234);
#2351=VERTEX_POINT('',#6238);
#2352=VERTEX_POINT('',#6239);
#2353=VERTEX_POINT('',#6241);
#2354=VERTEX_POINT('',#6243);
#2355=VERTEX_POINT('',#6247);
#2356=VERTEX_POINT('',#6249);
#2357=VERTEX_POINT('',#6253);
#2358=VERTEX_POINT('',#6255);
#2359=VERTEX_POINT('',#6259);
#2360=VERTEX_POINT('',#6261);
#2361=VERTEX_POINT('',#6273);
#2362=VERTEX_POINT('',#6274);
#2363=VERTEX_POINT('',#6276);
#2364=VERTEX_POINT('',#6278);
#2365=VERTEX_POINT('',#6282);
#2366=VERTEX_POINT('',#6284);
#2367=VERTEX_POINT('',#6288);
#2368=VERTEX_POINT('',#6290);
#2369=VERTEX_POINT('',#6294);
#2370=VERTEX_POINT('',#6296);
#2371=VERTEX_POINT('',#6308);
#2372=VERTEX_POINT('',#6309);
#2373=VERTEX_POINT('',#6311);
#2374=VERTEX_POINT('',#6313);
#2375=VERTEX_POINT('',#6317);
#2376=VERTEX_POINT('',#6319);
#2377=VERTEX_POINT('',#6323);
#2378=VERTEX_POINT('',#6325);
#2379=VERTEX_POINT('',#6329);
#2380=VERTEX_POINT('',#6331);
#2381=VERTEX_POINT('',#6343);
#2382=VERTEX_POINT('',#6344);
#2383=VERTEX_POINT('',#6346);
#2384=VERTEX_POINT('',#6348);
#2385=VERTEX_POINT('',#6352);
#2386=VERTEX_POINT('',#6354);
#2387=VERTEX_POINT('',#6358);
#2388=VERTEX_POINT('',#6360);
#2389=VERTEX_POINT('',#6364);
#2390=VERTEX_POINT('',#6366);
#2391=VERTEX_POINT('',#6378);
#2392=VERTEX_POINT('',#6382);
#2393=CIRCLE('',#4351,0.3);
#2394=CIRCLE('',#4352,0.3);
#2395=CIRCLE('',#4355,0.633487152625142);
#2396=CIRCLE('',#4357,0.633487152625142);
#2397=CIRCLE('',#4359,1.19399211322769);
#2398=CIRCLE('',#4361,1.19399211322769);
#2399=CIRCLE('',#4363,1.54399211322769);
#2400=CIRCLE('',#4384,0.0499999999999999);
#2401=CIRCLE('',#4387,0.0499999999999999);
#2402=CIRCLE('',#4390,0.0499999999999999);
#2403=CIRCLE('',#4393,0.0499999999999999);
#2404=CIRCLE('',#4396,0.0499999999999999);
#2405=CIRCLE('',#4399,0.0499999999999999);
#2406=CIRCLE('',#4402,0.455);
#2407=CIRCLE('',#4405,0.454999999999999);
#2408=CIRCLE('',#4408,0.454999999999986);
#2409=CIRCLE('',#4411,0.454999999999999);
#2410=CIRCLE('',#4414,0.454999999999999);
#2411=CIRCLE('',#4417,0.454999999999985);
#2412=CIRCLE('',#4420,0.700967650522186);
#2413=CIRCLE('',#4421,0.700967650522186);
#2414=CIRCLE('',#4432,0.700967650522186);
#2415=CIRCLE('',#4437,0.700967650522186);
#2416=CIRCLE('',#4445,0.35);
#2417=CIRCLE('',#4446,0.157500000000001);
#2418=CIRCLE('',#4449,0.35);
#2419=CIRCLE('',#4450,0.1575);
#2420=CIRCLE('',#4464,1.10596765052219);
#2421=CIRCLE('',#4469,1.10596765052219);
#2422=CIRCLE('',#4476,0.35);
#2423=CIRCLE('',#4477,0.35);
#2424=CIRCLE('',#4480,0.35);
#2425=CIRCLE('',#4481,0.35);
#2426=CIRCLE('',#4484,0.35);
#2427=CIRCLE('',#4487,0.35);
#2428=CIRCLE('',#4490,0.35);
#2429=CIRCLE('',#4491,0.35);
#2430=CIRCLE('',#4494,0.35);
#2431=CIRCLE('',#4495,0.35);
#2432=CIRCLE('',#4499,0.35);
#2433=CIRCLE('',#4500,0.1575);
#2434=CIRCLE('',#4502,0.157500000000001);
#2435=CIRCLE('',#4504,0.35);
#2436=CIRCLE('',#4508,0.3);
#2437=CIRCLE('',#4510,0.3);
#2438=CIRCLE('',#4516,0.35);
#2439=CIRCLE('',#4517,0.35);
#2440=CIRCLE('',#4519,0.35);
#2441=CIRCLE('',#4520,0.35);
#2442=CIRCLE('',#4527,0.35);
#2443=CIRCLE('',#4529,0.35);
#2444=CIRCLE('',#4531,0.35);
#2445=CIRCLE('',#4533,0.35);
#2446=CIRCLE('',#4535,0.35);
#2447=CIRCLE('',#4536,0.35);
#2448=CIRCLE('',#4554,0.14);
#2449=CIRCLE('',#4555,0.14);
#2450=CIRCLE('',#4557,0.14);
#2451=CIRCLE('',#4558,0.14);
#2452=CIRCLE('',#4567,0.14);
#2453=CIRCLE('',#4568,0.14);
#2454=CIRCLE('',#4570,0.14);
#2455=CIRCLE('',#4571,0.14);
#2456=CIRCLE('',#4578,0.14);
#2457=CIRCLE('',#4579,0.14);
#2458=CIRCLE('',#4581,0.14);
#2459=CIRCLE('',#4582,0.14);
#2460=CIRCLE('',#4591,0.14);
#2461=CIRCLE('',#4592,0.14);
#2462=CIRCLE('',#4594,0.14);
#2463=CIRCLE('',#4595,0.14);
#2464=EDGE_LOOP('',(#783));
#2465=EDGE_LOOP('',(#784));
#2466=EDGE_LOOP('',(#785,#786,#787,#788,#789,#790,#791,#792,#793,#794,#795,
#796));
#2467=EDGE_LOOP('',(#797,#798,#799,#800,#801,#802,#803,#804,#805,#806,#807,
#808,#809,#810,#811,#812,#813,#814,#815,#816,#817,#818,#819,#820));
#2468=EDGE_LOOP('',(#821,#822,#823,#824));
#2469=EDGE_LOOP('',(#825));
#2470=EDGE_LOOP('',(#826));
#2471=EDGE_LOOP('',(#827));
#2472=EDGE_LOOP('',(#828));
#2473=EDGE_LOOP('',(#829));
#2474=EDGE_LOOP('',(#830));
#2475=EDGE_LOOP('',(#831));
#2476=EDGE_LOOP('',(#832));
#2477=EDGE_LOOP('',(#833));
#2478=EDGE_LOOP('',(#834));
#2479=EDGE_LOOP('',(#835,#836,#837,#838,#839,#840));
#2480=EDGE_LOOP('',(#841,#842,#843,#844,#845,#846));
#2481=EDGE_LOOP('',(#847,#848,#849,#850,#851,#852));
#2482=EDGE_LOOP('',(#853,#854,#855,#856,#857,#858));
#2483=EDGE_LOOP('',(#859,#860,#861,#862,#863,#864));
#2484=EDGE_LOOP('',(#865,#866,#867,#868,#869,#870));
#2485=EDGE_LOOP('',(#871,#872,#873,#874,#875,#876));
#2486=EDGE_LOOP('',(#877,#878,#879,#880,#881));
#2487=EDGE_LOOP('',(#882,#883,#884,#885));
#2488=EDGE_LOOP('',(#886,#887,#888,#889,#890));
#2489=EDGE_LOOP('',(#891,#892,#893,#894));
#2490=EDGE_LOOP('',(#895,#896,#897,#898,#899));
#2491=EDGE_LOOP('',(#900,#901,#902,#903));
#2492=EDGE_LOOP('',(#904,#905,#906,#907,#908));
#2493=EDGE_LOOP('',(#909,#910,#911,#912));
#2494=EDGE_LOOP('',(#913,#914,#915,#916,#917));
#2495=EDGE_LOOP('',(#918,#919,#920,#921));
#2496=EDGE_LOOP('',(#922,#923,#924,#925,#926));
#2497=EDGE_LOOP('',(#927,#928,#929,#930));
#2498=EDGE_LOOP('',(#931,#932,#933,#934));
#2499=EDGE_LOOP('',(#935,#936,#937,#938));
#2500=EDGE_LOOP('',(#939,#940,#941,#942));
#2501=EDGE_LOOP('',(#943,#944,#945,#946));
#2502=EDGE_LOOP('',(#947,#948,#949,#950));
#2503=EDGE_LOOP('',(#951,#952,#953,#954));
#2504=EDGE_LOOP('',(#955,#956,#957,#958));
#2505=EDGE_LOOP('',(#959,#960,#961,#962));
#2506=EDGE_LOOP('',(#963,#964,#965,#966));
#2507=EDGE_LOOP('',(#967,#968,#969,#970));
#2508=EDGE_LOOP('',(#971,#972,#973,#974));
#2509=EDGE_LOOP('',(#975,#976,#977,#978));
#2510=EDGE_LOOP('',(#979,#980,#981,#982,#983,#984,#985,#986,#987,#988,#989,
#990));
#2511=EDGE_LOOP('',(#991,#992,#993,#994,#995,#996,#997,#998,#999,#1000));
#2512=EDGE_LOOP('',(#1001,#1002,#1003,#1004));
#2513=EDGE_LOOP('',(#1005,#1006,#1007,#1008));
#2514=EDGE_LOOP('',(#1009,#1010,#1011,#1012,#1013,#1014));
#2515=EDGE_LOOP('',(#1015,#1016,#1017,#1018));
#2516=EDGE_LOOP('',(#1019,#1020,#1021,#1022));
#2517=EDGE_LOOP('',(#1023,#1024,#1025,#1026));
#2518=EDGE_LOOP('',(#1027,#1028,#1029,#1030));
#2519=EDGE_LOOP('',(#1031,#1032,#1033,#1034,#1035,#1036));
#2520=EDGE_LOOP('',(#1037,#1038,#1039,#1040));
#2521=EDGE_LOOP('',(#1041,#1042,#1043,#1044));
#2522=EDGE_LOOP('',(#1045,#1046,#1047,#1048));
#2523=EDGE_LOOP('',(#1049,#1050,#1051,#1052));
#2524=EDGE_LOOP('',(#1053,#1054,#1055,#1056));
#2525=EDGE_LOOP('',(#1057,#1058,#1059,#1060));
#2526=EDGE_LOOP('',(#1061,#1062,#1063,#1064));
#2527=EDGE_LOOP('',(#1065,#1066,#1067,#1068));
#2528=EDGE_LOOP('',(#1069,#1070,#1071,#1072));
#2529=EDGE_LOOP('',(#1073,#1074,#1075,#1076));
#2530=EDGE_LOOP('',(#1077,#1078,#1079,#1080,#1081,#1082));
#2531=EDGE_LOOP('',(#1083,#1084,#1085,#1086,#1087,#1088));
#2532=EDGE_LOOP('',(#1089,#1090,#1091,#1092));
#2533=EDGE_LOOP('',(#1093,#1094,#1095,#1096));
#2534=EDGE_LOOP('',(#1097,#1098,#1099,#1100));
#2535=EDGE_LOOP('',(#1101,#1102,#1103,#1104));
#2536=EDGE_LOOP('',(#1105,#1106,#1107,#1108));
#2537=EDGE_LOOP('',(#1109,#1110,#1111,#1112));
#2538=EDGE_LOOP('',(#1113,#1114,#1115,#1116,#1117));
#2539=EDGE_LOOP('',(#1118,#1119,#1120,#1121));
#2540=EDGE_LOOP('',(#1122,#1123,#1124,#1125,#1126,#1127,#1128));
#2541=EDGE_LOOP('',(#1129,#1130,#1131,#1132));
#2542=EDGE_LOOP('',(#1133,#1134,#1135,#1136));
#2543=EDGE_LOOP('',(#1137,#1138,#1139,#1140,#1141,#1142,#1143));
#2544=EDGE_LOOP('',(#1144,#1145,#1146,#1147));
#2545=EDGE_LOOP('',(#1148,#1149,#1150,#1151,#1152));
#2546=EDGE_LOOP('',(#1153,#1154,#1155,#1156));
#2547=EDGE_LOOP('',(#1157,#1158,#1159,#1160));
#2548=EDGE_LOOP('',(#1161,#1162,#1163,#1164));
#2549=EDGE_LOOP('',(#1165,#1166,#1167,#1168));
#2550=EDGE_LOOP('',(#1169,#1170,#1171,#1172));
#2551=EDGE_LOOP('',(#1173,#1174,#1175,#1176));
#2552=EDGE_LOOP('',(#1177,#1178,#1179,#1180));
#2553=EDGE_LOOP('',(#1181,#1182,#1183,#1184));
#2554=EDGE_LOOP('',(#1185,#1186,#1187,#1188));
#2555=EDGE_LOOP('',(#1189,#1190,#1191,#1192));
#2556=EDGE_LOOP('',(#1193,#1194,#1195,#1196,#1197,#1198,#1199,#1200));
#2557=EDGE_LOOP('',(#1201,#1202,#1203,#1204));
#2558=EDGE_LOOP('',(#1205,#1206,#1207,#1208));
#2559=EDGE_LOOP('',(#1209,#1210,#1211,#1212));
#2560=EDGE_LOOP('',(#1213,#1214,#1215,#1216,#1217,#1218,#1219,#1220));
#2561=EDGE_LOOP('',(#1221,#1222,#1223,#1224));
#2562=EDGE_LOOP('',(#1225,#1226,#1227,#1228));
#2563=EDGE_LOOP('',(#1229,#1230,#1231,#1232));
#2564=EDGE_LOOP('',(#1233,#1234,#1235,#1236));
#2565=EDGE_LOOP('',(#1237,#1238,#1239,#1240));
#2566=EDGE_LOOP('',(#1241,#1242,#1243,#1244));
#2567=EDGE_LOOP('',(#1245,#1246,#1247,#1248));
#2568=EDGE_LOOP('',(#1249,#1250,#1251,#1252));
#2569=EDGE_LOOP('',(#1253,#1254,#1255,#1256));
#2570=EDGE_LOOP('',(#1257,#1258,#1259,#1260));
#2571=EDGE_LOOP('',(#1261,#1262,#1263,#1264,#1265,#1266,#1267,#1268));
#2572=EDGE_LOOP('',(#1269,#1270,#1271,#1272));
#2573=EDGE_LOOP('',(#1273,#1274,#1275,#1276));
#2574=EDGE_LOOP('',(#1277,#1278,#1279,#1280));
#2575=EDGE_LOOP('',(#1281));
#2576=EDGE_LOOP('',(#1282));
#2577=EDGE_LOOP('',(#1283,#1284,#1285,#1286));
#2578=EDGE_LOOP('',(#1287,#1288,#1289,#1290));
#2579=EDGE_LOOP('',(#1291,#1292,#1293,#1294));
#2580=EDGE_LOOP('',(#1295,#1296,#1297,#1298,#1299,#1300,#1301,#1302,#1303,
#1304,#1305,#1306));
#2581=EDGE_LOOP('',(#1307,#1308,#1309,#1310));
#2582=EDGE_LOOP('',(#1311,#1312,#1313,#1314));
#2583=EDGE_LOOP('',(#1315,#1316,#1317,#1318));
#2584=EDGE_LOOP('',(#1319,#1320,#1321,#1322,#1323,#1324,#1325,#1326,#1327,
#1328,#1329,#1330));
#2585=EDGE_LOOP('',(#1331,#1332,#1333,#1334));
#2586=EDGE_LOOP('',(#1335,#1336,#1337,#1338));
#2587=EDGE_LOOP('',(#1339,#1340,#1341,#1342));
#2588=EDGE_LOOP('',(#1343,#1344,#1345,#1346,#1347,#1348,#1349,#1350,#1351,
#1352));
#2589=EDGE_LOOP('',(#1353,#1354,#1355,#1356,#1357,#1358,#1359,#1360,#1361,
#1362,#1363,#1364,#1365,#1366,#1367,#1368,#1369,#1370,#1371,#1372,#1373,
#1374,#1375,#1376));
#2590=EDGE_LOOP('',(#1377,#1378,#1379,#1380));
#2591=EDGE_LOOP('',(#1381,#1382,#1383,#1384,#1385,#1386,#1387,#1388,#1389,
#1390,#1391,#1392,#1393,#1394,#1395,#1396));
#2592=EDGE_LOOP('',(#1397,#1398,#1399,#1400));
#2593=EDGE_LOOP('',(#1401,#1402,#1403,#1404,#1405,#1406,#1407,#1408,#1409,
#1410,#1411,#1412,#1413,#1414,#1415,#1416));
#2594=EDGE_LOOP('',(#1417,#1418,#1419,#1420));
#2595=EDGE_LOOP('',(#1421,#1422,#1423,#1424));
#2596=EDGE_LOOP('',(#1425,#1426,#1427,#1428));
#2597=EDGE_LOOP('',(#1429,#1430,#1431,#1432));
#2598=EDGE_LOOP('',(#1433,#1434,#1435,#1436));
#2599=EDGE_LOOP('',(#1437,#1438,#1439,#1440));
#2600=EDGE_LOOP('',(#1441));
#2601=EDGE_LOOP('',(#1442));
#2602=EDGE_LOOP('',(#1443));
#2603=EDGE_LOOP('',(#1444));
#2604=EDGE_LOOP('',(#1445,#1446,#1447,#1448));
#2605=EDGE_LOOP('',(#1449,#1450,#1451,#1452));
#2606=EDGE_LOOP('',(#1453,#1454,#1455,#1456));
#2607=EDGE_LOOP('',(#1457,#1458,#1459,#1460));
#2608=EDGE_LOOP('',(#1461,#1462,#1463,#1464));
#2609=EDGE_LOOP('',(#1465,#1466,#1467,#1468));
#2610=EDGE_LOOP('',(#1469,#1470,#1471,#1472));
#2611=EDGE_LOOP('',(#1473,#1474,#1475,#1476));
#2612=EDGE_LOOP('',(#1477,#1478,#1479,#1480));
#2613=EDGE_LOOP('',(#1481,#1482,#1483,#1484));
#2614=EDGE_LOOP('',(#1485,#1486,#1487,#1488));
#2615=EDGE_LOOP('',(#1489,#1490,#1491,#1492,#1493,#1494,#1495,#1496));
#2616=EDGE_LOOP('',(#1497,#1498,#1499,#1500));
#2617=EDGE_LOOP('',(#1501,#1502,#1503,#1504));
#2618=EDGE_LOOP('',(#1505,#1506,#1507,#1508));
#2619=EDGE_LOOP('',(#1509,#1510,#1511,#1512));
#2620=EDGE_LOOP('',(#1513,#1514,#1515,#1516,#1517,#1518,#1519));
#2621=EDGE_LOOP('',(#1520,#1521,#1522,#1523));
#2622=EDGE_LOOP('',(#1524,#1525,#1526,#1527,#1528,#1529,#1530));
#2623=EDGE_LOOP('',(#1531,#1532,#1533,#1534));
#2624=EDGE_LOOP('',(#1535,#1536,#1537,#1538));
#2625=EDGE_LOOP('',(#1539,#1540,#1541,#1542));
#2626=EDGE_LOOP('',(#1543,#1544,#1545,#1546));
#2627=EDGE_LOOP('',(#1547,#1548,#1549,#1550));
#2628=EDGE_LOOP('',(#1551,#1552,#1553,#1554));
#2629=EDGE_LOOP('',(#1555,#1556,#1557,#1558,#1559,#1560,#1561));
#2630=EDGE_LOOP('',(#1562,#1563,#1564,#1565));
#2631=EDGE_LOOP('',(#1566,#1567,#1568,#1569,#1570,#1571,#1572));
#2632=EDGE_LOOP('',(#1573,#1574,#1575,#1576));
#2633=EDGE_LOOP('',(#1577,#1578,#1579,#1580));
#2634=EDGE_LOOP('',(#1581,#1582,#1583,#1584));
#2635=EDGE_LOOP('',(#1585,#1586,#1587,#1588));
#2636=EDGE_LOOP('',(#1589,#1590,#1591,#1592,#1593,#1594,#1595));
#2637=EDGE_LOOP('',(#1596,#1597,#1598,#1599));
#2638=EDGE_LOOP('',(#1600,#1601,#1602,#1603,#1604,#1605,#1606));
#2639=EDGE_LOOP('',(#1607,#1608,#1609,#1610));
#2640=EDGE_LOOP('',(#1611,#1612,#1613,#1614));
#2641=EDGE_LOOP('',(#1615,#1616,#1617,#1618));
#2642=EDGE_LOOP('',(#1619,#1620,#1621,#1622));
#2643=EDGE_LOOP('',(#1623,#1624,#1625,#1626));
#2644=EDGE_LOOP('',(#1627,#1628,#1629,#1630));
#2645=EDGE_LOOP('',(#1631,#1632,#1633,#1634,#1635,#1636,#1637));
#2646=EDGE_LOOP('',(#1638,#1639,#1640,#1641));
#2647=EDGE_LOOP('',(#1642,#1643,#1644,#1645,#1646,#1647,#1648));
#2648=EDGE_LOOP('',(#1649,#1650,#1651,#1652));
#2649=EDGE_LOOP('',(#1653,#1654,#1655,#1656));
#2650=EDGE_LOOP('',(#1657,#1658,#1659,#1660));
#2651=EDGE_LOOP('',(#1661,#1662,#1663,#1664));
#2652=FACE_BOUND('',#2464,.T.);
#2653=FACE_BOUND('',#2465,.T.);
#2654=FACE_BOUND('',#2466,.T.);
#2655=FACE_BOUND('',#2467,.T.);
#2656=FACE_BOUND('',#2468,.T.);
#2657=FACE_BOUND('',#2469,.T.);
#2658=FACE_BOUND('',#2470,.T.);
#2659=FACE_BOUND('',#2471,.T.);
#2660=FACE_BOUND('',#2472,.T.);
#2661=FACE_BOUND('',#2473,.T.);
#2662=FACE_BOUND('',#2474,.T.);
#2663=FACE_BOUND('',#2475,.T.);
#2664=FACE_BOUND('',#2476,.T.);
#2665=FACE_BOUND('',#2477,.T.);
#2666=FACE_BOUND('',#2478,.T.);
#2667=FACE_BOUND('',#2479,.T.);
#2668=FACE_BOUND('',#2480,.T.);
#2669=FACE_BOUND('',#2481,.T.);
#2670=FACE_BOUND('',#2482,.T.);
#2671=FACE_BOUND('',#2483,.T.);
#2672=FACE_BOUND('',#2484,.T.);
#2673=FACE_BOUND('',#2485,.T.);
#2674=FACE_BOUND('',#2486,.T.);
#2675=FACE_BOUND('',#2487,.T.);
#2676=FACE_BOUND('',#2488,.T.);
#2677=FACE_BOUND('',#2489,.T.);
#2678=FACE_BOUND('',#2490,.T.);
#2679=FACE_BOUND('',#2491,.T.);
#2680=FACE_BOUND('',#2492,.T.);
#2681=FACE_BOUND('',#2493,.T.);
#2682=FACE_BOUND('',#2494,.T.);
#2683=FACE_BOUND('',#2495,.T.);
#2684=FACE_BOUND('',#2496,.T.);
#2685=FACE_BOUND('',#2497,.T.);
#2686=FACE_BOUND('',#2498,.T.);
#2687=FACE_BOUND('',#2499,.T.);
#2688=FACE_BOUND('',#2500,.T.);
#2689=FACE_BOUND('',#2501,.T.);
#2690=FACE_BOUND('',#2502,.T.);
#2691=FACE_BOUND('',#2503,.T.);
#2692=FACE_BOUND('',#2504,.T.);
#2693=FACE_BOUND('',#2505,.T.);
#2694=FACE_BOUND('',#2506,.T.);
#2695=FACE_BOUND('',#2507,.T.);
#2696=FACE_BOUND('',#2508,.T.);
#2697=FACE_BOUND('',#2509,.T.);
#2698=FACE_BOUND('',#2510,.T.);
#2699=FACE_BOUND('',#2511,.T.);
#2700=FACE_BOUND('',#2512,.T.);
#2701=FACE_BOUND('',#2513,.T.);
#2702=FACE_BOUND('',#2514,.T.);
#2703=FACE_BOUND('',#2515,.T.);
#2704=FACE_BOUND('',#2516,.T.);
#2705=FACE_BOUND('',#2517,.T.);
#2706=FACE_BOUND('',#2518,.T.);
#2707=FACE_BOUND('',#2519,.T.);
#2708=FACE_BOUND('',#2520,.T.);
#2709=FACE_BOUND('',#2521,.T.);
#2710=FACE_BOUND('',#2522,.T.);
#2711=FACE_BOUND('',#2523,.T.);
#2712=FACE_BOUND('',#2524,.T.);
#2713=FACE_BOUND('',#2525,.T.);
#2714=FACE_BOUND('',#2526,.T.);
#2715=FACE_BOUND('',#2527,.T.);
#2716=FACE_BOUND('',#2528,.T.);
#2717=FACE_BOUND('',#2529,.T.);
#2718=FACE_BOUND('',#2530,.T.);
#2719=FACE_BOUND('',#2531,.T.);
#2720=FACE_BOUND('',#2532,.T.);
#2721=FACE_BOUND('',#2533,.T.);
#2722=FACE_BOUND('',#2534,.T.);
#2723=FACE_BOUND('',#2535,.T.);
#2724=FACE_BOUND('',#2536,.T.);
#2725=FACE_BOUND('',#2537,.T.);
#2726=FACE_BOUND('',#2538,.T.);
#2727=FACE_BOUND('',#2539,.T.);
#2728=FACE_BOUND('',#2540,.T.);
#2729=FACE_BOUND('',#2541,.T.);
#2730=FACE_BOUND('',#2542,.T.);
#2731=FACE_BOUND('',#2543,.T.);
#2732=FACE_BOUND('',#2544,.T.);
#2733=FACE_BOUND('',#2545,.T.);
#2734=FACE_BOUND('',#2546,.T.);
#2735=FACE_BOUND('',#2547,.T.);
#2736=FACE_BOUND('',#2548,.T.);
#2737=FACE_BOUND('',#2549,.T.);
#2738=FACE_BOUND('',#2550,.T.);
#2739=FACE_BOUND('',#2551,.T.);
#2740=FACE_BOUND('',#2552,.T.);
#2741=FACE_BOUND('',#2553,.T.);
#2742=FACE_BOUND('',#2554,.T.);
#2743=FACE_BOUND('',#2555,.T.);
#2744=FACE_BOUND('',#2556,.T.);
#2745=FACE_BOUND('',#2557,.T.);
#2746=FACE_BOUND('',#2558,.T.);
#2747=FACE_BOUND('',#2559,.T.);
#2748=FACE_BOUND('',#2560,.T.);
#2749=FACE_BOUND('',#2561,.T.);
#2750=FACE_BOUND('',#2562,.T.);
#2751=FACE_BOUND('',#2563,.T.);
#2752=FACE_BOUND('',#2564,.T.);
#2753=FACE_BOUND('',#2565,.T.);
#2754=FACE_BOUND('',#2566,.T.);
#2755=FACE_BOUND('',#2567,.T.);
#2756=FACE_BOUND('',#2568,.T.);
#2757=FACE_BOUND('',#2569,.T.);
#2758=FACE_BOUND('',#2570,.T.);
#2759=FACE_BOUND('',#2571,.T.);
#2760=FACE_BOUND('',#2572,.T.);
#2761=FACE_BOUND('',#2573,.T.);
#2762=FACE_BOUND('',#2574,.T.);
#2763=FACE_BOUND('',#2575,.T.);
#2764=FACE_BOUND('',#2576,.T.);
#2765=FACE_BOUND('',#2577,.T.);
#2766=FACE_BOUND('',#2578,.T.);
#2767=FACE_BOUND('',#2579,.T.);
#2768=FACE_BOUND('',#2580,.T.);
#2769=FACE_BOUND('',#2581,.T.);
#2770=FACE_BOUND('',#2582,.T.);
#2771=FACE_BOUND('',#2583,.T.);
#2772=FACE_BOUND('',#2584,.T.);
#2773=FACE_BOUND('',#2585,.T.);
#2774=FACE_BOUND('',#2586,.T.);
#2775=FACE_BOUND('',#2587,.T.);
#2776=FACE_BOUND('',#2588,.T.);
#2777=FACE_BOUND('',#2589,.T.);
#2778=FACE_BOUND('',#2590,.T.);
#2779=FACE_BOUND('',#2591,.T.);
#2780=FACE_BOUND('',#2592,.T.);
#2781=FACE_BOUND('',#2593,.T.);
#2782=FACE_BOUND('',#2594,.T.);
#2783=FACE_BOUND('',#2595,.T.);
#2784=FACE_BOUND('',#2596,.T.);
#2785=FACE_BOUND('',#2597,.T.);
#2786=FACE_BOUND('',#2598,.T.);
#2787=FACE_BOUND('',#2599,.T.);
#2788=FACE_BOUND('',#2600,.T.);
#2789=FACE_BOUND('',#2601,.T.);
#2790=FACE_BOUND('',#2602,.T.);
#2791=FACE_BOUND('',#2603,.T.);
#2792=FACE_BOUND('',#2604,.T.);
#2793=FACE_BOUND('',#2605,.T.);
#2794=FACE_BOUND('',#2606,.T.);
#2795=FACE_BOUND('',#2607,.T.);
#2796=FACE_BOUND('',#2608,.T.);
#2797=FACE_BOUND('',#2609,.T.);
#2798=FACE_BOUND('',#2610,.T.);
#2799=FACE_BOUND('',#2611,.T.);
#2800=FACE_BOUND('',#2612,.T.);
#2801=FACE_BOUND('',#2613,.T.);
#2802=FACE_BOUND('',#2614,.T.);
#2803=FACE_BOUND('',#2615,.T.);
#2804=FACE_BOUND('',#2616,.T.);
#2805=FACE_BOUND('',#2617,.T.);
#2806=FACE_BOUND('',#2618,.T.);
#2807=FACE_BOUND('',#2619,.T.);
#2808=FACE_BOUND('',#2620,.T.);
#2809=FACE_BOUND('',#2621,.T.);
#2810=FACE_BOUND('',#2622,.T.);
#2811=FACE_BOUND('',#2623,.T.);
#2812=FACE_BOUND('',#2624,.T.);
#2813=FACE_BOUND('',#2625,.T.);
#2814=FACE_BOUND('',#2626,.T.);
#2815=FACE_BOUND('',#2627,.T.);
#2816=FACE_BOUND('',#2628,.T.);
#2817=FACE_BOUND('',#2629,.T.);
#2818=FACE_BOUND('',#2630,.T.);
#2819=FACE_BOUND('',#2631,.T.);
#2820=FACE_BOUND('',#2632,.T.);
#2821=FACE_BOUND('',#2633,.T.);
#2822=FACE_BOUND('',#2634,.T.);
#2823=FACE_BOUND('',#2635,.T.);
#2824=FACE_BOUND('',#2636,.T.);
#2825=FACE_BOUND('',#2637,.T.);
#2826=FACE_BOUND('',#2638,.T.);
#2827=FACE_BOUND('',#2639,.T.);
#2828=FACE_BOUND('',#2640,.T.);
#2829=FACE_BOUND('',#2641,.T.);
#2830=FACE_BOUND('',#2642,.T.);
#2831=FACE_BOUND('',#2643,.T.);
#2832=FACE_BOUND('',#2644,.T.);
#2833=FACE_BOUND('',#2645,.T.);
#2834=FACE_BOUND('',#2646,.T.);
#2835=FACE_BOUND('',#2647,.T.);
#2836=FACE_BOUND('',#2648,.T.);
#2837=FACE_BOUND('',#2649,.T.);
#2838=FACE_BOUND('',#2650,.T.);
#2839=FACE_BOUND('',#2651,.T.);
#2840=PLANE('',#4350);
#2841=PLANE('',#4353);
#2842=PLANE('',#4354);
#2843=PLANE('',#4358);
#2844=PLANE('',#4364);
#2845=PLANE('',#4365);
#2846=PLANE('',#4368);
#2847=PLANE('',#4371);
#2848=PLANE('',#4374);
#2849=PLANE('',#4377);
#2850=PLANE('',#4380);
#2851=PLANE('',#4385);
#2852=PLANE('',#4388);
#2853=PLANE('',#4391);
#2854=PLANE('',#4394);
#2855=PLANE('',#4397);
#2856=PLANE('',#4400);
#2857=PLANE('',#4403);
#2858=PLANE('',#4406);
#2859=PLANE('',#4409);
#2860=PLANE('',#4412);
#2861=PLANE('',#4415);
#2862=PLANE('',#4418);
#2863=PLANE('',#4419);
#2864=PLANE('',#4422);
#2865=PLANE('',#4423);
#2866=PLANE('',#4424);
#2867=PLANE('',#4425);
#2868=PLANE('',#4426);
#2869=PLANE('',#4427);
#2870=PLANE('',#4428);
#2871=PLANE('',#4429);
#2872=PLANE('',#4430);
#2873=PLANE('',#4433);
#2874=PLANE('',#4434);
#2875=PLANE('',#4435);
#2876=PLANE('',#4438);
#2877=PLANE('',#4439);
#2878=PLANE('',#4440);
#2879=PLANE('',#4441);
#2880=PLANE('',#4442);
#2881=PLANE('',#4443);
#2882=PLANE('',#4447);
#2883=PLANE('',#4451);
#2884=PLANE('',#4452);
#2885=PLANE('',#4453);
#2886=PLANE('',#4454);
#2887=PLANE('',#4455);
#2888=PLANE('',#4456);
#2889=PLANE('',#4457);
#2890=PLANE('',#4458);
#2891=PLANE('',#4459);
#2892=PLANE('',#4460);
#2893=PLANE('',#4461);
#2894=PLANE('',#4462);
#2895=PLANE('',#4465);
#2896=PLANE('',#4466);
#2897=PLANE('',#4467);
#2898=PLANE('',#4470);
#2899=PLANE('',#4471);
#2900=PLANE('',#4472);
#2901=PLANE('',#4473);
#2902=PLANE('',#4474);
#2903=PLANE('',#4478);
#2904=PLANE('',#4482);
#2905=PLANE('',#4485);
#2906=PLANE('',#4488);
#2907=PLANE('',#4492);
#2908=PLANE('',#4496);
#2909=PLANE('',#4497);
#2910=PLANE('',#4501);
#2911=PLANE('',#4505);
#2912=PLANE('',#4506);
#2913=PLANE('',#4507);
#2914=PLANE('',#4509);
#2915=PLANE('',#4511);
#2916=PLANE('',#4512);
#2917=PLANE('',#4513);
#2918=PLANE('',#4514);
#2919=PLANE('',#4521);
#2920=PLANE('',#4522);
#2921=PLANE('',#4523);
#2922=PLANE('',#4524);
#2923=PLANE('',#4525);
#2924=PLANE('',#4526);
#2925=PLANE('',#4530);
#2926=PLANE('',#4534);
#2927=PLANE('',#4538);
#2928=PLANE('',#4540);
#2929=PLANE('',#4541);
#2930=PLANE('',#4542);
#2931=PLANE('',#4545);
#2932=PLANE('',#4546);
#2933=PLANE('',#4547);
#2934=PLANE('',#4548);
#2935=PLANE('',#4549);
#2936=PLANE('',#4550);
#2937=PLANE('',#4551);
#2938=PLANE('',#4552);
#2939=PLANE('',#4559);
#2940=PLANE('',#4560);
#2941=PLANE('',#4561);
#2942=PLANE('',#4562);
#2943=PLANE('',#4563);
#2944=PLANE('',#4564);
#2945=PLANE('',#4565);
#2946=PLANE('',#4572);
#2947=PLANE('',#4573);
#2948=PLANE('',#4574);
#2949=PLANE('',#4575);
#2950=PLANE('',#4576);
#2951=PLANE('',#4583);
#2952=PLANE('',#4584);
#2953=PLANE('',#4585);
#2954=PLANE('',#4586);
#2955=PLANE('',#4587);
#2956=PLANE('',#4588);
#2957=PLANE('',#4589);
#2958=PLANE('',#4596);
#2959=PLANE('',#4597);
#2960=PLANE('',#4598);
#2961=PLANE('',#4599);
#2962=PLANE('',#4600);
#2963=PLANE('',#4601);
#2964=PLANE('',#4602);
#2965=PLANE('',#4603);
#2966=PLANE('',#4604);
#2967=STYLED_ITEM('',(#3139),#4173);
#2968=STYLED_ITEM('',(#3140),#4174);
#2969=STYLED_ITEM('',(#3141),#4175);
#2970=STYLED_ITEM('',(#3142),#4176);
#2971=STYLED_ITEM('',(#3143),#4177);
#2972=STYLED_ITEM('',(#3144),#4178);
#2973=STYLED_ITEM('',(#3145),#4179);
#2974=STYLED_ITEM('',(#3146),#4180);
#2975=STYLED_ITEM('',(#3147),#4181);
#2976=STYLED_ITEM('',(#3148),#4182);
#2977=STYLED_ITEM('',(#3149),#4183);
#2978=STYLED_ITEM('',(#3150),#4184);
#2979=STYLED_ITEM('',(#3151),#4185);
#2980=STYLED_ITEM('',(#3152),#4186);
#2981=STYLED_ITEM('',(#3153),#4187);
#2982=STYLED_ITEM('',(#3154),#4188);
#2983=STYLED_ITEM('',(#3155),#4189);
#2984=STYLED_ITEM('',(#3156),#4190);
#2985=STYLED_ITEM('',(#3157),#4191);
#2986=STYLED_ITEM('',(#3158),#4192);
#2987=STYLED_ITEM('',(#3159),#4193);
#2988=STYLED_ITEM('',(#3160),#4194);
#2989=STYLED_ITEM('',(#3161),#4195);
#2990=STYLED_ITEM('',(#3162),#4196);
#2991=STYLED_ITEM('',(#3163),#4197);
#2992=STYLED_ITEM('',(#3164),#4198);
#2993=STYLED_ITEM('',(#3165),#4199);
#2994=STYLED_ITEM('',(#3166),#4200);
#2995=STYLED_ITEM('',(#3167),#4201);
#2996=STYLED_ITEM('',(#3168),#4202);
#2997=STYLED_ITEM('',(#3169),#4203);
#2998=STYLED_ITEM('',(#3170),#4204);
#2999=STYLED_ITEM('',(#3171),#4205);
#3000=STYLED_ITEM('',(#3172),#4206);
#3001=STYLED_ITEM('',(#3173),#4207);
#3002=STYLED_ITEM('',(#3174),#4208);
#3003=STYLED_ITEM('',(#3175),#4209);
#3004=STYLED_ITEM('',(#3176),#4210);
#3005=STYLED_ITEM('',(#3177),#4211);
#3006=STYLED_ITEM('',(#3178),#4212);
#3007=STYLED_ITEM('',(#3179),#4213);
#3008=STYLED_ITEM('',(#3180),#4214);
#3009=STYLED_ITEM('',(#3181),#4215);
#3010=STYLED_ITEM('',(#3182),#4216);
#3011=STYLED_ITEM('',(#3183),#4217);
#3012=STYLED_ITEM('',(#3184),#4218);
#3013=STYLED_ITEM('',(#3185),#4219);
#3014=STYLED_ITEM('',(#3186),#4220);
#3015=STYLED_ITEM('',(#3187),#4221);
#3016=STYLED_ITEM('',(#3188),#4222);
#3017=STYLED_ITEM('',(#3189),#4223);
#3018=STYLED_ITEM('',(#3190),#4224);
#3019=STYLED_ITEM('',(#3191),#4225);
#3020=STYLED_ITEM('',(#3192),#4226);
#3021=STYLED_ITEM('',(#3193),#4227);
#3022=STYLED_ITEM('',(#3194),#4228);
#3023=STYLED_ITEM('',(#3195),#4229);
#3024=STYLED_ITEM('',(#3196),#4230);
#3025=STYLED_ITEM('',(#3197),#4231);
#3026=STYLED_ITEM('',(#3198),#4232);
#3027=STYLED_ITEM('',(#3199),#4233);
#3028=STYLED_ITEM('',(#3200),#4234);
#3029=STYLED_ITEM('',(#3201),#4235);
#3030=STYLED_ITEM('',(#3202),#4236);
#3031=STYLED_ITEM('',(#3203),#4237);
#3032=STYLED_ITEM('',(#3204),#4238);
#3033=STYLED_ITEM('',(#3205),#4239);
#3034=STYLED_ITEM('',(#3206),#4240);
#3035=STYLED_ITEM('',(#3207),#4241);
#3036=STYLED_ITEM('',(#3208),#4242);
#3037=STYLED_ITEM('',(#3209),#4243);
#3038=STYLED_ITEM('',(#3210),#4244);
#3039=STYLED_ITEM('',(#3211),#4245);
#3040=STYLED_ITEM('',(#3212),#4246);
#3041=STYLED_ITEM('',(#3213),#4247);
#3042=STYLED_ITEM('',(#3214),#4248);
#3043=STYLED_ITEM('',(#3215),#4249);
#3044=STYLED_ITEM('',(#3216),#4250);
#3045=STYLED_ITEM('',(#3217),#4251);
#3046=STYLED_ITEM('',(#3218),#4252);
#3047=STYLED_ITEM('',(#3219),#4253);
#3048=STYLED_ITEM('',(#3220),#4254);
#3049=STYLED_ITEM('',(#3221),#4255);
#3050=STYLED_ITEM('',(#3222),#4256);
#3051=STYLED_ITEM('',(#3223),#4257);
#3052=STYLED_ITEM('',(#3224),#4258);
#3053=STYLED_ITEM('',(#3225),#4259);
#3054=STYLED_ITEM('',(#3226),#4260);
#3055=STYLED_ITEM('',(#3227),#4261);
#3056=STYLED_ITEM('',(#3228),#4262);
#3057=STYLED_ITEM('',(#3229),#4263);
#3058=STYLED_ITEM('',(#3230),#4264);
#3059=STYLED_ITEM('',(#3231),#4265);
#3060=STYLED_ITEM('',(#3232),#4266);
#3061=STYLED_ITEM('',(#3233),#4267);
#3062=STYLED_ITEM('',(#3234),#4268);
#3063=STYLED_ITEM('',(#3235),#4269);
#3064=STYLED_ITEM('',(#3236),#4270);
#3065=STYLED_ITEM('',(#3237),#4271);
#3066=STYLED_ITEM('',(#3238),#4272);
#3067=STYLED_ITEM('',(#3239),#4273);
#3068=STYLED_ITEM('',(#3240),#4274);
#3069=STYLED_ITEM('',(#3241),#4275);
#3070=STYLED_ITEM('',(#3242),#4276);
#3071=STYLED_ITEM('',(#3243),#4277);
#3072=STYLED_ITEM('',(#3244),#4278);
#3073=STYLED_ITEM('',(#3245),#4279);
#3074=STYLED_ITEM('',(#3246),#4280);
#3075=STYLED_ITEM('',(#3247),#4281);
#3076=STYLED_ITEM('',(#3248),#4282);
#3077=STYLED_ITEM('',(#3249),#4283);
#3078=STYLED_ITEM('',(#3250),#4284);
#3079=STYLED_ITEM('',(#3251),#4285);
#3080=STYLED_ITEM('',(#3252),#4286);
#3081=STYLED_ITEM('',(#3253),#4287);
#3082=STYLED_ITEM('',(#3254),#4288);
#3083=STYLED_ITEM('',(#3255),#4289);
#3084=STYLED_ITEM('',(#3256),#4290);
#3085=STYLED_ITEM('',(#3257),#4291);
#3086=STYLED_ITEM('',(#3258),#4292);
#3087=STYLED_ITEM('',(#3259),#4293);
#3088=STYLED_ITEM('',(#3260),#4294);
#3089=STYLED_ITEM('',(#3261),#4295);
#3090=STYLED_ITEM('',(#3262),#4296);
#3091=STYLED_ITEM('',(#3263),#4297);
#3092=STYLED_ITEM('',(#3264),#4298);
#3093=STYLED_ITEM('',(#3265),#4299);
#3094=STYLED_ITEM('',(#3266),#4300);
#3095=STYLED_ITEM('',(#3267),#4301);
#3096=STYLED_ITEM('',(#3268),#4302);
#3097=STYLED_ITEM('',(#3269),#4303);
#3098=STYLED_ITEM('',(#3270),#4304);
#3099=STYLED_ITEM('',(#3271),#4305);
#3100=STYLED_ITEM('',(#3272),#4306);
#3101=STYLED_ITEM('',(#3273),#4307);
#3102=STYLED_ITEM('',(#3274),#4308);
#3103=STYLED_ITEM('',(#3275),#4309);
#3104=STYLED_ITEM('',(#3276),#4310);
#3105=STYLED_ITEM('',(#3277),#4311);
#3106=STYLED_ITEM('',(#3278),#4312);
#3107=STYLED_ITEM('',(#3279),#4313);
#3108=STYLED_ITEM('',(#3280),#4314);
#3109=STYLED_ITEM('',(#3281),#4315);
#3110=STYLED_ITEM('',(#3282),#4316);
#3111=STYLED_ITEM('',(#3283),#4317);
#3112=STYLED_ITEM('',(#3284),#4318);
#3113=STYLED_ITEM('',(#3285),#4319);
#3114=STYLED_ITEM('',(#3286),#4320);
#3115=STYLED_ITEM('',(#3287),#4321);
#3116=STYLED_ITEM('',(#3288),#4322);
#3117=STYLED_ITEM('',(#3289),#4323);
#3118=STYLED_ITEM('',(#3290),#4324);
#3119=STYLED_ITEM('',(#3291),#4325);
#3120=STYLED_ITEM('',(#3292),#4326);
#3121=STYLED_ITEM('',(#3293),#4327);
#3122=STYLED_ITEM('',(#3294),#4328);
#3123=STYLED_ITEM('',(#3295),#4329);
#3124=STYLED_ITEM('',(#3296),#4330);
#3125=STYLED_ITEM('',(#3297),#4331);
#3126=STYLED_ITEM('',(#3298),#4332);
#3127=STYLED_ITEM('',(#3299),#4333);
#3128=STYLED_ITEM('',(#3300),#4334);
#3129=STYLED_ITEM('',(#3301),#4335);
#3130=STYLED_ITEM('',(#3302),#4336);
#3131=STYLED_ITEM('',(#3303),#4337);
#3132=STYLED_ITEM('',(#3304),#4338);
#3133=STYLED_ITEM('',(#3305),#4339);
#3134=STYLED_ITEM('',(#3306),#4340);
#3135=STYLED_ITEM('',(#3307),#4341);
#3136=STYLED_ITEM('',(#3308),#4342);
#3137=STYLED_ITEM('',(#3309),#4343);
#3138=STYLED_ITEM('',(#3310),#4344);
#3139=PRESENTATION_STYLE_ASSIGNMENT((#3311));
#3140=PRESENTATION_STYLE_ASSIGNMENT((#3312));
#3141=PRESENTATION_STYLE_ASSIGNMENT((#3313));
#3142=PRESENTATION_STYLE_ASSIGNMENT((#3314));
#3143=PRESENTATION_STYLE_ASSIGNMENT((#3315));
#3144=PRESENTATION_STYLE_ASSIGNMENT((#3316));
#3145=PRESENTATION_STYLE_ASSIGNMENT((#3317));
#3146=PRESENTATION_STYLE_ASSIGNMENT((#3318));
#3147=PRESENTATION_STYLE_ASSIGNMENT((#3319));
#3148=PRESENTATION_STYLE_ASSIGNMENT((#3320));
#3149=PRESENTATION_STYLE_ASSIGNMENT((#3321));
#3150=PRESENTATION_STYLE_ASSIGNMENT((#3322));
#3151=PRESENTATION_STYLE_ASSIGNMENT((#3323));
#3152=PRESENTATION_STYLE_ASSIGNMENT((#3324));
#3153=PRESENTATION_STYLE_ASSIGNMENT((#3325));
#3154=PRESENTATION_STYLE_ASSIGNMENT((#3326));
#3155=PRESENTATION_STYLE_ASSIGNMENT((#3327));
#3156=PRESENTATION_STYLE_ASSIGNMENT((#3328));
#3157=PRESENTATION_STYLE_ASSIGNMENT((#3329));
#3158=PRESENTATION_STYLE_ASSIGNMENT((#3330));
#3159=PRESENTATION_STYLE_ASSIGNMENT((#3331));
#3160=PRESENTATION_STYLE_ASSIGNMENT((#3332));
#3161=PRESENTATION_STYLE_ASSIGNMENT((#3333));
#3162=PRESENTATION_STYLE_ASSIGNMENT((#3334));
#3163=PRESENTATION_STYLE_ASSIGNMENT((#3335));
#3164=PRESENTATION_STYLE_ASSIGNMENT((#3336));
#3165=PRESENTATION_STYLE_ASSIGNMENT((#3337));
#3166=PRESENTATION_STYLE_ASSIGNMENT((#3338));
#3167=PRESENTATION_STYLE_ASSIGNMENT((#3339));
#3168=PRESENTATION_STYLE_ASSIGNMENT((#3340));
#3169=PRESENTATION_STYLE_ASSIGNMENT((#3341));
#3170=PRESENTATION_STYLE_ASSIGNMENT((#3342));
#3171=PRESENTATION_STYLE_ASSIGNMENT((#3343));
#3172=PRESENTATION_STYLE_ASSIGNMENT((#3344));
#3173=PRESENTATION_STYLE_ASSIGNMENT((#3345));
#3174=PRESENTATION_STYLE_ASSIGNMENT((#3346));
#3175=PRESENTATION_STYLE_ASSIGNMENT((#3347));
#3176=PRESENTATION_STYLE_ASSIGNMENT((#3348));
#3177=PRESENTATION_STYLE_ASSIGNMENT((#3349));
#3178=PRESENTATION_STYLE_ASSIGNMENT((#3350));
#3179=PRESENTATION_STYLE_ASSIGNMENT((#3351));
#3180=PRESENTATION_STYLE_ASSIGNMENT((#3352));
#3181=PRESENTATION_STYLE_ASSIGNMENT((#3353));
#3182=PRESENTATION_STYLE_ASSIGNMENT((#3354));
#3183=PRESENTATION_STYLE_ASSIGNMENT((#3355));
#3184=PRESENTATION_STYLE_ASSIGNMENT((#3356));
#3185=PRESENTATION_STYLE_ASSIGNMENT((#3357));
#3186=PRESENTATION_STYLE_ASSIGNMENT((#3358));
#3187=PRESENTATION_STYLE_ASSIGNMENT((#3359));
#3188=PRESENTATION_STYLE_ASSIGNMENT((#3360));
#3189=PRESENTATION_STYLE_ASSIGNMENT((#3361));
#3190=PRESENTATION_STYLE_ASSIGNMENT((#3362));
#3191=PRESENTATION_STYLE_ASSIGNMENT((#3363));
#3192=PRESENTATION_STYLE_ASSIGNMENT((#3364));
#3193=PRESENTATION_STYLE_ASSIGNMENT((#3365));
#3194=PRESENTATION_STYLE_ASSIGNMENT((#3366));
#3195=PRESENTATION_STYLE_ASSIGNMENT((#3367));
#3196=PRESENTATION_STYLE_ASSIGNMENT((#3368));
#3197=PRESENTATION_STYLE_ASSIGNMENT((#3369));
#3198=PRESENTATION_STYLE_ASSIGNMENT((#3370));
#3199=PRESENTATION_STYLE_ASSIGNMENT((#3371));
#3200=PRESENTATION_STYLE_ASSIGNMENT((#3372));
#3201=PRESENTATION_STYLE_ASSIGNMENT((#3373));
#3202=PRESENTATION_STYLE_ASSIGNMENT((#3374));
#3203=PRESENTATION_STYLE_ASSIGNMENT((#3375));
#3204=PRESENTATION_STYLE_ASSIGNMENT((#3376));
#3205=PRESENTATION_STYLE_ASSIGNMENT((#3377));
#3206=PRESENTATION_STYLE_ASSIGNMENT((#3378));
#3207=PRESENTATION_STYLE_ASSIGNMENT((#3379));
#3208=PRESENTATION_STYLE_ASSIGNMENT((#3380));
#3209=PRESENTATION_STYLE_ASSIGNMENT((#3381));
#3210=PRESENTATION_STYLE_ASSIGNMENT((#3382));
#3211=PRESENTATION_STYLE_ASSIGNMENT((#3383));
#3212=PRESENTATION_STYLE_ASSIGNMENT((#3384));
#3213=PRESENTATION_STYLE_ASSIGNMENT((#3385));
#3214=PRESENTATION_STYLE_ASSIGNMENT((#3386));
#3215=PRESENTATION_STYLE_ASSIGNMENT((#3387));
#3216=PRESENTATION_STYLE_ASSIGNMENT((#3388));
#3217=PRESENTATION_STYLE_ASSIGNMENT((#3389));
#3218=PRESENTATION_STYLE_ASSIGNMENT((#3390));
#3219=PRESENTATION_STYLE_ASSIGNMENT((#3391));
#3220=PRESENTATION_STYLE_ASSIGNMENT((#3392));
#3221=PRESENTATION_STYLE_ASSIGNMENT((#3393));
#3222=PRESENTATION_STYLE_ASSIGNMENT((#3394));
#3223=PRESENTATION_STYLE_ASSIGNMENT((#3395));
#3224=PRESENTATION_STYLE_ASSIGNMENT((#3396));
#3225=PRESENTATION_STYLE_ASSIGNMENT((#3397));
#3226=PRESENTATION_STYLE_ASSIGNMENT((#3398));
#3227=PRESENTATION_STYLE_ASSIGNMENT((#3399));
#3228=PRESENTATION_STYLE_ASSIGNMENT((#3400));
#3229=PRESENTATION_STYLE_ASSIGNMENT((#3401));
#3230=PRESENTATION_STYLE_ASSIGNMENT((#3402));
#3231=PRESENTATION_STYLE_ASSIGNMENT((#3403));
#3232=PRESENTATION_STYLE_ASSIGNMENT((#3404));
#3233=PRESENTATION_STYLE_ASSIGNMENT((#3405));
#3234=PRESENTATION_STYLE_ASSIGNMENT((#3406));
#3235=PRESENTATION_STYLE_ASSIGNMENT((#3407));
#3236=PRESENTATION_STYLE_ASSIGNMENT((#3408));
#3237=PRESENTATION_STYLE_ASSIGNMENT((#3409));
#3238=PRESENTATION_STYLE_ASSIGNMENT((#3410));
#3239=PRESENTATION_STYLE_ASSIGNMENT((#3411));
#3240=PRESENTATION_STYLE_ASSIGNMENT((#3412));
#3241=PRESENTATION_STYLE_ASSIGNMENT((#3413));
#3242=PRESENTATION_STYLE_ASSIGNMENT((#3414));
#3243=PRESENTATION_STYLE_ASSIGNMENT((#3415));
#3244=PRESENTATION_STYLE_ASSIGNMENT((#3416));
#3245=PRESENTATION_STYLE_ASSIGNMENT((#3417));
#3246=PRESENTATION_STYLE_ASSIGNMENT((#3418));
#3247=PRESENTATION_STYLE_ASSIGNMENT((#3419));
#3248=PRESENTATION_STYLE_ASSIGNMENT((#3420));
#3249=PRESENTATION_STYLE_ASSIGNMENT((#3421));
#3250=PRESENTATION_STYLE_ASSIGNMENT((#3422));
#3251=PRESENTATION_STYLE_ASSIGNMENT((#3423));
#3252=PRESENTATION_STYLE_ASSIGNMENT((#3424));
#3253=PRESENTATION_STYLE_ASSIGNMENT((#3425));
#3254=PRESENTATION_STYLE_ASSIGNMENT((#3426));
#3255=PRESENTATION_STYLE_ASSIGNMENT((#3427));
#3256=PRESENTATION_STYLE_ASSIGNMENT((#3428));
#3257=PRESENTATION_STYLE_ASSIGNMENT((#3429));
#3258=PRESENTATION_STYLE_ASSIGNMENT((#3430));
#3259=PRESENTATION_STYLE_ASSIGNMENT((#3431));
#3260=PRESENTATION_STYLE_ASSIGNMENT((#3432));
#3261=PRESENTATION_STYLE_ASSIGNMENT((#3433));
#3262=PRESENTATION_STYLE_ASSIGNMENT((#3434));
#3263=PRESENTATION_STYLE_ASSIGNMENT((#3435));
#3264=PRESENTATION_STYLE_ASSIGNMENT((#3436));
#3265=PRESENTATION_STYLE_ASSIGNMENT((#3437));
#3266=PRESENTATION_STYLE_ASSIGNMENT((#3438));
#3267=PRESENTATION_STYLE_ASSIGNMENT((#3439));
#3268=PRESENTATION_STYLE_ASSIGNMENT((#3440));
#3269=PRESENTATION_STYLE_ASSIGNMENT((#3441));
#3270=PRESENTATION_STYLE_ASSIGNMENT((#3442));
#3271=PRESENTATION_STYLE_ASSIGNMENT((#3443));
#3272=PRESENTATION_STYLE_ASSIGNMENT((#3444));
#3273=PRESENTATION_STYLE_ASSIGNMENT((#3445));
#3274=PRESENTATION_STYLE_ASSIGNMENT((#3446));
#3275=PRESENTATION_STYLE_ASSIGNMENT((#3447));
#3276=PRESENTATION_STYLE_ASSIGNMENT((#3448));
#3277=PRESENTATION_STYLE_ASSIGNMENT((#3449));
#3278=PRESENTATION_STYLE_ASSIGNMENT((#3450));
#3279=PRESENTATION_STYLE_ASSIGNMENT((#3451));
#3280=PRESENTATION_STYLE_ASSIGNMENT((#3452));
#3281=PRESENTATION_STYLE_ASSIGNMENT((#3453));
#3282=PRESENTATION_STYLE_ASSIGNMENT((#3454));
#3283=PRESENTATION_STYLE_ASSIGNMENT((#3455));
#3284=PRESENTATION_STYLE_ASSIGNMENT((#3456));
#3285=PRESENTATION_STYLE_ASSIGNMENT((#3457));
#3286=PRESENTATION_STYLE_ASSIGNMENT((#3458));
#3287=PRESENTATION_STYLE_ASSIGNMENT((#3459));
#3288=PRESENTATION_STYLE_ASSIGNMENT((#3460));
#3289=PRESENTATION_STYLE_ASSIGNMENT((#3461));
#3290=PRESENTATION_STYLE_ASSIGNMENT((#3462));
#3291=PRESENTATION_STYLE_ASSIGNMENT((#3463));
#3292=PRESENTATION_STYLE_ASSIGNMENT((#3464));
#3293=PRESENTATION_STYLE_ASSIGNMENT((#3465));
#3294=PRESENTATION_STYLE_ASSIGNMENT((#3466));
#3295=PRESENTATION_STYLE_ASSIGNMENT((#3467));
#3296=PRESENTATION_STYLE_ASSIGNMENT((#3468));
#3297=PRESENTATION_STYLE_ASSIGNMENT((#3469));
#3298=PRESENTATION_STYLE_ASSIGNMENT((#3470));
#3299=PRESENTATION_STYLE_ASSIGNMENT((#3471));
#3300=PRESENTATION_STYLE_ASSIGNMENT((#3472));
#3301=PRESENTATION_STYLE_ASSIGNMENT((#3473));
#3302=PRESENTATION_STYLE_ASSIGNMENT((#3474));
#3303=PRESENTATION_STYLE_ASSIGNMENT((#3475));
#3304=PRESENTATION_STYLE_ASSIGNMENT((#3476));
#3305=PRESENTATION_STYLE_ASSIGNMENT((#3477));
#3306=PRESENTATION_STYLE_ASSIGNMENT((#3478));
#3307=PRESENTATION_STYLE_ASSIGNMENT((#3479));
#3308=PRESENTATION_STYLE_ASSIGNMENT((#3480));
#3309=PRESENTATION_STYLE_ASSIGNMENT((#3481));
#3310=PRESENTATION_STYLE_ASSIGNMENT((#3482));
#3311=SURFACE_STYLE_USAGE(.BOTH.,#3483);
#3312=SURFACE_STYLE_USAGE(.BOTH.,#3484);
#3313=SURFACE_STYLE_USAGE(.BOTH.,#3485);
#3314=SURFACE_STYLE_USAGE(.BOTH.,#3486);
#3315=SURFACE_STYLE_USAGE(.BOTH.,#3487);
#3316=SURFACE_STYLE_USAGE(.BOTH.,#3488);
#3317=SURFACE_STYLE_USAGE(.BOTH.,#3489);
#3318=SURFACE_STYLE_USAGE(.BOTH.,#3490);
#3319=SURFACE_STYLE_USAGE(.BOTH.,#3491);
#3320=SURFACE_STYLE_USAGE(.BOTH.,#3492);
#3321=SURFACE_STYLE_USAGE(.BOTH.,#3493);
#3322=SURFACE_STYLE_USAGE(.BOTH.,#3494);
#3323=SURFACE_STYLE_USAGE(.BOTH.,#3495);
#3324=SURFACE_STYLE_USAGE(.BOTH.,#3496);
#3325=SURFACE_STYLE_USAGE(.BOTH.,#3497);
#3326=SURFACE_STYLE_USAGE(.BOTH.,#3498);
#3327=SURFACE_STYLE_USAGE(.BOTH.,#3499);
#3328=SURFACE_STYLE_USAGE(.BOTH.,#3500);
#3329=SURFACE_STYLE_USAGE(.BOTH.,#3501);
#3330=SURFACE_STYLE_USAGE(.BOTH.,#3502);
#3331=SURFACE_STYLE_USAGE(.BOTH.,#3503);
#3332=SURFACE_STYLE_USAGE(.BOTH.,#3504);
#3333=SURFACE_STYLE_USAGE(.BOTH.,#3505);
#3334=SURFACE_STYLE_USAGE(.BOTH.,#3506);
#3335=SURFACE_STYLE_USAGE(.BOTH.,#3507);
#3336=SURFACE_STYLE_USAGE(.BOTH.,#3508);
#3337=SURFACE_STYLE_USAGE(.BOTH.,#3509);
#3338=SURFACE_STYLE_USAGE(.BOTH.,#3510);
#3339=SURFACE_STYLE_USAGE(.BOTH.,#3511);
#3340=SURFACE_STYLE_USAGE(.BOTH.,#3512);
#3341=SURFACE_STYLE_USAGE(.BOTH.,#3513);
#3342=SURFACE_STYLE_USAGE(.BOTH.,#3514);
#3343=SURFACE_STYLE_USAGE(.BOTH.,#3515);
#3344=SURFACE_STYLE_USAGE(.BOTH.,#3516);
#3345=SURFACE_STYLE_USAGE(.BOTH.,#3517);
#3346=SURFACE_STYLE_USAGE(.BOTH.,#3518);
#3347=SURFACE_STYLE_USAGE(.BOTH.,#3519);
#3348=SURFACE_STYLE_USAGE(.BOTH.,#3520);
#3349=SURFACE_STYLE_USAGE(.BOTH.,#3521);
#3350=SURFACE_STYLE_USAGE(.BOTH.,#3522);
#3351=SURFACE_STYLE_USAGE(.BOTH.,#3523);
#3352=SURFACE_STYLE_USAGE(.BOTH.,#3524);
#3353=SURFACE_STYLE_USAGE(.BOTH.,#3525);
#3354=SURFACE_STYLE_USAGE(.BOTH.,#3526);
#3355=SURFACE_STYLE_USAGE(.BOTH.,#3527);
#3356=SURFACE_STYLE_USAGE(.BOTH.,#3528);
#3357=SURFACE_STYLE_USAGE(.BOTH.,#3529);
#3358=SURFACE_STYLE_USAGE(.BOTH.,#3530);
#3359=SURFACE_STYLE_USAGE(.BOTH.,#3531);
#3360=SURFACE_STYLE_USAGE(.BOTH.,#3532);
#3361=SURFACE_STYLE_USAGE(.BOTH.,#3533);
#3362=SURFACE_STYLE_USAGE(.BOTH.,#3534);
#3363=SURFACE_STYLE_USAGE(.BOTH.,#3535);
#3364=SURFACE_STYLE_USAGE(.BOTH.,#3536);
#3365=SURFACE_STYLE_USAGE(.BOTH.,#3537);
#3366=SURFACE_STYLE_USAGE(.BOTH.,#3538);
#3367=SURFACE_STYLE_USAGE(.BOTH.,#3539);
#3368=SURFACE_STYLE_USAGE(.BOTH.,#3540);
#3369=SURFACE_STYLE_USAGE(.BOTH.,#3541);
#3370=SURFACE_STYLE_USAGE(.BOTH.,#3542);
#3371=SURFACE_STYLE_USAGE(.BOTH.,#3543);
#3372=SURFACE_STYLE_USAGE(.BOTH.,#3544);
#3373=SURFACE_STYLE_USAGE(.BOTH.,#3545);
#3374=SURFACE_STYLE_USAGE(.BOTH.,#3546);
#3375=SURFACE_STYLE_USAGE(.BOTH.,#3547);
#3376=SURFACE_STYLE_USAGE(.BOTH.,#3548);
#3377=SURFACE_STYLE_USAGE(.BOTH.,#3549);
#3378=SURFACE_STYLE_USAGE(.BOTH.,#3550);
#3379=SURFACE_STYLE_USAGE(.BOTH.,#3551);
#3380=SURFACE_STYLE_USAGE(.BOTH.,#3552);
#3381=SURFACE_STYLE_USAGE(.BOTH.,#3553);
#3382=SURFACE_STYLE_USAGE(.BOTH.,#3554);
#3383=SURFACE_STYLE_USAGE(.BOTH.,#3555);
#3384=SURFACE_STYLE_USAGE(.BOTH.,#3556);
#3385=SURFACE_STYLE_USAGE(.BOTH.,#3557);
#3386=SURFACE_STYLE_USAGE(.BOTH.,#3558);
#3387=SURFACE_STYLE_USAGE(.BOTH.,#3559);
#3388=SURFACE_STYLE_USAGE(.BOTH.,#3560);
#3389=SURFACE_STYLE_USAGE(.BOTH.,#3561);
#3390=SURFACE_STYLE_USAGE(.BOTH.,#3562);
#3391=SURFACE_STYLE_USAGE(.BOTH.,#3563);
#3392=SURFACE_STYLE_USAGE(.BOTH.,#3564);
#3393=SURFACE_STYLE_USAGE(.BOTH.,#3565);
#3394=SURFACE_STYLE_USAGE(.BOTH.,#3566);
#3395=SURFACE_STYLE_USAGE(.BOTH.,#3567);
#3396=SURFACE_STYLE_USAGE(.BOTH.,#3568);
#3397=SURFACE_STYLE_USAGE(.BOTH.,#3569);
#3398=SURFACE_STYLE_USAGE(.BOTH.,#3570);
#3399=SURFACE_STYLE_USAGE(.BOTH.,#3571);
#3400=SURFACE_STYLE_USAGE(.BOTH.,#3572);
#3401=SURFACE_STYLE_USAGE(.BOTH.,#3573);
#3402=SURFACE_STYLE_USAGE(.BOTH.,#3574);
#3403=SURFACE_STYLE_USAGE(.BOTH.,#3575);
#3404=SURFACE_STYLE_USAGE(.BOTH.,#3576);
#3405=SURFACE_STYLE_USAGE(.BOTH.,#3577);
#3406=SURFACE_STYLE_USAGE(.BOTH.,#3578);
#3407=SURFACE_STYLE_USAGE(.BOTH.,#3579);
#3408=SURFACE_STYLE_USAGE(.BOTH.,#3580);
#3409=SURFACE_STYLE_USAGE(.BOTH.,#3581);
#3410=SURFACE_STYLE_USAGE(.BOTH.,#3582);
#3411=SURFACE_STYLE_USAGE(.BOTH.,#3583);
#3412=SURFACE_STYLE_USAGE(.BOTH.,#3584);
#3413=SURFACE_STYLE_USAGE(.BOTH.,#3585);
#3414=SURFACE_STYLE_USAGE(.BOTH.,#3586);
#3415=SURFACE_STYLE_USAGE(.BOTH.,#3587);
#3416=SURFACE_STYLE_USAGE(.BOTH.,#3588);
#3417=SURFACE_STYLE_USAGE(.BOTH.,#3589);
#3418=SURFACE_STYLE_USAGE(.BOTH.,#3590);
#3419=SURFACE_STYLE_USAGE(.BOTH.,#3591);
#3420=SURFACE_STYLE_USAGE(.BOTH.,#3592);
#3421=SURFACE_STYLE_USAGE(.BOTH.,#3593);
#3422=SURFACE_STYLE_USAGE(.BOTH.,#3594);
#3423=SURFACE_STYLE_USAGE(.BOTH.,#3595);
#3424=SURFACE_STYLE_USAGE(.BOTH.,#3596);
#3425=SURFACE_STYLE_USAGE(.BOTH.,#3597);
#3426=SURFACE_STYLE_USAGE(.BOTH.,#3598);
#3427=SURFACE_STYLE_USAGE(.BOTH.,#3599);
#3428=SURFACE_STYLE_USAGE(.BOTH.,#3600);
#3429=SURFACE_STYLE_USAGE(.BOTH.,#3601);
#3430=SURFACE_STYLE_USAGE(.BOTH.,#3602);
#3431=SURFACE_STYLE_USAGE(.BOTH.,#3603);
#3432=SURFACE_STYLE_USAGE(.BOTH.,#3604);
#3433=SURFACE_STYLE_USAGE(.BOTH.,#3605);
#3434=SURFACE_STYLE_USAGE(.BOTH.,#3606);
#3435=SURFACE_STYLE_USAGE(.BOTH.,#3607);
#3436=SURFACE_STYLE_USAGE(.BOTH.,#3608);
#3437=SURFACE_STYLE_USAGE(.BOTH.,#3609);
#3438=SURFACE_STYLE_USAGE(.BOTH.,#3610);
#3439=SURFACE_STYLE_USAGE(.BOTH.,#3611);
#3440=SURFACE_STYLE_USAGE(.BOTH.,#3612);
#3441=SURFACE_STYLE_USAGE(.BOTH.,#3613);
#3442=SURFACE_STYLE_USAGE(.BOTH.,#3614);
#3443=SURFACE_STYLE_USAGE(.BOTH.,#3615);
#3444=SURFACE_STYLE_USAGE(.BOTH.,#3616);
#3445=SURFACE_STYLE_USAGE(.BOTH.,#3617);
#3446=SURFACE_STYLE_USAGE(.BOTH.,#3618);
#3447=SURFACE_STYLE_USAGE(.BOTH.,#3619);
#3448=SURFACE_STYLE_USAGE(.BOTH.,#3620);
#3449=SURFACE_STYLE_USAGE(.BOTH.,#3621);
#3450=SURFACE_STYLE_USAGE(.BOTH.,#3622);
#3451=SURFACE_STYLE_USAGE(.BOTH.,#3623);
#3452=SURFACE_STYLE_USAGE(.BOTH.,#3624);
#3453=SURFACE_STYLE_USAGE(.BOTH.,#3625);
#3454=SURFACE_STYLE_USAGE(.BOTH.,#3626);
#3455=SURFACE_STYLE_USAGE(.BOTH.,#3627);
#3456=SURFACE_STYLE_USAGE(.BOTH.,#3628);
#3457=SURFACE_STYLE_USAGE(.BOTH.,#3629);
#3458=SURFACE_STYLE_USAGE(.BOTH.,#3630);
#3459=SURFACE_STYLE_USAGE(.BOTH.,#3631);
#3460=SURFACE_STYLE_USAGE(.BOTH.,#3632);
#3461=SURFACE_STYLE_USAGE(.BOTH.,#3633);
#3462=SURFACE_STYLE_USAGE(.BOTH.,#3634);
#3463=SURFACE_STYLE_USAGE(.BOTH.,#3635);
#3464=SURFACE_STYLE_USAGE(.BOTH.,#3636);
#3465=SURFACE_STYLE_USAGE(.BOTH.,#3637);
#3466=SURFACE_STYLE_USAGE(.BOTH.,#3638);
#3467=SURFACE_STYLE_USAGE(.BOTH.,#3639);
#3468=SURFACE_STYLE_USAGE(.BOTH.,#3640);
#3469=SURFACE_STYLE_USAGE(.BOTH.,#3641);
#3470=SURFACE_STYLE_USAGE(.BOTH.,#3642);
#3471=SURFACE_STYLE_USAGE(.BOTH.,#3643);
#3472=SURFACE_STYLE_USAGE(.BOTH.,#3644);
#3473=SURFACE_STYLE_USAGE(.BOTH.,#3645);
#3474=SURFACE_STYLE_USAGE(.BOTH.,#3646);
#3475=SURFACE_STYLE_USAGE(.BOTH.,#3647);
#3476=SURFACE_STYLE_USAGE(.BOTH.,#3648);
#3477=SURFACE_STYLE_USAGE(.BOTH.,#3649);
#3478=SURFACE_STYLE_USAGE(.BOTH.,#3650);
#3479=SURFACE_STYLE_USAGE(.BOTH.,#3651);
#3480=SURFACE_STYLE_USAGE(.BOTH.,#3652);
#3481=SURFACE_STYLE_USAGE(.BOTH.,#3653);
#3482=SURFACE_STYLE_USAGE(.BOTH.,#3654);
#3483=SURFACE_SIDE_STYLE('',(#3655));
#3484=SURFACE_SIDE_STYLE('',(#3656));
#3485=SURFACE_SIDE_STYLE('',(#3657));
#3486=SURFACE_SIDE_STYLE('',(#3658));
#3487=SURFACE_SIDE_STYLE('',(#3659));
#3488=SURFACE_SIDE_STYLE('',(#3660));
#3489=SURFACE_SIDE_STYLE('',(#3661));
#3490=SURFACE_SIDE_STYLE('',(#3662));
#3491=SURFACE_SIDE_STYLE('',(#3663));
#3492=SURFACE_SIDE_STYLE('',(#3664));
#3493=SURFACE_SIDE_STYLE('',(#3665));
#3494=SURFACE_SIDE_STYLE('',(#3666));
#3495=SURFACE_SIDE_STYLE('',(#3667));
#3496=SURFACE_SIDE_STYLE('',(#3668));
#3497=SURFACE_SIDE_STYLE('',(#3669));
#3498=SURFACE_SIDE_STYLE('',(#3670));
#3499=SURFACE_SIDE_STYLE('',(#3671));
#3500=SURFACE_SIDE_STYLE('',(#3672));
#3501=SURFACE_SIDE_STYLE('',(#3673));
#3502=SURFACE_SIDE_STYLE('',(#3674));
#3503=SURFACE_SIDE_STYLE('',(#3675));
#3504=SURFACE_SIDE_STYLE('',(#3676));
#3505=SURFACE_SIDE_STYLE('',(#3677));
#3506=SURFACE_SIDE_STYLE('',(#3678));
#3507=SURFACE_SIDE_STYLE('',(#3679));
#3508=SURFACE_SIDE_STYLE('',(#3680));
#3509=SURFACE_SIDE_STYLE('',(#3681));
#3510=SURFACE_SIDE_STYLE('',(#3682));
#3511=SURFACE_SIDE_STYLE('',(#3683));
#3512=SURFACE_SIDE_STYLE('',(#3684));
#3513=SURFACE_SIDE_STYLE('',(#3685));
#3514=SURFACE_SIDE_STYLE('',(#3686));
#3515=SURFACE_SIDE_STYLE('',(#3687));
#3516=SURFACE_SIDE_STYLE('',(#3688));
#3517=SURFACE_SIDE_STYLE('',(#3689));
#3518=SURFACE_SIDE_STYLE('',(#3690));
#3519=SURFACE_SIDE_STYLE('',(#3691));
#3520=SURFACE_SIDE_STYLE('',(#3692));
#3521=SURFACE_SIDE_STYLE('',(#3693));
#3522=SURFACE_SIDE_STYLE('',(#3694));
#3523=SURFACE_SIDE_STYLE('',(#3695));
#3524=SURFACE_SIDE_STYLE('',(#3696));
#3525=SURFACE_SIDE_STYLE('',(#3697));
#3526=SURFACE_SIDE_STYLE('',(#3698));
#3527=SURFACE_SIDE_STYLE('',(#3699));
#3528=SURFACE_SIDE_STYLE('',(#3700));
#3529=SURFACE_SIDE_STYLE('',(#3701));
#3530=SURFACE_SIDE_STYLE('',(#3702));
#3531=SURFACE_SIDE_STYLE('',(#3703));
#3532=SURFACE_SIDE_STYLE('',(#3704));
#3533=SURFACE_SIDE_STYLE('',(#3705));
#3534=SURFACE_SIDE_STYLE('',(#3706));
#3535=SURFACE_SIDE_STYLE('',(#3707));
#3536=SURFACE_SIDE_STYLE('',(#3708));
#3537=SURFACE_SIDE_STYLE('',(#3709));
#3538=SURFACE_SIDE_STYLE('',(#3710));
#3539=SURFACE_SIDE_STYLE('',(#3711));
#3540=SURFACE_SIDE_STYLE('',(#3712));
#3541=SURFACE_SIDE_STYLE('',(#3713));
#3542=SURFACE_SIDE_STYLE('',(#3714));
#3543=SURFACE_SIDE_STYLE('',(#3715));
#3544=SURFACE_SIDE_STYLE('',(#3716));
#3545=SURFACE_SIDE_STYLE('',(#3717));
#3546=SURFACE_SIDE_STYLE('',(#3718));
#3547=SURFACE_SIDE_STYLE('',(#3719));
#3548=SURFACE_SIDE_STYLE('',(#3720));
#3549=SURFACE_SIDE_STYLE('',(#3721));
#3550=SURFACE_SIDE_STYLE('',(#3722));
#3551=SURFACE_SIDE_STYLE('',(#3723));
#3552=SURFACE_SIDE_STYLE('',(#3724));
#3553=SURFACE_SIDE_STYLE('',(#3725));
#3554=SURFACE_SIDE_STYLE('',(#3726));
#3555=SURFACE_SIDE_STYLE('',(#3727));
#3556=SURFACE_SIDE_STYLE('',(#3728));
#3557=SURFACE_SIDE_STYLE('',(#3729));
#3558=SURFACE_SIDE_STYLE('',(#3730));
#3559=SURFACE_SIDE_STYLE('',(#3731));
#3560=SURFACE_SIDE_STYLE('',(#3732));
#3561=SURFACE_SIDE_STYLE('',(#3733));
#3562=SURFACE_SIDE_STYLE('',(#3734));
#3563=SURFACE_SIDE_STYLE('',(#3735));
#3564=SURFACE_SIDE_STYLE('',(#3736));
#3565=SURFACE_SIDE_STYLE('',(#3737));
#3566=SURFACE_SIDE_STYLE('',(#3738));
#3567=SURFACE_SIDE_STYLE('',(#3739));
#3568=SURFACE_SIDE_STYLE('',(#3740));
#3569=SURFACE_SIDE_STYLE('',(#3741));
#3570=SURFACE_SIDE_STYLE('',(#3742));
#3571=SURFACE_SIDE_STYLE('',(#3743));
#3572=SURFACE_SIDE_STYLE('',(#3744));
#3573=SURFACE_SIDE_STYLE('',(#3745));
#3574=SURFACE_SIDE_STYLE('',(#3746));
#3575=SURFACE_SIDE_STYLE('',(#3747));
#3576=SURFACE_SIDE_STYLE('',(#3748));
#3577=SURFACE_SIDE_STYLE('',(#3749));
#3578=SURFACE_SIDE_STYLE('',(#3750));
#3579=SURFACE_SIDE_STYLE('',(#3751));
#3580=SURFACE_SIDE_STYLE('',(#3752));
#3581=SURFACE_SIDE_STYLE('',(#3753));
#3582=SURFACE_SIDE_STYLE('',(#3754));
#3583=SURFACE_SIDE_STYLE('',(#3755));
#3584=SURFACE_SIDE_STYLE('',(#3756));
#3585=SURFACE_SIDE_STYLE('',(#3757));
#3586=SURFACE_SIDE_STYLE('',(#3758));
#3587=SURFACE_SIDE_STYLE('',(#3759));
#3588=SURFACE_SIDE_STYLE('',(#3760));
#3589=SURFACE_SIDE_STYLE('',(#3761));
#3590=SURFACE_SIDE_STYLE('',(#3762));
#3591=SURFACE_SIDE_STYLE('',(#3763));
#3592=SURFACE_SIDE_STYLE('',(#3764));
#3593=SURFACE_SIDE_STYLE('',(#3765));
#3594=SURFACE_SIDE_STYLE('',(#3766));
#3595=SURFACE_SIDE_STYLE('',(#3767));
#3596=SURFACE_SIDE_STYLE('',(#3768));
#3597=SURFACE_SIDE_STYLE('',(#3769));
#3598=SURFACE_SIDE_STYLE('',(#3770));
#3599=SURFACE_SIDE_STYLE('',(#3771));
#3600=SURFACE_SIDE_STYLE('',(#3772));
#3601=SURFACE_SIDE_STYLE('',(#3773));
#3602=SURFACE_SIDE_STYLE('',(#3774));
#3603=SURFACE_SIDE_STYLE('',(#3775));
#3604=SURFACE_SIDE_STYLE('',(#3776));
#3605=SURFACE_SIDE_STYLE('',(#3777));
#3606=SURFACE_SIDE_STYLE('',(#3778));
#3607=SURFACE_SIDE_STYLE('',(#3779));
#3608=SURFACE_SIDE_STYLE('',(#3780));
#3609=SURFACE_SIDE_STYLE('',(#3781));
#3610=SURFACE_SIDE_STYLE('',(#3782));
#3611=SURFACE_SIDE_STYLE('',(#3783));
#3612=SURFACE_SIDE_STYLE('',(#3784));
#3613=SURFACE_SIDE_STYLE('',(#3785));
#3614=SURFACE_SIDE_STYLE('',(#3786));
#3615=SURFACE_SIDE_STYLE('',(#3787));
#3616=SURFACE_SIDE_STYLE('',(#3788));
#3617=SURFACE_SIDE_STYLE('',(#3789));
#3618=SURFACE_SIDE_STYLE('',(#3790));
#3619=SURFACE_SIDE_STYLE('',(#3791));
#3620=SURFACE_SIDE_STYLE('',(#3792));
#3621=SURFACE_SIDE_STYLE('',(#3793));
#3622=SURFACE_SIDE_STYLE('',(#3794));
#3623=SURFACE_SIDE_STYLE('',(#3795));
#3624=SURFACE_SIDE_STYLE('',(#3796));
#3625=SURFACE_SIDE_STYLE('',(#3797));
#3626=SURFACE_SIDE_STYLE('',(#3798));
#3627=SURFACE_SIDE_STYLE('',(#3799));
#3628=SURFACE_SIDE_STYLE('',(#3800));
#3629=SURFACE_SIDE_STYLE('',(#3801));
#3630=SURFACE_SIDE_STYLE('',(#3802));
#3631=SURFACE_SIDE_STYLE('',(#3803));
#3632=SURFACE_SIDE_STYLE('',(#3804));
#3633=SURFACE_SIDE_STYLE('',(#3805));
#3634=SURFACE_SIDE_STYLE('',(#3806));
#3635=SURFACE_SIDE_STYLE('',(#3807));
#3636=SURFACE_SIDE_STYLE('',(#3808));
#3637=SURFACE_SIDE_STYLE('',(#3809));
#3638=SURFACE_SIDE_STYLE('',(#3810));
#3639=SURFACE_SIDE_STYLE('',(#3811));
#3640=SURFACE_SIDE_STYLE('',(#3812));
#3641=SURFACE_SIDE_STYLE('',(#3813));
#3642=SURFACE_SIDE_STYLE('',(#3814));
#3643=SURFACE_SIDE_STYLE('',(#3815));
#3644=SURFACE_SIDE_STYLE('',(#3816));
#3645=SURFACE_SIDE_STYLE('',(#3817));
#3646=SURFACE_SIDE_STYLE('',(#3818));
#3647=SURFACE_SIDE_STYLE('',(#3819));
#3648=SURFACE_SIDE_STYLE('',(#3820));
#3649=SURFACE_SIDE_STYLE('',(#3821));
#3650=SURFACE_SIDE_STYLE('',(#3822));
#3651=SURFACE_SIDE_STYLE('',(#3823));
#3652=SURFACE_SIDE_STYLE('',(#3824));
#3653=SURFACE_SIDE_STYLE('',(#3825));
#3654=SURFACE_SIDE_STYLE('',(#3826));
#3655=SURFACE_STYLE_FILL_AREA(#3827);
#3656=SURFACE_STYLE_FILL_AREA(#3828);
#3657=SURFACE_STYLE_FILL_AREA(#3829);
#3658=SURFACE_STYLE_FILL_AREA(#3830);
#3659=SURFACE_STYLE_FILL_AREA(#3831);
#3660=SURFACE_STYLE_FILL_AREA(#3832);
#3661=SURFACE_STYLE_FILL_AREA(#3833);
#3662=SURFACE_STYLE_FILL_AREA(#3834);
#3663=SURFACE_STYLE_FILL_AREA(#3835);
#3664=SURFACE_STYLE_FILL_AREA(#3836);
#3665=SURFACE_STYLE_FILL_AREA(#3837);
#3666=SURFACE_STYLE_FILL_AREA(#3838);
#3667=SURFACE_STYLE_FILL_AREA(#3839);
#3668=SURFACE_STYLE_FILL_AREA(#3840);
#3669=SURFACE_STYLE_FILL_AREA(#3841);
#3670=SURFACE_STYLE_FILL_AREA(#3842);
#3671=SURFACE_STYLE_FILL_AREA(#3843);
#3672=SURFACE_STYLE_FILL_AREA(#3844);
#3673=SURFACE_STYLE_FILL_AREA(#3845);
#3674=SURFACE_STYLE_FILL_AREA(#3846);
#3675=SURFACE_STYLE_FILL_AREA(#3847);
#3676=SURFACE_STYLE_FILL_AREA(#3848);
#3677=SURFACE_STYLE_FILL_AREA(#3849);
#3678=SURFACE_STYLE_FILL_AREA(#3850);
#3679=SURFACE_STYLE_FILL_AREA(#3851);
#3680=SURFACE_STYLE_FILL_AREA(#3852);
#3681=SURFACE_STYLE_FILL_AREA(#3853);
#3682=SURFACE_STYLE_FILL_AREA(#3854);
#3683=SURFACE_STYLE_FILL_AREA(#3855);
#3684=SURFACE_STYLE_FILL_AREA(#3856);
#3685=SURFACE_STYLE_FILL_AREA(#3857);
#3686=SURFACE_STYLE_FILL_AREA(#3858);
#3687=SURFACE_STYLE_FILL_AREA(#3859);
#3688=SURFACE_STYLE_FILL_AREA(#3860);
#3689=SURFACE_STYLE_FILL_AREA(#3861);
#3690=SURFACE_STYLE_FILL_AREA(#3862);
#3691=SURFACE_STYLE_FILL_AREA(#3863);
#3692=SURFACE_STYLE_FILL_AREA(#3864);
#3693=SURFACE_STYLE_FILL_AREA(#3865);
#3694=SURFACE_STYLE_FILL_AREA(#3866);
#3695=SURFACE_STYLE_FILL_AREA(#3867);
#3696=SURFACE_STYLE_FILL_AREA(#3868);
#3697=SURFACE_STYLE_FILL_AREA(#3869);
#3698=SURFACE_STYLE_FILL_AREA(#3870);
#3699=SURFACE_STYLE_FILL_AREA(#3871);
#3700=SURFACE_STYLE_FILL_AREA(#3872);
#3701=SURFACE_STYLE_FILL_AREA(#3873);
#3702=SURFACE_STYLE_FILL_AREA(#3874);
#3703=SURFACE_STYLE_FILL_AREA(#3875);
#3704=SURFACE_STYLE_FILL_AREA(#3876);
#3705=SURFACE_STYLE_FILL_AREA(#3877);
#3706=SURFACE_STYLE_FILL_AREA(#3878);
#3707=SURFACE_STYLE_FILL_AREA(#3879);
#3708=SURFACE_STYLE_FILL_AREA(#3880);
#3709=SURFACE_STYLE_FILL_AREA(#3881);
#3710=SURFACE_STYLE_FILL_AREA(#3882);
#3711=SURFACE_STYLE_FILL_AREA(#3883);
#3712=SURFACE_STYLE_FILL_AREA(#3884);
#3713=SURFACE_STYLE_FILL_AREA(#3885);
#3714=SURFACE_STYLE_FILL_AREA(#3886);
#3715=SURFACE_STYLE_FILL_AREA(#3887);
#3716=SURFACE_STYLE_FILL_AREA(#3888);
#3717=SURFACE_STYLE_FILL_AREA(#3889);
#3718=SURFACE_STYLE_FILL_AREA(#3890);
#3719=SURFACE_STYLE_FILL_AREA(#3891);
#3720=SURFACE_STYLE_FILL_AREA(#3892);
#3721=SURFACE_STYLE_FILL_AREA(#3893);
#3722=SURFACE_STYLE_FILL_AREA(#3894);
#3723=SURFACE_STYLE_FILL_AREA(#3895);
#3724=SURFACE_STYLE_FILL_AREA(#3896);
#3725=SURFACE_STYLE_FILL_AREA(#3897);
#3726=SURFACE_STYLE_FILL_AREA(#3898);
#3727=SURFACE_STYLE_FILL_AREA(#3899);
#3728=SURFACE_STYLE_FILL_AREA(#3900);
#3729=SURFACE_STYLE_FILL_AREA(#3901);
#3730=SURFACE_STYLE_FILL_AREA(#3902);
#3731=SURFACE_STYLE_FILL_AREA(#3903);
#3732=SURFACE_STYLE_FILL_AREA(#3904);
#3733=SURFACE_STYLE_FILL_AREA(#3905);
#3734=SURFACE_STYLE_FILL_AREA(#3906);
#3735=SURFACE_STYLE_FILL_AREA(#3907);
#3736=SURFACE_STYLE_FILL_AREA(#3908);
#3737=SURFACE_STYLE_FILL_AREA(#3909);
#3738=SURFACE_STYLE_FILL_AREA(#3910);
#3739=SURFACE_STYLE_FILL_AREA(#3911);
#3740=SURFACE_STYLE_FILL_AREA(#3912);
#3741=SURFACE_STYLE_FILL_AREA(#3913);
#3742=SURFACE_STYLE_FILL_AREA(#3914);
#3743=SURFACE_STYLE_FILL_AREA(#3915);
#3744=SURFACE_STYLE_FILL_AREA(#3916);
#3745=SURFACE_STYLE_FILL_AREA(#3917);
#3746=SURFACE_STYLE_FILL_AREA(#3918);
#3747=SURFACE_STYLE_FILL_AREA(#3919);
#3748=SURFACE_STYLE_FILL_AREA(#3920);
#3749=SURFACE_STYLE_FILL_AREA(#3921);
#3750=SURFACE_STYLE_FILL_AREA(#3922);
#3751=SURFACE_STYLE_FILL_AREA(#3923);
#3752=SURFACE_STYLE_FILL_AREA(#3924);
#3753=SURFACE_STYLE_FILL_AREA(#3925);
#3754=SURFACE_STYLE_FILL_AREA(#3926);
#3755=SURFACE_STYLE_FILL_AREA(#3927);
#3756=SURFACE_STYLE_FILL_AREA(#3928);
#3757=SURFACE_STYLE_FILL_AREA(#3929);
#3758=SURFACE_STYLE_FILL_AREA(#3930);
#3759=SURFACE_STYLE_FILL_AREA(#3931);
#3760=SURFACE_STYLE_FILL_AREA(#3932);
#3761=SURFACE_STYLE_FILL_AREA(#3933);
#3762=SURFACE_STYLE_FILL_AREA(#3934);
#3763=SURFACE_STYLE_FILL_AREA(#3935);
#3764=SURFACE_STYLE_FILL_AREA(#3936);
#3765=SURFACE_STYLE_FILL_AREA(#3937);
#3766=SURFACE_STYLE_FILL_AREA(#3938);
#3767=SURFACE_STYLE_FILL_AREA(#3939);
#3768=SURFACE_STYLE_FILL_AREA(#3940);
#3769=SURFACE_STYLE_FILL_AREA(#3941);
#3770=SURFACE_STYLE_FILL_AREA(#3942);
#3771=SURFACE_STYLE_FILL_AREA(#3943);
#3772=SURFACE_STYLE_FILL_AREA(#3944);
#3773=SURFACE_STYLE_FILL_AREA(#3945);
#3774=SURFACE_STYLE_FILL_AREA(#3946);
#3775=SURFACE_STYLE_FILL_AREA(#3947);
#3776=SURFACE_STYLE_FILL_AREA(#3948);
#3777=SURFACE_STYLE_FILL_AREA(#3949);
#3778=SURFACE_STYLE_FILL_AREA(#3950);
#3779=SURFACE_STYLE_FILL_AREA(#3951);
#3780=SURFACE_STYLE_FILL_AREA(#3952);
#3781=SURFACE_STYLE_FILL_AREA(#3953);
#3782=SURFACE_STYLE_FILL_AREA(#3954);
#3783=SURFACE_STYLE_FILL_AREA(#3955);
#3784=SURFACE_STYLE_FILL_AREA(#3956);
#3785=SURFACE_STYLE_FILL_AREA(#3957);
#3786=SURFACE_STYLE_FILL_AREA(#3958);
#3787=SURFACE_STYLE_FILL_AREA(#3959);
#3788=SURFACE_STYLE_FILL_AREA(#3960);
#3789=SURFACE_STYLE_FILL_AREA(#3961);
#3790=SURFACE_STYLE_FILL_AREA(#3962);
#3791=SURFACE_STYLE_FILL_AREA(#3963);
#3792=SURFACE_STYLE_FILL_AREA(#3964);
#3793=SURFACE_STYLE_FILL_AREA(#3965);
#3794=SURFACE_STYLE_FILL_AREA(#3966);
#3795=SURFACE_STYLE_FILL_AREA(#3967);
#3796=SURFACE_STYLE_FILL_AREA(#3968);
#3797=SURFACE_STYLE_FILL_AREA(#3969);
#3798=SURFACE_STYLE_FILL_AREA(#3970);
#3799=SURFACE_STYLE_FILL_AREA(#3971);
#3800=SURFACE_STYLE_FILL_AREA(#3972);
#3801=SURFACE_STYLE_FILL_AREA(#3973);
#3802=SURFACE_STYLE_FILL_AREA(#3974);
#3803=SURFACE_STYLE_FILL_AREA(#3975);
#3804=SURFACE_STYLE_FILL_AREA(#3976);
#3805=SURFACE_STYLE_FILL_AREA(#3977);
#3806=SURFACE_STYLE_FILL_AREA(#3978);
#3807=SURFACE_STYLE_FILL_AREA(#3979);
#3808=SURFACE_STYLE_FILL_AREA(#3980);
#3809=SURFACE_STYLE_FILL_AREA(#3981);
#3810=SURFACE_STYLE_FILL_AREA(#3982);
#3811=SURFACE_STYLE_FILL_AREA(#3983);
#3812=SURFACE_STYLE_FILL_AREA(#3984);
#3813=SURFACE_STYLE_FILL_AREA(#3985);
#3814=SURFACE_STYLE_FILL_AREA(#3986);
#3815=SURFACE_STYLE_FILL_AREA(#3987);
#3816=SURFACE_STYLE_FILL_AREA(#3988);
#3817=SURFACE_STYLE_FILL_AREA(#3989);
#3818=SURFACE_STYLE_FILL_AREA(#3990);
#3819=SURFACE_STYLE_FILL_AREA(#3991);
#3820=SURFACE_STYLE_FILL_AREA(#3992);
#3821=SURFACE_STYLE_FILL_AREA(#3993);
#3822=SURFACE_STYLE_FILL_AREA(#3994);
#3823=SURFACE_STYLE_FILL_AREA(#3995);
#3824=SURFACE_STYLE_FILL_AREA(#3996);
#3825=SURFACE_STYLE_FILL_AREA(#3997);
#3826=SURFACE_STYLE_FILL_AREA(#3998);
#3827=FILL_AREA_STYLE('',(#3999));
#3828=FILL_AREA_STYLE('',(#4000));
#3829=FILL_AREA_STYLE('',(#4001));
#3830=FILL_AREA_STYLE('',(#4002));
#3831=FILL_AREA_STYLE('',(#4003));
#3832=FILL_AREA_STYLE('',(#4004));
#3833=FILL_AREA_STYLE('',(#4005));
#3834=FILL_AREA_STYLE('',(#4006));
#3835=FILL_AREA_STYLE('',(#4007));
#3836=FILL_AREA_STYLE('',(#4008));
#3837=FILL_AREA_STYLE('',(#4009));
#3838=FILL_AREA_STYLE('',(#4010));
#3839=FILL_AREA_STYLE('',(#4011));
#3840=FILL_AREA_STYLE('',(#4012));
#3841=FILL_AREA_STYLE('',(#4013));
#3842=FILL_AREA_STYLE('',(#4014));
#3843=FILL_AREA_STYLE('',(#4015));
#3844=FILL_AREA_STYLE('',(#4016));
#3845=FILL_AREA_STYLE('',(#4017));
#3846=FILL_AREA_STYLE('',(#4018));
#3847=FILL_AREA_STYLE('',(#4019));
#3848=FILL_AREA_STYLE('',(#4020));
#3849=FILL_AREA_STYLE('',(#4021));
#3850=FILL_AREA_STYLE('',(#4022));
#3851=FILL_AREA_STYLE('',(#4023));
#3852=FILL_AREA_STYLE('',(#4024));
#3853=FILL_AREA_STYLE('',(#4025));
#3854=FILL_AREA_STYLE('',(#4026));
#3855=FILL_AREA_STYLE('',(#4027));
#3856=FILL_AREA_STYLE('',(#4028));
#3857=FILL_AREA_STYLE('',(#4029));
#3858=FILL_AREA_STYLE('',(#4030));
#3859=FILL_AREA_STYLE('',(#4031));
#3860=FILL_AREA_STYLE('',(#4032));
#3861=FILL_AREA_STYLE('',(#4033));
#3862=FILL_AREA_STYLE('',(#4034));
#3863=FILL_AREA_STYLE('',(#4035));
#3864=FILL_AREA_STYLE('',(#4036));
#3865=FILL_AREA_STYLE('',(#4037));
#3866=FILL_AREA_STYLE('',(#4038));
#3867=FILL_AREA_STYLE('',(#4039));
#3868=FILL_AREA_STYLE('',(#4040));
#3869=FILL_AREA_STYLE('',(#4041));
#3870=FILL_AREA_STYLE('',(#4042));
#3871=FILL_AREA_STYLE('',(#4043));
#3872=FILL_AREA_STYLE('',(#4044));
#3873=FILL_AREA_STYLE('',(#4045));
#3874=FILL_AREA_STYLE('',(#4046));
#3875=FILL_AREA_STYLE('',(#4047));
#3876=FILL_AREA_STYLE('',(#4048));
#3877=FILL_AREA_STYLE('',(#4049));
#3878=FILL_AREA_STYLE('',(#4050));
#3879=FILL_AREA_STYLE('',(#4051));
#3880=FILL_AREA_STYLE('',(#4052));
#3881=FILL_AREA_STYLE('',(#4053));
#3882=FILL_AREA_STYLE('',(#4054));
#3883=FILL_AREA_STYLE('',(#4055));
#3884=FILL_AREA_STYLE('',(#4056));
#3885=FILL_AREA_STYLE('',(#4057));
#3886=FILL_AREA_STYLE('',(#4058));
#3887=FILL_AREA_STYLE('',(#4059));
#3888=FILL_AREA_STYLE('',(#4060));
#3889=FILL_AREA_STYLE('',(#4061));
#3890=FILL_AREA_STYLE('',(#4062));
#3891=FILL_AREA_STYLE('',(#4063));
#3892=FILL_AREA_STYLE('',(#4064));
#3893=FILL_AREA_STYLE('',(#4065));
#3894=FILL_AREA_STYLE('',(#4066));
#3895=FILL_AREA_STYLE('',(#4067));
#3896=FILL_AREA_STYLE('',(#4068));
#3897=FILL_AREA_STYLE('',(#4069));
#3898=FILL_AREA_STYLE('',(#4070));
#3899=FILL_AREA_STYLE('',(#4071));
#3900=FILL_AREA_STYLE('',(#4072));
#3901=FILL_AREA_STYLE('',(#4073));
#3902=FILL_AREA_STYLE('',(#4074));
#3903=FILL_AREA_STYLE('',(#4075));
#3904=FILL_AREA_STYLE('',(#4076));
#3905=FILL_AREA_STYLE('',(#4077));
#3906=FILL_AREA_STYLE('',(#4078));
#3907=FILL_AREA_STYLE('',(#4079));
#3908=FILL_AREA_STYLE('',(#4080));
#3909=FILL_AREA_STYLE('',(#4081));
#3910=FILL_AREA_STYLE('',(#4082));
#3911=FILL_AREA_STYLE('',(#4083));
#3912=FILL_AREA_STYLE('',(#4084));
#3913=FILL_AREA_STYLE('',(#4085));
#3914=FILL_AREA_STYLE('',(#4086));
#3915=FILL_AREA_STYLE('',(#4087));
#3916=FILL_AREA_STYLE('',(#4088));
#3917=FILL_AREA_STYLE('',(#4089));
#3918=FILL_AREA_STYLE('',(#4090));
#3919=FILL_AREA_STYLE('',(#4091));
#3920=FILL_AREA_STYLE('',(#4092));
#3921=FILL_AREA_STYLE('',(#4093));
#3922=FILL_AREA_STYLE('',(#4094));
#3923=FILL_AREA_STYLE('',(#4095));
#3924=FILL_AREA_STYLE('',(#4096));
#3925=FILL_AREA_STYLE('',(#4097));
#3926=FILL_AREA_STYLE('',(#4098));
#3927=FILL_AREA_STYLE('',(#4099));
#3928=FILL_AREA_STYLE('',(#4100));
#3929=FILL_AREA_STYLE('',(#4101));
#3930=FILL_AREA_STYLE('',(#4102));
#3931=FILL_AREA_STYLE('',(#4103));
#3932=FILL_AREA_STYLE('',(#4104));
#3933=FILL_AREA_STYLE('',(#4105));
#3934=FILL_AREA_STYLE('',(#4106));
#3935=FILL_AREA_STYLE('',(#4107));
#3936=FILL_AREA_STYLE('',(#4108));
#3937=FILL_AREA_STYLE('',(#4109));
#3938=FILL_AREA_STYLE('',(#4110));
#3939=FILL_AREA_STYLE('',(#4111));
#3940=FILL_AREA_STYLE('',(#4112));
#3941=FILL_AREA_STYLE('',(#4113));
#3942=FILL_AREA_STYLE('',(#4114));
#3943=FILL_AREA_STYLE('',(#4115));
#3944=FILL_AREA_STYLE('',(#4116));
#3945=FILL_AREA_STYLE('',(#4117));
#3946=FILL_AREA_STYLE('',(#4118));
#3947=FILL_AREA_STYLE('',(#4119));
#3948=FILL_AREA_STYLE('',(#4120));
#3949=FILL_AREA_STYLE('',(#4121));
#3950=FILL_AREA_STYLE('',(#4122));
#3951=FILL_AREA_STYLE('',(#4123));
#3952=FILL_AREA_STYLE('',(#4124));
#3953=FILL_AREA_STYLE('',(#4125));
#3954=FILL_AREA_STYLE('',(#4126));
#3955=FILL_AREA_STYLE('',(#4127));
#3956=FILL_AREA_STYLE('',(#4128));
#3957=FILL_AREA_STYLE('',(#4129));
#3958=FILL_AREA_STYLE('',(#4130));
#3959=FILL_AREA_STYLE('',(#4131));
#3960=FILL_AREA_STYLE('',(#4132));
#3961=FILL_AREA_STYLE('',(#4133));
#3962=FILL_AREA_STYLE('',(#4134));
#3963=FILL_AREA_STYLE('',(#4135));
#3964=FILL_AREA_STYLE('',(#4136));
#3965=FILL_AREA_STYLE('',(#4137));
#3966=FILL_AREA_STYLE('',(#4138));
#3967=FILL_AREA_STYLE('',(#4139));
#3968=FILL_AREA_STYLE('',(#4140));
#3969=FILL_AREA_STYLE('',(#4141));
#3970=FILL_AREA_STYLE('',(#4142));
#3971=FILL_AREA_STYLE('',(#4143));
#3972=FILL_AREA_STYLE('',(#4144));
#3973=FILL_AREA_STYLE('',(#4145));
#3974=FILL_AREA_STYLE('',(#4146));
#3975=FILL_AREA_STYLE('',(#4147));
#3976=FILL_AREA_STYLE('',(#4148));
#3977=FILL_AREA_STYLE('',(#4149));
#3978=FILL_AREA_STYLE('',(#4150));
#3979=FILL_AREA_STYLE('',(#4151));
#3980=FILL_AREA_STYLE('',(#4152));
#3981=FILL_AREA_STYLE('',(#4153));
#3982=FILL_AREA_STYLE('',(#4154));
#3983=FILL_AREA_STYLE('',(#4155));
#3984=FILL_AREA_STYLE('',(#4156));
#3985=FILL_AREA_STYLE('',(#4157));
#3986=FILL_AREA_STYLE('',(#4158));
#3987=FILL_AREA_STYLE('',(#4159));
#3988=FILL_AREA_STYLE('',(#4160));
#3989=FILL_AREA_STYLE('',(#4161));
#3990=FILL_AREA_STYLE('',(#4162));
#3991=FILL_AREA_STYLE('',(#4163));
#3992=FILL_AREA_STYLE('',(#4164));
#3993=FILL_AREA_STYLE('',(#4165));
#3994=FILL_AREA_STYLE('',(#4166));
#3995=FILL_AREA_STYLE('',(#4167));
#3996=FILL_AREA_STYLE('',(#4168));
#3997=FILL_AREA_STYLE('',(#4169));
#3998=FILL_AREA_STYLE('',(#4170));
#3999=FILL_AREA_STYLE_COLOUR('',#4171);
#4000=FILL_AREA_STYLE_COLOUR('',#4171);
#4001=FILL_AREA_STYLE_COLOUR('',#4171);
#4002=FILL_AREA_STYLE_COLOUR('',#4171);
#4003=FILL_AREA_STYLE_COLOUR('',#4171);
#4004=FILL_AREA_STYLE_COLOUR('',#4171);
#4005=FILL_AREA_STYLE_COLOUR('',#4171);
#4006=FILL_AREA_STYLE_COLOUR('',#4171);
#4007=FILL_AREA_STYLE_COLOUR('',#4171);
#4008=FILL_AREA_STYLE_COLOUR('',#4171);
#4009=FILL_AREA_STYLE_COLOUR('',#4171);
#4010=FILL_AREA_STYLE_COLOUR('',#4171);
#4011=FILL_AREA_STYLE_COLOUR('',#4171);
#4012=FILL_AREA_STYLE_COLOUR('',#4171);
#4013=FILL_AREA_STYLE_COLOUR('',#4171);
#4014=FILL_AREA_STYLE_COLOUR('',#4171);
#4015=FILL_AREA_STYLE_COLOUR('',#4171);
#4016=FILL_AREA_STYLE_COLOUR('',#4171);
#4017=FILL_AREA_STYLE_COLOUR('',#4171);
#4018=FILL_AREA_STYLE_COLOUR('',#4171);
#4019=FILL_AREA_STYLE_COLOUR('',#4171);
#4020=FILL_AREA_STYLE_COLOUR('',#4171);
#4021=FILL_AREA_STYLE_COLOUR('',#4171);
#4022=FILL_AREA_STYLE_COLOUR('',#4171);
#4023=FILL_AREA_STYLE_COLOUR('',#4171);
#4024=FILL_AREA_STYLE_COLOUR('',#4171);
#4025=FILL_AREA_STYLE_COLOUR('',#4171);
#4026=FILL_AREA_STYLE_COLOUR('',#4171);
#4027=FILL_AREA_STYLE_COLOUR('',#4171);
#4028=FILL_AREA_STYLE_COLOUR('',#4171);
#4029=FILL_AREA_STYLE_COLOUR('',#4171);
#4030=FILL_AREA_STYLE_COLOUR('',#4171);
#4031=FILL_AREA_STYLE_COLOUR('',#4171);
#4032=FILL_AREA_STYLE_COLOUR('',#4171);
#4033=FILL_AREA_STYLE_COLOUR('',#4171);
#4034=FILL_AREA_STYLE_COLOUR('',#4171);
#4035=FILL_AREA_STYLE_COLOUR('',#4171);
#4036=FILL_AREA_STYLE_COLOUR('',#4171);
#4037=FILL_AREA_STYLE_COLOUR('',#4171);
#4038=FILL_AREA_STYLE_COLOUR('',#4171);
#4039=FILL_AREA_STYLE_COLOUR('',#4171);
#4040=FILL_AREA_STYLE_COLOUR('',#4171);
#4041=FILL_AREA_STYLE_COLOUR('',#4171);
#4042=FILL_AREA_STYLE_COLOUR('',#4171);
#4043=FILL_AREA_STYLE_COLOUR('',#4171);
#4044=FILL_AREA_STYLE_COLOUR('',#4171);
#4045=FILL_AREA_STYLE_COLOUR('',#4171);
#4046=FILL_AREA_STYLE_COLOUR('',#4171);
#4047=FILL_AREA_STYLE_COLOUR('',#4171);
#4048=FILL_AREA_STYLE_COLOUR('',#4171);
#4049=FILL_AREA_STYLE_COLOUR('',#4171);
#4050=FILL_AREA_STYLE_COLOUR('',#4171);
#4051=FILL_AREA_STYLE_COLOUR('',#4171);
#4052=FILL_AREA_STYLE_COLOUR('',#4171);
#4053=FILL_AREA_STYLE_COLOUR('',#4171);
#4054=FILL_AREA_STYLE_COLOUR('',#4171);
#4055=FILL_AREA_STYLE_COLOUR('',#4171);
#4056=FILL_AREA_STYLE_COLOUR('',#4171);
#4057=FILL_AREA_STYLE_COLOUR('',#4171);
#4058=FILL_AREA_STYLE_COLOUR('',#4171);
#4059=FILL_AREA_STYLE_COLOUR('',#4171);
#4060=FILL_AREA_STYLE_COLOUR('',#4171);
#4061=FILL_AREA_STYLE_COLOUR('',#4171);
#4062=FILL_AREA_STYLE_COLOUR('',#4171);
#4063=FILL_AREA_STYLE_COLOUR('',#4171);
#4064=FILL_AREA_STYLE_COLOUR('',#4171);
#4065=FILL_AREA_STYLE_COLOUR('',#4171);
#4066=FILL_AREA_STYLE_COLOUR('',#4171);
#4067=FILL_AREA_STYLE_COLOUR('',#4171);
#4068=FILL_AREA_STYLE_COLOUR('',#4171);
#4069=FILL_AREA_STYLE_COLOUR('',#4171);
#4070=FILL_AREA_STYLE_COLOUR('',#4171);
#4071=FILL_AREA_STYLE_COLOUR('',#4171);
#4072=FILL_AREA_STYLE_COLOUR('',#4171);
#4073=FILL_AREA_STYLE_COLOUR('',#4171);
#4074=FILL_AREA_STYLE_COLOUR('',#4171);
#4075=FILL_AREA_STYLE_COLOUR('',#4171);
#4076=FILL_AREA_STYLE_COLOUR('',#4171);
#4077=FILL_AREA_STYLE_COLOUR('',#4171);
#4078=FILL_AREA_STYLE_COLOUR('',#4171);
#4079=FILL_AREA_STYLE_COLOUR('',#4171);
#4080=FILL_AREA_STYLE_COLOUR('',#4171);
#4081=FILL_AREA_STYLE_COLOUR('',#4171);
#4082=FILL_AREA_STYLE_COLOUR('',#4171);
#4083=FILL_AREA_STYLE_COLOUR('',#4171);
#4084=FILL_AREA_STYLE_COLOUR('',#4171);
#4085=FILL_AREA_STYLE_COLOUR('',#4171);
#4086=FILL_AREA_STYLE_COLOUR('',#4171);
#4087=FILL_AREA_STYLE_COLOUR('',#4171);
#4088=FILL_AREA_STYLE_COLOUR('',#4171);
#4089=FILL_AREA_STYLE_COLOUR('',#4171);
#4090=FILL_AREA_STYLE_COLOUR('',#4171);
#4091=FILL_AREA_STYLE_COLOUR('',#4171);
#4092=FILL_AREA_STYLE_COLOUR('',#4171);
#4093=FILL_AREA_STYLE_COLOUR('',#4171);
#4094=FILL_AREA_STYLE_COLOUR('',#4171);
#4095=FILL_AREA_STYLE_COLOUR('',#4171);
#4096=FILL_AREA_STYLE_COLOUR('',#4171);
#4097=FILL_AREA_STYLE_COLOUR('',#4171);
#4098=FILL_AREA_STYLE_COLOUR('',#4171);
#4099=FILL_AREA_STYLE_COLOUR('',#4171);
#4100=FILL_AREA_STYLE_COLOUR('',#4171);
#4101=FILL_AREA_STYLE_COLOUR('',#4172);
#4102=FILL_AREA_STYLE_COLOUR('',#4172);
#4103=FILL_AREA_STYLE_COLOUR('',#4171);
#4104=FILL_AREA_STYLE_COLOUR('',#4171);
#4105=FILL_AREA_STYLE_COLOUR('',#4171);
#4106=FILL_AREA_STYLE_COLOUR('',#4171);
#4107=FILL_AREA_STYLE_COLOUR('',#4171);
#4108=FILL_AREA_STYLE_COLOUR('',#4171);
#4109=FILL_AREA_STYLE_COLOUR('',#4171);
#4110=FILL_AREA_STYLE_COLOUR('',#4171);
#4111=FILL_AREA_STYLE_COLOUR('',#4171);
#4112=FILL_AREA_STYLE_COLOUR('',#4171);
#4113=FILL_AREA_STYLE_COLOUR('',#4171);
#4114=FILL_AREA_STYLE_COLOUR('',#4171);
#4115=FILL_AREA_STYLE_COLOUR('',#4171);
#4116=FILL_AREA_STYLE_COLOUR('',#4171);
#4117=FILL_AREA_STYLE_COLOUR('',#4171);
#4118=FILL_AREA_STYLE_COLOUR('',#4171);
#4119=FILL_AREA_STYLE_COLOUR('',#4171);
#4120=FILL_AREA_STYLE_COLOUR('',#4171);
#4121=FILL_AREA_STYLE_COLOUR('',#4171);
#4122=FILL_AREA_STYLE_COLOUR('',#4171);
#4123=FILL_AREA_STYLE_COLOUR('',#4171);
#4124=FILL_AREA_STYLE_COLOUR('',#4171);
#4125=FILL_AREA_STYLE_COLOUR('',#4172);
#4126=FILL_AREA_STYLE_COLOUR('',#4172);
#4127=FILL_AREA_STYLE_COLOUR('',#4171);
#4128=FILL_AREA_STYLE_COLOUR('',#4171);
#4129=FILL_AREA_STYLE_COLOUR('',#4171);
#4130=FILL_AREA_STYLE_COLOUR('',#4171);
#4131=FILL_AREA_STYLE_COLOUR('',#4171);
#4132=FILL_AREA_STYLE_COLOUR('',#4171);
#4133=FILL_AREA_STYLE_COLOUR('',#4171);
#4134=FILL_AREA_STYLE_COLOUR('',#4171);
#4135=FILL_AREA_STYLE_COLOUR('',#4172);
#4136=FILL_AREA_STYLE_COLOUR('',#4172);
#4137=FILL_AREA_STYLE_COLOUR('',#4172);
#4138=FILL_AREA_STYLE_COLOUR('',#4172);
#4139=FILL_AREA_STYLE_COLOUR('',#4172);
#4140=FILL_AREA_STYLE_COLOUR('',#4172);
#4141=FILL_AREA_STYLE_COLOUR('',#4172);
#4142=FILL_AREA_STYLE_COLOUR('',#4172);
#4143=FILL_AREA_STYLE_COLOUR('',#4172);
#4144=FILL_AREA_STYLE_COLOUR('',#4172);
#4145=FILL_AREA_STYLE_COLOUR('',#4172);
#4146=FILL_AREA_STYLE_COLOUR('',#4172);
#4147=FILL_AREA_STYLE_COLOUR('',#4172);
#4148=FILL_AREA_STYLE_COLOUR('',#4172);
#4149=FILL_AREA_STYLE_COLOUR('',#4172);
#4150=FILL_AREA_STYLE_COLOUR('',#4172);
#4151=FILL_AREA_STYLE_COLOUR('',#4172);
#4152=FILL_AREA_STYLE_COLOUR('',#4172);
#4153=FILL_AREA_STYLE_COLOUR('',#4172);
#4154=FILL_AREA_STYLE_COLOUR('',#4172);
#4155=FILL_AREA_STYLE_COLOUR('',#4172);
#4156=FILL_AREA_STYLE_COLOUR('',#4172);
#4157=FILL_AREA_STYLE_COLOUR('',#4172);
#4158=FILL_AREA_STYLE_COLOUR('',#4172);
#4159=FILL_AREA_STYLE_COLOUR('',#4172);
#4160=FILL_AREA_STYLE_COLOUR('',#4172);
#4161=FILL_AREA_STYLE_COLOUR('',#4172);
#4162=FILL_AREA_STYLE_COLOUR('',#4172);
#4163=FILL_AREA_STYLE_COLOUR('',#4172);
#4164=FILL_AREA_STYLE_COLOUR('',#4172);
#4165=FILL_AREA_STYLE_COLOUR('',#4172);
#4166=FILL_AREA_STYLE_COLOUR('',#4172);
#4167=FILL_AREA_STYLE_COLOUR('',#4171);
#4168=FILL_AREA_STYLE_COLOUR('',#4171);
#4169=FILL_AREA_STYLE_COLOUR('',#4171);
#4170=FILL_AREA_STYLE_COLOUR('',#4171);
#4171=COLOUR_RGB('',0.200000002980232,0.200000002980232,0.200000002980232);
#4172=COLOUR_RGB('',0.699999988079071,0.699999988079071,0.699999988079071);
#4173=ADVANCED_FACE('',(#2652,#2653,#2654,#2655),#2840,.F.);
#4174=ADVANCED_FACE('',(#2656),#2841,.F.);
#4175=ADVANCED_FACE('',(#2657),#2842,.F.);
#4176=ADVANCED_FACE('',(#2658,#2659),#43,.F.);
#4177=ADVANCED_FACE('',(#2660,#2661),#2843,.F.);
#4178=ADVANCED_FACE('',(#2662,#2663),#44,.F.);
#4179=ADVANCED_FACE('',(#2664,#2665),#30,.F.);
#4180=ADVANCED_FACE('',(#2666,#2667),#2844,.F.);
#4181=ADVANCED_FACE('',(#2668),#2845,.T.);
#4182=ADVANCED_FACE('',(#2669),#2846,.T.);
#4183=ADVANCED_FACE('',(#2670),#2847,.T.);
#4184=ADVANCED_FACE('',(#2671),#2848,.T.);
#4185=ADVANCED_FACE('',(#2672),#2849,.T.);
#4186=ADVANCED_FACE('',(#2673),#2850,.T.);
#4187=ADVANCED_FACE('',(#2674),#45,.T.);
#4188=ADVANCED_FACE('',(#2675),#2851,.T.);
#4189=ADVANCED_FACE('',(#2676),#46,.T.);
#4190=ADVANCED_FACE('',(#2677),#2852,.T.);
#4191=ADVANCED_FACE('',(#2678),#47,.T.);
#4192=ADVANCED_FACE('',(#2679),#2853,.T.);
#4193=ADVANCED_FACE('',(#2680),#48,.T.);
#4194=ADVANCED_FACE('',(#2681),#2854,.T.);
#4195=ADVANCED_FACE('',(#2682),#49,.T.);
#4196=ADVANCED_FACE('',(#2683),#2855,.T.);
#4197=ADVANCED_FACE('',(#2684),#50,.T.);
#4198=ADVANCED_FACE('',(#2685),#2856,.T.);
#4199=ADVANCED_FACE('',(#2686),#31,.T.);
#4200=ADVANCED_FACE('',(#2687),#2857,.T.);
#4201=ADVANCED_FACE('',(#2688),#32,.T.);
#4202=ADVANCED_FACE('',(#2689),#2858,.T.);
#4203=ADVANCED_FACE('',(#2690),#33,.T.);
#4204=ADVANCED_FACE('',(#2691),#2859,.T.);
#4205=ADVANCED_FACE('',(#2692),#34,.T.);
#4206=ADVANCED_FACE('',(#2693),#2860,.T.);
#4207=ADVANCED_FACE('',(#2694),#35,.T.);
#4208=ADVANCED_FACE('',(#2695),#2861,.T.);
#4209=ADVANCED_FACE('',(#2696),#36,.T.);
#4210=ADVANCED_FACE('',(#2697),#2862,.T.);
#4211=ADVANCED_FACE('',(#2698,#2699),#2863,.T.);
#4212=ADVANCED_FACE('',(#2700),#2864,.T.);
#4213=ADVANCED_FACE('',(#2701),#2865,.T.);
#4214=ADVANCED_FACE('',(#2702),#2866,.F.);
#4215=ADVANCED_FACE('',(#2703),#2867,.T.);
#4216=ADVANCED_FACE('',(#2704),#2868,.T.);
#4217=ADVANCED_FACE('',(#2705),#2869,.T.);
#4218=ADVANCED_FACE('',(#2706),#2870,.T.);
#4219=ADVANCED_FACE('',(#2707),#2871,.F.);
#4220=ADVANCED_FACE('',(#2708),#2872,.F.);
#4221=ADVANCED_FACE('',(#2709),#51,.F.);
#4222=ADVANCED_FACE('',(#2710),#2873,.F.);
#4223=ADVANCED_FACE('',(#2711),#2874,.F.);
#4224=ADVANCED_FACE('',(#2712),#2875,.F.);
#4225=ADVANCED_FACE('',(#2713),#52,.F.);
#4226=ADVANCED_FACE('',(#2714),#2876,.F.);
#4227=ADVANCED_FACE('',(#2715),#2877,.F.);
#4228=ADVANCED_FACE('',(#2716),#2878,.F.);
#4229=ADVANCED_FACE('',(#2717),#2879,.F.);
#4230=ADVANCED_FACE('',(#2718),#2880,.T.);
#4231=ADVANCED_FACE('',(#2719),#2881,.T.);
#4232=ADVANCED_FACE('',(#2720),#37,.T.);
#4233=ADVANCED_FACE('',(#2721),#2882,.T.);
#4234=ADVANCED_FACE('',(#2722),#38,.T.);
#4235=ADVANCED_FACE('',(#2723),#2883,.T.);
#4236=ADVANCED_FACE('',(#2724),#2884,.T.);
#4237=ADVANCED_FACE('',(#2725),#2885,.T.);
#4238=ADVANCED_FACE('',(#2726),#2886,.T.);
#4239=ADVANCED_FACE('',(#2727),#2887,.T.);
#4240=ADVANCED_FACE('',(#2728),#2888,.T.);
#4241=ADVANCED_FACE('',(#2729),#2889,.T.);
#4242=ADVANCED_FACE('',(#2730),#2890,.T.);
#4243=ADVANCED_FACE('',(#2731),#2891,.T.);
#4244=ADVANCED_FACE('',(#2732),#2892,.F.);
#4245=ADVANCED_FACE('',(#2733),#2893,.T.);
#4246=ADVANCED_FACE('',(#2734),#2894,.T.);
#4247=ADVANCED_FACE('',(#2735),#39,.F.);
#4248=ADVANCED_FACE('',(#2736),#2895,.T.);
#4249=ADVANCED_FACE('',(#2737),#2896,.T.);
#4250=ADVANCED_FACE('',(#2738),#2897,.T.);
#4251=ADVANCED_FACE('',(#2739),#40,.F.);
#4252=ADVANCED_FACE('',(#2740),#2898,.T.);
#4253=ADVANCED_FACE('',(#2741),#2899,.T.);
#4254=ADVANCED_FACE('',(#2742),#2900,.T.);
#4255=ADVANCED_FACE('',(#2743),#2901,.T.);
#4256=ADVANCED_FACE('',(#2744),#2902,.T.);
#4257=ADVANCED_FACE('',(#2745),#53,.T.);
#4258=ADVANCED_FACE('',(#2746),#2903,.T.);
#4259=ADVANCED_FACE('',(#2747),#54,.T.);
#4260=ADVANCED_FACE('',(#2748),#2904,.T.);
#4261=ADVANCED_FACE('',(#2749),#55,.T.);
#4262=ADVANCED_FACE('',(#2750),#2905,.T.);
#4263=ADVANCED_FACE('',(#2751),#56,.T.);
#4264=ADVANCED_FACE('',(#2752),#2906,.F.);
#4265=ADVANCED_FACE('',(#2753),#57,.T.);
#4266=ADVANCED_FACE('',(#2754),#2907,.T.);
#4267=ADVANCED_FACE('',(#2755),#58,.T.);
#4268=ADVANCED_FACE('',(#2756),#2908,.F.);
#4269=ADVANCED_FACE('',(#2757),#2909,.T.);
#4270=ADVANCED_FACE('',(#2758),#41,.T.);
#4271=ADVANCED_FACE('',(#2759),#2910,.F.);
#4272=ADVANCED_FACE('',(#2760),#42,.T.);
#4273=ADVANCED_FACE('',(#2761),#2911,.T.);
#4274=ADVANCED_FACE('',(#2762),#2912,.F.);
#4275=ADVANCED_FACE('',(#2763),#2913,.T.);
#4276=ADVANCED_FACE('',(#2764),#2914,.T.);
#4277=ADVANCED_FACE('',(#2765),#2915,.T.);
#4278=ADVANCED_FACE('',(#2766),#2916,.T.);
#4279=ADVANCED_FACE('',(#2767),#2917,.T.);
#4280=ADVANCED_FACE('',(#2768),#2918,.T.);
#4281=ADVANCED_FACE('',(#2769),#59,.T.);
#4282=ADVANCED_FACE('',(#2770),#60,.T.);
#4283=ADVANCED_FACE('',(#2771),#2919,.T.);
#4284=ADVANCED_FACE('',(#2772),#2920,.F.);
#4285=ADVANCED_FACE('',(#2773),#2921,.T.);
#4286=ADVANCED_FACE('',(#2774),#2922,.T.);
#4287=ADVANCED_FACE('',(#2775),#2923,.T.);
#4288=ADVANCED_FACE('',(#2776,#2777),#2924,.T.);
#4289=ADVANCED_FACE('',(#2778),#61,.T.);
#4290=ADVANCED_FACE('',(#2779),#2925,.F.);
#4291=ADVANCED_FACE('',(#2780),#62,.T.);
#4292=ADVANCED_FACE('',(#2781),#2926,.F.);
#4293=ADVANCED_FACE('',(#2782),#63,.T.);
#4294=ADVANCED_FACE('',(#2783),#2927,.F.);
#4295=ADVANCED_FACE('',(#2784),#64,.T.);
#4296=ADVANCED_FACE('',(#2785),#2928,.F.);
#4297=ADVANCED_FACE('',(#2786),#2929,.F.);
#4298=ADVANCED_FACE('',(#2787),#2930,.F.);
#4299=ADVANCED_FACE('',(#2788,#2789),#65,.T.);
#4300=ADVANCED_FACE('',(#2790,#2791),#66,.T.);
#4301=ADVANCED_FACE('',(#2792),#2931,.T.);
#4302=ADVANCED_FACE('',(#2793),#2932,.T.);
#4303=ADVANCED_FACE('',(#2794),#2933,.T.);
#4304=ADVANCED_FACE('',(#2795),#2934,.T.);
#4305=ADVANCED_FACE('',(#2796),#2935,.T.);
#4306=ADVANCED_FACE('',(#2797),#2936,.T.);
#4307=ADVANCED_FACE('',(#2798),#2937,.T.);
#4308=ADVANCED_FACE('',(#2799,#2800,#2801,#2802,#2803),#2938,.T.);
#4309=ADVANCED_FACE('',(#2804),#67,.T.);
#4310=ADVANCED_FACE('',(#2805),#68,.T.);
#4311=ADVANCED_FACE('',(#2806),#2939,.F.);
#4312=ADVANCED_FACE('',(#2807),#2940,.F.);
#4313=ADVANCED_FACE('',(#2808),#2941,.F.);
#4314=ADVANCED_FACE('',(#2809),#2942,.T.);
#4315=ADVANCED_FACE('',(#2810),#2943,.F.);
#4316=ADVANCED_FACE('',(#2811),#2944,.F.);
#4317=ADVANCED_FACE('',(#2812),#2945,.F.);
#4318=ADVANCED_FACE('',(#2813),#69,.T.);
#4319=ADVANCED_FACE('',(#2814),#70,.T.);
#4320=ADVANCED_FACE('',(#2815),#2946,.F.);
#4321=ADVANCED_FACE('',(#2816),#2947,.T.);
#4322=ADVANCED_FACE('',(#2817),#2948,.F.);
#4323=ADVANCED_FACE('',(#2818),#2949,.F.);
#4324=ADVANCED_FACE('',(#2819),#2950,.F.);
#4325=ADVANCED_FACE('',(#2820),#71,.T.);
#4326=ADVANCED_FACE('',(#2821),#72,.T.);
#4327=ADVANCED_FACE('',(#2822),#2951,.F.);
#4328=ADVANCED_FACE('',(#2823),#2952,.F.);
#4329=ADVANCED_FACE('',(#2824),#2953,.F.);
#4330=ADVANCED_FACE('',(#2825),#2954,.F.);
#4331=ADVANCED_FACE('',(#2826),#2955,.F.);
#4332=ADVANCED_FACE('',(#2827),#2956,.T.);
#4333=ADVANCED_FACE('',(#2828),#2957,.F.);
#4334=ADVANCED_FACE('',(#2829),#73,.T.);
#4335=ADVANCED_FACE('',(#2830),#74,.T.);
#4336=ADVANCED_FACE('',(#2831),#2958,.F.);
#4337=ADVANCED_FACE('',(#2832),#2959,.T.);
#4338=ADVANCED_FACE('',(#2833),#2960,.F.);
#4339=ADVANCED_FACE('',(#2834),#2961,.F.);
#4340=ADVANCED_FACE('',(#2835),#2962,.F.);
#4341=ADVANCED_FACE('',(#2836),#2963,.F.);
#4342=ADVANCED_FACE('',(#2837),#2964,.F.);
#4343=ADVANCED_FACE('',(#2838),#2965,.F.);
#4344=ADVANCED_FACE('',(#2839),#2966,.F.);
#4345=CLOSED_SHELL('',(#4173,#4174,#4175,#4176,#4177,#4178,#4179,#4180,
#4181,#4182,#4183,#4184,#4185,#4186,#4187,#4188,#4189,#4190,#4191,#4192,
#4193,#4194,#4195,#4196,#4197,#4198,#4199,#4200,#4201,#4202,#4203,#4204,
#4205,#4206,#4207,#4208,#4209,#4210,#4211,#4212,#4213,#4214,#4215,#4216,
#4217,#4218,#4219,#4220,#4221,#4222,#4223,#4224,#4225,#4226,#4227,#4228,
#4229,#4230,#4231,#4232,#4233,#4234,#4235,#4236,#4237,#4238,#4239,#4240,
#4241,#4242,#4243,#4244,#4245,#4246,#4247,#4248,#4249,#4250,#4251,#4252,
#4253,#4254,#4255,#4256,#4257,#4258,#4259,#4260,#4261,#4262,#4263,#4264,
#4265,#4266,#4267,#4268,#4269,#4270,#4271,#4272,#4273,#4274,#4275,#4276,
#4277,#4278,#4279,#4280,#4281,#4282,#4283,#4284,#4285,#4286,#4287,#4288,
#4289,#4290,#4291,#4292,#4293,#4294,#4295,#4296,#4297,#4298,#4299,#4300,
#4301,#4302,#4303,#4304,#4305,#4306,#4307,#4308,#4309,#4310,#4311,#4312,
#4313,#4314,#4315,#4316,#4317,#4318,#4319,#4320,#4321,#4322,#4323,#4324,
#4325,#4326,#4327,#4328,#4329,#4330,#4331,#4332,#4333,#4334,#4335,#4336,
#4337,#4338,#4339,#4340,#4341,#4342,#4343,#4344));
#4346=MANIFOLD_SOLID_BREP('',#4345);
#4347=SHAPE_DEFINITION_REPRESENTATION(#6394,#4348);
#4348=SHAPE_REPRESENTATION('TORX1950A(F)',(#4349),#6389);
#4349=AXIS2_PLACEMENT_3D('',#5474,#4606,#4607);
#4350=AXIS2_PLACEMENT_3D('',#5475,#4608,#4609);
#4351=AXIS2_PLACEMENT_3D('',#5476,#4610,#4611);
#4352=AXIS2_PLACEMENT_3D('',#5478,#4612,#4613);
#4353=AXIS2_PLACEMENT_3D('',#5552,#4650,#4651);
#4354=AXIS2_PLACEMENT_3D('',#5561,#4656,#4657);
#4355=AXIS2_PLACEMENT_3D('',#5562,#4658,#4659);
#4356=AXIS2_PLACEMENT_3D('',#5564,#4660,#4661);
#4357=AXIS2_PLACEMENT_3D('',#5565,#4662,#4663);
#4358=AXIS2_PLACEMENT_3D('',#5567,#4664,#4665);
#4359=AXIS2_PLACEMENT_3D('',#5568,#4666,#4667);
#4360=AXIS2_PLACEMENT_3D('',#5570,#4668,#4669);
#4361=AXIS2_PLACEMENT_3D('',#5571,#4670,#4671);
#4362=AXIS2_PLACEMENT_3D('',#5573,#4672,#4673);
#4363=AXIS2_PLACEMENT_3D('',#5574,#4674,#4675);
#4364=AXIS2_PLACEMENT_3D('',#5576,#4676,#4677);
#4365=AXIS2_PLACEMENT_3D('',#5589,#4684,#4685);
#4366=AXIS2_PLACEMENT_3D('',#5593,#4687,#4688);
#4367=AXIS2_PLACEMENT_3D('',#5598,#4691,#4692);
#4368=AXIS2_PLACEMENT_3D('',#5599,#4693,#4694);
#4369=AXIS2_PLACEMENT_3D('',#5603,#4696,#4697);
#4370=AXIS2_PLACEMENT_3D('',#5606,#4699,#4700);
#4371=AXIS2_PLACEMENT_3D('',#5607,#4701,#4702);
#4372=AXIS2_PLACEMENT_3D('',#5610,#4704,#4705);
#4373=AXIS2_PLACEMENT_3D('',#5614,#4707,#4708);
#4374=AXIS2_PLACEMENT_3D('',#5615,#4709,#4710);
#4375=AXIS2_PLACEMENT_3D('',#5618,#4712,#4713);
#4376=AXIS2_PLACEMENT_3D('',#5622,#4715,#4716);
#4377=AXIS2_PLACEMENT_3D('',#5623,#4717,#4718);
#4378=AXIS2_PLACEMENT_3D('',#5626,#4720,#4721);
#4379=AXIS2_PLACEMENT_3D('',#5630,#4723,#4724);
#4380=AXIS2_PLACEMENT_3D('',#5631,#4725,#4726);
#4381=AXIS2_PLACEMENT_3D('',#5632,#4727,#4728);
#4382=AXIS2_PLACEMENT_3D('',#5636,#4730,#4731);
#4383=AXIS2_PLACEMENT_3D('',#5637,#4732,#4733);
#4384=AXIS2_PLACEMENT_3D('',#5640,#4735,#4736);
#4385=AXIS2_PLACEMENT_3D('',#5643,#4738,#4739);
#4386=AXIS2_PLACEMENT_3D('',#5647,#4742,#4743);
#4387=AXIS2_PLACEMENT_3D('',#5648,#4744,#4745);
#4388=AXIS2_PLACEMENT_3D('',#5651,#4747,#4748);
#4389=AXIS2_PLACEMENT_3D('',#5655,#4751,#4752);
#4390=AXIS2_PLACEMENT_3D('',#5658,#4754,#4755);
#4391=AXIS2_PLACEMENT_3D('',#5659,#4756,#4757);
#4392=AXIS2_PLACEMENT_3D('',#5663,#4760,#4761);
#4393=AXIS2_PLACEMENT_3D('',#5664,#4762,#4763);
#4394=AXIS2_PLACEMENT_3D('',#5667,#4765,#4766);
#4395=AXIS2_PLACEMENT_3D('',#5671,#4769,#4770);
#4396=AXIS2_PLACEMENT_3D('',#5672,#4771,#4772);
#4397=AXIS2_PLACEMENT_3D('',#5675,#4774,#4775);
#4398=AXIS2_PLACEMENT_3D('',#5679,#4778,#4779);
#4399=AXIS2_PLACEMENT_3D('',#5680,#4780,#4781);
#4400=AXIS2_PLACEMENT_3D('',#5683,#4783,#4784);
#4401=AXIS2_PLACEMENT_3D('',#5685,#4786,#4787);
#4402=AXIS2_PLACEMENT_3D('',#5690,#4790,#4791);
#4403=AXIS2_PLACEMENT_3D('',#5691,#4792,#4793);
#4404=AXIS2_PLACEMENT_3D('',#5695,#4796,#4797);
#4405=AXIS2_PLACEMENT_3D('',#5698,#4799,#4800);
#4406=AXIS2_PLACEMENT_3D('',#5699,#4801,#4802);
#4407=AXIS2_PLACEMENT_3D('',#5703,#4805,#4806);
#4408=AXIS2_PLACEMENT_3D('',#5706,#4808,#4809);
#4409=AXIS2_PLACEMENT_3D('',#5707,#4810,#4811);
#4410=AXIS2_PLACEMENT_3D('',#5711,#4814,#4815);
#4411=AXIS2_PLACEMENT_3D('',#5712,#4816,#4817);
#4412=AXIS2_PLACEMENT_3D('',#5715,#4819,#4820);
#4413=AXIS2_PLACEMENT_3D('',#5719,#4823,#4824);
#4414=AXIS2_PLACEMENT_3D('',#5720,#4825,#4826);
#4415=AXIS2_PLACEMENT_3D('',#5723,#4828,#4829);
#4416=AXIS2_PLACEMENT_3D('',#5727,#4832,#4833);
#4417=AXIS2_PLACEMENT_3D('',#5730,#4835,#4836);
#4418=AXIS2_PLACEMENT_3D('',#5731,#4837,#4838);
#4419=AXIS2_PLACEMENT_3D('',#5733,#4840,#4841);
#4420=AXIS2_PLACEMENT_3D('',#5739,#4844,#4845);
#4421=AXIS2_PLACEMENT_3D('',#5751,#4851,#4852);
#4422=AXIS2_PLACEMENT_3D('',#5754,#4854,#4855);
#4423=AXIS2_PLACEMENT_3D('',#5763,#4860,#4861);
#4424=AXIS2_PLACEMENT_3D('',#5772,#4866,#4867);
#4425=AXIS2_PLACEMENT_3D('',#5782,#4873,#4874);
#4426=AXIS2_PLACEMENT_3D('',#5786,#4877,#4878);
#4427=AXIS2_PLACEMENT_3D('',#5790,#4881,#4882);
#4428=AXIS2_PLACEMENT_3D('',#5796,#4886,#4887);
#4429=AXIS2_PLACEMENT_3D('',#5800,#4890,#4891);
#4430=AXIS2_PLACEMENT_3D('',#5808,#4896,#4897);
#4431=AXIS2_PLACEMENT_3D('',#5814,#4901,#4902);
#4432=AXIS2_PLACEMENT_3D('',#5815,#4903,#4904);
#4433=AXIS2_PLACEMENT_3D('',#5818,#4906,#4907);
#4434=AXIS2_PLACEMENT_3D('',#5822,#4910,#4911);
#4435=AXIS2_PLACEMENT_3D('',#5826,#4914,#4915);
#4436=AXIS2_PLACEMENT_3D('',#5830,#4918,#4919);
#4437=AXIS2_PLACEMENT_3D('',#5831,#4920,#4921);
#4438=AXIS2_PLACEMENT_3D('',#5834,#4923,#4924);
#4439=AXIS2_PLACEMENT_3D('',#5838,#4927,#4928);
#4440=AXIS2_PLACEMENT_3D('',#5842,#4931,#4932);
#4441=AXIS2_PLACEMENT_3D('',#5846,#4935,#4936);
#4442=AXIS2_PLACEMENT_3D('',#5848,#4938,#4939);
#4443=AXIS2_PLACEMENT_3D('',#5854,#4943,#4944);
#4444=AXIS2_PLACEMENT_3D('',#5860,#4948,#4949);
#4445=AXIS2_PLACEMENT_3D('',#5864,#4951,#4952);
#4446=AXIS2_PLACEMENT_3D('',#5868,#4954,#4955);
#4447=AXIS2_PLACEMENT_3D('',#5869,#4956,#4957);
#4448=AXIS2_PLACEMENT_3D('',#5875,#4961,#4962);
#4449=AXIS2_PLACEMENT_3D('',#5879,#4964,#4965);
#4450=AXIS2_PLACEMENT_3D('',#5880,#4966,#4967);
#4451=AXIS2_PLACEMENT_3D('',#5881,#4968,#4969);
#4452=AXIS2_PLACEMENT_3D('',#5887,#4973,#4974);
#4453=AXIS2_PLACEMENT_3D('',#5893,#4978,#4979);
#4454=AXIS2_PLACEMENT_3D('',#5902,#4984,#4985);
#4455=AXIS2_PLACEMENT_3D('',#5908,#4989,#4990);
#4456=AXIS2_PLACEMENT_3D('',#5912,#4993,#4994);
#4457=AXIS2_PLACEMENT_3D('',#5916,#4997,#4998);
#4458=AXIS2_PLACEMENT_3D('',#5925,#5003,#5004);
#4459=AXIS2_PLACEMENT_3D('',#5934,#5009,#5010);
#4460=AXIS2_PLACEMENT_3D('',#5940,#5014,#5015);
#4461=AXIS2_PLACEMENT_3D('',#5944,#5018,#5019);
#4462=AXIS2_PLACEMENT_3D('',#5948,#5022,#5023);
#4463=AXIS2_PLACEMENT_3D('',#5957,#5026,#5027);
#4464=AXIS2_PLACEMENT_3D('',#5963,#5028,#5029);
#4465=AXIS2_PLACEMENT_3D('',#5964,#5030,#5031);
#4466=AXIS2_PLACEMENT_3D('',#5968,#5034,#5035);
#4467=AXIS2_PLACEMENT_3D('',#5972,#5038,#5039);
#4468=AXIS2_PLACEMENT_3D('',#5979,#5041,#5042);
#4469=AXIS2_PLACEMENT_3D('',#5980,#5043,#5044);
#4470=AXIS2_PLACEMENT_3D('',#5986,#5045,#5046);
#4471=AXIS2_PLACEMENT_3D('',#5990,#5049,#5050);
#4472=AXIS2_PLACEMENT_3D('',#5994,#5053,#5054);
#4473=AXIS2_PLACEMENT_3D('',#5998,#5057,#5058);
#4474=AXIS2_PLACEMENT_3D('',#6000,#5060,#5061);
#4475=AXIS2_PLACEMENT_3D('',#6010,#5067,#5068);
#4476=AXIS2_PLACEMENT_3D('',#6011,#5069,#5070);
#4477=AXIS2_PLACEMENT_3D('',#6015,#5072,#5073);
#4478=AXIS2_PLACEMENT_3D('',#6016,#5074,#5075);
#4479=AXIS2_PLACEMENT_3D('',#6022,#5079,#5080);
#4480=AXIS2_PLACEMENT_3D('',#6023,#5081,#5082);
#4481=AXIS2_PLACEMENT_3D('',#6027,#5084,#5085);
#4482=AXIS2_PLACEMENT_3D('',#6028,#5086,#5087);
#4483=AXIS2_PLACEMENT_3D('',#6035,#5092,#5093);
#4484=AXIS2_PLACEMENT_3D('',#6040,#5096,#5097);
#4485=AXIS2_PLACEMENT_3D('',#6041,#5098,#5099);
#4486=AXIS2_PLACEMENT_3D('',#6045,#5102,#5103);
#4487=AXIS2_PLACEMENT_3D('',#6048,#5105,#5106);
#4488=AXIS2_PLACEMENT_3D('',#6049,#5107,#5108);
#4489=AXIS2_PLACEMENT_3D('',#6058,#5113,#5114);
#4490=AXIS2_PLACEMENT_3D('',#6059,#5115,#5116);
#4491=AXIS2_PLACEMENT_3D('',#6061,#5117,#5118);
#4492=AXIS2_PLACEMENT_3D('',#6064,#5120,#5121);
#4493=AXIS2_PLACEMENT_3D('',#6070,#5125,#5126);
#4494=AXIS2_PLACEMENT_3D('',#6071,#5127,#5128);
#4495=AXIS2_PLACEMENT_3D('',#6075,#5130,#5131);
#4496=AXIS2_PLACEMENT_3D('',#6076,#5132,#5133);
#4497=AXIS2_PLACEMENT_3D('',#6082,#5137,#5138);
#4498=AXIS2_PLACEMENT_3D('',#6086,#5141,#5142);
#4499=AXIS2_PLACEMENT_3D('',#6087,#5143,#5144);
#4500=AXIS2_PLACEMENT_3D('',#6090,#5146,#5147);
#4501=AXIS2_PLACEMENT_3D('',#6091,#5148,#5149);
#4502=AXIS2_PLACEMENT_3D('',#6094,#5151,#5152);
#4503=AXIS2_PLACEMENT_3D('',#6095,#5153,#5154);
#4504=AXIS2_PLACEMENT_3D('',#6097,#5156,#5157);
#4505=AXIS2_PLACEMENT_3D('',#6098,#5158,#5159);
#4506=AXIS2_PLACEMENT_3D('',#6102,#5162,#5163);
#4507=AXIS2_PLACEMENT_3D('',#6111,#5168,#5169);
#4508=AXIS2_PLACEMENT_3D('',#6112,#5170,#5171);
#4509=AXIS2_PLACEMENT_3D('',#6114,#5172,#5173);
#4510=AXIS2_PLACEMENT_3D('',#6115,#5174,#5175);
#4511=AXIS2_PLACEMENT_3D('',#6117,#5176,#5177);
#4512=AXIS2_PLACEMENT_3D('',#6120,#5180,#5181);
#4513=AXIS2_PLACEMENT_3D('',#6122,#5183,#5184);
#4514=AXIS2_PLACEMENT_3D('',#6124,#5186,#5187);
#4515=AXIS2_PLACEMENT_3D('',#6132,#5193,#5194);
#4516=AXIS2_PLACEMENT_3D('',#6133,#5195,#5196);
#4517=AXIS2_PLACEMENT_3D('',#6134,#5197,#5198);
#4518=AXIS2_PLACEMENT_3D('',#6135,#5199,#5200);
#4519=AXIS2_PLACEMENT_3D('',#6136,#5201,#5202);
#4520=AXIS2_PLACEMENT_3D('',#6137,#5203,#5204);
#4521=AXIS2_PLACEMENT_3D('',#6138,#5205,#5206);
#4522=AXIS2_PLACEMENT_3D('',#6141,#5209,#5210);
#4523=AXIS2_PLACEMENT_3D('',#6150,#5217,#5218);
#4524=AXIS2_PLACEMENT_3D('',#6152,#5220,#5221);
#4525=AXIS2_PLACEMENT_3D('',#6154,#5223,#5224);
#4526=AXIS2_PLACEMENT_3D('',#6156,#5226,#5227);
#4527=AXIS2_PLACEMENT_3D('',#6157,#5228,#5229);
#4528=AXIS2_PLACEMENT_3D('',#6158,#5230,#5231);
#4529=AXIS2_PLACEMENT_3D('',#6159,#5232,#5233);
#4530=AXIS2_PLACEMENT_3D('',#6160,#5234,#5235);
#4531=AXIS2_PLACEMENT_3D('',#6161,#5236,#5237);
#4532=AXIS2_PLACEMENT_3D('',#6162,#5238,#5239);
#4533=AXIS2_PLACEMENT_3D('',#6163,#5240,#5241);
#4534=AXIS2_PLACEMENT_3D('',#6164,#5242,#5243);
#4535=AXIS2_PLACEMENT_3D('',#6165,#5244,#5245);
#4536=AXIS2_PLACEMENT_3D('',#6166,#5246,#5247);
#4537=AXIS2_PLACEMENT_3D('',#6167,#5248,#5249);
#4538=AXIS2_PLACEMENT_3D('',#6168,#5250,#5251);
#4539=AXIS2_PLACEMENT_3D('',#6169,#5252,#5253);
#4540=AXIS2_PLACEMENT_3D('',#6170,#5254,#5255);
#4541=AXIS2_PLACEMENT_3D('',#6172,#5257,#5258);
#4542=AXIS2_PLACEMENT_3D('',#6174,#5260,#5261);
#4543=AXIS2_PLACEMENT_3D('',#6175,#5262,#5263);
#4544=AXIS2_PLACEMENT_3D('',#6176,#5264,#5265);
#4545=AXIS2_PLACEMENT_3D('',#6177,#5266,#5267);
#4546=AXIS2_PLACEMENT_3D('',#6181,#5270,#5271);
#4547=AXIS2_PLACEMENT_3D('',#6185,#5274,#5275);
#4548=AXIS2_PLACEMENT_3D('',#6189,#5278,#5279);
#4549=AXIS2_PLACEMENT_3D('',#6193,#5282,#5283);
#4550=AXIS2_PLACEMENT_3D('',#6197,#5286,#5287);
#4551=AXIS2_PLACEMENT_3D('',#6201,#5290,#5291);
#4552=AXIS2_PLACEMENT_3D('',#6203,#5293,#5294);
#4553=AXIS2_PLACEMENT_3D('',#6236,#5311,#5312);
#4554=AXIS2_PLACEMENT_3D('',#6237,#5313,#5314);
#4555=AXIS2_PLACEMENT_3D('',#6242,#5316,#5317);
#4556=AXIS2_PLACEMENT_3D('',#6245,#5319,#5320);
#4557=AXIS2_PLACEMENT_3D('',#6246,#5321,#5322);
#4558=AXIS2_PLACEMENT_3D('',#6250,#5324,#5325);
#4559=AXIS2_PLACEMENT_3D('',#6251,#5326,#5327);
#4560=AXIS2_PLACEMENT_3D('',#6257,#5331,#5332);
#4561=AXIS2_PLACEMENT_3D('',#6263,#5336,#5337);
#4562=AXIS2_PLACEMENT_3D('',#6266,#5340,#5341);
#4563=AXIS2_PLACEMENT_3D('',#6268,#5343,#5344);
#4564=AXIS2_PLACEMENT_3D('',#6270,#5346,#5347);
#4565=AXIS2_PLACEMENT_3D('',#6271,#5348,#5349);
#4566=AXIS2_PLACEMENT_3D('',#6280,#5354,#5355);
#4567=AXIS2_PLACEMENT_3D('',#6281,#5356,#5357);
#4568=AXIS2_PLACEMENT_3D('',#6285,#5359,#5360);
#4569=AXIS2_PLACEMENT_3D('',#6286,#5361,#5362);
#4570=AXIS2_PLACEMENT_3D('',#6287,#5363,#5364);
#4571=AXIS2_PLACEMENT_3D('',#6289,#5365,#5366);
#4572=AXIS2_PLACEMENT_3D('',#6292,#5368,#5369);
#4573=AXIS2_PLACEMENT_3D('',#6298,#5373,#5374);
#4574=AXIS2_PLACEMENT_3D('',#6301,#5377,#5378);
#4575=AXIS2_PLACEMENT_3D('',#6303,#5380,#5381);
#4576=AXIS2_PLACEMENT_3D('',#6305,#5383,#5384);
#4577=AXIS2_PLACEMENT_3D('',#6306,#5385,#5386);
#4578=AXIS2_PLACEMENT_3D('',#6307,#5387,#5388);
#4579=AXIS2_PLACEMENT_3D('',#6312,#5390,#5391);
#4580=AXIS2_PLACEMENT_3D('',#6315,#5393,#5394);
#4581=AXIS2_PLACEMENT_3D('',#6316,#5395,#5396);
#4582=AXIS2_PLACEMENT_3D('',#6320,#5398,#5399);
#4583=AXIS2_PLACEMENT_3D('',#6321,#5400,#5401);
#4584=AXIS2_PLACEMENT_3D('',#6327,#5405,#5406);
#4585=AXIS2_PLACEMENT_3D('',#6333,#5410,#5411);
#4586=AXIS2_PLACEMENT_3D('',#6336,#5414,#5415);
#4587=AXIS2_PLACEMENT_3D('',#6338,#5417,#5418);
#4588=AXIS2_PLACEMENT_3D('',#6340,#5420,#5421);
#4589=AXIS2_PLACEMENT_3D('',#6341,#5422,#5423);
#4590=AXIS2_PLACEMENT_3D('',#6350,#5428,#5429);
#4591=AXIS2_PLACEMENT_3D('',#6351,#5430,#5431);
#4592=AXIS2_PLACEMENT_3D('',#6355,#5433,#5434);
#4593=AXIS2_PLACEMENT_3D('',#6356,#5435,#5436);
#4594=AXIS2_PLACEMENT_3D('',#6357,#5437,#5438);
#4595=AXIS2_PLACEMENT_3D('',#6359,#5439,#5440);
#4596=AXIS2_PLACEMENT_3D('',#6362,#5442,#5443);
#4597=AXIS2_PLACEMENT_3D('',#6368,#5447,#5448);
#4598=AXIS2_PLACEMENT_3D('',#6371,#5451,#5452);
#4599=AXIS2_PLACEMENT_3D('',#6373,#5454,#5455);
#4600=AXIS2_PLACEMENT_3D('',#6375,#5457,#5458);
#4601=AXIS2_PLACEMENT_3D('',#6376,#5459,#5460);
#4602=AXIS2_PLACEMENT_3D('',#6380,#5463,#5464);
#4603=AXIS2_PLACEMENT_3D('',#6384,#5467,#5468);
#4604=AXIS2_PLACEMENT_3D('',#6386,#5470,#5471);
#4605=AXIS2_PLACEMENT_3D('Base',#6387,#5472,#5473);
#4606=DIRECTION('',(0.,0.,1.));
#4607=DIRECTION('',(1.,0.,0.));
#4608=DIRECTION('',(0.,1.16307079041453E-16,1.));
#4609=DIRECTION('',(0.,-1.,1.16307079041453E-16));
#4610=DIRECTION('',(0.,1.16307079041453E-16,1.));
#4611=DIRECTION('',(0.,-1.,1.16307079041453E-16));
#4612=DIRECTION('',(0.,1.16307079041453E-16,1.));
#4613=DIRECTION('',(0.,-1.,1.16307079041453E-16));
#4614=DIRECTION('',(0.,1.,-1.16307079041453E-16));
#4615=DIRECTION('',(-1.,0.,0.));
#4616=DIRECTION('',(0.,1.,-1.16307079041453E-16));
#4617=DIRECTION('',(-1.,0.,0.));
#4618=DIRECTION('',(0.,-1.,1.16307079041453E-16));
#4619=DIRECTION('',(-1.,0.,0.));
#4620=DIRECTION('',(0.,-1.,1.16307079041453E-16));
#4621=DIRECTION('',(1.,0.,0.));
#4622=DIRECTION('',(0.,1.,-1.16307079041453E-16));
#4623=DIRECTION('',(-1.,0.,0.));
#4624=DIRECTION('',(0.,-1.,1.16307079041453E-16));
#4625=DIRECTION('',(1.,0.,0.));
#4626=DIRECTION('',(-0.157939549002706,0.98744878290513,-1.14847283642733E-16));
#4627=DIRECTION('',(-1.,0.,0.));
#4628=DIRECTION('',(0.,1.,0.));
#4629=DIRECTION('',(1.,0.,0.));
#4630=DIRECTION('',(0.,1.,-1.16307079041453E-16));
#4631=DIRECTION('',(-1.,0.,0.));
#4632=DIRECTION('',(0.,-1.,1.16307079041453E-16));
#4633=DIRECTION('',(1.,0.,0.));
#4634=DIRECTION('',(0.,1.,-1.16307079041453E-16));
#4635=DIRECTION('',(1.,0.,0.));
#4636=DIRECTION('',(0.,-1.,1.16307079041453E-16));
#4637=DIRECTION('',(1.,0.,0.));
#4638=DIRECTION('',(0.,1.,-1.16307079041453E-16));
#4639=DIRECTION('',(-1.,0.,0.));
#4640=DIRECTION('',(0.,-1.,1.16307079041453E-16));
#4641=DIRECTION('',(1.,0.,0.));
#4642=DIRECTION('',(0.,1.,0.));
#4643=DIRECTION('',(-1.,0.,0.));
#4644=DIRECTION('',(-0.157939549002706,-0.98744878290513,1.14847283642733E-16));
#4645=DIRECTION('',(0.,-1.,1.16307079041453E-16));
#4646=DIRECTION('',(0.26594432518318,-0.963988389921198,1.12118673861607E-16));
#4647=DIRECTION('',(1.,0.,0.));
#4648=DIRECTION('',(0.26594432518318,0.963988389921198,-1.12118673861607E-16));
#4649=DIRECTION('',(0.,1.,-1.16307079041453E-16));
#4650=DIRECTION('',(0.,1.16307079041453E-16,1.));
#4651=DIRECTION('',(0.,-1.,1.16307079041453E-16));
#4652=DIRECTION('',(-1.,-9.6999991593393E-16,1.1281785689273E-31));
#4653=DIRECTION('',(0.,1.,0.));
#4654=DIRECTION('',(1.,0.,0.));
#4655=DIRECTION('',(0.,1.,0.));
#4656=DIRECTION('',(0.,1.,0.));
#4657=DIRECTION('',(0.,0.,1.));
#4658=DIRECTION('',(0.,1.,0.));
#4659=DIRECTION('',(0.,0.,1.));
#4660=DIRECTION('',(0.,-1.,0.));
#4661=DIRECTION('',(0.,0.,-1.));
#4662=DIRECTION('',(0.,1.,0.));
#4663=DIRECTION('',(0.,0.,1.));
#4664=DIRECTION('',(0.,1.,0.));
#4665=DIRECTION('',(0.,0.,1.));
#4666=DIRECTION('',(0.,1.,0.));
#4667=DIRECTION('',(1.,0.,0.));
#4668=DIRECTION('',(0.,-1.,0.));
#4669=DIRECTION('',(0.,0.,-1.));
#4670=DIRECTION('',(0.,1.,0.));
#4671=DIRECTION('',(0.,0.,1.));
#4672=DIRECTION('',(0.,-1.,0.));
#4673=DIRECTION('',(0.,0.,-1.));
#4674=DIRECTION('',(0.,1.,0.));
#4675=DIRECTION('',(0.,0.,1.));
#4676=DIRECTION('',(0.,1.,0.));
#4677=DIRECTION('',(0.,0.,1.));
#4678=DIRECTION('',(0.710883879636615,0.,0.703309398254278));
#4679=DIRECTION('',(0.,0.,1.));
#4680=DIRECTION('',(-1.,0.,0.));
#4681=DIRECTION('',(0.,0.,-1.));
#4682=DIRECTION('',(0.710883879636615,0.,-0.703309398254278));
#4683=DIRECTION('',(1.,0.,0.));
#4684=DIRECTION('',(0.,-0.707106781186547,-0.707106781186548));
#4685=DIRECTION('',(1.,0.,0.));
#4686=DIRECTION('',(-1.,0.,0.));
#4687=DIRECTION('',(0.,-0.707106781186547,-0.707106781186548));
#4688=DIRECTION('',(0.,0.707106781186548,-0.707106781186547));
#4689=DIRECTION('',(0.279124187175964,0.679002830676485,-0.679002830676484));
#4690=DIRECTION('',(-0.279124187175963,0.679002830676485,-0.679002830676485));
#4691=DIRECTION('',(0.,-0.707106781186547,-0.707106781186548));
#4692=DIRECTION('',(0.,0.707106781186548,-0.707106781186547));
#4693=DIRECTION('',(0.49731484477783,-0.707106781186548,-0.502670811927252));
#4694=DIRECTION('',(0.710883879636615,0.,0.703309398254278));
#4695=DIRECTION('',(-0.710883879636615,0.,-0.703309398254278));
#4696=DIRECTION('',(0.49731484477783,-0.707106781186548,-0.502670811927252));
#4697=DIRECTION('',(0.49731484477783,0.707106781186547,-0.502670811927252));
#4698=DIRECTION('',(-0.678190610480801,-0.678190610480802,0.283045918026307));
#4699=DIRECTION('',(0.49731484477783,-0.707106781186548,-0.502670811927252));
#4700=DIRECTION('',(0.49731484477783,0.707106781186547,-0.502670811927252));
#4701=DIRECTION('',(0.707106781186548,-0.707106781186547,0.));
#4702=DIRECTION('',(0.,0.,1.));
#4703=DIRECTION('',(0.577350269189626,0.577350269189626,0.577350269189626));
#4704=DIRECTION('',(0.707106781186548,-0.707106781186547,0.));
#4705=DIRECTION('',(0.707106781186547,0.707106781186548,0.));
#4706=DIRECTION('',(0.,0.,-1.));
#4707=DIRECTION('',(0.707106781186548,-0.707106781186547,0.));
#4708=DIRECTION('',(0.707106781186547,0.707106781186548,0.));
#4709=DIRECTION('',(0.,-0.707106781186547,0.707106781186548));
#4710=DIRECTION('',(-1.,0.,0.));
#4711=DIRECTION('',(-0.577350269189626,0.577350269189626,0.577350269189626));
#4712=DIRECTION('',(0.,-0.707106781186547,0.707106781186548));
#4713=DIRECTION('',(0.,0.707106781186548,0.707106781186547));
#4714=DIRECTION('',(1.,0.,0.));
#4715=DIRECTION('',(0.,-0.707106781186547,0.707106781186548));
#4716=DIRECTION('',(0.,0.707106781186548,0.707106781186547));
#4717=DIRECTION('',(-0.707106781186548,-0.707106781186547,0.));
#4718=DIRECTION('',(0.,0.,-1.));
#4719=DIRECTION('',(-0.678190610480802,0.678190610480802,-0.283045918026305));
#4720=DIRECTION('',(-0.707106781186548,-0.707106781186547,0.));
#4721=DIRECTION('',(-0.707106781186547,0.707106781186548,0.));
#4722=DIRECTION('',(0.,0.,1.));
#4723=DIRECTION('',(-0.707106781186548,-0.707106781186547,0.));
#4724=DIRECTION('',(-0.707106781186547,0.707106781186548,0.));
#4725=DIRECTION('',(-0.49731484477783,-0.707106781186547,-0.502670811927252));
#4726=DIRECTION('',(0.710883879636615,0.,-0.703309398254278));
#4727=DIRECTION('',(-0.49731484477783,-0.707106781186547,-0.502670811927252));
#4728=DIRECTION('',(-0.49731484477783,0.707106781186548,-0.502670811927252));
#4729=DIRECTION('',(-0.710883879636615,0.,0.703309398254278));
#4730=DIRECTION('',(-0.49731484477783,-0.707106781186547,-0.502670811927252));
#4731=DIRECTION('',(-0.49731484477783,0.707106781186548,-0.502670811927252));
#4732=DIRECTION('',(0.,1.,0.));
#4733=DIRECTION('',(0.,0.,1.));
#4734=DIRECTION('',(0.,1.,0.));
#4735=DIRECTION('',(0.,-1.,0.));
#4736=DIRECTION('',(0.,0.,-1.));
#4737=DIRECTION('',(0.,1.,0.));
#4738=DIRECTION('',(0.,0.,-1.));
#4739=DIRECTION('',(-1.,0.,0.));
#4740=DIRECTION('',(0.,1.,0.));
#4741=DIRECTION('',(1.,0.,0.));
#4742=DIRECTION('',(0.,1.,0.));
#4743=DIRECTION('',(0.,0.,1.));
#4744=DIRECTION('',(0.,-1.,0.));
#4745=DIRECTION('',(0.,0.,-1.));
#4746=DIRECTION('',(0.,1.,0.));
#4747=DIRECTION('',(0.703309398254278,0.,-0.710883879636615));
#4748=DIRECTION('',(-0.710883879636615,0.,-0.703309398254278));
#4749=DIRECTION('',(0.,1.,0.));
#4750=DIRECTION('',(0.710883879636615,0.,0.703309398254278));
#4751=DIRECTION('',(0.,1.,0.));
#4752=DIRECTION('',(0.,0.,1.));
#4753=DIRECTION('',(0.,1.,0.));
#4754=DIRECTION('',(0.,-1.,0.));
#4755=DIRECTION('',(0.,0.,-1.));
#4756=DIRECTION('',(1.,0.,0.));
#4757=DIRECTION('',(0.,0.,-1.));
#4758=DIRECTION('',(0.,1.,0.));
#4759=DIRECTION('',(0.,0.,1.));
#4760=DIRECTION('',(0.,1.,0.));
#4761=DIRECTION('',(0.,0.,1.));
#4762=DIRECTION('',(0.,-1.,0.));
#4763=DIRECTION('',(0.,0.,-1.));
#4764=DIRECTION('',(0.,1.,0.));
#4765=DIRECTION('',(0.,0.,1.));
#4766=DIRECTION('',(1.,0.,0.));
#4767=DIRECTION('',(0.,1.,0.));
#4768=DIRECTION('',(-1.,0.,0.));
#4769=DIRECTION('',(0.,1.,0.));
#4770=DIRECTION('',(0.,0.,1.));
#4771=DIRECTION('',(0.,-1.,0.));
#4772=DIRECTION('',(0.,0.,-1.));
#4773=DIRECTION('',(0.,1.,0.));
#4774=DIRECTION('',(-1.,0.,0.));
#4775=DIRECTION('',(0.,0.,1.));
#4776=DIRECTION('',(0.,1.,0.));
#4777=DIRECTION('',(0.,0.,-1.));
#4778=DIRECTION('',(0.,1.,0.));
#4779=DIRECTION('',(0.,0.,1.));
#4780=DIRECTION('',(0.,-1.,0.));
#4781=DIRECTION('',(0.,0.,-1.));
#4782=DIRECTION('',(0.,1.,0.));
#4783=DIRECTION('',(-0.703309398254278,0.,-0.710883879636615));
#4784=DIRECTION('',(-0.710883879636615,0.,0.703309398254278));
#4785=DIRECTION('',(0.710883879636615,0.,-0.703309398254278));
#4786=DIRECTION('',(0.,1.,0.));
#4787=DIRECTION('',(0.,0.,1.));
#4788=DIRECTION('',(0.,-0.707106781186549,0.707106781186546));
#4789=DIRECTION('',(0.49731484477783,-0.707106781186548,0.502670811927251));
#4790=DIRECTION('',(0.,-1.,0.));
#4791=DIRECTION('',(0.,0.,-1.));
#4792=DIRECTION('',(0.,-0.707106781186546,-0.707106781186549));
#4793=DIRECTION('',(1.,0.,0.));
#4794=DIRECTION('',(0.,-0.707106781186549,0.707106781186546));
#4795=DIRECTION('',(-1.,0.,0.));
#4796=DIRECTION('',(0.,1.,0.));
#4797=DIRECTION('',(0.,0.,1.));
#4798=DIRECTION('',(-0.49731484477783,-0.707106781186548,0.502670811927251));
#4799=DIRECTION('',(0.,-1.,0.));
#4800=DIRECTION('',(0.,0.,-1.));
#4801=DIRECTION('',(0.49731484477783,-0.707106781186547,-0.502670811927252));
#4802=DIRECTION('',(0.710883879636615,0.,0.703309398254278));
#4803=DIRECTION('',(-0.497314844777828,-0.70710678118655,0.50267081192725));
#4804=DIRECTION('',(-0.710883879636615,0.,-0.703309398254278));
#4805=DIRECTION('',(0.,1.,0.));
#4806=DIRECTION('',(0.,0.,1.));
#4807=DIRECTION('',(0.707106781186545,0.70710678118655,0.));
#4808=DIRECTION('',(0.,-1.,0.));
#4809=DIRECTION('',(0.,0.,-1.));
#4810=DIRECTION('',(0.707106781186549,-0.707106781186546,0.));
#4811=DIRECTION('',(0.,0.,1.));
#4812=DIRECTION('',(0.,0.,-1.));
#4813=DIRECTION('',(0.707106781186546,0.707106781186549,0.));
#4814=DIRECTION('',(0.,1.,0.));
#4815=DIRECTION('',(0.,0.,1.));
#4816=DIRECTION('',(0.,-1.,0.));
#4817=DIRECTION('',(0.,0.,-1.));
#4818=DIRECTION('',(0.,0.707106781186549,0.707106781186546));
#4819=DIRECTION('',(0.,-0.707106781186546,0.707106781186549));
#4820=DIRECTION('',(-1.,0.,0.));
#4821=DIRECTION('',(1.,0.,0.));
#4822=DIRECTION('',(0.,0.707106781186549,0.707106781186546));
#4823=DIRECTION('',(0.,1.,0.));
#4824=DIRECTION('',(0.,0.,1.));
#4825=DIRECTION('',(0.,-1.,0.));
#4826=DIRECTION('',(0.,0.,-1.));
#4827=DIRECTION('',(-0.707106781186546,0.707106781186549,0.));
#4828=DIRECTION('',(-0.707106781186549,-0.707106781186546,0.));
#4829=DIRECTION('',(0.,0.,-1.));
#4830=DIRECTION('',(0.,0.,1.));
#4831=DIRECTION('',(-0.707106781186546,0.707106781186549,3.02872773665852E-15));
#4832=DIRECTION('',(0.,1.,0.));
#4833=DIRECTION('',(0.,0.,1.));
#4834=DIRECTION('',(0.497314844777829,-0.707106781186549,0.502670811927251));
#4835=DIRECTION('',(0.,-1.,0.));
#4836=DIRECTION('',(0.,0.,-1.));
#4837=DIRECTION('',(-0.497314844777831,-0.707106781186547,-0.502670811927253));
#4838=DIRECTION('',(0.710883879636615,0.,-0.703309398254278));
#4839=DIRECTION('',(-0.710883879636615,0.,0.703309398254278));
#4840=DIRECTION('',(0.,-1.,0.));
#4841=DIRECTION('',(0.,0.,-1.));
#4842=DIRECTION('',(-1.,0.,0.));
#4843=DIRECTION('',(0.,0.,-1.));
#4844=DIRECTION('',(0.,-1.,0.));
#4845=DIRECTION('',(1.,0.,0.));
#4846=DIRECTION('',(0.,0.,-1.));
#4847=DIRECTION('',(0.707169736147666,0.,-0.707043820619939));
#4848=DIRECTION('',(1.,0.,0.));
#4849=DIRECTION('',(0.707169736147666,0.,0.707043820619939));
#4850=DIRECTION('',(0.,0.,1.));
#4851=DIRECTION('',(0.,-1.,0.));
#4852=DIRECTION('',(-1.,0.,0.));
#4853=DIRECTION('',(0.,0.,1.));
#4854=DIRECTION('',(0.,-1.96172069064038E-16,-1.));
#4855=DIRECTION('',(0.,1.,-1.96172069064038E-16));
#4856=DIRECTION('',(-3.73406058717039E-32,-1.,1.78731923688122E-16));
#4857=DIRECTION('',(1.,0.,0.));
#4858=DIRECTION('',(0.,1.,-1.96172069064038E-16));
#4859=DIRECTION('',(1.,0.,0.));
#4860=DIRECTION('',(0.,-1.96172069064038E-16,-1.));
#4861=DIRECTION('',(0.,1.,-1.96172069064038E-16));
#4862=DIRECTION('',(1.,0.,0.));
#4863=DIRECTION('',(-3.73406058717039E-32,-1.,1.78731923688122E-16));
#4864=DIRECTION('',(1.,0.,0.));
#4865=DIRECTION('',(0.,1.,-1.96172069064038E-16));
#4866=DIRECTION('',(-1.,0.,0.));
#4867=DIRECTION('',(0.,0.,1.));
#4868=DIRECTION('',(0.,1.,-9.5920731347744E-17));
#4869=DIRECTION('',(0.,-9.5920731347744E-17,-1.));
#4870=DIRECTION('',(0.,-1.,9.5920731347744E-17));
#4871=DIRECTION('',(0.,1.78731923688122E-16,1.));
#4872=DIRECTION('',(0.,-1.45462536286341E-16,-1.));
#4873=DIRECTION('',(0.,1.,-1.78731923688122E-16));
#4874=DIRECTION('',(0.,1.78731923688122E-16,1.));
#4875=DIRECTION('',(1.,0.,0.));
#4876=DIRECTION('',(-1.09871481140572E-17,1.78731923688122E-16,1.));
#4877=DIRECTION('',(1.,-3.53768517534321E-32,1.09871481140572E-17));
#4878=DIRECTION('',(1.09871481140572E-17,0.,-1.));
#4879=DIRECTION('',(-3.73406058717039E-32,-1.,1.78731923688122E-16));
#4880=DIRECTION('',(-1.09871481140572E-17,1.45462536286341E-16,1.));
#4881=DIRECTION('',(0.,1.,-1.78731923688122E-16));
#4882=DIRECTION('',(0.,1.78731923688122E-16,1.));
#4883=DIRECTION('',(2.08919621638837E-16,-1.78731923688122E-16,-1.));
#4884=DIRECTION('',(1.,0.,0.));
#4885=DIRECTION('',(0.,1.78731923688122E-16,1.));
#4886=DIRECTION('',(-1.,-7.4676224734007E-48,-2.08919621638837E-16));
#4887=DIRECTION('',(-2.08919621638837E-16,0.,1.));
#4888=DIRECTION('',(2.08919621638837E-16,-1.45462536286341E-16,-1.));
#4889=DIRECTION('',(-3.73406058717039E-32,-1.,1.78731923688122E-16));
#4890=DIRECTION('',(1.,0.,0.));
#4891=DIRECTION('',(0.,0.,1.));
#4892=DIRECTION('',(0.,-9.5920731347744E-17,-1.));
#4893=DIRECTION('',(0.,1.,-9.5920731347744E-17));
#4894=DIRECTION('',(0.,-1.45462536286341E-16,-1.));
#4895=DIRECTION('',(0.,-1.,9.5920731347744E-17));
#4896=DIRECTION('',(1.,0.,0.));
#4897=DIRECTION('',(0.,0.,-1.));
#4898=DIRECTION('',(0.,-1.,0.));
#4899=DIRECTION('',(0.,0.,1.));
#4900=DIRECTION('',(0.,-1.,0.));
#4901=DIRECTION('',(0.,-1.,0.));
#4902=DIRECTION('',(0.,0.,-1.));
#4903=DIRECTION('',(0.,-1.,0.));
#4904=DIRECTION('',(0.,0.,-1.));
#4905=DIRECTION('',(0.,-1.,0.));
#4906=DIRECTION('',(1.,0.,0.));
#4907=DIRECTION('',(0.,0.,-1.));
#4908=DIRECTION('',(0.,0.,1.));
#4909=DIRECTION('',(0.,-1.,0.));
#4910=DIRECTION('',(0.,0.,1.));
#4911=DIRECTION('',(1.,0.,0.));
#4912=DIRECTION('',(-1.,0.,0.));
#4913=DIRECTION('',(0.,-1.,0.));
#4914=DIRECTION('',(-1.,0.,0.));
#4915=DIRECTION('',(0.,0.,1.));
#4916=DIRECTION('',(0.,-1.,0.));
#4917=DIRECTION('',(0.,0.,-1.));
#4918=DIRECTION('',(0.,-1.,0.));
#4919=DIRECTION('',(0.,0.,-1.));
#4920=DIRECTION('',(0.,-1.,0.));
#4921=DIRECTION('',(0.,0.,-1.));
#4922=DIRECTION('',(0.,-1.,0.));
#4923=DIRECTION('',(-1.,0.,0.));
#4924=DIRECTION('',(0.,0.,1.));
#4925=DIRECTION('',(0.,0.,-1.));
#4926=DIRECTION('',(0.,-1.,0.));
#4927=DIRECTION('',(-0.707043820619939,0.,-0.707169736147666));
#4928=DIRECTION('',(-0.707169736147666,0.,0.707043820619939));
#4929=DIRECTION('',(0.707169736147666,0.,-0.707043820619939));
#4930=DIRECTION('',(0.,-1.,0.));
#4931=DIRECTION('',(0.,0.,-1.));
#4932=DIRECTION('',(-1.,0.,0.));
#4933=DIRECTION('',(1.,0.,0.));
#4934=DIRECTION('',(0.,-1.,0.));
#4935=DIRECTION('',(0.707043820619939,0.,-0.707169736147666));
#4936=DIRECTION('',(-0.707169736147666,0.,-0.707043820619939));
#4937=DIRECTION('',(0.707169736147666,0.,0.707043820619939));
#4938=DIRECTION('',(0.,-1.,1.45462536286341E-16));
#4939=DIRECTION('',(0.,-1.45462536286341E-16,-1.));
#4940=DIRECTION('',(1.,0.,0.));
#4941=DIRECTION('',(0.,-1.45462536286341E-16,-1.));
#4942=DIRECTION('',(1.,0.,0.));
#4943=DIRECTION('',(0.,-1.,1.45462536286341E-16));
#4944=DIRECTION('',(0.,-1.45462536286341E-16,-1.));
#4945=DIRECTION('',(-1.,0.,0.));
#4946=DIRECTION('',(0.,1.45462536286341E-16,1.));
#4947=DIRECTION('',(1.,0.,0.));
#4948=DIRECTION('',(0.,-1.,0.));
#4949=DIRECTION('',(0.,0.,-1.));
#4950=DIRECTION('',(0.,-0.707106781186548,0.707106781186548));
#4951=DIRECTION('',(0.,-1.,0.));
#4952=DIRECTION('',(0.,0.,-1.));
#4953=DIRECTION('',(0.707106781186548,-0.707106781186548,0.));
#4954=DIRECTION('',(0.,-1.,0.));
#4955=DIRECTION('',(0.,0.,-1.));
#4956=DIRECTION('',(0.,0.707106781186548,0.707106781186548));
#4957=DIRECTION('',(1.,0.,0.));
#4958=DIRECTION('',(0.,-0.707106781186548,0.707106781186548));
#4959=DIRECTION('',(-1.,0.,0.));
#4960=DIRECTION('',(1.,0.,0.));
#4961=DIRECTION('',(0.,-1.,0.));
#4962=DIRECTION('',(0.,0.,-1.));
#4963=DIRECTION('',(0.707106781186549,0.707106781186546,0.));
#4964=DIRECTION('',(0.,-1.,0.));
#4965=DIRECTION('',(0.,0.,-1.));
#4966=DIRECTION('',(0.,-1.,0.));
#4967=DIRECTION('',(0.,0.,-1.));
#4968=DIRECTION('',(0.707106781186548,0.707106781186548,0.));
#4969=DIRECTION('',(0.,0.,-1.));
#4970=DIRECTION('',(0.,0.,1.));
#4971=DIRECTION('',(0.707106781186548,-0.707106781186548,0.));
#4972=DIRECTION('',(0.,0.,-1.));
#4973=DIRECTION('',(-0.707106781186548,0.707106781186548,0.));
#4974=DIRECTION('',(0.,0.,1.));
#4975=DIRECTION('',(0.,0.,1.));
#4976=DIRECTION('',(0.707106781186548,0.707106781186548,0.));
#4977=DIRECTION('',(0.,0.,-1.));
#4978=DIRECTION('',(0.,0.,-1.));
#4979=DIRECTION('',(-1.,0.,0.));
#4980=DIRECTION('',(1.,0.,0.));
#4981=DIRECTION('',(0.,-1.,0.));
#4982=DIRECTION('',(-1.,0.,0.));
#4983=DIRECTION('',(0.,1.,0.));
#4984=DIRECTION('',(0.,-9.5920731347744E-17,-1.));
#4985=DIRECTION('',(0.,1.,-9.5920731347744E-17));
#4986=DIRECTION('',(0.,1.,-9.5920731347744E-17));
#4987=DIRECTION('',(1.,0.,0.));
#4988=DIRECTION('',(-0.632061306588232,-0.774918385840714,0.));
#4989=DIRECTION('',(0.774918385840714,-0.632061306588231,6.06277827845538E-17));
#4990=DIRECTION('',(0.632061306588232,0.774918385840714,0.));
#4991=DIRECTION('',(-0.632061306588232,-0.774918385840714,0.));
#4992=DIRECTION('',(0.,-9.5920731347744E-17,-1.));
#4993=DIRECTION('',(0.,9.5920731347744E-17,1.));
#4994=DIRECTION('',(0.,-1.,9.5920731347744E-17));
#4995=DIRECTION('',(1.,0.,0.));
#4996=DIRECTION('',(0.,-1.,9.5920731347744E-17));
#4997=DIRECTION('',(0.,0.,-1.));
#4998=DIRECTION('',(-1.,0.,0.));
#4999=DIRECTION('',(1.,0.,0.));
#5000=DIRECTION('',(0.,1.,0.));
#5001=DIRECTION('',(-1.,0.,0.));
#5002=DIRECTION('',(0.,1.,0.));
#5003=DIRECTION('',(0.,0.,-1.));
#5004=DIRECTION('',(-1.,0.,0.));
#5005=DIRECTION('',(0.,1.,0.));
#5006=DIRECTION('',(1.,0.,0.));
#5007=DIRECTION('',(0.,1.,0.));
#5008=DIRECTION('',(-1.,0.,0.));
#5009=DIRECTION('',(0.,9.5920731347744E-17,1.));
#5010=DIRECTION('',(0.,-1.,9.5920731347744E-17));
#5011=DIRECTION('',(0.,-1.,9.5920731347744E-17));
#5012=DIRECTION('',(-1.,0.,0.));
#5013=DIRECTION('',(0.632061306588232,-0.774918385840714,0.));
#5014=DIRECTION('',(0.774918385840714,0.632061306588231,-6.06277827845538E-17));
#5015=DIRECTION('',(-0.632061306588232,0.774918385840714,0.));
#5016=DIRECTION('',(0.,-9.5920731347744E-17,-1.));
#5017=DIRECTION('',(0.632061306588232,-0.774918385840714,0.));
#5018=DIRECTION('',(0.,-9.5920731347744E-17,-1.));
#5019=DIRECTION('',(0.,1.,-9.5920731347744E-17));
#5020=DIRECTION('',(0.,1.,-9.5920731347744E-17));
#5021=DIRECTION('',(-1.,0.,0.));
#5022=DIRECTION('',(-0.707106781186547,-0.707106781186548,0.));
#5023=DIRECTION('',(0.,0.,-1.));
#5024=DIRECTION('',(-0.678591593125058,0.678591593125057,0.281117234405849));
#5025=DIRECTION('',(0.,0.,-1.));
#5026=DIRECTION('',(0.,-1.,0.));
#5027=DIRECTION('',(0.,0.,-1.));
#5028=DIRECTION('',(0.,-1.,0.));
#5029=DIRECTION('',(0.,0.,-1.));
#5030=DIRECTION('',(-0.707106781186547,-0.707106781186548,0.));
#5031=DIRECTION('',(0.,0.,-1.));
#5032=DIRECTION('',(-0.577350269189626,0.577350269189625,-0.577350269189626));
#5033=DIRECTION('',(0.,0.,-1.));
#5034=DIRECTION('',(0.,-0.707106781186548,-0.707106781186547));
#5035=DIRECTION('',(1.,0.,0.));
#5036=DIRECTION('',(1.,0.,0.));
#5037=DIRECTION('',(0.577350269189626,0.577350269189625,-0.577350269189626));
#5038=DIRECTION('',(0.707106781186547,-0.707106781186548,0.));
#5039=DIRECTION('',(0.,0.,1.));
#5040=DIRECTION('',(0.,0.,1.));
#5041=DIRECTION('',(0.,-1.,0.));
#5042=DIRECTION('',(0.,0.,-1.));
#5043=DIRECTION('',(0.,-1.,0.));
#5044=DIRECTION('',(0.,0.,-1.));
#5045=DIRECTION('',(0.707106781186547,-0.707106781186548,0.));
#5046=DIRECTION('',(0.,0.,1.));
#5047=DIRECTION('',(0.,0.,1.));
#5048=DIRECTION('',(0.678591593125058,0.678591593125057,0.281117234405849));
#5049=DIRECTION('',(0.499955480156404,-0.707106781186548,0.500044515879916));
#5050=DIRECTION('',(-0.707169736147666,0.,0.707043820619939));
#5051=DIRECTION('',(-0.707169736147666,0.,0.707043820619939));
#5052=DIRECTION('',(0.281052041253095,0.678605095069094,0.678605095069094));
#5053=DIRECTION('',(0.,-0.707106781186548,0.707106781186547));
#5054=DIRECTION('',(-1.,0.,0.));
#5055=DIRECTION('',(-1.,0.,0.));
#5056=DIRECTION('',(0.281052041253095,-0.678605095069094,-0.678605095069094));
#5057=DIRECTION('',(-0.499955480156404,-0.707106781186548,0.500044515879916));
#5058=DIRECTION('',(-0.707169736147666,0.,-0.707043820619939));
#5059=DIRECTION('',(-0.707169736147666,0.,-0.707043820619939));
#5060=DIRECTION('',(1.,0.,0.));
#5061=DIRECTION('',(0.,0.,-1.));
#5062=DIRECTION('',(0.,0.,-1.));
#5063=DIRECTION('',(0.,-1.,0.));
#5064=DIRECTION('',(0.,0.,1.));
#5065=DIRECTION('',(0.,0.,1.));
#5066=DIRECTION('',(0.,-1.,1.16307079041453E-16));
#5067=DIRECTION('',(0.,-1.,0.));
#5068=DIRECTION('',(0.,0.,-1.));
#5069=DIRECTION('',(0.,-1.,0.));
#5070=DIRECTION('',(0.,0.,-1.));
#5071=DIRECTION('',(0.,-1.,0.));
#5072=DIRECTION('',(0.,-1.,0.));
#5073=DIRECTION('',(0.,0.,-1.));
#5074=DIRECTION('',(0.,0.,1.));
#5075=DIRECTION('',(1.,0.,0.));
#5076=DIRECTION('',(1.,0.,0.));
#5077=DIRECTION('',(0.,-1.,0.));
#5078=DIRECTION('',(-1.,0.,0.));
#5079=DIRECTION('',(0.,-1.,0.));
#5080=DIRECTION('',(0.,0.,-1.));
#5081=DIRECTION('',(0.,-1.,0.));
#5082=DIRECTION('',(0.,0.,-1.));
#5083=DIRECTION('',(0.,-1.,0.));
#5084=DIRECTION('',(0.,-1.,0.));
#5085=DIRECTION('',(0.,0.,-1.));
#5086=DIRECTION('',(-1.,0.,0.));
#5087=DIRECTION('',(0.,0.,1.));
#5088=DIRECTION('',(0.,0.,-1.));
#5089=DIRECTION('',(0.,0.,-1.));
#5090=DIRECTION('',(0.,1.,-1.16307079041453E-16));
#5091=DIRECTION('',(0.,0.,-1.));
#5092=DIRECTION('',(0.,-1.,0.));
#5093=DIRECTION('',(0.,0.,-1.));
#5094=DIRECTION('',(0.,-1.,0.));
#5095=DIRECTION('',(0.,-1.,0.));
#5096=DIRECTION('',(0.,1.,0.));
#5097=DIRECTION('',(0.,0.,1.));
#5098=DIRECTION('',(0.,0.,1.));
#5099=DIRECTION('',(1.,0.,0.));
#5100=DIRECTION('',(0.,-1.,0.));
#5101=DIRECTION('',(-1.,0.,0.));
#5102=DIRECTION('',(0.,-1.,0.));
#5103=DIRECTION('',(0.,0.,-1.));
#5104=DIRECTION('',(0.,-1.,0.));
#5105=DIRECTION('',(0.,1.,0.));
#5106=DIRECTION('',(0.,0.,1.));
#5107=DIRECTION('',(-1.,0.,0.));
#5108=DIRECTION('',(0.,0.,1.));
#5109=DIRECTION('',(0.,0.,-1.));
#5110=DIRECTION('',(0.,1.,0.));
#5111=DIRECTION('',(0.,0.,-1.));
#5112=DIRECTION('',(0.,1.,-1.16307079041453E-16));
#5113=DIRECTION('',(0.,-1.,0.));
#5114=DIRECTION('',(0.,0.,-1.));
#5115=DIRECTION('',(0.,-1.,0.));
#5116=DIRECTION('',(0.,0.,-1.));
#5117=DIRECTION('',(0.,1.,0.));
#5118=DIRECTION('',(0.,0.,1.));
#5119=DIRECTION('',(0.,1.,0.));
#5120=DIRECTION('',(0.,0.,1.));
#5121=DIRECTION('',(1.,0.,0.));
#5122=DIRECTION('',(-1.,0.,0.));
#5123=DIRECTION('',(0.,-1.,0.));
#5124=DIRECTION('',(-1.,0.,0.));
#5125=DIRECTION('',(0.,1.,0.));
#5126=DIRECTION('',(0.,0.,1.));
#5127=DIRECTION('',(0.,1.,0.));
#5128=DIRECTION('',(0.,0.,1.));
#5129=DIRECTION('',(0.,-1.,0.));
#5130=DIRECTION('',(0.,-1.,0.));
#5131=DIRECTION('',(0.,0.,-1.));
#5132=DIRECTION('',(1.,0.,0.));
#5133=DIRECTION('',(0.,0.,-1.));
#5134=DIRECTION('',(0.,0.,-1.));
#5135=DIRECTION('',(0.,0.,-1.));
#5136=DIRECTION('',(0.,-1.,1.16307079041453E-16));
#5137=DIRECTION('',(1.,0.,0.));
#5138=DIRECTION('',(0.,0.,-1.));
#5139=DIRECTION('',(0.,-1.,1.16307079041453E-16));
#5140=DIRECTION('',(0.,0.,-1.));
#5141=DIRECTION('',(0.,-1.,0.));
#5142=DIRECTION('',(0.,0.,-1.));
#5143=DIRECTION('',(0.,-1.,0.));
#5144=DIRECTION('',(0.,0.,-1.));
#5145=DIRECTION('',(0.,0.707106781186548,0.707106781186548));
#5146=DIRECTION('',(0.,-1.,0.));
#5147=DIRECTION('',(0.,0.,-1.));
#5148=DIRECTION('',(0.,-1.,0.));
#5149=DIRECTION('',(0.,0.,-1.));
#5150=DIRECTION('',(-1.,0.,0.));
#5151=DIRECTION('',(0.,-1.,0.));
#5152=DIRECTION('',(0.,0.,-1.));
#5153=DIRECTION('',(0.,-1.,0.));
#5154=DIRECTION('',(0.,0.,-1.));
#5155=DIRECTION('',(0.,0.707106781186548,0.707106781186547));
#5156=DIRECTION('',(0.,-1.,0.));
#5157=DIRECTION('',(0.,0.,-1.));
#5158=DIRECTION('',(-1.,0.,0.));
#5159=DIRECTION('',(0.,0.,1.));
#5160=DIRECTION('',(0.,1.,-1.16307079041453E-16));
#5161=DIRECTION('',(0.,0.,-1.));
#5162=DIRECTION('',(0.,0.,1.));
#5163=DIRECTION('',(1.,0.,0.));
#5164=DIRECTION('',(1.,0.,0.));
#5165=DIRECTION('',(0.,-1.,0.));
#5166=DIRECTION('',(-1.,0.,0.));
#5167=DIRECTION('',(0.,1.,0.));
#5168=DIRECTION('',(1.05588264494914E-32,1.90210907453597E-16,-1.));
#5169=DIRECTION('',(0.,1.,1.90210907453597E-16));
#5170=DIRECTION('',(-1.05588264494914E-32,-1.90210907453597E-16,1.));
#5171=DIRECTION('',(0.,-1.,-1.90210907453597E-16));
#5172=DIRECTION('',(1.05588264494914E-32,1.90210907453597E-16,-1.));
#5173=DIRECTION('',(0.,1.,1.90210907453597E-16));
#5174=DIRECTION('',(-1.05588264494914E-32,-1.90210907453597E-16,1.));
#5175=DIRECTION('',(0.,-1.,-1.90210907453597E-16));
#5176=DIRECTION('',(-1.,0.,0.));
#5177=DIRECTION('',(0.,0.,1.));
#5178=DIRECTION('',(0.,0.,-1.));
#5179=DIRECTION('',(0.,0.,-1.));
#5180=DIRECTION('',(0.,1.,0.));
#5181=DIRECTION('',(0.,0.,1.));
#5182=DIRECTION('',(0.,0.,-1.));
#5183=DIRECTION('',(1.,0.,0.));
#5184=DIRECTION('',(0.,0.,-1.));
#5185=DIRECTION('',(0.,0.,-1.));
#5186=DIRECTION('',(0.,-1.,0.));
#5187=DIRECTION('',(0.,0.,-1.));
#5188=DIRECTION('',(0.,0.,-1.));
#5189=DIRECTION('',(0.,0.,-1.));
#5190=DIRECTION('',(0.,1.16307079041453E-16,1.));
#5191=DIRECTION('',(-1.,0.,0.));
#5192=DIRECTION('',(0.,1.16307079041453E-16,1.));
#5193=DIRECTION('',(0.,-1.,1.16307079041453E-16));
#5194=DIRECTION('',(0.,-1.16307079041453E-16,-1.));
#5195=DIRECTION('',(0.,1.,0.));
#5196=DIRECTION('',(0.,0.,1.));
#5197=DIRECTION('',(0.,-1.,0.));
#5198=DIRECTION('',(0.,0.,-1.));
#5199=DIRECTION('',(0.,-1.,1.16307079041453E-16));
#5200=DIRECTION('',(0.,-1.16307079041453E-16,-1.));
#5201=DIRECTION('',(0.,-1.,0.));
#5202=DIRECTION('',(0.,0.,-1.));
#5203=DIRECTION('',(0.,-1.,0.));
#5204=DIRECTION('',(0.,0.,-1.));
#5205=DIRECTION('',(-1.,0.,0.));
#5206=DIRECTION('',(0.,0.,1.));
#5207=DIRECTION('',(0.,0.,-1.));
#5208=DIRECTION('',(0.,0.,-1.));
#5209=DIRECTION('',(0.,-1.,0.));
#5210=DIRECTION('',(0.,0.,-1.));
#5211=DIRECTION('',(0.,1.16307079041453E-16,1.));
#5212=DIRECTION('',(-1.,-9.6999991593393E-16,1.1281785689273E-31));
#5213=DIRECTION('',(0.,1.16307079041453E-16,1.));
#5214=DIRECTION('',(0.,0.,1.));
#5215=DIRECTION('',(0.,0.,-1.));
#5216=DIRECTION('',(0.,0.,1.));
#5217=DIRECTION('',(1.,0.,0.));
#5218=DIRECTION('',(0.,0.,-1.));
#5219=DIRECTION('',(0.,0.,1.));
#5220=DIRECTION('',(-1.,0.,0.));
#5221=DIRECTION('',(0.,0.,1.));
#5222=DIRECTION('',(0.,0.,-1.));
#5223=DIRECTION('',(1.,0.,0.));
#5224=DIRECTION('',(0.,0.,-1.));
#5225=DIRECTION('',(0.,0.,1.));
#5226=DIRECTION('',(0.,-1.,0.));
#5227=DIRECTION('',(0.,0.,-1.));
#5228=DIRECTION('',(0.,-1.,0.));
#5229=DIRECTION('',(0.,0.,-1.));
#5230=DIRECTION('',(0.,1.,-1.16307079041453E-16));
#5231=DIRECTION('',(0.,1.16307079041453E-16,1.));
#5232=DIRECTION('',(0.,-1.,0.));
#5233=DIRECTION('',(0.,0.,-1.));
#5234=DIRECTION('',(0.,-1.,0.));
#5235=DIRECTION('',(0.,0.,-1.));
#5236=DIRECTION('',(0.,-1.,0.));
#5237=DIRECTION('',(0.,0.,-1.));
#5238=DIRECTION('',(0.,1.,-1.16307079041453E-16));
#5239=DIRECTION('',(0.,1.16307079041453E-16,1.));
#5240=DIRECTION('',(0.,1.,0.));
#5241=DIRECTION('',(0.,0.,1.));
#5242=DIRECTION('',(0.,1.,0.));
#5243=DIRECTION('',(0.,0.,1.));
#5244=DIRECTION('',(0.,1.,0.));
#5245=DIRECTION('',(0.,0.,1.));
#5246=DIRECTION('',(0.,1.,0.));
#5247=DIRECTION('',(0.,0.,1.));
#5248=DIRECTION('',(0.,1.,-1.16307079041453E-16));
#5249=DIRECTION('',(0.,1.16307079041453E-16,1.));
#5250=DIRECTION('',(0.,-0.707106781186548,0.707106781186548));
#5251=DIRECTION('',(-1.,0.,0.));
#5252=DIRECTION('',(0.,-1.,1.16307079041453E-16));
#5253=DIRECTION('',(0.,-1.16307079041453E-16,-1.));
#5254=DIRECTION('',(1.,0.,0.));
#5255=DIRECTION('',(0.,0.,-1.));
#5256=DIRECTION('',(0.,0.,-1.));
#5257=DIRECTION('',(0.,-1.,0.));
#5258=DIRECTION('',(0.,0.,-1.));
#5259=DIRECTION('',(0.,0.,-1.));
#5260=DIRECTION('',(-1.,0.,0.));
#5261=DIRECTION('',(0.,0.,1.));
#5262=DIRECTION('',(-1.05588264494914E-32,-1.90210907453597E-16,1.));
#5263=DIRECTION('',(0.,-1.,-1.90210907453597E-16));
#5264=DIRECTION('',(-1.05588264494914E-32,-1.90210907453597E-16,1.));
#5265=DIRECTION('',(0.,-1.,-1.90210907453597E-16));
#5266=DIRECTION('',(0.98744878290513,0.157939549002706,-1.83694876096291E-17));
#5267=DIRECTION('',(-0.157939549002706,0.98744878290513,0.));
#5268=DIRECTION('',(0.,1.16307079041453E-16,1.));
#5269=DIRECTION('',(-0.157939549002706,0.98744878290513,-1.14847283642733E-16));
#5270=DIRECTION('',(1.,0.,0.));
#5271=DIRECTION('',(0.,0.,-1.));
#5272=DIRECTION('',(0.,1.16307079041453E-16,1.));
#5273=DIRECTION('',(0.,1.,-1.16307079041453E-16));
#5274=DIRECTION('',(0.963988389921198,-0.26594432518318,3.0931207649706E-17));
#5275=DIRECTION('',(0.26594432518318,0.963988389921198,0.));
#5276=DIRECTION('',(0.,1.16307079041453E-16,1.));
#5277=DIRECTION('',(0.265944325183181,0.963988389921198,-1.12118673861607E-16));
#5278=DIRECTION('',(0.,-1.,1.16307079041453E-16));
#5279=DIRECTION('',(0.,-1.16307079041453E-16,-1.));
#5280=DIRECTION('',(0.,1.16307079041453E-16,1.));
#5281=DIRECTION('',(1.,0.,0.));
#5282=DIRECTION('',(-0.963988389921198,-0.26594432518318,3.0931207649706E-17));
#5283=DIRECTION('',(0.26594432518318,-0.963988389921198,0.));
#5284=DIRECTION('',(0.,1.16307079041453E-16,1.));
#5285=DIRECTION('',(0.265944325183181,-0.963988389921198,1.12118673861607E-16));
#5286=DIRECTION('',(-1.,0.,0.));
#5287=DIRECTION('',(0.,0.,1.));
#5288=DIRECTION('',(0.,1.16307079041453E-16,1.));
#5289=DIRECTION('',(0.,-1.,1.16307079041453E-16));
#5290=DIRECTION('',(-0.98744878290513,0.157939549002706,-1.83694876096291E-17));
#5291=DIRECTION('',(-0.157939549002706,-0.98744878290513,0.));
#5292=DIRECTION('',(-0.157939549002706,-0.98744878290513,1.14847283642733E-16));
#5293=DIRECTION('',(0.,-1.16307079041453E-16,-1.));
#5294=DIRECTION('',(0.,1.,-1.16307079041453E-16));
#5295=DIRECTION('',(1.,0.,0.));
#5296=DIRECTION('',(-8.67361737988403E-16,1.,-1.16307079041453E-16));
#5297=DIRECTION('',(-1.,0.,0.));
#5298=DIRECTION('',(0.,-1.,1.16307079041453E-16));
#5299=DIRECTION('',(8.67361737988403E-16,-1.,1.16307079041453E-16));
#5300=DIRECTION('',(1.,0.,0.));
#5301=DIRECTION('',(0.,1.,-1.16307079041453E-16));
#5302=DIRECTION('',(-1.,0.,0.));
#5303=DIRECTION('',(-1.,0.,0.));
#5304=DIRECTION('',(0.,-1.,1.16307079041453E-16));
#5305=DIRECTION('',(1.,0.,0.));
#5306=DIRECTION('',(0.,1.,-1.16307079041453E-16));
#5307=DIRECTION('',(0.,-1.,1.16307079041453E-16));
#5308=DIRECTION('',(1.,0.,0.));
#5309=DIRECTION('',(0.,1.,-1.16307079041453E-16));
#5310=DIRECTION('',(-1.,0.,0.));
#5311=DIRECTION('',(0.,1.,0.));
#5312=DIRECTION('',(0.,0.,1.));
#5313=DIRECTION('',(0.,1.,0.));
#5314=DIRECTION('',(0.,0.,-1.));
#5315=DIRECTION('',(0.,1.,0.));
#5316=DIRECTION('',(0.,-1.,0.));
#5317=DIRECTION('',(0.,0.,1.));
#5318=DIRECTION('',(0.,1.,0.));
#5319=DIRECTION('',(0.,1.,0.));
#5320=DIRECTION('',(0.,0.,1.));
#5321=DIRECTION('',(0.,-1.,0.));
#5322=DIRECTION('',(0.,0.,1.));
#5323=DIRECTION('',(0.,1.,0.));
#5324=DIRECTION('',(0.,1.,0.));
#5325=DIRECTION('',(0.,0.,-1.));
#5326=DIRECTION('',(0.964572374990548,0.,0.263818372000687));
#5327=DIRECTION('',(-0.263818372000687,0.,0.964572374990548));
#5328=DIRECTION('',(-0.263818372000687,0.,0.964572374990548));
#5329=DIRECTION('',(0.,1.,0.));
#5330=DIRECTION('',(0.263818372000687,0.,-0.964572374990548));
#5331=DIRECTION('',(-0.964572374990548,0.,0.263818372000687));
#5332=DIRECTION('',(-0.263818372000687,0.,-0.964572374990548));
#5333=DIRECTION('',(0.263818372000687,0.,0.964572374990548));
#5334=DIRECTION('',(0.,1.,0.));
#5335=DIRECTION('',(-0.263818372000687,0.,-0.964572374990548));
#5336=DIRECTION('',(0.,-1.,0.));
#5337=DIRECTION('',(0.,0.,-1.));
#5338=DIRECTION('',(0.,0.,1.));
#5339=DIRECTION('',(0.,0.,1.));
#5340=DIRECTION('',(-1.,-6.12303176911189E-17,0.));
#5341=DIRECTION('',(-6.12303176911189E-17,1.,0.));
#5342=DIRECTION('',(0.,0.,-1.));
#5343=DIRECTION('',(0.,1.,0.));
#5344=DIRECTION('',(0.,0.,1.));
#5345=DIRECTION('',(0.,0.,-1.));
#5346=DIRECTION('',(-1.,-6.12303176911189E-17,0.));
#5347=DIRECTION('',(-6.12303176911189E-17,1.,0.));
#5348=DIRECTION('',(-0.964572374990548,0.,0.263818372000687));
#5349=DIRECTION('',(0.263818372000687,0.,0.964572374990548));
#5350=DIRECTION('',(0.263818372000687,0.,0.964572374990548));
#5351=DIRECTION('',(0.,1.,0.));
#5352=DIRECTION('',(-0.263818372000687,0.,-0.964572374990548));
#5353=DIRECTION('',(0.,1.,0.));
#5354=DIRECTION('',(0.,1.,0.));
#5355=DIRECTION('',(0.,0.,1.));
#5356=DIRECTION('',(0.,1.,0.));
#5357=DIRECTION('',(0.,0.,1.));
#5358=DIRECTION('',(0.,1.,0.));
#5359=DIRECTION('',(0.,-1.,0.));
#5360=DIRECTION('',(0.,0.,-1.));
#5361=DIRECTION('',(0.,1.,0.));
#5362=DIRECTION('',(0.,0.,1.));
#5363=DIRECTION('',(0.,-1.,0.));
#5364=DIRECTION('',(0.,0.,-1.));
#5365=DIRECTION('',(0.,1.,0.));
#5366=DIRECTION('',(0.,0.,1.));
#5367=DIRECTION('',(0.,1.,0.));
#5368=DIRECTION('',(0.964572374990548,0.,0.263818372000687));
#5369=DIRECTION('',(0.263818372000687,0.,-0.964572374990548));
#5370=DIRECTION('',(-0.263818372000687,0.,0.964572374990548));
#5371=DIRECTION('',(0.263818372000687,0.,-0.964572374990548));
#5372=DIRECTION('',(0.,1.,0.));
#5373=DIRECTION('',(1.,-6.12303176911189E-17,0.));
#5374=DIRECTION('',(6.12303176911189E-17,1.,0.));
#5375=DIRECTION('',(0.,0.,1.));
#5376=DIRECTION('',(0.,0.,-1.));
#5377=DIRECTION('',(0.,-1.,0.));
#5378=DIRECTION('',(0.,0.,-1.));
#5379=DIRECTION('',(0.,0.,1.));
#5380=DIRECTION('',(1.,-6.12303176911189E-17,0.));
#5381=DIRECTION('',(6.12303176911189E-17,1.,0.));
#5382=DIRECTION('',(0.,0.,-1.));
#5383=DIRECTION('',(0.,1.,0.));
#5384=DIRECTION('',(0.,0.,1.));
#5385=DIRECTION('',(0.,1.,0.));
#5386=DIRECTION('',(0.,0.,1.));
#5387=DIRECTION('',(0.,-1.,0.));
#5388=DIRECTION('',(0.,0.,1.));
#5389=DIRECTION('',(0.,1.,0.));
#5390=DIRECTION('',(0.,1.,0.));
#5391=DIRECTION('',(0.,0.,-1.));
#5392=DIRECTION('',(0.,1.,0.));
#5393=DIRECTION('',(0.,1.,0.));
#5394=DIRECTION('',(0.,0.,1.));
#5395=DIRECTION('',(0.,1.,0.));
#5396=DIRECTION('',(0.,0.,-1.));
#5397=DIRECTION('',(0.,1.,0.));
#5398=DIRECTION('',(0.,-1.,0.));
#5399=DIRECTION('',(0.,0.,1.));
#5400=DIRECTION('',(-0.964572374990548,0.,0.263818372000687));
#5401=DIRECTION('',(-0.263818372000687,0.,-0.964572374990548));
#5402=DIRECTION('',(0.263818372000687,0.,0.964572374990548));
#5403=DIRECTION('',(0.,1.,0.));
#5404=DIRECTION('',(-0.263818372000687,0.,-0.964572374990548));
#5405=DIRECTION('',(0.964572374990548,0.,0.263818372000687));
#5406=DIRECTION('',(-0.263818372000687,0.,0.964572374990548));
#5407=DIRECTION('',(-0.263818372000687,0.,0.964572374990548));
#5408=DIRECTION('',(0.,1.,0.));
#5409=DIRECTION('',(0.263818372000687,0.,-0.964572374990548));
#5410=DIRECTION('',(0.,1.,0.));
#5411=DIRECTION('',(0.,0.,1.));
#5412=DIRECTION('',(0.,0.,-1.));
#5413=DIRECTION('',(0.,0.,-1.));
#5414=DIRECTION('',(-1.,-6.12303176911189E-17,0.));
#5415=DIRECTION('',(-6.12303176911189E-17,1.,0.));
#5416=DIRECTION('',(0.,0.,1.));
#5417=DIRECTION('',(0.,-1.,0.));
#5418=DIRECTION('',(0.,0.,-1.));
#5419=DIRECTION('',(0.,0.,1.));
#5420=DIRECTION('',(-1.,-6.12303176911189E-17,0.));
#5421=DIRECTION('',(-6.12303176911189E-17,1.,0.));
#5422=DIRECTION('',(-0.964572374990548,0.,0.263818372000687));
#5423=DIRECTION('',(0.263818372000687,0.,0.964572374990548));
#5424=DIRECTION('',(0.263818372000687,0.,0.964572374990548));
#5425=DIRECTION('',(0.,1.,0.));
#5426=DIRECTION('',(-0.263818372000687,0.,-0.964572374990548));
#5427=DIRECTION('',(0.,1.,0.));
#5428=DIRECTION('',(0.,1.,0.));
#5429=DIRECTION('',(0.,0.,1.));
#5430=DIRECTION('',(0.,1.,0.));
#5431=DIRECTION('',(0.,0.,1.));
#5432=DIRECTION('',(0.,1.,0.));
#5433=DIRECTION('',(0.,-1.,0.));
#5434=DIRECTION('',(0.,0.,-1.));
#5435=DIRECTION('',(0.,1.,0.));
#5436=DIRECTION('',(0.,0.,1.));
#5437=DIRECTION('',(0.,-1.,0.));
#5438=DIRECTION('',(0.,0.,-1.));
#5439=DIRECTION('',(0.,1.,0.));
#5440=DIRECTION('',(0.,0.,1.));
#5441=DIRECTION('',(0.,1.,0.));
#5442=DIRECTION('',(0.964572374990548,0.,0.263818372000687));
#5443=DIRECTION('',(0.263818372000687,0.,-0.964572374990548));
#5444=DIRECTION('',(-0.263818372000687,0.,0.964572374990548));
#5445=DIRECTION('',(0.263818372000687,0.,-0.964572374990548));
#5446=DIRECTION('',(0.,1.,0.));
#5447=DIRECTION('',(1.,-6.12303176911189E-17,0.));
#5448=DIRECTION('',(6.12303176911189E-17,1.,0.));
#5449=DIRECTION('',(0.,0.,1.));
#5450=DIRECTION('',(0.,0.,-1.));
#5451=DIRECTION('',(0.,-1.,0.));
#5452=DIRECTION('',(0.,0.,-1.));
#5453=DIRECTION('',(0.,0.,1.));
#5454=DIRECTION('',(1.,-6.12303176911189E-17,0.));
#5455=DIRECTION('',(6.12303176911189E-17,1.,0.));
#5456=DIRECTION('',(0.,0.,-1.));
#5457=DIRECTION('',(0.,1.,0.));
#5458=DIRECTION('',(0.,0.,1.));
#5459=DIRECTION('',(-1.,0.,0.));
#5460=DIRECTION('',(0.,0.,1.));
#5461=DIRECTION('',(0.,-1.,1.16307079041453E-16));
#5462=DIRECTION('',(0.,1.16307079041453E-16,1.));
#5463=DIRECTION('',(0.,-1.,1.16307079041453E-16));
#5464=DIRECTION('',(0.,-1.16307079041453E-16,-1.));
#5465=DIRECTION('',(1.,0.,0.));
#5466=DIRECTION('',(0.,1.16307079041453E-16,1.));
#5467=DIRECTION('',(1.,0.,0.));
#5468=DIRECTION('',(0.,0.,-1.));
#5469=DIRECTION('',(0.,1.,-1.16307079041453E-16));
#5470=DIRECTION('',(0.,1.16307079041453E-16,1.));
#5471=DIRECTION('',(0.,-1.,1.16307079041453E-16));
#5472=DIRECTION('',(0.,0.,1.));
#5473=DIRECTION('',(1.,0.,0.));
#5474=CARTESIAN_POINT('',(0.,0.,0.));
#5475=CARTESIAN_POINT('',(41.2980491838814,8.04248541759638,-3.95));
#5476=CARTESIAN_POINT('',(-5.2,5.8,-3.95));
#5477=CARTESIAN_POINT('',(-5.2,5.5,-3.95));
#5478=CARTESIAN_POINT('',(5.2,5.8,-3.95));
#5479=CARTESIAN_POINT('',(5.2,5.5,-3.95));
#5480=CARTESIAN_POINT('',(2.63819691474079,8.04248541759638,-3.95));
#5481=CARTESIAN_POINT('',(2.63819691474079,14.1348346833363,-3.95));
#5482=CARTESIAN_POINT('',(2.63819691474079,14.8777777960061,-3.95));
#5483=CARTESIAN_POINT('',(41.2980491838814,14.1348346833363,-3.95));
#5484=CARTESIAN_POINT('',(-2.63819691474079,14.1348346833363,-3.95));
#5485=CARTESIAN_POINT('',(-2.63819691474079,8.04248541759638,-3.95));
#5486=CARTESIAN_POINT('',(-2.63819691474079,14.8777777960061,-3.95));
#5487=CARTESIAN_POINT('',(41.2980491838814,14.8777777960061,-3.95));
#5488=CARTESIAN_POINT('',(-4.59342344221985,14.8777777960061,-3.95));
#5489=CARTESIAN_POINT('',(-4.59342344221985,8.04248541759638,-3.95));
#5490=CARTESIAN_POINT('',(-4.59342344221985,14.1348346833363,-3.95));
#5491=CARTESIAN_POINT('',(41.2980491838814,14.1348346833363,-3.95));
#5492=CARTESIAN_POINT('',(-5.44931915795166,14.1348346833363,-3.95));
#5493=CARTESIAN_POINT('',(-5.44931915795166,8.04248541759638,-3.95));
#5494=CARTESIAN_POINT('',(-5.44931915795166,12.2609860749927,-3.95));
#5495=CARTESIAN_POINT('',(41.2980491838814,12.2609860749927,-3.95));
#5496=CARTESIAN_POINT('',(5.44931915795166,12.2609860749927,-3.95));
#5497=CARTESIAN_POINT('',(5.44931915795166,8.04248541759638,-3.95));
#5498=CARTESIAN_POINT('',(5.44931915795166,14.1348346833363,-3.95));
#5499=CARTESIAN_POINT('',(41.2980491838814,14.1348346833363,-3.95));
#5500=CARTESIAN_POINT('',(4.59342344221985,14.1348346833363,-3.95));
#5501=CARTESIAN_POINT('',(4.59342344221985,8.04248541759638,-3.95));
#5502=CARTESIAN_POINT('',(4.59342344221985,14.8777777960061,-3.95));
#5503=CARTESIAN_POINT('',(41.2980491838814,14.8777777960061,-3.95));
#5504=CARTESIAN_POINT('',(-3.28597563748318,0.91140085410637,-3.95));
#5505=CARTESIAN_POINT('',(-4.42657178723404,8.04248541759638,-3.95));
#5506=CARTESIAN_POINT('',(-4.66431408510638,9.52886640425532,-3.95));
#5507=CARTESIAN_POINT('',(41.2980491838814,8.04248541759638,-3.95));
#5508=CARTESIAN_POINT('',(-4.59342344221985,8.04248541759638,-3.95));
#5509=CARTESIAN_POINT('',(-4.59342344221985,-21.0073240881325,-3.95));
#5510=CARTESIAN_POINT('',(-4.59342344221985,0.,-3.95));
#5511=CARTESIAN_POINT('',(0.,0.,-3.95));
#5512=CARTESIAN_POINT('',(-6.15,0.,-3.95));
#5513=CARTESIAN_POINT('',(-6.15,13.5130652870551,-3.95));
#5514=CARTESIAN_POINT('',(-6.15,13.5130652870551,-3.95));
#5515=CARTESIAN_POINT('',(-6.16818825178797,13.5130652870551,-3.95));
#5516=CARTESIAN_POINT('',(-5.81818825178797,13.5130652870551,-3.95));
#5517=CARTESIAN_POINT('',(-5.81818825178797,8.04248541759638,-3.95));
#5518=CARTESIAN_POINT('',(-5.81818825178797,14.4816892615972,-3.95));
#5519=CARTESIAN_POINT('',(-6.5,14.4816892615972,-3.95));
#5520=CARTESIAN_POINT('',(-6.15,14.4816892615972,-3.95));
#5521=CARTESIAN_POINT('',(-6.15,15.5,-3.95));
#5522=CARTESIAN_POINT('',(-6.15,15.3075,-3.95));
#5523=CARTESIAN_POINT('',(41.2980491838814,15.3075,-3.95));
#5524=CARTESIAN_POINT('',(6.15,15.3075,-3.95));
#5525=CARTESIAN_POINT('',(6.15,14.4816892615972,-3.95));
#5526=CARTESIAN_POINT('',(6.15,14.4816892615972,-3.95));
#5527=CARTESIAN_POINT('',(6.5,14.4816892615972,-3.95));
#5528=CARTESIAN_POINT('',(5.81818825178797,14.4816892615972,-3.95));
#5529=CARTESIAN_POINT('',(5.81818825178797,8.04248541759638,-3.95));
#5530=CARTESIAN_POINT('',(5.81818825178797,13.5130652870551,-3.95));
#5531=CARTESIAN_POINT('',(6.16818825178797,13.5130652870551,-3.95));
#5532=CARTESIAN_POINT('',(6.15,13.5130652870551,-3.95));
#5533=CARTESIAN_POINT('',(6.15,-4.07074776645084E-17,-3.95));
#5534=CARTESIAN_POINT('',(6.15,0.,-3.95));
#5535=CARTESIAN_POINT('',(0.,0.,-3.95));
#5536=CARTESIAN_POINT('',(4.59342344221985,0.,-3.95));
#5537=CARTESIAN_POINT('',(4.59342344221985,-21.0073240881325,-3.95));
#5538=CARTESIAN_POINT('',(4.59342344221985,8.04248541759638,-3.95));
#5539=CARTESIAN_POINT('',(41.2980491838814,8.04248541759638,-3.95));
#5540=CARTESIAN_POINT('',(4.42657178723404,8.04248541759638,-3.95));
#5541=CARTESIAN_POINT('',(5.34632714574886,13.7928583613634,-3.95));
#5542=CARTESIAN_POINT('',(4.66431408510638,9.52886640425532,-3.95));
#5543=CARTESIAN_POINT('',(4.66431408510638,8.04248541759638,-3.95));
#5544=CARTESIAN_POINT('',(4.66431408510638,10.5615862349213,-3.95));
#5545=CARTESIAN_POINT('',(7.90110063307468,-1.171037316062,-3.95));
#5546=CARTESIAN_POINT('',(4.54544293617021,10.9924674255319,-3.95));
#5547=CARTESIAN_POINT('',(41.2980491838814,10.9924674255319,-3.95));
#5548=CARTESIAN_POINT('',(-4.54544293617021,10.9924674255319,-3.95));
#5549=CARTESIAN_POINT('',(-2.05937725499136,20.003896609393,-3.95));
#5550=CARTESIAN_POINT('',(-4.66431408510638,10.5615862349213,-3.95));
#5551=CARTESIAN_POINT('',(-4.66431408510638,8.04248541759638,-3.95));
#5552=CARTESIAN_POINT('',(41.2980491838814,8.04248541759638,-3.95));
#5553=CARTESIAN_POINT('',(41.2980491838814,8.04248541759642,-3.95));
#5554=CARTESIAN_POINT('',(2.63819691474079,8.04248541759639,-3.95));
#5555=CARTESIAN_POINT('',(-2.63819691474079,8.04248541759638,-3.95));
#5556=CARTESIAN_POINT('',(2.63819691474079,-21.0073240881325,-3.95));
#5557=CARTESIAN_POINT('',(2.63819691474079,0.,-3.95));
#5558=CARTESIAN_POINT('',(0.,0.,-3.95));
#5559=CARTESIAN_POINT('',(-2.63819691474079,0.,-3.95));
#5560=CARTESIAN_POINT('',(-2.63819691474079,-21.0073240881325,-3.95));
#5561=CARTESIAN_POINT('',(0.,6.,0.156856246021636));
#5562=CARTESIAN_POINT('',(0.,6.,0.156856246021636));
#5563=CARTESIAN_POINT('',(0.,6.,0.790343398646777));
#5564=CARTESIAN_POINT('',(0.,6.,0.156856246021636));
#5565=CARTESIAN_POINT('',(0.,4.,0.156856246021636));
#5566=CARTESIAN_POINT('',(0.,4.,0.790343398646777));
#5567=CARTESIAN_POINT('',(0.,4.,0.156856246021636));
#5568=CARTESIAN_POINT('',(0.,4.,0.156856246021636));
#5569=CARTESIAN_POINT('',(1.19399211322769,4.,0.156856246021636));
#5570=CARTESIAN_POINT('',(0.,4.,0.156856246021636));
#5571=CARTESIAN_POINT('',(0.,2.35,0.156856246021636));
#5572=CARTESIAN_POINT('',(0.,2.35,1.35084835924933));
#5573=CARTESIAN_POINT('',(0.,2.,0.156856246021636));
#5574=CARTESIAN_POINT('',(0.,2.,0.156856246021636));
#5575=CARTESIAN_POINT('',(0.,2.,1.70084835924933));
#5576=CARTESIAN_POINT('',(0.,2.,0.));
#5577=CARTESIAN_POINT('',(1.91090722943132,2.,-0.672496198636833));
#5578=CARTESIAN_POINT('',(0.861405082836192,2.,-1.71081587971569));
#5579=CARTESIAN_POINT('',(1.85156910908218,2.,-0.731202070174713));
#5580=CARTESIAN_POINT('',(1.85156910908218,2.,2.14332169487424));
#5581=CARTESIAN_POINT('',(1.85156910908218,2.,1.94332169487424));
#5582=CARTESIAN_POINT('',(-2.05156910908218,2.,1.94332169487424));
#5583=CARTESIAN_POINT('',(-1.85156910908218,2.,1.94332169487424));
#5584=CARTESIAN_POINT('',(-1.85156910908218,2.,-0.814672974564156));
#5585=CARTESIAN_POINT('',(-1.85156910908218,2.,-0.731202070174713));
#5586=CARTESIAN_POINT('',(-0.802959115863602,2.,-1.76863910378837));
#5587=CARTESIAN_POINT('',(-0.861405082836192,2.,-1.71081587971569));
#5588=CARTESIAN_POINT('',(0.943620995514457,2.,-1.71081587971569));
#5589=CARTESIAN_POINT('',(-0.964174973684023,2.25,-1.96081587971569));
#5590=CARTESIAN_POINT('',(-0.943620995514457,2.25,-1.96081587971569));
#5591=CARTESIAN_POINT('',(0.943620995514457,2.25,-1.96081587971569));
#5592=CARTESIAN_POINT('',(-0.943620995514457,2.25,-1.96081587971569));
#5593=CARTESIAN_POINT('',(0.943620995514457,2.2,-1.91081587971569));
#5594=CARTESIAN_POINT('',(0.962631391366575,2.24624505216286,-1.95706093187855));
#5595=CARTESIAN_POINT('',(0.964174973684023,2.25,-1.96081587971569));
#5596=CARTESIAN_POINT('',(-0.964174973684023,2.25,-1.96081587971569));
#5597=CARTESIAN_POINT('',(-0.962631391366575,2.24624505216286,-1.95706093187855));
#5598=CARTESIAN_POINT('',(-0.943620995514457,2.2,-1.91081587971569));
#5599=CARTESIAN_POINT('',(0.964174973684023,2.25,-1.96081587971569));
#5600=CARTESIAN_POINT('',(0.978786465427171,2.25,-1.94636007369752));
#5601=CARTESIAN_POINT('',(2.08673457899489,2.25,-0.850217168545987));
#5602=CARTESIAN_POINT('',(0.978786465427171,2.25,-1.94636007369752));
#5603=CARTESIAN_POINT('',(2.05156910908218,2.2,-0.814672974564156));
#5604=CARTESIAN_POINT('',(2.09771167888294,2.24614256980076,-0.833930784724768));
#5605=CARTESIAN_POINT('',(1.79443999480015,1.94287088571797,-0.707358975994268));
#5606=CARTESIAN_POINT('',(0.943620995514457,2.2,-1.91081587971569));
#5607=CARTESIAN_POINT('',(2.10156910908218,2.25,-0.835540700661517));
#5608=CARTESIAN_POINT('',(2.10156910908218,2.25,2.19332169487424));
#5609=CARTESIAN_POINT('',(2.0869244481415,2.23535533905933,2.17867703393357));
#5610=CARTESIAN_POINT('',(2.05156910908218,2.2,-0.814672974564156));
#5611=CARTESIAN_POINT('',(2.10156910908218,2.25,-0.814672974564156));
#5612=CARTESIAN_POINT('',(2.10156910908218,2.25,-0.814672974564156));
#5613=CARTESIAN_POINT('',(2.10156910908218,2.25,2.14332169487424));
#5614=CARTESIAN_POINT('',(2.05156910908218,2.2,2.14332169487424));
#5615=CARTESIAN_POINT('',(2.10156910908218,2.25,2.19332169487424));
#5616=CARTESIAN_POINT('',(-2.10156910908218,2.25,2.19332169487424));
#5617=CARTESIAN_POINT('',(-2.0869244481415,2.23535533905933,2.17867703393357));
#5618=CARTESIAN_POINT('',(2.05156910908218,2.2,2.14332169487424));
#5619=CARTESIAN_POINT('',(2.05156910908218,2.25,2.19332169487424));
#5620=CARTESIAN_POINT('',(2.05156910908218,2.25,2.19332169487424));
#5621=CARTESIAN_POINT('',(-2.05156910908218,2.25,2.19332169487424));
#5622=CARTESIAN_POINT('',(-2.05156910908218,2.2,2.14332169487424));
#5623=CARTESIAN_POINT('',(-2.10156910908218,2.25,2.19332169487424));
#5624=CARTESIAN_POINT('',(-1.79443999480015,1.94287088571797,-0.707358975994269));
#5625=CARTESIAN_POINT('',(-2.09771167888294,2.24614256980076,-0.833930784724768));
#5626=CARTESIAN_POINT('',(-2.05156910908218,2.2,2.14332169487424));
#5627=CARTESIAN_POINT('',(-2.10156910908218,2.25,2.14332169487424));
#5628=CARTESIAN_POINT('',(-2.10156910908218,2.25,2.14332169487424));
#5629=CARTESIAN_POINT('',(-2.10156910908218,2.25,-0.814672974564156));
#5630=CARTESIAN_POINT('',(-2.05156910908218,2.2,-0.814672974564156));
#5631=CARTESIAN_POINT('',(-0.964174973684023,2.25,-1.96081587971569));
#5632=CARTESIAN_POINT('',(-2.05156910908218,2.2,-0.814672974564156));
#5633=CARTESIAN_POINT('',(-2.08673457899489,2.25,-0.850217168545987));
#5634=CARTESIAN_POINT('',(-2.08673457899489,2.25,-0.850217168545987));
#5635=CARTESIAN_POINT('',(-0.978786465427171,2.25,-1.94636007369752));
#5636=CARTESIAN_POINT('',(-0.943620995514457,2.2,-1.91081587971569));
#5637=CARTESIAN_POINT('',(-0.943620995514457,2.,-1.91081587971569));
#5638=CARTESIAN_POINT('',(-0.978786465427171,2.,-1.94636007369752));
#5639=CARTESIAN_POINT('',(-0.978786465427171,9.595,-1.94636007369752));
#5640=CARTESIAN_POINT('',(-0.943620995514457,9.595,-1.91081587971569));
#5641=CARTESIAN_POINT('',(-0.943620995514457,9.595,-1.96081587971569));
#5642=CARTESIAN_POINT('',(-0.943620995514457,2.,-1.96081587971569));
#5643=CARTESIAN_POINT('',(-0.964174973684023,2.,-1.96081587971569));
#5644=CARTESIAN_POINT('',(0.943620995514457,2.,-1.96081587971569));
#5645=CARTESIAN_POINT('',(0.943620995514457,9.595,-1.96081587971569));
#5646=CARTESIAN_POINT('',(0.943620995514457,9.595,-1.96081587971569));
#5647=CARTESIAN_POINT('',(0.943620995514457,2.,-1.91081587971569));
#5648=CARTESIAN_POINT('',(0.943620995514457,9.595,-1.91081587971569));
#5649=CARTESIAN_POINT('',(0.978786465427171,9.595,-1.94636007369752));
#5650=CARTESIAN_POINT('',(0.978786465427171,2.,-1.94636007369752));
#5651=CARTESIAN_POINT('',(0.964174973684023,2.,-1.96081587971569));
#5652=CARTESIAN_POINT('',(2.08673457899489,2.,-0.850217168545987));
#5653=CARTESIAN_POINT('',(2.08673457899489,9.59500000000001,-0.850217168545987));
#5654=CARTESIAN_POINT('',(2.08673457899489,9.595,-0.850217168545987));
#5655=CARTESIAN_POINT('',(2.05156910908218,2.,-0.814672974564156));
#5656=CARTESIAN_POINT('',(2.10156910908218,2.,-0.814672974564156));
#5657=CARTESIAN_POINT('',(2.10156910908218,9.595,-0.814672974564156));
#5658=CARTESIAN_POINT('',(2.05156910908218,9.59500000000001,-0.814672974564156));
#5659=CARTESIAN_POINT('',(2.10156910908218,2.,-0.835540700661517));
#5660=CARTESIAN_POINT('',(2.10156910908218,2.,2.14332169487424));
#5661=CARTESIAN_POINT('',(2.10156910908218,9.595,2.14332169487424));
#5662=CARTESIAN_POINT('',(2.10156910908218,9.595,2.14332169487424));
#5663=CARTESIAN_POINT('',(2.05156910908218,2.,2.14332169487424));
#5664=CARTESIAN_POINT('',(2.05156910908218,9.595,2.14332169487424));
#5665=CARTESIAN_POINT('',(2.05156910908218,9.595,2.19332169487424));
#5666=CARTESIAN_POINT('',(2.05156910908218,2.,2.19332169487424));
#5667=CARTESIAN_POINT('',(2.10156910908218,2.,2.19332169487424));
#5668=CARTESIAN_POINT('',(-2.05156910908218,2.,2.19332169487424));
#5669=CARTESIAN_POINT('',(-2.05156910908218,9.595,2.19332169487424));
#5670=CARTESIAN_POINT('',(-2.05156910908218,9.595,2.19332169487424));
#5671=CARTESIAN_POINT('',(-2.05156910908218,2.,2.14332169487424));
#5672=CARTESIAN_POINT('',(-2.05156910908218,9.595,2.14332169487424));
#5673=CARTESIAN_POINT('',(-2.10156910908218,9.595,2.14332169487424));
#5674=CARTESIAN_POINT('',(-2.10156910908218,2.,2.14332169487424));
#5675=CARTESIAN_POINT('',(-2.10156910908218,2.,2.19332169487424));
#5676=CARTESIAN_POINT('',(-2.10156910908218,2.,-0.814672974564156));
#5677=CARTESIAN_POINT('',(-2.10156910908218,9.595,-0.814672974564156));
#5678=CARTESIAN_POINT('',(-2.10156910908218,9.595,-0.814672974564156));
#5679=CARTESIAN_POINT('',(-2.05156910908218,2.,-0.814672974564156));
#5680=CARTESIAN_POINT('',(-2.05156910908218,9.59500000000001,-0.814672974564156));
#5681=CARTESIAN_POINT('',(-2.08673457899489,9.595,-0.850217168545987));
#5682=CARTESIAN_POINT('',(-2.08673457899489,2.,-0.850217168545987));
#5683=CARTESIAN_POINT('',(-0.964174973684023,2.,-1.96081587971569));
#5684=CARTESIAN_POINT('',(-0.978786465427171,9.595,-1.94636007369752));
#5685=CARTESIAN_POINT('',(-0.943620995514457,10.,-1.91081587971569));
#5686=CARTESIAN_POINT('',(-0.943620995514457,10.,-2.36581587971569));
#5687=CARTESIAN_POINT('',(-0.943620995514457,10.,-2.36581587971569));
#5688=CARTESIAN_POINT('',(-1.26362677172015,10.,-2.23426804495035));
#5689=CARTESIAN_POINT('',(-1.26362677172015,10.,-2.23426804495035));
#5690=CARTESIAN_POINT('',(-0.943620995514457,10.,-1.91081587971569));
#5691=CARTESIAN_POINT('',(-3.09283845309949,10.,-2.36581587971569));
#5692=CARTESIAN_POINT('',(0.943620995514457,10.,-2.36581587971569));
#5693=CARTESIAN_POINT('',(0.943620995514457,10.,-2.36581587971569));
#5694=CARTESIAN_POINT('',(-0.943620995514457,10.,-2.36581587971569));
#5695=CARTESIAN_POINT('',(0.943620995514457,10.,-1.91081587971569));
#5696=CARTESIAN_POINT('',(1.26362677172015,10.,-2.23426804495035));
#5697=CARTESIAN_POINT('',(1.26362677172015,10.,-2.23426804495035));
#5698=CARTESIAN_POINT('',(0.943620995514457,10.,-1.91081587971569));
#5699=CARTESIAN_POINT('',(0.25755496212805,10.,-3.22962014010056));
#5700=CARTESIAN_POINT('',(2.37157488528786,10.,-1.13812513979881));
#5701=CARTESIAN_POINT('',(2.37157488528786,10.,-1.13812513979881));
#5702=CARTESIAN_POINT('',(1.26362677172015,10.,-2.23426804495035));
#5703=CARTESIAN_POINT('',(2.05156910908218,10.,-0.814672974564156));
#5704=CARTESIAN_POINT('',(2.10156910908218,9.59500000000001,-0.814672974564156));
#5705=CARTESIAN_POINT('',(2.50656910908218,10.,-0.814672974564156));
#5706=CARTESIAN_POINT('',(2.05156910908218,10.,-0.814672974564156));
#5707=CARTESIAN_POINT('',(2.50656910908218,10.,0.156856246021636));
#5708=CARTESIAN_POINT('',(2.50656910908218,10.,-0.814672974564156));
#5709=CARTESIAN_POINT('',(2.50656910908218,10.,2.14332169487424));
#5710=CARTESIAN_POINT('',(2.10156910908218,9.595,2.14332169487424));
#5711=CARTESIAN_POINT('',(2.05156910908218,10.,2.14332169487424));
#5712=CARTESIAN_POINT('',(2.05156910908218,10.,2.14332169487424));
#5713=CARTESIAN_POINT('',(2.05156910908218,10.,2.59832169487424));
#5714=CARTESIAN_POINT('',(2.05156910908218,9.595,2.19332169487424));
#5715=CARTESIAN_POINT('',(-3.09283845309949,10.,2.59832169487424));
#5716=CARTESIAN_POINT('',(2.05156910908218,10.,2.59832169487424));
#5717=CARTESIAN_POINT('',(-2.05156910908218,10.,2.59832169487424));
#5718=CARTESIAN_POINT('',(-2.05156910908218,9.595,2.19332169487424));
#5719=CARTESIAN_POINT('',(-2.05156910908218,10.,2.14332169487424));
#5720=CARTESIAN_POINT('',(-2.05156910908218,10.,2.14332169487424));
#5721=CARTESIAN_POINT('',(-2.50656910908218,10.,2.14332169487424));
#5722=CARTESIAN_POINT('',(-2.10156910908218,9.595,2.14332169487424));
#5723=CARTESIAN_POINT('',(-2.50656910908218,10.,0.156856246021636));
#5724=CARTESIAN_POINT('',(-2.50656910908218,10.,2.14332169487424));
#5725=CARTESIAN_POINT('',(-2.50656910908218,10.,-0.814672974564154));
#5726=CARTESIAN_POINT('',(-2.10156910908218,9.595,-0.814672974564156));
#5727=CARTESIAN_POINT('',(-2.05156910908218,10.,-0.814672974564156));
#5728=CARTESIAN_POINT('',(-2.37157488528787,10.,-1.13812513979882));
#5729=CARTESIAN_POINT('',(-2.37157488528787,10.,-1.13812513979882));
#5730=CARTESIAN_POINT('',(-2.05156910908218,10.,-0.814672974564156));
#5731=CARTESIAN_POINT('',(-3.38352322233667,10.,-0.136959131704756));
#5732=CARTESIAN_POINT('',(-2.37157488528787,10.,-1.13812513979882));
#5733=CARTESIAN_POINT('',(-3.09283845309949,10.,0.156856246021636));
#5734=CARTESIAN_POINT('',(0.,10.,3.18300288872951));
#5735=CARTESIAN_POINT('',(3.09283845309949,10.,3.18300288872951));
#5736=CARTESIAN_POINT('',(-3.09283845309949,10.,3.18300288872951));
#5737=CARTESIAN_POINT('',(-3.09283845309949,10.,3.18300288872951));
#5738=CARTESIAN_POINT('',(-3.09283845309949,10.,0.857823896543822));
#5739=CARTESIAN_POINT('',(-3.09283845309949,10.,0.156856246021636));
#5740=CARTESIAN_POINT('',(-3.09283845309949,10.,-0.54411140450055));
#5741=CARTESIAN_POINT('',(-3.09283845309949,10.,-0.54411140450055));
#5742=CARTESIAN_POINT('',(-3.09283845309949,10.,-1.24372468701477));
#5743=CARTESIAN_POINT('',(-3.09283845309949,10.,-1.24372468701477));
#5744=CARTESIAN_POINT('',(-1.33944559245649,10.,-2.99680534624972));
#5745=CARTESIAN_POINT('',(-1.33944559245649,10.,-2.99680534624972));
#5746=CARTESIAN_POINT('',(1.33944559245649,10.,-2.99680534624972));
#5747=CARTESIAN_POINT('',(3.09283845309949,10.,-1.24372468701477));
#5748=CARTESIAN_POINT('',(3.09283845309949,10.,-1.24372468701477));
#5749=CARTESIAN_POINT('',(3.09283845309949,10.,-0.54411140450055));
#5750=CARTESIAN_POINT('',(3.09283845309949,10.,-0.54411140450055));
#5751=CARTESIAN_POINT('',(3.09283845309949,10.,0.156856246021636));
#5752=CARTESIAN_POINT('',(3.09283845309949,10.,0.857823896543822));
#5753=CARTESIAN_POINT('',(3.09283845309949,10.,3.18300288872951));
#5754=CARTESIAN_POINT('',(-15.8754281511854,1.92178680578261,2.09194093086638));
#5755=CARTESIAN_POINT('',(4.37141922654975,4.78509674906102,2.09194093086638));
#5756=CARTESIAN_POINT('',(4.37141922654975,4.52124231019431,2.09194093086638));
#5757=CARTESIAN_POINT('',(4.37141922654975,1.92178680578261,2.09194093086638));
#5758=CARTESIAN_POINT('',(-15.8754281511854,4.52124231019431,2.09194093086638));
#5759=CARTESIAN_POINT('',(5.65,4.52124231019431,2.09194093086638));
#5760=CARTESIAN_POINT('',(5.65,1.92178680578261,2.09194093086638));
#5761=CARTESIAN_POINT('',(5.65,1.92178680578261,2.09194093086638));
#5762=CARTESIAN_POINT('',(-15.8754281511854,1.92178680578261,2.09194093086638));
#5763=CARTESIAN_POINT('',(-15.8754281511854,1.92178680578261,2.09194093086638));
#5764=CARTESIAN_POINT('',(-15.8754281511854,4.52124231019431,2.09194093086638));
#5765=CARTESIAN_POINT('',(-5.65,4.52124231019431,2.09194093086638));
#5766=CARTESIAN_POINT('',(-4.37141922654975,4.52124231019431,2.09194093086638));
#5767=CARTESIAN_POINT('',(-4.37141922654975,4.78509674906102,2.09194093086638));
#5768=CARTESIAN_POINT('',(-4.37141922654975,1.92178680578261,2.09194093086638));
#5769=CARTESIAN_POINT('',(-15.8754281511854,1.92178680578261,2.09194093086638));
#5770=CARTESIAN_POINT('',(-5.65,1.92178680578261,2.09194093086638));
#5771=CARTESIAN_POINT('',(-5.65,4.10380380767807E-16,2.09194093086638));
#5772=CARTESIAN_POINT('',(5.65,0.,0.));
#5773=CARTESIAN_POINT('',(5.65,8.67361737988404E-16,3.1248523114141));
#5774=CARTESIAN_POINT('',(5.65,0.813771007435159,3.1248523114141));
#5775=CARTESIAN_POINT('',(5.65,4.52124231019431,3.1248523114141));
#5776=CARTESIAN_POINT('',(5.65,0.813771007435159,2.56835934432233));
#5777=CARTESIAN_POINT('',(5.65,0.813771007435158,-2.83793205995842));
#5778=CARTESIAN_POINT('',(5.65,4.52124231019431,-2.83793205995842));
#5779=CARTESIAN_POINT('',(5.65,1.92178680578261,-2.83793205995842));
#5780=CARTESIAN_POINT('',(5.65,1.92178680578261,-2.83793205995842));
#5781=CARTESIAN_POINT('',(5.65,4.52124231019431,3.1248523114141));
#5782=CARTESIAN_POINT('',(-15.8754281511854,1.92178680578261,-2.83793205995842));
#5783=CARTESIAN_POINT('',(-15.8754281511854,1.92178680578261,-2.83793205995842));
#5784=CARTESIAN_POINT('',(4.37141922654975,1.92178680578261,-2.83793205995842));
#5785=CARTESIAN_POINT('',(4.37141922654975,1.92178680578261,2.09194093086638));
#5786=CARTESIAN_POINT('',(4.37141922654975,4.78509674906102,2.09194093086638));
#5787=CARTESIAN_POINT('',(4.37141922654975,4.78509674906102,-2.83793205995842));
#5788=CARTESIAN_POINT('',(4.37141922654975,4.52124231019431,-2.83793205995842));
#5789=CARTESIAN_POINT('',(4.37141922654975,4.52124231019431,3.1248523114141));
#5790=CARTESIAN_POINT('',(-15.8754281511854,1.92178680578261,-2.83793205995842));
#5791=CARTESIAN_POINT('',(-4.37141922654975,1.92178680578261,2.09194093086638));
#5792=CARTESIAN_POINT('',(-4.37141922654975,1.92178680578261,-2.83793205995842));
#5793=CARTESIAN_POINT('',(-15.8754281511854,1.92178680578261,-2.83793205995842));
#5794=CARTESIAN_POINT('',(-5.65,1.92178680578261,-2.83793205995842));
#5795=CARTESIAN_POINT('',(-5.65,1.92178680578261,-3.43484652715977E-16));
#5796=CARTESIAN_POINT('',(-4.37141922654975,4.78509674906102,2.09194093086638));
#5797=CARTESIAN_POINT('',(-4.37141922654974,4.52124231019431,3.1248523114141));
#5798=CARTESIAN_POINT('',(-4.37141922654974,4.52124231019431,-2.83793205995842));
#5799=CARTESIAN_POINT('',(-4.37141922654974,4.78509674906102,-2.83793205995842));
#5800=CARTESIAN_POINT('',(-5.65,0.,0.));
#5801=CARTESIAN_POINT('',(-5.65,0.813771007435159,2.56835934432233));
#5802=CARTESIAN_POINT('',(-5.65,0.813771007435159,3.1248523114141));
#5803=CARTESIAN_POINT('',(-5.65,0.813771007435158,-2.83793205995842));
#5804=CARTESIAN_POINT('',(-5.65,8.67361737988404E-16,3.1248523114141));
#5805=CARTESIAN_POINT('',(-5.65,4.52124231019431,3.1248523114141));
#5806=CARTESIAN_POINT('',(-5.65,4.52124231019431,3.1248523114141));
#5807=CARTESIAN_POINT('',(-5.65,4.52124231019431,-2.83793205995842));
#5808=CARTESIAN_POINT('',(3.09283845309949,10.,-0.54411140450055));
#5809=CARTESIAN_POINT('',(3.09283845309949,10.,-1.24372468701477));
#5810=CARTESIAN_POINT('',(3.09283845309949,0.404999999999999,-1.24372468701477));
#5811=CARTESIAN_POINT('',(3.09283845309949,0.404999999999999,-0.54411140450055));
#5812=CARTESIAN_POINT('',(3.09283845309949,0.404999999999999,-0.54411140450055));
#5813=CARTESIAN_POINT('',(3.09283845309949,10.,-0.54411140450055));
#5814=CARTESIAN_POINT('',(3.09283845309949,10.,0.156856246021636));
#5815=CARTESIAN_POINT('',(3.09283845309949,0.404999999999999,0.156856246021636));
#5816=CARTESIAN_POINT('',(3.09283845309949,0.404999999999999,0.857823896543822));
#5817=CARTESIAN_POINT('',(3.09283845309949,10.,0.857823896543822));
#5818=CARTESIAN_POINT('',(3.09283845309949,10.,3.18300288872951));
#5819=CARTESIAN_POINT('',(3.09283845309949,0.404999999999999,3.18300288872951));
#5820=CARTESIAN_POINT('',(3.09283845309949,0.404999999999999,3.18300288872951));
#5821=CARTESIAN_POINT('',(3.09283845309949,10.,3.18300288872951));
#5822=CARTESIAN_POINT('',(0.,10.,3.18300288872951));
#5823=CARTESIAN_POINT('',(-3.09283845309949,0.404999999999999,3.18300288872951));
#5824=CARTESIAN_POINT('',(-3.09283845309949,0.404999999999999,3.18300288872951));
#5825=CARTESIAN_POINT('',(-3.09283845309949,10.,3.18300288872951));
#5826=CARTESIAN_POINT('',(-3.09283845309949,10.,3.18300288872951));
#5827=CARTESIAN_POINT('',(-3.09283845309949,10.,0.857823896543822));
#5828=CARTESIAN_POINT('',(-3.09283845309949,0.404999999999999,0.857823896543822));
#5829=CARTESIAN_POINT('',(-3.09283845309949,0.404999999999999,0.857823896543822));
#5830=CARTESIAN_POINT('',(-3.09283845309949,10.,0.156856246021636));
#5831=CARTESIAN_POINT('',(-3.09283845309949,0.404999999999999,0.156856246021636));
#5832=CARTESIAN_POINT('',(-3.09283845309949,0.404999999999999,-0.54411140450055));
#5833=CARTESIAN_POINT('',(-3.09283845309949,10.,-0.54411140450055));
#5834=CARTESIAN_POINT('',(-3.09283845309949,10.,-0.54411140450055));
#5835=CARTESIAN_POINT('',(-3.09283845309949,0.404999999999999,-1.24372468701477));
#5836=CARTESIAN_POINT('',(-3.09283845309949,0.404999999999999,-1.24372468701477));
#5837=CARTESIAN_POINT('',(-3.09283845309949,10.,-1.24372468701477));
#5838=CARTESIAN_POINT('',(-3.09283845309949,10.,-1.24372468701477));
#5839=CARTESIAN_POINT('',(-1.33944559245649,0.404999999999999,-2.99680534624972));
#5840=CARTESIAN_POINT('',(-1.33944559245649,0.404999999999999,-2.99680534624972));
#5841=CARTESIAN_POINT('',(-1.33944559245649,10.,-2.99680534624972));
#5842=CARTESIAN_POINT('',(1.33944559245649,10.,-2.99680534624972));
#5843=CARTESIAN_POINT('',(1.33944559245649,0.404999999999999,-2.99680534624972));
#5844=CARTESIAN_POINT('',(1.33944559245649,0.404999999999999,-2.99680534624972));
#5845=CARTESIAN_POINT('',(1.33944559245649,10.,-2.99680534624972));
#5846=CARTESIAN_POINT('',(3.09283845309949,10.,-1.24372468701477));
#5847=CARTESIAN_POINT('',(3.09283845309949,0.404999999999999,-1.24372468701477));
#5848=CARTESIAN_POINT('',(5.65,4.52124231019431,3.1248523114141));
#5849=CARTESIAN_POINT('',(5.65,4.52124231019431,-2.83793205995842));
#5850=CARTESIAN_POINT('',(6.5,4.52124231019431,-2.83793205995842));
#5851=CARTESIAN_POINT('',(6.5,4.52124231019431,3.1248523114141));
#5852=CARTESIAN_POINT('',(6.5,4.52124231019431,3.1248523114141));
#5853=CARTESIAN_POINT('',(5.65,4.52124231019431,3.1248523114141));
#5854=CARTESIAN_POINT('',(5.65,4.52124231019431,3.1248523114141));
#5855=CARTESIAN_POINT('',(-5.65,4.52124231019431,3.1248523114141));
#5856=CARTESIAN_POINT('',(-6.5,4.52124231019431,3.1248523114141));
#5857=CARTESIAN_POINT('',(-6.5,4.52124231019431,4.25));
#5858=CARTESIAN_POINT('',(-6.5,4.52124231019431,-2.83793205995842));
#5859=CARTESIAN_POINT('',(5.65,4.52124231019431,-2.83793205995842));
#5860=CARTESIAN_POINT('',(6.15,15.5,3.9));
#5861=CARTESIAN_POINT('',(6.15,15.5,4.0575));
#5862=CARTESIAN_POINT('',(6.15,15.5,4.0575));
#5863=CARTESIAN_POINT('',(6.15,15.3075,4.25));
#5864=CARTESIAN_POINT('',(6.15,15.3075,3.9));
#5865=CARTESIAN_POINT('',(6.5,15.3075,3.9));
#5866=CARTESIAN_POINT('',(6.3075,15.5,3.9));
#5867=CARTESIAN_POINT('',(6.3075,15.5,3.9));
#5868=CARTESIAN_POINT('',(6.15,15.5,3.9));
#5869=CARTESIAN_POINT('',(6.5,15.3075,4.25));
#5870=CARTESIAN_POINT('',(-6.15,15.5,4.0575));
#5871=CARTESIAN_POINT('',(-6.15,15.5,4.0575));
#5872=CARTESIAN_POINT('',(-6.15,15.3075,4.25));
#5873=CARTESIAN_POINT('',(-6.15,15.3075,4.25));
#5874=CARTESIAN_POINT('',(6.15,15.5,4.0575));
#5875=CARTESIAN_POINT('',(-6.15,15.5,3.9));
#5876=CARTESIAN_POINT('',(-6.5,15.3075,3.9));
#5877=CARTESIAN_POINT('',(-6.5,15.3075,3.9));
#5878=CARTESIAN_POINT('',(-6.3075,15.5,3.9));
#5879=CARTESIAN_POINT('',(-6.15,15.3075,3.9));
#5880=CARTESIAN_POINT('',(-6.15,15.5,3.9));
#5881=CARTESIAN_POINT('',(6.5,15.3075,-4.25));
#5882=CARTESIAN_POINT('',(6.5,15.3075,3.9));
#5883=CARTESIAN_POINT('',(6.5,15.3075,-3.6));
#5884=CARTESIAN_POINT('',(6.3075,15.5,-3.6));
#5885=CARTESIAN_POINT('',(6.3075,15.5,-3.6));
#5886=CARTESIAN_POINT('',(6.3075,15.5,-3.6));
#5887=CARTESIAN_POINT('',(-6.5,15.3075,4.25));
#5888=CARTESIAN_POINT('',(-6.3075,15.5,3.9));
#5889=CARTESIAN_POINT('',(-6.3075,15.5,-3.6));
#5890=CARTESIAN_POINT('',(-6.5,15.3075,-3.6));
#5891=CARTESIAN_POINT('',(-6.5,15.3075,-3.6));
#5892=CARTESIAN_POINT('',(-6.5,15.3075,-3.6));
#5893=CARTESIAN_POINT('',(0.,0.,-4.25));
#5894=CARTESIAN_POINT('',(-4.59342344221985,14.8777777960061,-4.25));
#5895=CARTESIAN_POINT('',(-4.59342344221985,14.8777777960061,-4.25));
#5896=CARTESIAN_POINT('',(-2.63819691474079,14.8777777960061,-4.25));
#5897=CARTESIAN_POINT('',(-2.63819691474079,14.8777777960061,-4.25));
#5898=CARTESIAN_POINT('',(-2.63819691474079,14.1348346833363,-4.25));
#5899=CARTESIAN_POINT('',(-2.63819691474079,14.1348346833363,-4.25));
#5900=CARTESIAN_POINT('',(-4.59342344221985,14.1348346833363,-4.25));
#5901=CARTESIAN_POINT('',(-4.59342344221985,14.1348346833363,-4.25));
#5902=CARTESIAN_POINT('',(5.65,8.67361737988404E-16,3.1248523114141));
#5903=CARTESIAN_POINT('',(6.5,8.67361737988404E-16,3.1248523114141));
#5904=CARTESIAN_POINT('',(6.5,8.67361737988404E-16,3.1248523114141));
#5905=CARTESIAN_POINT('',(5.65,8.67361737988404E-16,3.1248523114141));
#5906=CARTESIAN_POINT('',(4.98624859646986,0.,3.1248523114141));
#5907=CARTESIAN_POINT('',(5.65,0.813771007435159,3.1248523114141));
#5908=CARTESIAN_POINT('',(5.65,0.813771007435159,2.56835934432233));
#5909=CARTESIAN_POINT('',(5.65,0.813771007435158,-2.83793205995842));
#5910=CARTESIAN_POINT('',(4.98624859646986,-1.0842021724855E-16,-2.83793205995842));
#5911=CARTESIAN_POINT('',(4.98624859646986,4.1015520812908E-16,2.56835934432233));
#5912=CARTESIAN_POINT('',(5.65,4.52124231019431,-2.83793205995842));
#5913=CARTESIAN_POINT('',(5.65,0.,-2.83793205995842));
#5914=CARTESIAN_POINT('',(6.5,0.,-2.83793205995842));
#5915=CARTESIAN_POINT('',(6.5,4.52124231019431,-2.83793205995842));
#5916=CARTESIAN_POINT('',(-6.5,15.5,-4.25));
#5917=CARTESIAN_POINT('',(-6.5,0.,-4.25));
#5918=CARTESIAN_POINT('',(2.63819691474079,0.,-4.25));
#5919=CARTESIAN_POINT('',(4.59342344221985,0.,-4.25));
#5920=CARTESIAN_POINT('',(2.63819691474079,-21.0073240881325,-4.25));
#5921=CARTESIAN_POINT('',(2.63819691474079,8.04248541759638,-4.25));
#5922=CARTESIAN_POINT('',(41.2980491838814,8.04248541759638,-4.25));
#5923=CARTESIAN_POINT('',(4.59342344221985,8.04248541759638,-4.25));
#5924=CARTESIAN_POINT('',(4.59342344221985,-21.0073240881325,-4.25));
#5925=CARTESIAN_POINT('',(-6.5,15.5,-4.25));
#5926=CARTESIAN_POINT('',(-2.63819691474079,-21.0073240881325,-4.25));
#5927=CARTESIAN_POINT('',(-2.63819691474079,0.,-4.25));
#5928=CARTESIAN_POINT('',(-2.63819691474079,8.04248541759638,-4.25));
#5929=CARTESIAN_POINT('',(-6.5,0.,-4.25));
#5930=CARTESIAN_POINT('',(-4.59342344221985,0.,-4.25));
#5931=CARTESIAN_POINT('',(-4.59342344221985,-21.0073240881325,-4.25));
#5932=CARTESIAN_POINT('',(-4.59342344221985,8.04248541759638,-4.25));
#5933=CARTESIAN_POINT('',(41.2980491838814,8.04248541759638,-4.25));
#5934=CARTESIAN_POINT('',(5.65,4.52124231019431,-2.83793205995842));
#5935=CARTESIAN_POINT('',(-6.5,4.52124231019431,-2.83793205995842));
#5936=CARTESIAN_POINT('',(-6.5,0.,-2.83793205995842));
#5937=CARTESIAN_POINT('',(-5.65,0.,-2.83793205995842));
#5938=CARTESIAN_POINT('',(-4.98624859646986,0.,-2.83793205995842));
#5939=CARTESIAN_POINT('',(-5.65,0.813771007435158,-2.83793205995842));
#5940=CARTESIAN_POINT('',(-5.65,0.813771007435159,2.56835934432233));
#5941=CARTESIAN_POINT('',(-4.98624859646986,4.1015520812908E-16,2.56835934432233));
#5942=CARTESIAN_POINT('',(-4.98624859646986,4.635344205224E-16,3.1248523114141));
#5943=CARTESIAN_POINT('',(-5.65,0.813771007435159,3.1248523114141));
#5944=CARTESIAN_POINT('',(-5.65,8.67361737988404E-16,3.1248523114141));
#5945=CARTESIAN_POINT('',(-6.5,8.67361737988404E-16,3.1248523114141));
#5946=CARTESIAN_POINT('',(-6.5,0.,3.1248523114141));
#5947=CARTESIAN_POINT('',(-5.65,8.67361737988404E-16,3.1248523114141));
#5948=CARTESIAN_POINT('',(3.09283845309949,0.404999999999999,-0.54411140450055));
#5949=CARTESIAN_POINT('',(3.49783845309949,0.,-0.8722887602829));
#5950=CARTESIAN_POINT('',(3.35730015688161,0.140538296217884,-0.776565807050117));
#5951=CARTESIAN_POINT('',(3.22045487849943,0.27738357460006,-0.671727829900489));
#5952=CARTESIAN_POINT('',(3.09283845309949,0.404999999999999,-0.54411140450055));
#5953=CARTESIAN_POINT('',(3.49783845309949,0.,-0.8722887602829));
#5954=CARTESIAN_POINT('',(2.95937757042823,0.538460882671262,-1.18843641846265));
#5955=CARTESIAN_POINT('',(3.49783845309949,0.,-1.41150230331275));
#5956=CARTESIAN_POINT('',(3.49783845309949,0.,-1.24372468701477));
#5957=CARTESIAN_POINT('',(3.09283845309949,0.404999999999999,0.156856246021636));
#5958=CARTESIAN_POINT('',(3.49783845309949,0.,1.18600125232617));
#5959=CARTESIAN_POINT('',(3.35730015688161,0.140538296217884,1.09027829909339));
#5960=CARTESIAN_POINT('',(3.22045487849943,0.27738357460006,0.985440321943761));
#5961=CARTESIAN_POINT('',(3.09283845309949,0.404999999999999,0.857823896543822));
#5962=CARTESIAN_POINT('',(3.49783845309949,0.,1.18600125232617));
#5963=CARTESIAN_POINT('',(3.09283845309949,0.,0.156856246021636));
#5964=CARTESIAN_POINT('',(3.09283845309949,0.404999999999999,3.18300288872951));
#5965=CARTESIAN_POINT('',(2.06189230206633,1.43594615103316,2.15205673769635));
#5966=CARTESIAN_POINT('',(3.49783845309949,0.,3.58800288872951));
#5967=CARTESIAN_POINT('',(3.49783845309949,0.,0.857823896543822));
#5968=CARTESIAN_POINT('',(0.,0.404999999999999,3.18300288872951));
#5969=CARTESIAN_POINT('',(3.09283845309949,0.,3.58800288872951));
#5970=CARTESIAN_POINT('',(-3.49783845309949,0.,3.58800288872951));
#5971=CARTESIAN_POINT('',(-3.09283845309949,0.404999999999999,3.18300288872951));
#5972=CARTESIAN_POINT('',(-3.09283845309949,0.404999999999999,3.18300288872951));
#5973=CARTESIAN_POINT('',(-3.49783845309949,0.,3.18300288872951));
#5974=CARTESIAN_POINT('',(-3.49783845309949,0.,1.18600125232617));
#5975=CARTESIAN_POINT('',(-3.49783845309949,0.,1.18600125232617));
#5976=CARTESIAN_POINT('',(-3.35730015688161,0.140538296217884,1.09027829909339));
#5977=CARTESIAN_POINT('',(-3.22045487849943,0.27738357460006,0.985440321943761));
#5978=CARTESIAN_POINT('',(-3.09283845309949,0.404999999999999,0.857823896543822));
#5979=CARTESIAN_POINT('',(-3.09283845309949,0.404999999999999,0.156856246021636));
#5980=CARTESIAN_POINT('',(-3.09283845309949,0.,0.156856246021636));
#5981=CARTESIAN_POINT('',(-3.49783845309949,0.,-0.8722887602829));
#5982=CARTESIAN_POINT('',(-3.49783845309949,0.,-0.8722887602829));
#5983=CARTESIAN_POINT('',(-3.35730015688161,0.140538296217884,-0.776565807050117));
#5984=CARTESIAN_POINT('',(-3.22045487849943,0.27738357460006,-0.671727829900489));
#5985=CARTESIAN_POINT('',(-3.09283845309949,0.404999999999999,-0.54411140450055));
#5986=CARTESIAN_POINT('',(-3.09283845309949,0.404999999999999,-0.54411140450055));
#5987=CARTESIAN_POINT('',(-3.49783845309949,0.,-0.54411140450055));
#5988=CARTESIAN_POINT('',(-3.49783845309949,0.,-1.41150230331275));
#5989=CARTESIAN_POINT('',(-3.09283845309949,0.404999999999999,-1.24372468701477));
#5990=CARTESIAN_POINT('',(-3.09283845309949,0.404999999999999,-1.24372468701477));
#5991=CARTESIAN_POINT('',(-3.37919120045057,0.,-1.53012843015458));
#5992=CARTESIAN_POINT('',(-1.50718096245974,0.,-3.40180534624972));
#5993=CARTESIAN_POINT('',(-1.12783930832532,0.91592709350131,-2.48587825274841));
#5994=CARTESIAN_POINT('',(1.33944559245649,0.404999999999999,-2.99680534624972));
#5995=CARTESIAN_POINT('',(-1.33944559245649,0.,-3.40180534624972));
#5996=CARTESIAN_POINT('',(1.50718096245974,0.,-3.40180534624972));
#5997=CARTESIAN_POINT('',(1.33944559245649,0.404999999999999,-2.99680534624972));
#5998=CARTESIAN_POINT('',(3.09283845309949,0.404999999999999,-1.24372468701477));
#5999=CARTESIAN_POINT('',(1.62579833980757,0.,-3.28320908938952));
#6000=CARTESIAN_POINT('',(6.5,15.5,-4.25));
#6001=CARTESIAN_POINT('',(6.5,13.5130652870551,7.13918673100322));
#6002=CARTESIAN_POINT('',(6.5,13.5130652870551,3.9));
#6003=CARTESIAN_POINT('',(6.5,13.5130652870551,-3.6));
#6004=CARTESIAN_POINT('',(6.5,15.5,3.9));
#6005=CARTESIAN_POINT('',(6.5,0.,3.9));
#6006=CARTESIAN_POINT('',(6.5,0.,-4.25));
#6007=CARTESIAN_POINT('',(6.5,0.,-4.25));
#6008=CARTESIAN_POINT('',(6.5,0.,-3.6));
#6009=CARTESIAN_POINT('',(6.5,13.5130652870551,-3.6));
#6010=CARTESIAN_POINT('',(6.15,15.5,3.9));
#6011=CARTESIAN_POINT('',(6.15,13.5130652870551,3.9));
#6012=CARTESIAN_POINT('',(6.15,13.5130652870551,4.25));
#6013=CARTESIAN_POINT('',(6.15,15.5,4.25));
#6014=CARTESIAN_POINT('',(6.15,0.,4.25));
#6015=CARTESIAN_POINT('',(6.15,0.,3.9));
#6016=CARTESIAN_POINT('',(6.5,15.5,4.25));
#6017=CARTESIAN_POINT('',(6.5,13.5130652870551,4.25));
#6018=CARTESIAN_POINT('',(-6.15,13.5130652870551,4.25));
#6019=CARTESIAN_POINT('',(-6.15,15.5,4.25));
#6020=CARTESIAN_POINT('',(-6.15,0.,4.25));
#6021=CARTESIAN_POINT('',(6.5,0.,4.25));
#6022=CARTESIAN_POINT('',(-6.15,15.5,3.9));
#6023=CARTESIAN_POINT('',(-6.15,13.5130652870551,3.9));
#6024=CARTESIAN_POINT('',(-6.5,13.5130652870551,3.9));
#6025=CARTESIAN_POINT('',(-6.5,15.5,3.9));
#6026=CARTESIAN_POINT('',(-6.5,0.,3.9));
#6027=CARTESIAN_POINT('',(-6.15,0.,3.9));
#6028=CARTESIAN_POINT('',(-6.5,15.5,4.25));
#6029=CARTESIAN_POINT('',(-6.5,0.,4.25));
#6030=CARTESIAN_POINT('',(-6.5,13.5130652870551,7.13918673100322));
#6031=CARTESIAN_POINT('',(-6.5,13.5130652870551,-3.6));
#6032=CARTESIAN_POINT('',(-6.5,0.,-3.6));
#6033=CARTESIAN_POINT('',(-6.5,0.,-3.6));
#6034=CARTESIAN_POINT('',(-6.5,0.,4.25));
#6035=CARTESIAN_POINT('',(-6.15,15.5,3.9));
#6036=CARTESIAN_POINT('',(-6.15,15.5,4.25));
#6037=CARTESIAN_POINT('',(-6.15,14.4816892615972,4.25));
#6038=CARTESIAN_POINT('',(-6.5,15.5,3.9));
#6039=CARTESIAN_POINT('',(-6.5,14.4816892615972,3.9));
#6040=CARTESIAN_POINT('',(-6.15,14.4816892615972,3.9));
#6041=CARTESIAN_POINT('',(6.5,15.5,4.25));
#6042=CARTESIAN_POINT('',(6.15,15.5,4.25));
#6043=CARTESIAN_POINT('',(6.15,14.4816892615972,4.25));
#6044=CARTESIAN_POINT('',(6.5,14.4816892615972,4.25));
#6045=CARTESIAN_POINT('',(6.15,15.5,3.9));
#6046=CARTESIAN_POINT('',(6.5,15.5,3.9));
#6047=CARTESIAN_POINT('',(6.5,14.4816892615972,3.9));
#6048=CARTESIAN_POINT('',(6.15,14.4816892615972,3.9));
#6049=CARTESIAN_POINT('',(6.16818825178797,14.4816892615972,7.13918673100322));
#6050=CARTESIAN_POINT('',(6.16818825178797,14.4816892615972,7.13918673100322));
#6051=CARTESIAN_POINT('',(6.16818825178797,14.4816892615972,3.53689106068352));
#6052=CARTESIAN_POINT('',(6.16818825178797,14.4816892615972,-3.6));
#6053=CARTESIAN_POINT('',(6.16818825178797,13.5130652870551,3.53689106068352));
#6054=CARTESIAN_POINT('',(6.16818825178797,13.5130652870551,3.53689106068352));
#6055=CARTESIAN_POINT('',(6.16818825178797,13.5130652870551,7.13918673100322));
#6056=CARTESIAN_POINT('',(6.16818825178797,13.5130652870551,-3.6));
#6057=CARTESIAN_POINT('',(6.16818825178797,14.4816892615972,-3.6));
#6058=CARTESIAN_POINT('',(5.81818825178797,13.5130652870551,3.53689106068352));
#6059=CARTESIAN_POINT('',(5.81818825178797,13.5130652870551,3.53689106068352));
#6060=CARTESIAN_POINT('',(5.81818825178797,13.5130652870551,3.88689106068352));
#6061=CARTESIAN_POINT('',(5.81818825178797,14.4816892615972,3.53689106068352));
#6062=CARTESIAN_POINT('',(5.81818825178797,14.4816892615972,3.88689106068352));
#6063=CARTESIAN_POINT('',(5.81818825178797,14.4816892615972,3.88689106068352));
#6064=CARTESIAN_POINT('',(41.2980491838814,13.5130652870551,3.88689106068352));
#6065=CARTESIAN_POINT('',(41.2980491838814,14.4816892615972,3.88689106068352));
#6066=CARTESIAN_POINT('',(-5.81818825178797,14.4816892615972,3.88689106068352));
#6067=CARTESIAN_POINT('',(-5.81818825178797,13.5130652870551,3.88689106068352));
#6068=CARTESIAN_POINT('',(-5.81818825178797,13.5130652870551,3.88689106068352));
#6069=CARTESIAN_POINT('',(41.2980491838814,13.5130652870551,3.88689106068352));
#6070=CARTESIAN_POINT('',(-5.81818825178797,13.5130652870551,3.53689106068352));
#6071=CARTESIAN_POINT('',(-5.81818825178797,14.4816892615972,3.53689106068352));
#6072=CARTESIAN_POINT('',(-6.16818825178797,14.4816892615972,3.53689106068352));
#6073=CARTESIAN_POINT('',(-6.16818825178797,14.4816892615972,3.53689106068352));
#6074=CARTESIAN_POINT('',(-6.16818825178797,13.5130652870551,3.53689106068352));
#6075=CARTESIAN_POINT('',(-5.81818825178797,13.5130652870551,3.53689106068352));
#6076=CARTESIAN_POINT('',(-6.16818825178797,14.4816892615972,7.13918673100322));
#6077=CARTESIAN_POINT('',(-6.16818825178797,13.5130652870551,7.13918673100322));
#6078=CARTESIAN_POINT('',(-6.16818825178797,13.5130652870551,-3.6));
#6079=CARTESIAN_POINT('',(-6.16818825178797,14.4816892615972,7.13918673100322));
#6080=CARTESIAN_POINT('',(-6.16818825178797,14.4816892615972,-3.6));
#6081=CARTESIAN_POINT('',(-6.16818825178797,14.4816892615972,-3.6));
#6082=CARTESIAN_POINT('',(6.5,15.5,-4.25));
#6083=CARTESIAN_POINT('',(6.5,15.5,-3.6));
#6084=CARTESIAN_POINT('',(6.5,14.4816892615972,-3.6));
#6085=CARTESIAN_POINT('',(6.5,14.4816892615972,7.13918673100322));
#6086=CARTESIAN_POINT('',(6.15,15.5,-3.6));
#6087=CARTESIAN_POINT('',(6.15,15.3075,-3.6));
#6088=CARTESIAN_POINT('',(6.15,15.3075,-3.95));
#6089=CARTESIAN_POINT('',(6.15,15.5,-3.7575));
#6090=CARTESIAN_POINT('',(6.15,15.5,-3.6));
#6091=CARTESIAN_POINT('',(0.,15.5,0.));
#6092=CARTESIAN_POINT('',(0.,15.5,-3.7575));
#6093=CARTESIAN_POINT('',(-6.15,15.5,-3.7575));
#6094=CARTESIAN_POINT('',(-6.15,15.5,-3.6));
#6095=CARTESIAN_POINT('',(-6.15,15.5,-3.6));
#6096=CARTESIAN_POINT('',(-6.15,15.3075,-3.95));
#6097=CARTESIAN_POINT('',(-6.15,15.3075,-3.6));
#6098=CARTESIAN_POINT('',(-6.5,15.5,4.25));
#6099=CARTESIAN_POINT('',(-6.5,14.4816892615972,-3.6));
#6100=CARTESIAN_POINT('',(-6.5,14.4816892615972,-3.6));
#6101=CARTESIAN_POINT('',(-6.5,14.4816892615972,7.13918673100322));
#6102=CARTESIAN_POINT('',(0.,0.,-4.25));
#6103=CARTESIAN_POINT('',(2.63819691474079,14.1348346833363,-4.25));
#6104=CARTESIAN_POINT('',(2.63819691474079,14.1348346833363,-4.25));
#6105=CARTESIAN_POINT('',(4.59342344221985,14.1348346833363,-4.25));
#6106=CARTESIAN_POINT('',(2.63819691474079,14.8777777960061,-4.25));
#6107=CARTESIAN_POINT('',(2.63819691474079,14.8777777960061,-4.25));
#6108=CARTESIAN_POINT('',(4.59342344221985,14.8777777960061,-4.25));
#6109=CARTESIAN_POINT('',(4.59342344221985,14.8777777960061,-4.25));
#6110=CARTESIAN_POINT('',(4.59342344221985,14.1348346833363,-4.25));
#6111=CARTESIAN_POINT('',(5.2,6.1,-7.75));
#6112=CARTESIAN_POINT('',(5.2,5.8,-7.75));
#6113=CARTESIAN_POINT('',(5.2,5.5,-7.75));
#6114=CARTESIAN_POINT('',(-5.2,6.1,-7.75));
#6115=CARTESIAN_POINT('',(-5.2,5.8,-7.75));
#6116=CARTESIAN_POINT('',(-5.2,5.5,-7.75));
#6117=CARTESIAN_POINT('',(-4.59342344221985,14.1348346833363,-2.92889138101091));
#6118=CARTESIAN_POINT('',(-4.59342344221985,14.8777777960061,-2.92889138101091));
#6119=CARTESIAN_POINT('',(-4.59342344221985,14.1348346833363,-2.92889138101091));
#6120=CARTESIAN_POINT('',(-4.59342344221985,14.8777777960061,-2.92889138101091));
#6121=CARTESIAN_POINT('',(-2.63819691474079,14.8777777960061,-2.92889138101091));
#6122=CARTESIAN_POINT('',(-2.63819691474079,14.8777777960061,-2.92889138101091));
#6123=CARTESIAN_POINT('',(-2.63819691474079,14.1348346833363,-2.92889138101091));
#6124=CARTESIAN_POINT('',(-2.63819691474079,14.1348346833363,-2.92889138101091));
#6125=CARTESIAN_POINT('',(2.63819691474079,14.1348346833363,-2.92889138101091));
#6126=CARTESIAN_POINT('',(4.59342344221985,14.1348346833363,-2.92889138101091));
#6127=CARTESIAN_POINT('',(5.44931915795166,14.1348346833363,-4.125));
#6128=CARTESIAN_POINT('',(5.44931915795166,14.1348346833363,-3.775));
#6129=CARTESIAN_POINT('',(2.63819691474079,14.1348346833363,-3.775));
#6130=CARTESIAN_POINT('',(-5.44931915795166,14.1348346833363,-3.775));
#6131=CARTESIAN_POINT('',(-5.44931915795166,14.1348346833363,-4.125));
#6132=CARTESIAN_POINT('',(-5.81818825178797,14.4816892615972,-3.6));
#6133=CARTESIAN_POINT('',(-5.81818825178797,14.4816892615972,-3.6));
#6134=CARTESIAN_POINT('',(-5.81818825178797,13.5130652870551,-3.6));
#6135=CARTESIAN_POINT('',(-6.15,8.04248541759638,-3.6));
#6136=CARTESIAN_POINT('',(-6.15,0.,-3.6));
#6137=CARTESIAN_POINT('',(-6.15,13.5130652870551,-3.6));
#6138=CARTESIAN_POINT('',(-4.59342344221985,-21.0073240881325,-4.25));
#6139=CARTESIAN_POINT('',(-4.59342344221985,8.04248541759638,-4.25));
#6140=CARTESIAN_POINT('',(-4.59342344221985,0.,0.));
#6141=CARTESIAN_POINT('',(41.2980491838814,8.04248541759638,-4.25));
#6142=CARTESIAN_POINT('',(-4.42657178723404,8.04248541759638,-4.15));
#6143=CARTESIAN_POINT('',(-4.42657178723404,8.04248541759638,-3.75));
#6144=CARTESIAN_POINT('',(-2.63819691474079,8.04248541759638,-3.75));
#6145=CARTESIAN_POINT('',(4.42657178723404,8.04248541759638,-3.75));
#6146=CARTESIAN_POINT('',(4.42657178723404,8.04248541759638,-4.15));
#6147=CARTESIAN_POINT('',(4.59342344221985,8.04248541759638,-4.25));
#6148=CARTESIAN_POINT('',(2.63819691474079,8.04248541759638,-4.25));
#6149=CARTESIAN_POINT('',(-2.63819691474079,8.04248541759638,-4.25));
#6150=CARTESIAN_POINT('',(-2.63819691474079,-21.0073240881325,-4.25));
#6151=CARTESIAN_POINT('',(-2.63819691474079,0.,0.));
#6152=CARTESIAN_POINT('',(2.63819691474079,-21.0073240881325,-4.25));
#6153=CARTESIAN_POINT('',(2.63819691474079,0.,0.));
#6154=CARTESIAN_POINT('',(4.59342344221985,-21.0073240881325,-4.25));
#6155=CARTESIAN_POINT('',(4.59342344221985,0.,0.));
#6156=CARTESIAN_POINT('',(0.,0.,0.));
#6157=CARTESIAN_POINT('',(6.15,0.,-3.6));
#6158=CARTESIAN_POINT('',(6.15,8.04248541759638,-3.6));
#6159=CARTESIAN_POINT('',(6.15,13.5130652870551,-3.6));
#6160=CARTESIAN_POINT('',(-6.16818825178797,13.5130652870551,7.13918673100322));
#6161=CARTESIAN_POINT('',(5.81818825178797,13.5130652870551,-3.6));
#6162=CARTESIAN_POINT('',(5.81818825178797,14.4816892615972,-3.6));
#6163=CARTESIAN_POINT('',(5.81818825178797,14.4816892615972,-3.6));
#6164=CARTESIAN_POINT('',(-6.5,14.4816892615972,7.13918673100322));
#6165=CARTESIAN_POINT('',(-6.15,14.4816892615972,-3.6));
#6166=CARTESIAN_POINT('',(6.15,14.4816892615972,-3.6));
#6167=CARTESIAN_POINT('',(6.15,8.04248541759638,-3.6));
#6168=CARTESIAN_POINT('',(0.,15.5,-3.7575));
#6169=CARTESIAN_POINT('',(-6.15,8.04248541759638,-3.6));
#6170=CARTESIAN_POINT('',(2.63819691474079,14.8777777960061,-2.92889138101091));
#6171=CARTESIAN_POINT('',(2.63819691474079,14.8777777960061,-2.92889138101091));
#6172=CARTESIAN_POINT('',(4.59342344221985,14.8777777960061,-2.92889138101091));
#6173=CARTESIAN_POINT('',(4.59342344221985,14.8777777960061,-2.92889138101091));
#6174=CARTESIAN_POINT('',(4.59342344221985,14.1348346833363,-2.92889138101091));
#6175=CARTESIAN_POINT('',(5.2,5.8,-8.13));
#6176=CARTESIAN_POINT('',(-5.2,5.8,-8.13));
#6177=CARTESIAN_POINT('',(-4.42657178723404,8.04248541759638,-4.15));
#6178=CARTESIAN_POINT('',(-4.66431408510638,9.52886640425532,-4.15));
#6179=CARTESIAN_POINT('',(-4.66431408510638,9.52886640425532,-3.75));
#6180=CARTESIAN_POINT('',(-4.42657178723404,8.04248541759638,-3.75));
#6181=CARTESIAN_POINT('',(-4.66431408510638,9.52886640425532,-4.15));
#6182=CARTESIAN_POINT('',(-4.66431408510638,10.5615862349213,-4.15));
#6183=CARTESIAN_POINT('',(-4.66431408510638,10.5615862349213,-3.75));
#6184=CARTESIAN_POINT('',(-4.66431408510638,9.52886640425532,-3.75));
#6185=CARTESIAN_POINT('',(-4.66431408510638,10.5615862349213,-4.15));
#6186=CARTESIAN_POINT('',(-4.54544293617021,10.9924674255319,-4.15));
#6187=CARTESIAN_POINT('',(-4.54544293617021,10.9924674255319,-3.75));
#6188=CARTESIAN_POINT('',(-4.66431408510638,10.5615862349213,-3.75));
#6189=CARTESIAN_POINT('',(4.54544293617021,10.9924674255319,-4.15));
#6190=CARTESIAN_POINT('',(4.54544293617021,10.9924674255319,-4.15));
#6191=CARTESIAN_POINT('',(4.54544293617021,10.9924674255319,-3.75));
#6192=CARTESIAN_POINT('',(4.54544293617021,10.9924674255319,-3.75));
#6193=CARTESIAN_POINT('',(4.66431408510638,10.5615862349213,-4.15));
#6194=CARTESIAN_POINT('',(4.66431408510638,10.5615862349213,-4.15));
#6195=CARTESIAN_POINT('',(4.66431408510638,10.5615862349213,-3.75));
#6196=CARTESIAN_POINT('',(4.66431408510638,10.5615862349213,-3.75));
#6197=CARTESIAN_POINT('',(4.66431408510638,9.52886640425532,-4.15));
#6198=CARTESIAN_POINT('',(4.66431408510638,9.52886640425532,-4.15));
#6199=CARTESIAN_POINT('',(4.66431408510638,9.52886640425532,-3.75));
#6200=CARTESIAN_POINT('',(4.66431408510638,9.52886640425532,-3.75));
#6201=CARTESIAN_POINT('',(4.42657178723404,8.04248541759638,-4.15));
#6202=CARTESIAN_POINT('',(4.42657178723404,8.04248541759638,-3.75));
#6203=CARTESIAN_POINT('',(0.,-4.36151546405447E-16,-3.75));
#6204=CARTESIAN_POINT('',(-1.02,10.125,-3.75));
#6205=CARTESIAN_POINT('',(-1.52,10.125,-3.75));
#6206=CARTESIAN_POINT('',(-1.02,10.125,-3.75));
#6207=CARTESIAN_POINT('',(-1.52,10.125,-3.75));
#6208=CARTESIAN_POINT('',(-1.52,9.875,-3.75));
#6209=CARTESIAN_POINT('',(-1.02,9.875,-3.75));
#6210=CARTESIAN_POINT('',(-1.02,9.875,-3.75));
#6211=CARTESIAN_POINT('',(-1.02,10.125,-3.75));
#6212=CARTESIAN_POINT('',(1.52,9.875,-3.75));
#6213=CARTESIAN_POINT('',(1.52,10.125,-3.75));
#6214=CARTESIAN_POINT('',(1.52,9.875,-3.75));
#6215=CARTESIAN_POINT('',(1.02,10.125,-3.75));
#6216=CARTESIAN_POINT('',(1.02,10.125,-3.75));
#6217=CARTESIAN_POINT('',(1.02,9.875,-3.75));
#6218=CARTESIAN_POINT('',(1.02,9.875,-3.75));
#6219=CARTESIAN_POINT('',(1.52,9.875,-3.75));
#6220=CARTESIAN_POINT('',(-3.56,9.875,-3.75));
#6221=CARTESIAN_POINT('',(-3.56,9.875,-3.75));
#6222=CARTESIAN_POINT('',(-4.06,9.875,-3.75));
#6223=CARTESIAN_POINT('',(-3.56,10.125,-3.75));
#6224=CARTESIAN_POINT('',(-3.56,10.125,-3.75));
#6225=CARTESIAN_POINT('',(-4.06,10.125,-3.75));
#6226=CARTESIAN_POINT('',(-4.06,10.125,-3.75));
#6227=CARTESIAN_POINT('',(-4.06,9.875,-3.75));
#6228=CARTESIAN_POINT('',(4.06,9.875,-3.75));
#6229=CARTESIAN_POINT('',(4.06,10.125,-3.75));
#6230=CARTESIAN_POINT('',(4.06,9.875,-3.75));
#6231=CARTESIAN_POINT('',(3.56,10.125,-3.75));
#6232=CARTESIAN_POINT('',(3.56,10.125,-3.75));
#6233=CARTESIAN_POINT('',(3.56,9.875,-3.75));
#6234=CARTESIAN_POINT('',(3.56,9.875,-3.75));
#6235=CARTESIAN_POINT('',(4.06,9.875,-3.75));
#6236=CARTESIAN_POINT('',(-1.28025097685666,9.875,-7.61));
#6237=CARTESIAN_POINT('',(-1.28025097685666,10.125,-7.61));
#6238=CARTESIAN_POINT('',(-1.27,10.125,-7.74962420088754));
#6239=CARTESIAN_POINT('',(-1.14521084435799,10.125,-7.64693457208009));
#6240=CARTESIAN_POINT('',(-1.14521084435799,8.76358010913673,-7.64693457208009));
#6241=CARTESIAN_POINT('',(-1.14521084435799,9.875,-7.64693457208009));
#6242=CARTESIAN_POINT('',(-1.28025097685666,9.875,-7.61));
#6243=CARTESIAN_POINT('',(-1.27,9.875,-7.74962420088754));
#6244=CARTESIAN_POINT('',(-1.27,10.,-7.74962420088754));
#6245=CARTESIAN_POINT('',(-1.25974902314334,8.76358010913673,-7.61));
#6246=CARTESIAN_POINT('',(-1.25974902314334,9.875,-7.61));
#6247=CARTESIAN_POINT('',(-1.39478915564201,9.875,-7.64693457208009));
#6248=CARTESIAN_POINT('',(-1.39478915564201,8.76358010913673,-7.64693457208009));
#6249=CARTESIAN_POINT('',(-1.39478915564201,10.125,-7.64693457208009));
#6250=CARTESIAN_POINT('',(-1.25974902314334,10.125,-7.61));
#6251=CARTESIAN_POINT('',(-1.36659992473682,8.76358010913673,-7.75));
#6252=CARTESIAN_POINT('',(-2.34426986229749,9.875,-4.17544449623356));
#6253=CARTESIAN_POINT('',(-1.52,9.875,-7.18913885224054));
#6254=CARTESIAN_POINT('',(-1.52,8.76358010913673,-7.18913885224053));
#6255=CARTESIAN_POINT('',(-1.52,10.125,-7.18913885224053));
#6256=CARTESIAN_POINT('',(-1.37727659043948,10.125,-7.71096398929421));
#6257=CARTESIAN_POINT('',(-1.17340007526318,8.76358010913673,-7.75));
#6258=CARTESIAN_POINT('',(-1.19752347626306,10.125,-7.83819994611763));
#6259=CARTESIAN_POINT('',(-1.02,10.125,-7.18913885224053));
#6260=CARTESIAN_POINT('',(-1.02,8.76358010913673,-7.18913885224053));
#6261=CARTESIAN_POINT('',(-1.02,9.875,-7.18913885224053));
#6262=CARTESIAN_POINT('',(-0.23053020440506,9.875,-4.30268045305698));
#6263=CARTESIAN_POINT('',(-1.52,10.125,-7.75));
#6264=CARTESIAN_POINT('',(-1.52,10.125,-7.75));
#6265=CARTESIAN_POINT('',(-1.02,10.125,-7.75));
#6266=CARTESIAN_POINT('',(-1.52,0.,0.));
#6267=CARTESIAN_POINT('',(-1.52,9.875,-3.95));
#6268=CARTESIAN_POINT('',(-1.52,9.875,-3.95));
#6269=CARTESIAN_POINT('',(-1.02,9.875,-3.95));
#6270=CARTESIAN_POINT('',(-1.02,0.,0.));
#6271=CARTESIAN_POINT('',(1.36659992473682,8.76358010913673,-7.75));
#6272=CARTESIAN_POINT('',(2.34426986229749,9.875,-4.17544449623356));
#6273=CARTESIAN_POINT('',(1.39478915564201,9.875,-7.64693457208009));
#6274=CARTESIAN_POINT('',(1.52,9.875,-7.18913885224054));
#6275=CARTESIAN_POINT('',(1.39478915564201,8.76358010913673,-7.64693457208009));
#6276=CARTESIAN_POINT('',(1.39478915564201,10.125,-7.64693457208009));
#6277=CARTESIAN_POINT('',(1.37727659043948,10.125,-7.71096398929421));
#6278=CARTESIAN_POINT('',(1.52,10.125,-7.18913885224053));
#6279=CARTESIAN_POINT('',(1.52,8.76358010913673,-7.18913885224053));
#6280=CARTESIAN_POINT('',(1.25974902314334,8.76358010913673,-7.61));
#6281=CARTESIAN_POINT('',(1.25974902314334,9.875,-7.61));
#6282=CARTESIAN_POINT('',(1.27,9.875,-7.74962420088754));
#6283=CARTESIAN_POINT('',(1.27,10.,-7.74962420088754));
#6284=CARTESIAN_POINT('',(1.27,10.125,-7.74962420088754));
#6285=CARTESIAN_POINT('',(1.25974902314334,10.125,-7.61));
#6286=CARTESIAN_POINT('',(1.28025097685666,9.875,-7.61));
#6287=CARTESIAN_POINT('',(1.28025097685666,10.125,-7.61));
#6288=CARTESIAN_POINT('',(1.14521084435799,10.125,-7.64693457208009));
#6289=CARTESIAN_POINT('',(1.28025097685666,9.875,-7.61));
#6290=CARTESIAN_POINT('',(1.14521084435799,9.875,-7.64693457208009));
#6291=CARTESIAN_POINT('',(1.14521084435799,8.76358010913673,-7.64693457208009));
#6292=CARTESIAN_POINT('',(1.17340007526318,8.76358010913673,-7.75));
#6293=CARTESIAN_POINT('',(1.19752347626306,10.125,-7.83819994611763));
#6294=CARTESIAN_POINT('',(1.02,10.125,-7.18913885224053));
#6295=CARTESIAN_POINT('',(0.23053020440506,9.875,-4.30268045305698));
#6296=CARTESIAN_POINT('',(1.02,9.875,-7.18913885224053));
#6297=CARTESIAN_POINT('',(1.02,8.76358010913673,-7.18913885224053));
#6298=CARTESIAN_POINT('',(1.52,0.,0.));
#6299=CARTESIAN_POINT('',(1.52,10.125,-7.75));
#6300=CARTESIAN_POINT('',(1.52,9.875,-3.95));
#6301=CARTESIAN_POINT('',(1.52,10.125,-7.75));
#6302=CARTESIAN_POINT('',(1.02,10.125,-7.75));
#6303=CARTESIAN_POINT('',(1.02,0.,0.));
#6304=CARTESIAN_POINT('',(1.02,9.875,-3.95));
#6305=CARTESIAN_POINT('',(1.52,9.875,-3.95));
#6306=CARTESIAN_POINT('',(-3.79974902314334,8.76358010913673,-7.61));
#6307=CARTESIAN_POINT('',(-3.79974902314334,9.875,-7.61));
#6308=CARTESIAN_POINT('',(-3.81,9.875,-7.74962420088754));
#6309=CARTESIAN_POINT('',(-3.93478915564201,9.875,-7.64693457208009));
#6310=CARTESIAN_POINT('',(-3.93478915564201,8.76358010913673,-7.64693457208009));
#6311=CARTESIAN_POINT('',(-3.93478915564201,10.125,-7.64693457208009));
#6312=CARTESIAN_POINT('',(-3.79974902314334,10.125,-7.61));
#6313=CARTESIAN_POINT('',(-3.81,10.125,-7.74962420088754));
#6314=CARTESIAN_POINT('',(-3.81,10.,-7.74962420088754));
#6315=CARTESIAN_POINT('',(-3.82025097685667,9.875,-7.61));
#6316=CARTESIAN_POINT('',(-3.82025097685667,10.125,-7.61));
#6317=CARTESIAN_POINT('',(-3.68521084435799,10.125,-7.64693457208009));
#6318=CARTESIAN_POINT('',(-3.68521084435799,8.76358010913673,-7.64693457208009));
#6319=CARTESIAN_POINT('',(-3.68521084435799,9.875,-7.64693457208009));
#6320=CARTESIAN_POINT('',(-3.82025097685667,9.875,-7.61));
#6321=CARTESIAN_POINT('',(-3.71340007526319,8.76358010913673,-7.75));
#6322=CARTESIAN_POINT('',(-3.73752347626306,10.125,-7.83819994611763));
#6323=CARTESIAN_POINT('',(-3.56,10.125,-7.18913885224053));
#6324=CARTESIAN_POINT('',(-3.56,8.76358010913673,-7.18913885224053));
#6325=CARTESIAN_POINT('',(-3.56,9.875,-7.18913885224053));
#6326=CARTESIAN_POINT('',(-2.77053020440506,9.875,-4.30268045305698));
#6327=CARTESIAN_POINT('',(-3.90659992473682,8.76358010913673,-7.75));
#6328=CARTESIAN_POINT('',(-4.88426986229749,9.875,-4.17544449623356));
#6329=CARTESIAN_POINT('',(-4.06,9.875,-7.18913885224054));
#6330=CARTESIAN_POINT('',(-4.06,8.76358010913673,-7.18913885224053));
#6331=CARTESIAN_POINT('',(-4.06,10.125,-7.18913885224053));
#6332=CARTESIAN_POINT('',(-3.91727659043948,10.125,-7.71096398929421));
#6333=CARTESIAN_POINT('',(-4.06,9.875,-3.95));
#6334=CARTESIAN_POINT('',(-3.56,9.875,-3.95));
#6335=CARTESIAN_POINT('',(-4.06,9.875,-3.95));
#6336=CARTESIAN_POINT('',(-3.56,0.,0.));
#6337=CARTESIAN_POINT('',(-3.56,10.125,-7.75));
#6338=CARTESIAN_POINT('',(-4.06,10.125,-7.75));
#6339=CARTESIAN_POINT('',(-4.06,10.125,-7.75));
#6340=CARTESIAN_POINT('',(-4.06,0.,0.));
#6341=CARTESIAN_POINT('',(3.90659992473682,8.76358010913673,-7.75));
#6342=CARTESIAN_POINT('',(4.88426986229749,9.875,-4.17544449623356));
#6343=CARTESIAN_POINT('',(3.93478915564201,9.875,-7.64693457208009));
#6344=CARTESIAN_POINT('',(4.06,9.875,-7.18913885224054));
#6345=CARTESIAN_POINT('',(3.93478915564201,8.76358010913673,-7.64693457208009));
#6346=CARTESIAN_POINT('',(3.93478915564201,10.125,-7.64693457208009));
#6347=CARTESIAN_POINT('',(3.91727659043948,10.125,-7.71096398929421));
#6348=CARTESIAN_POINT('',(4.06,10.125,-7.18913885224053));
#6349=CARTESIAN_POINT('',(4.06,8.76358010913673,-7.18913885224053));
#6350=CARTESIAN_POINT('',(3.79974902314334,8.76358010913673,-7.61));
#6351=CARTESIAN_POINT('',(3.79974902314334,9.875,-7.61));
#6352=CARTESIAN_POINT('',(3.81,9.875,-7.74962420088754));
#6353=CARTESIAN_POINT('',(3.81,10.,-7.74962420088754));
#6354=CARTESIAN_POINT('',(3.81,10.125,-7.74962420088754));
#6355=CARTESIAN_POINT('',(3.79974902314334,10.125,-7.61));
#6356=CARTESIAN_POINT('',(3.82025097685667,9.875,-7.61));
#6357=CARTESIAN_POINT('',(3.82025097685667,10.125,-7.61));
#6358=CARTESIAN_POINT('',(3.68521084435799,10.125,-7.64693457208009));
#6359=CARTESIAN_POINT('',(3.82025097685667,9.875,-7.61));
#6360=CARTESIAN_POINT('',(3.68521084435799,9.875,-7.64693457208009));
#6361=CARTESIAN_POINT('',(3.68521084435799,8.76358010913673,-7.64693457208009));
#6362=CARTESIAN_POINT('',(3.71340007526319,8.76358010913673,-7.75));
#6363=CARTESIAN_POINT('',(3.73752347626306,10.125,-7.83819994611763));
#6364=CARTESIAN_POINT('',(3.56,10.125,-7.18913885224053));
#6365=CARTESIAN_POINT('',(2.77053020440506,9.875,-4.30268045305698));
#6366=CARTESIAN_POINT('',(3.56,9.875,-7.18913885224053));
#6367=CARTESIAN_POINT('',(3.56,8.76358010913673,-7.18913885224053));
#6368=CARTESIAN_POINT('',(4.06,0.,0.));
#6369=CARTESIAN_POINT('',(4.06,10.125,-7.75));
#6370=CARTESIAN_POINT('',(4.06,9.875,-3.95));
#6371=CARTESIAN_POINT('',(4.06,10.125,-7.75));
#6372=CARTESIAN_POINT('',(3.56,10.125,-7.75));
#6373=CARTESIAN_POINT('',(3.56,0.,0.));
#6374=CARTESIAN_POINT('',(3.56,9.875,-3.95));
#6375=CARTESIAN_POINT('',(4.06,9.875,-3.95));
#6376=CARTESIAN_POINT('',(-5.44931915795166,14.1348346833363,-4.125));
#6377=CARTESIAN_POINT('',(-5.44931915795166,14.1348346833363,-3.775));
#6378=CARTESIAN_POINT('',(-5.44931915795166,12.2609860749927,-3.775));
#6379=CARTESIAN_POINT('',(-5.44931915795166,12.2609860749927,-4.125));
#6380=CARTESIAN_POINT('',(-5.44931915795166,12.2609860749927,-4.125));
#6381=CARTESIAN_POINT('',(-5.44931915795166,12.2609860749927,-3.775));
#6382=CARTESIAN_POINT('',(5.44931915795166,12.2609860749927,-3.775));
#6383=CARTESIAN_POINT('',(5.44931915795166,12.2609860749927,-4.125));
#6384=CARTESIAN_POINT('',(5.44931915795166,12.2609860749927,-4.125));
#6385=CARTESIAN_POINT('',(5.44931915795166,12.2609860749927,-3.775));
#6386=CARTESIAN_POINT('',(0.,-4.39059223381484E-16,-3.775));
#6387=CARTESIAN_POINT('',(0.,0.,0.));
#6388=MECHANICAL_DESIGN_GEOMETRIC_PRESENTATION_REPRESENTATION('',(#2967,
#2968,#2969,#2970,#2971,#2972,#2973,#2974,#2975,#2976,#2977,#2978,#2979,
#2980,#2981,#2982,#2983,#2984,#2985,#2986,#2987,#2988,#2989,#2990,#2991,
#2992,#2993,#2994,#2995,#2996,#2997,#2998,#2999,#3000,#3001,#3002,#3003,
#3004,#3005,#3006,#3007,#3008,#3009,#3010,#3011,#3012,#3013,#3014,#3015,
#3016,#3017,#3018,#3019,#3020,#3021,#3022,#3023,#3024,#3025,#3026,#3027,
#3028,#3029,#3030,#3031,#3032,#3033,#3034,#3035,#3036,#3037,#3038,#3039,
#3040,#3041,#3042,#3043,#3044,#3045,#3046,#3047,#3048,#3049,#3050,#3051,
#3052,#3053,#3054,#3055,#3056,#3057,#3058,#3059,#3060,#3061,#3062,#3063,
#3064,#3065,#3066,#3067,#3068,#3069,#3070,#3071,#3072,#3073,#3074,#3075,
#3076,#3077,#3078,#3079,#3080,#3081,#3082,#3083,#3084,#3085,#3086,#3087,
#3088,#3089,#3090,#3091,#3092,#3093,#3094,#3095,#3096,#3097,#3098,#3099,
#3100,#3101,#3102,#3103,#3104,#3105,#3106,#3107,#3108,#3109,#3110,#3111,
#3112,#3113,#3114,#3115,#3116,#3117,#3118,#3119,#3120,#3121,#3122,#3123,
#3124,#3125,#3126,#3127,#3128,#3129,#3130,#3131,#3132,#3133,#3134,#3135,
#3136,#3137,#3138),#6389);
#6389=(
GEOMETRIC_REPRESENTATION_CONTEXT(3)
GLOBAL_UNCERTAINTY_ASSIGNED_CONTEXT((#6390))
GLOBAL_UNIT_ASSIGNED_CONTEXT((#6393,#6392,#6391))
REPRESENTATION_CONTEXT('TORX1950A(F)','TOP_LEVEL_ASSEMBLY_PART')
);
#6390=UNCERTAINTY_MEASURE_WITH_UNIT(LENGTH_MEASURE(0.005),#6393,
'DISTANCE_ACCURACY_VALUE','Maximum Tolerance applied to model');
#6391=(
NAMED_UNIT(*)
SI_UNIT($,.STERADIAN.)
SOLID_ANGLE_UNIT()
);
#6392=(
NAMED_UNIT(*)
PLANE_ANGLE_UNIT()
SI_UNIT($,.RADIAN.)
);
#6393=(
LENGTH_UNIT()
NAMED_UNIT(*)
SI_UNIT(.MILLI.,.METRE.)
);
#6394=PRODUCT_DEFINITION_SHAPE('','',#6395);
#6395=PRODUCT_DEFINITION('','',#6397,#6396);
#6396=PRODUCT_DEFINITION_CONTEXT('',#6403,'design');
#6397=PRODUCT_DEFINITION_FORMATION_WITH_SPECIFIED_SOURCE('','',#6399,
 .NOT_KNOWN.);
#6398=PRODUCT_RELATED_PRODUCT_CATEGORY('','',(#6399));
#6399=PRODUCT('TORX1950A(F)','TORX1950A(F)','TORX1950A(F)',(#6401));
#6400=PRODUCT_CATEGORY('','');
#6401=PRODUCT_CONTEXT('',#6403,'mechanical');
#6402=APPLICATION_PROTOCOL_DEFINITION('international standard',
'ap242_managed_model_based_3d_engineering',2011,#6403);
#6403=APPLICATION_CONTEXT('managed model based 3d engineering');
ENDSEC;
END-ISO-10303-21;
