ISO-10303-21;
HEADER;
FILE_DESCRIPTION (( 'STEP AP214' ),
    '1' );
FILE_NAME ('ASDLJ-E-45.1584MHz-L-R-T.STEP',
    '2025-04-27T18:29:46',
    ( '' ),
    ( '' ),
    'SwSTEP 2.0',
    'SolidWorks 2023',
    '' );
FILE_SCHEMA (( 'AUTOMOTIVE_DESIGN' ));
ENDSEC;

DATA;
#1 = SURFACE_SIDE_STYLE ('',( #6472 ) ) ;
#2 = STYLED_ITEM ( 'NONE', ( #5686 ), #5925 ) ;
#3 = SURFACE_STYLE_FILL_AREA ( #5943 ) ;
#4 = EDGE_CURVE ( 'NONE', #1784, #2077, #661, .T. ) ;
#5 = PRESENTATION_LAYER_ASSIGNMENT (  '', '', ( #5006 ) ) ;
#6 = ORIENTED_EDGE ( 'NONE', *, *, #2385, .F. ) ;
#7 = CYLINDRICAL_SURFACE ( 'NONE', #5916, 0.1000000000000000472 ) ;
#8 = ORIENTED_EDGE ( 'NONE', *, *, #1239, .F. ) ;
#9 =( LENGTH_UNIT ( ) NAMED_UNIT ( * ) SI_UNIT ( .MILLI., .METRE. ) );
#10 = AXIS2_PLACEMENT_3D ( 'NONE', #4750, #4693, #4775 ) ;
#11 = FILL_AREA_STYLE ('',( #3455 ) ) ;
#12 = UNCERTAINTY_MEASURE_WITH_UNIT (LENGTH_MEASURE( 1.000000000000000082E-05 ), #5145, 'distance_accuracy_value', 'NONE');
#13 = SURFACE_SIDE_STYLE ('',( #4483 ) ) ;
#14 = CYLINDRICAL_SURFACE ( 'NONE', #47, 0.02499999999999995628 ) ;
#15 = ORIENTED_EDGE ( 'NONE', *, *, #4251, .T. ) ;
#16 = FACE_OUTER_BOUND ( 'NONE', #5724, .T. ) ;
#17 = ORIENTED_EDGE ( 'NONE', *, *, #3652, .T. ) ;
#18 = SURFACE_SIDE_STYLE ('',( #505 ) ) ;
#19 = VERTEX_POINT ( 'NONE', #6144 ) ;
#20 = CARTESIAN_POINT ( 'NONE',  ( 1.099999999999999867, 1.000000000000000000, -0.3500000000000000333 ) ) ;
#21 = DIRECTION ( 'NONE',  ( 0.000000000000000000, 0.000000000000000000, -1.000000000000000000 ) ) ;
#22 = LINE ( 'NONE', #4092, #2129 ) ;
#23 = SURFACE_STYLE_FILL_AREA ( #4915 ) ;
#24 = DIRECTION ( 'NONE',  ( -0.000000000000000000, -0.000000000000000000, -1.000000000000000000 ) ) ;
#25 = FILL_AREA_STYLE ('',( #5535 ) ) ;
#26 = CARTESIAN_POINT ( 'NONE',  ( 0.4749999999999998113, -0.8939339828220185247, -0.1500000000000000500 ) ) ;
#27 = CLOSED_SHELL ( 'NONE', ( #4931, #3866, #2113, #1785, #3653, #3039, #1556, #1516, #1998, #4699, #5518 ) ) ;
#28 = EDGE_CURVE ( 'NONE', #5961, #2588, #3654, .T. ) ;
#29 = FILL_AREA_STYLE ('',( #2416 ) ) ;
#30 = CARTESIAN_POINT ( 'NONE',  ( -1.250000000000000222, 0.7774999999999999689, -0.1500000000000000500 ) ) ;
#31 =( LENGTH_UNIT ( ) NAMED_UNIT ( * ) SI_UNIT ( .MILLI., .METRE. ) );
#32 = STYLED_ITEM ( 'NONE', ( #3859 ), #2228 ) ;
#33 = ORIENTED_EDGE ( 'NONE', *, *, #1426, .F. ) ;
#34 = SURFACE_SIDE_STYLE ('',( #1440 ) ) ;
#35 = EDGE_CURVE ( 'NONE', #3548, #2849, #5023, .T. ) ;
#36 = CIRCLE ( 'NONE', #2239, 0.1499999999999999667 ) ;
#37 = ADVANCED_FACE ( 'NONE', ( #3544 ), #558, .F. ) ;
#38 = FILL_AREA_STYLE ('',( #5024 ) ) ;
#39 = SURFACE_STYLE_USAGE ( .BOTH. , #1447 ) ;
#40 = CIRCLE ( 'NONE', #3065, 0.1999999999999999833 ) ;
#41 = SURFACE_STYLE_FILL_AREA ( #2531 ) ;
#42 = VECTOR ( 'NONE', #1728, 1000.000000000000000 ) ;
#43 = SURFACE_STYLE_USAGE ( .BOTH. , #1482 ) ;
#44 = ORIENTED_EDGE ( 'NONE', *, *, #1872, .F. ) ;
#45 = DIRECTION ( 'NONE',  ( -1.000000000000000000, -3.241581980666026040E-16, 0.000000000000000000 ) ) ;
#46 = ORIENTED_EDGE ( 'NONE', *, *, #4667, .F. ) ;
#47 = AXIS2_PLACEMENT_3D ( 'NONE', #2006, #4005, #1521 ) ;
#48 = CARTESIAN_POINT ( 'NONE',  ( 0.8999999999999999112, 0.6500000000000001332, 0.6500000000000001332 ) ) ;
#49 =( GEOMETRIC_REPRESENTATION_CONTEXT ( 3 ) GLOBAL_UNCERTAINTY_ASSIGNED_CONTEXT ( ( #1750 ) ) GLOBAL_UNIT_ASSIGNED_CONTEXT ( ( #2465, #1011, #3417 ) ) REPRESENTATION_CONTEXT ( 'NONE', 'WORKASPACE' ) );
#50 = TOROIDAL_SURFACE ( 'NONE', #3392, 0.2250000000000000333, 0.02500000000000000139 ) ;
#51 = LINE ( 'NONE', #1095, #2998 ) ;
#52 = FILL_AREA_STYLE_COLOUR ( '', #3637 ) ;
#53 = FACE_OUTER_BOUND ( 'NONE', #6112, .T. ) ;
#54 = FILL_AREA_STYLE ('',( #5319 ) ) ;
#55 = COLOUR_RGB ( '',0.8627450980392157298, 0.6274509803921568540, 0.05882352941176470507 ) ;
#56 = MECHANICAL_DESIGN_GEOMETRIC_PRESENTATION_REPRESENTATION (  '', ( #3612 ), #4536 ) ;
#57 = CARTESIAN_POINT ( 'NONE',  ( -1.250000000000000222, 1.000000000000000000, 0.3500000000000000333 ) ) ;
#58 = DIRECTION ( 'NONE',  ( 1.000000000000000000, 0.000000000000000000, 0.000000000000000000 ) ) ;
#59 = DIRECTION ( 'NONE',  ( -1.000000000000000000, 0.000000000000000000, 0.000000000000000000 ) ) ;
#60 = CARTESIAN_POINT ( 'NONE',  ( -1.250000000000000222, 0.7774999999999998579, -0.1500000000000000500 ) ) ;
#61 = CARTESIAN_POINT ( 'NONE',  ( -1.250000000000000000, -0.9999999999999995559, -0.1500000000000000500 ) ) ;
#62 = AXIS2_PLACEMENT_3D ( 'NONE', #3707, #5749, #2289 ) ;
#63 = AXIS2_PLACEMENT_3D ( 'NONE', #2096, #4101, #1599 ) ;
#64 = AXIS2_PLACEMENT_3D ( 'NONE', #2207, #4240, #5217 ) ;
#65 = DIRECTION ( 'NONE',  ( 0.000000000000000000, 0.000000000000000000, 1.000000000000000000 ) ) ;
#66 = PRESENTATION_LAYER_ASSIGNMENT (  '', '', ( #689 ) ) ;
#67 = FILL_AREA_STYLE ('',( #1569 ) ) ;
#68 = DIRECTION ( 'NONE',  ( -0.000000000000000000, -0.000000000000000000, -1.000000000000000000 ) ) ;
#69 = PRESENTATION_LAYER_ASSIGNMENT (  '', '', ( #5748 ) ) ;
#70 = FILL_AREA_STYLE_COLOUR ( '', #1292 ) ;
#71 = ORIENTED_EDGE ( 'NONE', *, *, #3916, .F. ) ;
#72 = PRESENTATION_LAYER_ASSIGNMENT (  '', '', ( #4851 ) ) ;
#73 = ORIENTED_EDGE ( 'NONE', *, *, #518, .T. ) ;
#74 = CARTESIAN_POINT ( 'NONE',  ( 1.027499999999999414, -1.000000000000000000, -0.1500000000000000500 ) ) ;
#75 = UNCERTAINTY_MEASURE_WITH_UNIT (LENGTH_MEASURE( 1.000000000000000082E-05 ), #1279, 'distance_accuracy_value', 'NONE');
#76 = UNCERTAINTY_MEASURE_WITH_UNIT (LENGTH_MEASURE( 1.000000000000000082E-05 ), #688, 'distance_accuracy_value', 'NONE');
#77 = CARTESIAN_POINT ( 'NONE',  ( -0.7150000000000003020, -0.5650000000000002798, 0.6500000000000001332 ) ) ;
#78 = EDGE_CURVE ( 'NONE', #2850, #4046, #4176, .T. ) ;
#79 = LINE ( 'NONE', #3048, #916 ) ;
#80 = EDGE_CURVE ( 'NONE', #3864, #1054, #1489, .T. ) ;
#81 = PRESENTATION_LAYER_ASSIGNMENT (  '', '', ( #2061 ) ) ;
#82 = FACE_OUTER_BOUND ( 'NONE', #1837, .T. ) ;
#83 = CIRCLE ( 'NONE', #5743, 0.2225000000000000311 ) ;
#84 = ORIENTED_EDGE ( 'NONE', *, *, #5196, .F. ) ;
#85 = FACE_OUTER_BOUND ( 'NONE', #4324, .T. ) ;
#86 = ORIENTED_EDGE ( 'NONE', *, *, #2919, .T. ) ;
#87 = VERTEX_POINT ( 'NONE', #1696 ) ;
#88 = LINE ( 'NONE', #1705, #6455 ) ;
#89 = VECTOR ( 'NONE', #2470, 1000.000000000000000 ) ;
#90 = ADVANCED_FACE ( 'NONE', ( #5991 ), #5013, .T. ) ;
#91 = CARTESIAN_POINT ( 'NONE',  ( 5.018252680870375239E-16, 0.8939339828220185247, -0.1500000000000000500 ) ) ;
#92 = CARTESIAN_POINT ( 'NONE',  ( -0.4750000000000001443, 0.3249999999999997891, 0.2742640687119282661 ) ) ;
#93 = FACE_OUTER_BOUND ( 'NONE', #3051, .T. ) ;
#94 = VECTOR ( 'NONE', #1626, 1000.000000000000000 ) ;
#95 = CIRCLE ( 'NONE', #3746, 0.1499999999999999667 ) ;
#96 = DIRECTION ( 'NONE',  ( -5.613672572362096360E-16, -1.000000000000000000, 0.000000000000000000 ) ) ;
#97 = MANIFOLD_SOLID_BREP ( 'Cut-Extrude3', #3171 ) ;
#98 = CARTESIAN_POINT ( 'NONE',  ( -0.9000000000000003553, -0.6500000000000001332, 0.6250000000000001110 ) ) ;
#99 = ORIENTED_EDGE ( 'NONE', *, *, #1059, .F. ) ;
#100 = PRESENTATION_LAYER_ASSIGNMENT (  '', '', ( #4879 ) ) ;
#101 = CARTESIAN_POINT ( 'NONE',  ( 1.249999999999999778, 1.000000000000000000, -0.3500000000000000333 ) ) ;
#102 = FILL_AREA_STYLE ('',( #6024 ) ) ;
#103 =( NAMED_UNIT ( * ) PLANE_ANGLE_UNIT ( ) SI_UNIT ( $, .RADIAN. ) );
#104 =( NAMED_UNIT ( * ) SI_UNIT ( $, .STERADIAN. ) SOLID_ANGLE_UNIT ( ) );
#105 = UNCERTAINTY_MEASURE_WITH_UNIT (LENGTH_MEASURE( 1.000000000000000082E-05 ), #4511, 'distance_accuracy_value', 'NONE');
#106 = CARTESIAN_POINT ( 'NONE',  ( -1.125000000000000444, 0.6500000000000001332, 0.3500000000000000333 ) ) ;
#107 = CIRCLE ( 'NONE', #1561, 0.2225000000000000311 ) ;
#108 = DIRECTION ( 'NONE',  ( 0.000000000000000000, 0.000000000000000000, -1.000000000000000000 ) ) ;
#109 = VERTEX_POINT ( 'NONE', #4060 ) ;
#110 = SURFACE_SIDE_STYLE ('',( #3211 ) ) ;
#111 = FILL_AREA_STYLE ('',( #2589 ) ) ;
#112 = COLOUR_RGB ( '',0.2862745098039215508, 0.2862745098039215508, 0.2862745098039215508 ) ;
#113 = FACE_OUTER_BOUND ( 'NONE', #5446, .T. ) ;
#114 = DIRECTION ( 'NONE',  ( 0.000000000000000000, 1.000000000000000000, 0.000000000000000000 ) ) ;
#115 = ORIENTED_EDGE ( 'NONE', *, *, #6171, .F. ) ;
#116 = DIRECTION ( 'NONE',  ( 0.000000000000000000, 0.000000000000000000, -1.000000000000000000 ) ) ;
#117 = VERTEX_POINT ( 'NONE', #1564 ) ;
#119 = EDGE_CURVE ( 'NONE', #3228, #1409, #2651, .T. ) ;
#118 = ORIENTED_EDGE ( 'NONE', *, *, #2027, .T. ) ;
#120 = DIRECTION ( 'NONE',  ( -1.000000000000000000, 4.523087997816324217E-16, 0.000000000000000000 ) ) ;
#121 = CARTESIAN_POINT ( 'NONE',  ( 1.143933982822017636, 0.000000000000000000, -0.1500000000000000500 ) ) ;
#122 = ORIENTED_EDGE ( 'NONE', *, *, #2345, .T. ) ;
#123 = DIRECTION ( 'NONE',  ( 0.000000000000000000, 0.000000000000000000, 1.000000000000000000 ) ) ;
#124 = FILL_AREA_STYLE ('',( #5704 ) ) ;
#126 = EDGE_CURVE ( 'NONE', #5877, #3572, #2018, .T. ) ;
#125 = ORIENTED_EDGE ( 'NONE', *, *, #6130, .T. ) ;
#127 = CARTESIAN_POINT ( 'NONE',  ( 1.014999999999999902, -0.6500000000000001332, 0.6250000000000001110 ) ) ;
#128 = PRESENTATION_STYLE_ASSIGNMENT (( #5044 ) ) ;
#129 = UNCERTAINTY_MEASURE_WITH_UNIT (LENGTH_MEASURE( 1.000000000000000082E-05 ), #4670, 'distance_accuracy_value', 'NONE');
#130 = DIRECTION ( 'NONE',  ( -1.000000000000000000, 4.523087997816324217E-16, 0.000000000000000000 ) ) ;
#131 = SURFACE_STYLE_FILL_AREA ( #2694 ) ;
#132 = FILL_AREA_STYLE_COLOUR ( '', #1823 ) ;
#133 = VECTOR ( 'NONE', #4163, 1000.000000000000000 ) ;
#134 = DIRECTION ( 'NONE',  ( -0.000000000000000000, -0.000000000000000000, -1.000000000000000000 ) ) ;
#135 = CYLINDRICAL_SURFACE ( 'NONE', #4142, 0.2225000000000000311 ) ;
#136 = VERTEX_POINT ( 'NONE', #1060 ) ;
#137 = CARTESIAN_POINT ( 'NONE',  ( -1.027499999999999636, 1.000000000000000000, -0.1500000000000000500 ) ) ;
#138 = PRESENTATION_LAYER_ASSIGNMENT (  '', '', ( #2957 ) ) ;
#139 = ORIENTED_EDGE ( 'NONE', *, *, #4343, .F. ) ;
#140 = VECTOR ( 'NONE', #134, 1000.000000000000000 ) ;
#141 = AXIS2_PLACEMENT_3D ( 'NONE', #2989, #3549, #2573 ) ;
#142 = CARTESIAN_POINT ( 'NONE',  ( -1.250000000000000222, 1.000000000000000000, 0.3500000000000000333 ) ) ;
#143 =( NAMED_UNIT ( * ) PLANE_ANGLE_UNIT ( ) SI_UNIT ( $, .RADIAN. ) );
#144 = VERTEX_POINT ( 'NONE', #3063 ) ;
#145 = STYLED_ITEM ( 'NONE', ( #2409 ), #423 ) ;
#146 = DIRECTION ( 'NONE',  ( 1.000000000000000000, -9.528365374728188113E-17, 0.000000000000000000 ) ) ;
#147 = ORIENTED_EDGE ( 'NONE', *, *, #2030, .F. ) ;
#148 = VERTEX_POINT ( 'NONE', #5532 ) ;
#149 =( GEOMETRIC_REPRESENTATION_CONTEXT ( 3 ) GLOBAL_UNCERTAINTY_ASSIGNED_CONTEXT ( ( #105 ) ) GLOBAL_UNIT_ASSIGNED_CONTEXT ( ( #4511, #500, #3050 ) ) REPRESENTATION_CONTEXT ( 'NONE', 'WORKASPACE' ) );
#150 = LINE ( 'NONE', #2208, #1148 ) ;
#151 = DIRECTION ( 'NONE',  ( 0.000000000000000000, 1.000000000000000000, 0.000000000000000000 ) ) ;
#152 = PLANE ( 'NONE',  #614 ) ;
#153 = EDGE_CURVE ( 'NONE', #3431, #5095, #541, .T. ) ;
#154 = EDGE_LOOP ( 'NONE', ( #4739, #231, #4680, #218 ) ) ;
#155 = FILL_AREA_STYLE_COLOUR ( '', #6311 ) ;
#156 = AXIS2_PLACEMENT_3D ( 'NONE', #5688, #6111, #3578 ) ;
#157 = CARTESIAN_POINT ( 'NONE',  ( -0.8150000000000002798, -0.5650000000000002798, 0.6500000000000001332 ) ) ;
#158 = PRESENTATION_LAYER_ASSIGNMENT (  '', '', ( #272 ) ) ;
#159 = AXIS2_PLACEMENT_3D ( 'NONE', #1112, #108, #2100 ) ;
#160 = VERTEX_POINT ( 'NONE', #2216 ) ;
#161 = DIRECTION ( 'NONE',  ( -0.7071067811865463515, 0.7071067811865487940, -0.000000000000000000 ) ) ;
#162 = DIRECTION ( 'NONE',  ( -1.000000000000000000, 0.000000000000000000, -0.000000000000000000 ) ) ;
#163 = VECTOR ( 'NONE', #5052, 1000.000000000000000 ) ;
#164 = MECHANICAL_DESIGN_GEOMETRIC_PRESENTATION_REPRESENTATION (  '', ( #3076 ), #2979 ) ;
#165 = FILL_AREA_STYLE_COLOUR ( '', #4832 ) ;
#166 = EDGE_CURVE ( 'NONE', #6220, #2883, #682, .T. ) ;
#167 = COLOUR_RGB ( '',0.2862745098039215508, 0.2862745098039215508, 0.2862745098039215508 ) ;
#168 = EDGE_CURVE ( 'NONE', #109, #1659, #3483, .T. ) ;
#169 = UNCERTAINTY_MEASURE_WITH_UNIT (LENGTH_MEASURE( 1.000000000000000082E-05 ), #1018, 'distance_accuracy_value', 'NONE');
#170 = STYLED_ITEM ( 'NONE', ( #3755 ), #1299 ) ;
#171 = CIRCLE ( 'NONE', #777, 0.1650000000000001188 ) ;
#172 =( GEOMETRIC_REPRESENTATION_CONTEXT ( 3 ) GLOBAL_UNCERTAINTY_ASSIGNED_CONTEXT ( ( #6350 ) ) GLOBAL_UNIT_ASSIGNED_CONTEXT ( ( #6154, #2677, #4681 ) ) REPRESENTATION_CONTEXT ( 'NONE', 'WORKASPACE' ) );
#173 = DIRECTION ( 'NONE',  ( -1.000000000000000000, -5.613672572362096360E-16, 0.000000000000000000 ) ) ;
#174 = SURFACE_STYLE_USAGE ( .BOTH. , #2658 ) ;
#175 = PRESENTATION_LAYER_ASSIGNMENT (  '', '', ( #4035 ) ) ;
#176 = EDGE_LOOP ( 'NONE', ( #4084, #1870, #6323, #354 ) ) ;
#177 = PRESENTATION_STYLE_ASSIGNMENT (( #2663 ) ) ;
#178 = AXIS2_PLACEMENT_3D ( 'NONE', #3615, #5099, #4600 ) ;
#179 = PLANE ( 'NONE',  #911 ) ;
#180 = CARTESIAN_POINT ( 'NONE',  ( -0.8150000000000002798, -0.5650000000000002798, 0.6400000000000000133 ) ) ;
#181 = ORIENTED_EDGE ( 'NONE', *, *, #511, .F. ) ;
#182 = STYLED_ITEM ( 'NONE', ( #5860 ), #3559 ) ;
#183 = SURFACE_STYLE_USAGE ( .BOTH. , #6250 ) ;
#184 = ORIENTED_EDGE ( 'NONE', *, *, #3193, .F. ) ;
#185 = EDGE_LOOP ( 'NONE', ( #5767, #3779, #5244, #1450 ) ) ;
#186 = DIRECTION ( 'NONE',  ( 1.000000000000000000, 0.000000000000000000, 0.000000000000000000 ) ) ;
#187 = MECHANICAL_DESIGN_GEOMETRIC_PRESENTATION_REPRESENTATION (  '', ( #2801 ), #1429 ) ;
#188 = AXIS2_PLACEMENT_3D ( 'NONE', #901, #2939, #4918 ) ;
#189 = FILL_AREA_STYLE_COLOUR ( '', #4855 ) ;
#190 = DIRECTION ( 'NONE',  ( 0.000000000000000000, 0.000000000000000000, -1.000000000000000000 ) ) ;
#191 = ORIENTED_EDGE ( 'NONE', *, *, #126, .F. ) ;
#192 = FILL_AREA_STYLE ('',( #6199 ) ) ;
#193 = CARTESIAN_POINT ( 'NONE',  ( 1.249999999999999778, 1.000000000000000000, -0.3500000000000000333 ) ) ;
#194 = STYLED_ITEM ( 'NONE', ( #4602 ), #1672 ) ;
#195 = DIRECTION ( 'NONE',  ( -0.000000000000000000, 0.000000000000000000, -1.000000000000000000 ) ) ;
#196 = DIRECTION ( 'NONE',  ( -9.528365374728186880E-17, 1.000000000000000000, 0.000000000000000000 ) ) ;
#197 = VERTEX_POINT ( 'NONE', #1719 ) ;
#198 = CARTESIAN_POINT ( 'NONE',  ( -0.7749999999999996891, -0.3250000000000000666, -0.1500000000000000500 ) ) ;
#199 = SURFACE_STYLE_FILL_AREA ( #2690 ) ;
#200 = UNCERTAINTY_MEASURE_WITH_UNIT (LENGTH_MEASURE( 1.000000000000000082E-05 ), #1539, 'distance_accuracy_value', 'NONE');
#201 = COLOUR_RGB ( '',0.2862745098039215508, 0.2862745098039215508, 0.2862745098039215508 ) ;
#202 = CARTESIAN_POINT ( 'NONE',  ( 1.143933982822017859, -5.174114067996492916E-16, -0.1500000000000000500 ) ) ;
#203 = FILL_AREA_STYLE ('',( #1145 ) ) ;
#204 = EDGE_CURVE ( 'NONE', #758, #6416, #4406, .T. ) ;
#205 = CARTESIAN_POINT ( 'NONE',  ( 1.125000000000000000, -0.6500000000000001332, 0.3500000000000000333 ) ) ;
#206 = PRESENTATION_LAYER_ASSIGNMENT (  '', '', ( #5851 ) ) ;
#207 = AXIS2_PLACEMENT_3D ( 'NONE', #561, #2134, #3619 ) ;
#208 = DIRECTION ( 'NONE',  ( -0.000000000000000000, -0.000000000000000000, 1.000000000000000000 ) ) ;
#209 = EDGE_CURVE ( 'NONE', #1136, #160, #4129, .T. ) ;
#210 = MECHANICAL_DESIGN_GEOMETRIC_PRESENTATION_REPRESENTATION (  '', ( #1245 ), #1140 ) ;
#211 = LINE ( 'NONE', #4198, #6016 ) ;
#212 = DIRECTION ( 'NONE',  ( 0.000000000000000000, 0.000000000000000000, -1.000000000000000000 ) ) ;
#213 =( GEOMETRIC_REPRESENTATION_CONTEXT ( 3 ) GLOBAL_UNCERTAINTY_ASSIGNED_CONTEXT ( ( #4255 ) ) GLOBAL_UNIT_ASSIGNED_CONTEXT ( ( #2732, #3270, #752 ) ) REPRESENTATION_CONTEXT ( 'NONE', 'WORKASPACE' ) );
#214 = ADVANCED_FACE ( 'NONE', ( #4192 ), #5642, .F. ) ;
#215 = CYLINDRICAL_SURFACE ( 'NONE', #5272, 0.1499999999999999667 ) ;
#216 = DIRECTION ( 'NONE',  ( 0.000000000000000000, -1.000000000000000000, 0.000000000000000000 ) ) ;
#217 = COLOUR_RGB ( '',0.8039215686274510109, 0.8039215686274510109, 0.8039215686274510109 ) ;
#218 = ORIENTED_EDGE ( 'NONE', *, *, #5844, .T. ) ;
#219 =( NAMED_UNIT ( * ) PLANE_ANGLE_UNIT ( ) SI_UNIT ( $, .RADIAN. ) );
#220 = ORIENTED_EDGE ( 'NONE', *, *, #2911, .T. ) ;
#221 = EDGE_LOOP ( 'NONE', ( #5472, #2987, #3889, #2102, #3415, #6214, #1263, #705, #4710, #1801, #6436, #4485, #5519, #3218, #1221, #3309 ) ) ;
#222 = VECTOR ( 'NONE', #270, 1000.000000000000000 ) ;
#223 = CARTESIAN_POINT ( 'NONE',  ( 1.064999999999999947, 0.000000000000000000, 0.5500000000000000444 ) ) ;
#224 = SURFACE_STYLE_USAGE ( .BOTH. , #5785 ) ;
#225 = LINE ( 'NONE', #4213, #596 ) ;
#226 = DIRECTION ( 'NONE',  ( -0.000000000000000000, -0.000000000000000000, -1.000000000000000000 ) ) ;
#227 = EDGE_LOOP ( 'NONE', ( #33, #1803, #3994, #4800, #4873, #1021, #4238, #1387, #5689 ) ) ;
#228 = DIRECTION ( 'NONE',  ( -0.000000000000000000, 1.000000000000000000, 0.000000000000000000 ) ) ;
#229 = PRESENTATION_LAYER_ASSIGNMENT (  '', '', ( #1883 ) ) ;
#230 = CARTESIAN_POINT ( 'NONE',  ( 0.000000000000000000, 0.000000000000000000, -0.1500000000000000500 ) ) ;
#231 = ORIENTED_EDGE ( 'NONE', *, *, #6211, .F. ) ;
#232 = SURFACE_SIDE_STYLE ('',( #713 ) ) ;
#233 = PLANE ( 'NONE',  #1236 ) ;
#234 = CARTESIAN_POINT ( 'NONE',  ( -1.250000000000000000, -0.9999999999999995559, -0.3500000000000000333 ) ) ;
#235 = DIRECTION ( 'NONE',  ( -1.000000000000000000, 0.000000000000000000, -0.000000000000000000 ) ) ;
#236 = STYLED_ITEM ( 'NONE', ( #355 ), #2169 ) ;
#237 = DIRECTION ( 'NONE',  ( -1.000000000000000000, 0.000000000000000000, 0.000000000000000000 ) ) ;
#238 = VECTOR ( 'NONE', #4570, 1000.000000000000000 ) ;
#239 = DIRECTION ( 'NONE',  ( -1.000000000000000000, 0.000000000000000000, 0.000000000000000000 ) ) ;
#240 = DIRECTION ( 'NONE',  ( 0.000000000000000000, 1.000000000000000000, 0.000000000000000000 ) ) ;
#241 = FILL_AREA_STYLE ('',( #4704 ) ) ;
#242 = EDGE_CURVE ( 'NONE', #2901, #2670, #3053, .T. ) ;
#243 = ORIENTED_EDGE ( 'NONE', *, *, #1987, .T. ) ;
#244 = EDGE_CURVE ( 'NONE', #1377, #5340, #5675, .T. ) ;
#245 = ORIENTED_EDGE ( 'NONE', *, *, #5563, .F. ) ;
#246 = VECTOR ( 'NONE', #3099, 1000.000000000000000 ) ;
#247 = DIRECTION ( 'NONE',  ( -0.000000000000000000, -0.000000000000000000, 1.000000000000000000 ) ) ;
#248 = PRESENTATION_LAYER_ASSIGNMENT (  '', '', ( #5258 ) ) ;
#249 = VERTEX_POINT ( 'NONE', #1175 ) ;
#250 = SURFACE_STYLE_USAGE ( .BOTH. , #6282 ) ;
#251 = CARTESIAN_POINT ( 'NONE',  ( -1.250000000000000222, -1.000000000000000000, -0.3510000000000000897 ) ) ;
#252 = DIRECTION ( 'NONE',  ( -0.000000000000000000, -0.000000000000000000, -1.000000000000000000 ) ) ;
#253 = FACE_OUTER_BOUND ( 'NONE', #1894, .T. ) ;
#254 = ORIENTED_EDGE ( 'NONE', *, *, #153, .T. ) ;
#255 = UNCERTAINTY_MEASURE_WITH_UNIT (LENGTH_MEASURE( 1.000000000000000082E-05 ), #3769, 'distance_accuracy_value', 'NONE');
#256 = CARTESIAN_POINT ( 'NONE',  ( 1.027499999999999414, -1.000000000000000000, -0.3500000000000000333 ) ) ;
#257 = EDGE_LOOP ( 'NONE', ( #2659, #4795, #4878, #1552, #797, #633, #3966, #4975, #4502 ) ) ;
#258 = AXIS2_PLACEMENT_3D ( 'NONE', #5681, #5567, #1110 ) ;
#259 = PRESENTATION_STYLE_ASSIGNMENT (( #5084 ) ) ;
#260 =( LENGTH_UNIT ( ) NAMED_UNIT ( * ) SI_UNIT ( .MILLI., .METRE. ) );
#261 = DIRECTION ( 'NONE',  ( -0.000000000000000000, -0.000000000000000000, 1.000000000000000000 ) ) ;
#262 =( GEOMETRIC_REPRESENTATION_CONTEXT ( 3 ) GLOBAL_UNCERTAINTY_ASSIGNED_CONTEXT ( ( #169 ) ) GLOBAL_UNIT_ASSIGNED_CONTEXT ( ( #1018, #2040, #5546 ) ) REPRESENTATION_CONTEXT ( 'NONE', 'WORKASPACE' ) );
#263 = CIRCLE ( 'NONE', #4028, 0.1400000000000000411 ) ;
#264 =( GEOMETRIC_REPRESENTATION_CONTEXT ( 3 ) GLOBAL_UNCERTAINTY_ASSIGNED_CONTEXT ( ( #4103 ) ) GLOBAL_UNIT_ASSIGNED_CONTEXT ( ( #632, #3086, #2707 ) ) REPRESENTATION_CONTEXT ( 'NONE', 'WORKASPACE' ) );
#265 = AXIS2_PLACEMENT_3D ( 'NONE', #2142, #6081, #5180 ) ;
#266 = PRESENTATION_STYLE_ASSIGNMENT (( #4256 ) ) ;
#267 = VECTOR ( 'NONE', #6364, 1000.000000000000000 ) ;
#268 = COLOUR_RGB ( '',0.8039215686274510109, 0.8039215686274510109, 0.8039215686274510109 ) ;
#269 = CARTESIAN_POINT ( 'NONE',  ( -1.143933982822017636, -0.3250000000000001776, -0.1500000000000000500 ) ) ;
#270 = DIRECTION ( 'NONE',  ( 0.000000000000000000, 1.000000000000000000, -0.000000000000000000 ) ) ;
#271 = VECTOR ( 'NONE', #6388, 1000.000000000000000 ) ;
#272 = STYLED_ITEM ( 'NONE', ( #4767 ), #4242 ) ;
#273 = VERTEX_POINT ( 'NONE', #4658 ) ;
#274 = FILL_AREA_STYLE_COLOUR ( '', #1893 ) ;
#275 = ORIENTED_EDGE ( 'NONE', *, *, #6048, .T. ) ;
#276 = ORIENTED_EDGE ( 'NONE', *, *, #5663, .F. ) ;
#277 = LINE ( 'NONE', #4208, #2047 ) ;
#278 = ADVANCED_FACE ( 'NONE', ( #5043 ), #3200, .F. ) ;
#279 = ADVANCED_FACE ( 'NONE', ( #1470, #520 ), #2520, .T. ) ;
#280 = CARTESIAN_POINT ( 'NONE',  ( -1.250000000000000000, -0.9999999999999995559, -0.1500000000000000500 ) ) ;
#281 = FILL_AREA_STYLE ('',( #5825 ) ) ;
#282 = CARTESIAN_POINT ( 'NONE',  ( 1.249999999999999556, -1.000000000000000444, -0.3500000000000000333 ) ) ;
#283 = LINE ( 'NONE', #794, #4019 ) ;
#284 = ORIENTED_EDGE ( 'NONE', *, *, #2163, .T. ) ;
#285 = CARTESIAN_POINT ( 'NONE',  ( -1.040000000000000258, 0.6500000000000001332, 0.6250000000000001110 ) ) ;
#286 = ADVANCED_BREP_SHAPE_REPRESENTATION ( 'ASDLJ-E-45.1584MHz-L-R-T', ( #4174, #2228, #6464, #4465, #97, #376, #4635, #4529, #3923 ), #1631 ) ;
#287 = FILL_AREA_STYLE ('',( #5255 ) ) ;
#288 = ORIENTED_EDGE ( 'NONE', *, *, #3393, .T. ) ;
#289 = EDGE_CURVE ( 'NONE', #3753, #5722, #6434, .T. ) ;
#290 = FILL_AREA_STYLE ('',( #4336 ) ) ;
#291 = CARTESIAN_POINT ( 'NONE',  ( -0.7749999999999996891, -0.3250000000000000666, -0.1500000000000000500 ) ) ;
#292 = DIRECTION ( 'NONE',  ( -0.000000000000000000, -0.000000000000000000, 1.000000000000000000 ) ) ;
#293 = CIRCLE ( 'NONE', #1004, 0.02499999999999995628 ) ;
#294 = CARTESIAN_POINT ( 'NONE',  ( 0.05833004110700093503, -0.9573281361468033435, -0.3500000000000000333 ) ) ;
#295 = ORIENTED_EDGE ( 'NONE', *, *, #4550, .T. ) ;
#296 = CARTESIAN_POINT ( 'NONE',  ( -1.249999999999999778, 0.000000000000000000, -0.1500000000000000500 ) ) ;
#297 = VECTOR ( 'NONE', #5513, 1000.000000000000000 ) ;
#298 = CIRCLE ( 'NONE', #1338, 0.02500000000000001180 ) ;
#299 = PLANE ( 'NONE',  #5390 ) ;
#300 = ORIENTED_EDGE ( 'NONE', *, *, #5055, .T. ) ;
#301 = ORIENTED_EDGE ( 'NONE', *, *, #3399, .T. ) ;
#302 = MECHANICAL_DESIGN_GEOMETRIC_PRESENTATION_REPRESENTATION (  '', ( #1978 ), #4682 ) ;
#303 =( NAMED_UNIT ( * ) SI_UNIT ( $, .STERADIAN. ) SOLID_ANGLE_UNIT ( ) );
#304 = ORIENTED_EDGE ( 'NONE', *, *, #3599, .T. ) ;
#305 = FILL_AREA_STYLE ('',( #5883 ) ) ;
#306 =( NAMED_UNIT ( * ) PLANE_ANGLE_UNIT ( ) SI_UNIT ( $, .RADIAN. ) );
#307 = COLOUR_RGB ( '',0.8627450980392157298, 0.6274509803921568540, 0.05882352941176470507 ) ;
#308 = FILL_AREA_STYLE ('',( #2803 ) ) ;
#309 = SURFACE_STYLE_FILL_AREA ( #4794 ) ;
#310 = ORIENTED_EDGE ( 'NONE', *, *, #321, .T. ) ;
#311 = DIRECTION ( 'NONE',  ( -1.000000000000000000, 0.000000000000000000, 0.000000000000000000 ) ) ;
#313 = EDGE_CURVE ( 'NONE', #5789, #1042, #967, .T. ) ;
#312 = UNCERTAINTY_MEASURE_WITH_UNIT (LENGTH_MEASURE( 1.000000000000000082E-05 ), #1441, 'distance_accuracy_value', 'NONE');
#314 = EDGE_CURVE ( 'NONE', #4250, #4925, #3041, .T. ) ;
#315 = ORIENTED_EDGE ( 'NONE', *, *, #6325, .T. ) ;
#316 = PLANE ( 'NONE',  #4454 ) ;
#317 = AXIS2_PLACEMENT_3D ( 'NONE', #4384, #3310, #1897 ) ;
#318 = SURFACE_STYLE_USAGE ( .BOTH. , #767 ) ;
#319 = ORIENTED_EDGE ( 'NONE', *, *, #3687, .T. ) ;
#320 = EDGE_CURVE ( 'NONE', #3693, #5293, #4007, .T. ) ;
#321 = EDGE_CURVE ( 'NONE', #2180, #5340, #4535, .T. ) ;
#322 = SURFACE_SIDE_STYLE ('',( #4780 ) ) ;
#323 = DIRECTION ( 'NONE',  ( 0.000000000000000000, -0.000000000000000000, 1.000000000000000000 ) ) ;
#324 = FILL_AREA_STYLE_COLOUR ( '', #5612 ) ;
#325 = ORIENTED_EDGE ( 'NONE', *, *, #4200, .T. ) ;
#326 = FILL_AREA_STYLE ('',( #731 ) ) ;
#327 = ORIENTED_EDGE ( 'NONE', *, *, #313, .F. ) ;
#328 = EDGE_LOOP ( 'NONE', ( #435, #5920, #2612, #3929 ) ) ;
#329 = SURFACE_STYLE_USAGE ( .BOTH. , #1314 ) ;
#330 = DIRECTION ( 'NONE',  ( -1.000000000000000000, 0.000000000000000000, -0.000000000000000000 ) ) ;
#331 = CARTESIAN_POINT ( 'NONE',  ( 1.099999999999999867, 0.6500000000000000222, 0.5500000000000000444 ) ) ;
#332 = DIRECTION ( 'NONE',  ( 1.000000000000000000, 5.613672572362096360E-16, 0.000000000000000000 ) ) ;
#333 = DIRECTION ( 'NONE',  ( -1.000000000000000000, 0.000000000000000000, 0.000000000000000000 ) ) ;
#334 = VERTEX_POINT ( 'NONE', #1928 ) ;
#335 = AXIS2_PLACEMENT_3D ( 'NONE', #3918, #478, #2512 ) ;
#336 =( LENGTH_UNIT ( ) NAMED_UNIT ( * ) SI_UNIT ( .MILLI., .METRE. ) );
#337 = ORIENTED_EDGE ( 'NONE', *, *, #1644, .F. ) ;
#338 = VECTOR ( 'NONE', #1996, 1000.000000000000000 ) ;
#339 = CIRCLE ( 'NONE', #5701, 0.1400000000000000411 ) ;
#340 = ORIENTED_EDGE ( 'NONE', *, *, #4844, .F. ) ;
#341 = AXIS2_PLACEMENT_3D ( 'NONE', #6066, #3571, #1147 ) ;
#342 = FACE_OUTER_BOUND ( 'NONE', #3144, .T. ) ;
#343 = EDGE_CURVE ( 'NONE', #3228, #3110, #4437, .T. ) ;
#344 = AXIS2_PLACEMENT_3D ( 'NONE', #5919, #4449, #6448 ) ;
#345 = ADVANCED_FACE ( 'NONE', ( #1503 ), #6064, .T. ) ;
#346 = LINE ( 'NONE', #3369, #5375 ) ;
#347 = DIRECTION ( 'NONE',  ( 1.000000000000000000, 0.000000000000000000, 0.000000000000000000 ) ) ;
#348 = CIRCLE ( 'NONE', #1508, 0.2225000000000000311 ) ;
#349 = ADVANCED_FACE ( 'NONE', ( #2314 ), #4754, .T. ) ;
#350 = COLOUR_RGB ( '',0.8627450980392157298, 0.6274509803921568540, 0.05882352941176470507 ) ;
#351 = COLOUR_RGB ( '',0.2862745098039215508, 0.2862745098039215508, 0.2862745098039215508 ) ;
#352 = CARTESIAN_POINT ( 'NONE',  ( 0.8999999999999998002, -0.8500000000000000888, 0.3750000000000000555 ) ) ;
#353 = STYLED_ITEM ( 'NONE', ( #5561 ), #1195 ) ;
#354 = ORIENTED_EDGE ( 'NONE', *, *, #477, .T. ) ;
#355 = PRESENTATION_STYLE_ASSIGNMENT (( #5907 ) ) ;
#356 = ORIENTED_EDGE ( 'NONE', *, *, #1033, .T. ) ;
#357 = FILL_AREA_STYLE ('',( #4577 ) ) ;
#358 = VERTEX_POINT ( 'NONE', #6359 ) ;
#359 =( GEOMETRIC_REPRESENTATION_CONTEXT ( 3 ) GLOBAL_UNCERTAINTY_ASSIGNED_CONTEXT ( ( #2700 ) ) GLOBAL_UNIT_ASSIGNED_CONTEXT ( ( #3285, #3843, #4305 ) ) REPRESENTATION_CONTEXT ( 'NONE', 'WORKASPACE' ) );
#360 = AXIS2_PLACEMENT_3D ( 'NONE', #4299, #5853, #6343 ) ;
#361 =( NAMED_UNIT ( * ) SI_UNIT ( $, .STERADIAN. ) SOLID_ANGLE_UNIT ( ) );
#362 = CARTESIAN_POINT ( 'NONE',  ( -0.7150000000000003020, -0.5650000000000002798, 0.6400000000000000133 ) ) ;
#363 = DIRECTION ( 'NONE',  ( -1.000000000000000000, -2.990902544787586660E-15, 0.000000000000000000 ) ) ;
#364 = ORIENTED_EDGE ( 'NONE', *, *, #5405, .T. ) ;
#365 = DIRECTION ( 'NONE',  ( -0.000000000000000000, -0.000000000000000000, -1.000000000000000000 ) ) ;
#366 = UNCERTAINTY_MEASURE_WITH_UNIT (LENGTH_MEASURE( 1.000000000000000082E-05 ), #4386, 'distance_accuracy_value', 'NONE');
#367 = SURFACE_STYLE_USAGE ( .BOTH. , #1754 ) ;
#368 = EDGE_LOOP ( 'NONE', ( #3414, #464, #2299, #1139 ) ) ;
#369 = VECTOR ( 'NONE', #6018, 1000.000000000000000 ) ;
#370 = DIRECTION ( 'NONE',  ( 0.000000000000000000, 0.000000000000000000, -1.000000000000000000 ) ) ;
#371 = CARTESIAN_POINT ( 'NONE',  ( -1.250000000000000222, -1.000000000000000000, -0.3500000000000000333 ) ) ;
#372 = CARTESIAN_POINT ( 'NONE',  ( 0.8999999999999999112, 0.6500000000000001332, 0.5749999999999999556 ) ) ;
#373 = LINE ( 'NONE', #1917, #1700 ) ;
#374 = ORIENTED_EDGE ( 'NONE', *, *, #1065, .T. ) ;
#375 = VECTOR ( 'NONE', #2571, 1000.000000000000000 ) ;
#376 = MANIFOLD_SOLID_BREP ( 'Boss-Extrude5', #3373 ) ;
#377 = DIRECTION ( 'NONE',  ( 2.015740370756777612E-16, 1.000000000000000000, 0.000000000000000000 ) ) ;
#378 = VECTOR ( 'NONE', #4611, 1000.000000000000000 ) ;
#379 = MECHANICAL_DESIGN_GEOMETRIC_PRESENTATION_REPRESENTATION (  '', ( #801 ), #1541 ) ;
#380 = ADVANCED_FACE ( 'NONE', ( #2968 ), #3468, .T. ) ;
#381 = PRODUCT_DEFINITION_CONTEXT ( 'detailed design', #4691, 'design' ) ;
#382 = ADVANCED_FACE ( 'NONE', ( #5395 ), #4880, .F. ) ;
#383 = PRESENTATION_STYLE_ASSIGNMENT (( #5040 ) ) ;
#384 = EDGE_CURVE ( 'NONE', #669, #273, #2511, .T. ) ;
#385 = PRESENTATION_LAYER_ASSIGNMENT (  '', '', ( #3213 ) ) ;
#386 = VECTOR ( 'NONE', #762, 1000.000000000000000 ) ;
#387 = ORIENTED_EDGE ( 'NONE', *, *, #5343, .F. ) ;
#388 = DIRECTION ( 'NONE',  ( 1.000000000000000000, 0.000000000000000000, 0.000000000000000000 ) ) ;
#389 = ORIENTED_EDGE ( 'NONE', *, *, #5238, .F. ) ;
#390 = FACE_OUTER_BOUND ( 'NONE', #4125, .T. ) ;
#391 = ADVANCED_FACE ( 'NONE', ( #3534 ), #2338, .F. ) ;
#392 = LINE ( 'NONE', #1899, #2731 ) ;
#393 = AXIS2_PLACEMENT_3D ( 'NONE', #234, #4428, #4912 ) ;
#394 = ORIENTED_EDGE ( 'NONE', *, *, #4544, .T. ) ;
#395 = CARTESIAN_POINT ( 'NONE',  ( 1.039999999999999813, -0.6500000000000001332, 0.6500000000000001332 ) ) ;
#396 = CARTESIAN_POINT ( 'NONE',  ( -1.250000000000000222, 0.7774999999999998579, -0.1500000000000000500 ) ) ;
#397 = CARTESIAN_POINT ( 'NONE',  ( 1.249999999999999556, -1.000000000000000444, -0.1500000000000000500 ) ) ;
#398 =( NAMED_UNIT ( * ) PLANE_ANGLE_UNIT ( ) SI_UNIT ( $, .RADIAN. ) );
#399 = CARTESIAN_POINT ( 'NONE',  ( -1.143933982822017636, 0.8044079500593136478, -0.1500000000000000500 ) ) ;
#400 =( GEOMETRIC_REPRESENTATION_CONTEXT ( 3 ) GLOBAL_UNCERTAINTY_ASSIGNED_CONTEXT ( ( #3852 ) ) GLOBAL_UNIT_ASSIGNED_CONTEXT ( ( #2985, #2104, #531 ) ) REPRESENTATION_CONTEXT ( 'NONE', 'WORKASPACE' ) );
#401 = CARTESIAN_POINT ( 'NONE',  ( -1.027500000000000080, -1.000000000000000000, -0.1500000000000000500 ) ) ;
#402 = ORIENTED_EDGE ( 'NONE', *, *, #6262, .T. ) ;
#403 = DIRECTION ( 'NONE',  ( -1.000000000000000000, 0.000000000000000000, 0.000000000000000000 ) ) ;
#404 = EDGE_LOOP ( 'NONE', ( #5912, #2191, #2600, #2138 ) ) ;
#405 = CARTESIAN_POINT ( 'NONE',  ( -2.990902544787597704E-15, -1.000000000000003775, -0.1500000000000000500 ) ) ;
#406 = VECTOR ( 'NONE', #2940, 1000.000000000000000 ) ;
#407 = CIRCLE ( 'NONE', #1036, 0.1400000000000000411 ) ;
#408 = FACE_OUTER_BOUND ( 'NONE', #3579, .T. ) ;
#409 =( NAMED_UNIT ( * ) SI_UNIT ( $, .STERADIAN. ) SOLID_ANGLE_UNIT ( ) );
#410 = CARTESIAN_POINT ( 'NONE',  ( 1.249999999999999556, -1.000000000000000444, -0.1500000000000000500 ) ) ;
#411 = ORIENTED_EDGE ( 'NONE', *, *, #5703, .T. ) ;
#412 = COLOUR_RGB ( '',0.8039215686274510109, 0.8039215686274510109, 0.8039215686274510109 ) ;
#413 = PRESENTATION_STYLE_ASSIGNMENT (( #2485 ) ) ;
#414 = FILL_AREA_STYLE ('',( #514 ) ) ;
#415 = LINE ( 'NONE', #3851, #6471 ) ;
#416 = MECHANICAL_DESIGN_GEOMETRIC_PRESENTATION_REPRESENTATION (  '', ( #3339 ), #1879 ) ;
#417 = LINE ( 'NONE', #1858, #3610 ) ;
#418 = CARTESIAN_POINT ( 'NONE',  ( 0.000000000000000000, 0.000000000000000000, -0.1500000000000000500 ) ) ;
#419 = CIRCLE ( 'NONE', #1259, 0.2225000000000002531 ) ;
#420 = CARTESIAN_POINT ( 'NONE',  ( 0.4749999999999998668, -0.3250000000000000111, -0.1500000000000000500 ) ) ;
#421 = DIRECTION ( 'NONE',  ( 1.000000000000000000, 0.000000000000000000, -0.000000000000000000 ) ) ;
#422 = DIRECTION ( 'NONE',  ( 1.000000000000000000, 0.000000000000000000, 0.000000000000000000 ) ) ;
#423 = ADVANCED_FACE ( 'NONE', ( #6295 ), #5836, .F. ) ;
#424 = EDGE_LOOP ( 'NONE', ( #4284, #1024, #6153, #1162 ) ) ;
#425 = DIRECTION ( 'NONE',  ( -1.000000000000000000, 0.000000000000000000, 0.000000000000000000 ) ) ;
#426 = ORIENTED_EDGE ( 'NONE', *, *, #6410, .T. ) ;
#427 =( LENGTH_UNIT ( ) NAMED_UNIT ( * ) SI_UNIT ( .MILLI., .METRE. ) );
#428 = PRESENTATION_STYLE_ASSIGNMENT (( #915 ) ) ;
#429 = ORIENTED_EDGE ( 'NONE', *, *, #5845, .F. ) ;
#430 = DIRECTION ( 'NONE',  ( 1.000000000000000000, -0.000000000000000000, -0.000000000000000000 ) ) ;
#431 = CARTESIAN_POINT ( 'NONE',  ( 0.000000000000000000, 0.000000000000000000, -0.3500000000000000333 ) ) ;
#432 = EDGE_CURVE ( 'NONE', #4936, #4925, #4518, .T. ) ;
#433 = EDGE_CURVE ( 'NONE', #3110, #4732, #36, .T. ) ;
#434 = DIRECTION ( 'NONE',  ( 0.000000000000000000, 0.000000000000000000, 1.000000000000000000 ) ) ;
#435 = ORIENTED_EDGE ( 'NONE', *, *, #1350, .T. ) ;
#436 = FACE_OUTER_BOUND ( 'NONE', #1841, .T. ) ;
#437 = STYLED_ITEM ( 'NONE', ( #5436 ), #2517 ) ;
#438 = ORIENTED_EDGE ( 'NONE', *, *, #3355, .F. ) ;
#439 = STYLED_ITEM ( 'NONE', ( #177 ), #37 ) ;
#440 = SURFACE_STYLE_FILL_AREA ( #4054 ) ;
#441 =( NAMED_UNIT ( * ) SI_UNIT ( $, .STERADIAN. ) SOLID_ANGLE_UNIT ( ) );
#442 = CARTESIAN_POINT ( 'NONE',  ( -0.4749999999999999223, -4.525973552995888183E-17, -0.3500000000000000333 ) ) ;
#443 = VERTEX_POINT ( 'NONE', #5349 ) ;
#444 =( GEOMETRIC_REPRESENTATION_CONTEXT ( 3 ) GLOBAL_UNCERTAINTY_ASSIGNED_CONTEXT ( ( #5997 ) ) GLOBAL_UNIT_ASSIGNED_CONTEXT ( ( #3229, #1756, #5226 ) ) REPRESENTATION_CONTEXT ( 'NONE', 'WORKASPACE' ) );
#445 = DIRECTION ( 'NONE',  ( 0.000000000000000000, 0.000000000000000000, -1.000000000000000000 ) ) ;
#446 = CARTESIAN_POINT ( 'NONE',  ( -0.4750000000000001443, 0.3249999999999997891, -0.3500000000000000333 ) ) ;
#447 = DIRECTION ( 'NONE',  ( 0.000000000000000000, 0.000000000000000000, -1.000000000000000000 ) ) ;
#448 = VECTOR ( 'NONE', #3533, 1000.000000000000000 ) ;
#449 = CARTESIAN_POINT ( 'NONE',  ( -1.054407950059313093, 0.8939339828220179696, -0.1500000000000000500 ) ) ;
#450 = CARTESIAN_POINT ( 'NONE',  ( -1.250000000000000222, -0.8499999999999999778, 0.3500000000000000333 ) ) ;
#451 = AXIS2_PLACEMENT_3D ( 'NONE', #4868, #2890, #4364 ) ;
#452 = LINE ( 'NONE', #1403, #2876 ) ;
#453 = ORIENTED_EDGE ( 'NONE', *, *, #3447, .F. ) ;
#454 = COLOUR_RGB ( '',0.8627450980392157298, 0.6274509803921568540, 0.05882352941176470507 ) ;
#455 = SURFACE_STYLE_FILL_AREA ( #1573 ) ;
#456 = COLOUR_RGB ( '',0.8627450980392157298, 0.6274509803921568540, 0.05882352941176470507 ) ;
#457 = ORIENTED_EDGE ( 'NONE', *, *, #6011, .F. ) ;
#458 = SURFACE_STYLE_FILL_AREA ( #38 ) ;
#459 =( GEOMETRIC_REPRESENTATION_CONTEXT ( 3 ) GLOBAL_UNCERTAINTY_ASSIGNED_CONTEXT ( ( #2455 ) ) GLOBAL_UNIT_ASSIGNED_CONTEXT ( ( #2374, #2642, #4885 ) ) REPRESENTATION_CONTEXT ( 'NONE', 'WORKASPACE' ) );
#460 =( NAMED_UNIT ( * ) SI_UNIT ( $, .STERADIAN. ) SOLID_ANGLE_UNIT ( ) );
#461 = UNCERTAINTY_MEASURE_WITH_UNIT (LENGTH_MEASURE( 1.000000000000000082E-05 ), #1316, 'distance_accuracy_value', 'NONE');
#462 = PRESENTATION_LAYER_ASSIGNMENT (  '', '', ( #3286 ) ) ;
#463 = CYLINDRICAL_SURFACE ( 'NONE', #1077, 0.02499999999999995628 ) ;
#464 = ORIENTED_EDGE ( 'NONE', *, *, #166, .F. ) ;
#465 = SURFACE_SIDE_STYLE ('',( #4008 ) ) ;
#466 = ORIENTED_EDGE ( 'NONE', *, *, #991, .F. ) ;
#467 = VECTOR ( 'NONE', #4799, 1000.000000000000000 ) ;
#468 = EDGE_CURVE ( 'NONE', #5547, #6056, #5292, .T. ) ;
#469 = TOROIDAL_SURFACE ( 'NONE', #1525, 0.1650000000000000633, 0.02500000000000000139 ) ;
#471 = EDGE_CURVE ( 'NONE', #160, #358, #6321, .T. ) ;
#470 = ORIENTED_EDGE ( 'NONE', *, *, #6090, .T. ) ;
#472 = DIRECTION ( 'NONE',  ( -2.015740370756777612E-16, -1.000000000000000000, 0.000000000000000000 ) ) ;
#473 = SURFACE_SIDE_STYLE ('',( #1985 ) ) ;
#474 = AXIS2_PLACEMENT_3D ( 'NONE', #5833, #2368, #5315 ) ;
#475 =( NAMED_UNIT ( * ) SI_UNIT ( $, .STERADIAN. ) SOLID_ANGLE_UNIT ( ) );
#476 = LINE ( 'NONE', #442, #2963 ) ;
#477 = EDGE_CURVE ( 'NONE', #6385, #4117, #6423, .T. ) ;
#478 = DIRECTION ( 'NONE',  ( -0.000000000000000000, -0.000000000000000000, 1.000000000000000000 ) ) ;
#479 = DIRECTION ( 'NONE',  ( 1.000000000000000000, 0.000000000000000000, 0.000000000000000000 ) ) ;
#480 = DIRECTION ( 'NONE',  ( -1.000000000000000000, 0.000000000000000000, 0.000000000000000000 ) ) ;
#481 = DIRECTION ( 'NONE',  ( -1.000000000000000000, 0.000000000000000000, -0.000000000000000000 ) ) ;
#482 =( NAMED_UNIT ( * ) PLANE_ANGLE_UNIT ( ) SI_UNIT ( $, .RADIAN. ) );
#483 = CARTESIAN_POINT ( 'NONE',  ( -0.7749999999999996891, -0.3250000000000000666, -0.1500000000000000500 ) ) ;
#484 = FILL_AREA_STYLE ('',( #4956 ) ) ;
#485 =( NAMED_UNIT ( * ) PLANE_ANGLE_UNIT ( ) SI_UNIT ( $, .RADIAN. ) );
#486 = AXIS2_PLACEMENT_3D ( 'NONE', #2847, #5431, #447 ) ;
#487 = UNCERTAINTY_MEASURE_WITH_UNIT (LENGTH_MEASURE( 1.000000000000000082E-05 ), #1097, 'distance_accuracy_value', 'NONE');
#488 = PRESENTATION_STYLE_ASSIGNMENT (( #4960 ) ) ;
#489 = AXIS2_PLACEMENT_3D ( 'NONE', #3953, #4952, #480 ) ;
#490 = CARTESIAN_POINT ( 'NONE',  ( -1.143933982822017859, -5.174114067996492916E-16, -0.1500000000000000500 ) ) ;
#491 = ORIENTED_EDGE ( 'NONE', *, *, #4357, .F. ) ;
#492 = AXIS2_PLACEMENT_3D ( 'NONE', #1984, #4942, #2538 ) ;
#493 = DIRECTION ( 'NONE',  ( -0.000000000000000000, 1.000000000000000000, 0.000000000000000000 ) ) ;
#494 = COLOUR_RGB ( '',0.2862745098039215508, 0.2862745098039215508, 0.2862745098039215508 ) ;
#495 = LINE ( 'NONE', #555, #5490 ) ;
#496 = ORIENTED_EDGE ( 'NONE', *, *, #468, .F. ) ;
#497 =( LENGTH_UNIT ( ) NAMED_UNIT ( * ) SI_UNIT ( .MILLI., .METRE. ) );
#498 = SURFACE_SIDE_STYLE ('',( #3868 ) ) ;
#499 = LINE ( 'NONE', #5545, #6063 ) ;
#500 =( NAMED_UNIT ( * ) PLANE_ANGLE_UNIT ( ) SI_UNIT ( $, .RADIAN. ) );
#501 = ORIENTED_EDGE ( 'NONE', *, *, #3306, .F. ) ;
#502 =( LENGTH_UNIT ( ) NAMED_UNIT ( * ) SI_UNIT ( .MILLI., .METRE. ) );
#503 = VERTEX_POINT ( 'NONE', #4840 ) ;
#504 = MECHANICAL_DESIGN_GEOMETRIC_PRESENTATION_REPRESENTATION (  '', ( #5851 ), #3743 ) ;
#505 = SURFACE_STYLE_FILL_AREA ( #4423 ) ;
#506 = ORIENTED_EDGE ( 'NONE', *, *, #511, .T. ) ;
#507 = DIRECTION ( 'NONE',  ( -1.000000000000000000, 0.000000000000000000, 0.000000000000000000 ) ) ;
#508 = DIRECTION ( 'NONE',  ( -1.000000000000000000, -0.000000000000000000, -0.000000000000000000 ) ) ;
#509 = PRESENTATION_STYLE_ASSIGNMENT (( #2965 ) ) ;
#510 = CARTESIAN_POINT ( 'NONE',  ( -0.4749999999999998113, -0.8939339828220185247, -0.3500000000000000333 ) ) ;
#511 = EDGE_CURVE ( 'NONE', #666, #3808, #373, .T. ) ;
#512 = CIRCLE ( 'NONE', #4184, 0.1499999999999999667 ) ;
#513 = PRESENTATION_STYLE_ASSIGNMENT (( #4493 ) ) ;
#514 = FILL_AREA_STYLE_COLOUR ( '', #307 ) ;
#515 = VECTOR ( 'NONE', #3384, 1000.000000000000000 ) ;
#516 = SURFACE_STYLE_USAGE ( .BOTH. , #5502 ) ;
#517 = SURFACE_STYLE_FILL_AREA ( #484 ) ;
#518 = EDGE_CURVE ( 'NONE', #2438, #2826, #6232, .T. ) ;
#519 = EDGE_CURVE ( 'NONE', #5758, #608, #4776, .T. ) ;
#520 = FACE_OUTER_BOUND ( 'NONE', #1684, .T. ) ;
#521 = STYLED_ITEM ( 'NONE', ( #6008 ), #5896 ) ;
#522 = CARTESIAN_POINT ( 'NONE',  ( -1.250000000000000222, -1.000000000000000000, 0.3500000000000000333 ) ) ;
#523 = CARTESIAN_POINT ( 'NONE',  ( 1.099999999999999867, 1.000000000000000000, -0.1500000000000000500 ) ) ;
#524 = COLOUR_RGB ( '',0.8627450980392157298, 0.6274509803921568540, 0.05882352941176470507 ) ;
#525 =( NAMED_UNIT ( * ) SI_UNIT ( $, .STERADIAN. ) SOLID_ANGLE_UNIT ( ) );
#526 = SURFACE_SIDE_STYLE ('',( #455 ) ) ;
#527 = ORIENTED_EDGE ( 'NONE', *, *, #1555, .F. ) ;
#528 =( NAMED_UNIT ( * ) SI_UNIT ( $, .STERADIAN. ) SOLID_ANGLE_UNIT ( ) );
#529 = DIRECTION ( 'NONE',  ( 0.000000000000000000, 0.000000000000000000, -1.000000000000000000 ) ) ;
#530 = UNCERTAINTY_MEASURE_WITH_UNIT (LENGTH_MEASURE( 1.000000000000000082E-05 ), #3273, 'distance_accuracy_value', 'NONE');
#531 =( NAMED_UNIT ( * ) SI_UNIT ( $, .STERADIAN. ) SOLID_ANGLE_UNIT ( ) );
#532 = EDGE_LOOP ( 'NONE', ( #882, #5279, #5906, #2410 ) ) ;
#533 = CARTESIAN_POINT ( 'NONE',  ( 1.249999999999999556, -1.000000000000000444, -0.1500000000000000500 ) ) ;
#534 = EDGE_LOOP ( 'NONE', ( #73, #2466, #2249, #2572 ) ) ;
#535 = VERTEX_POINT ( 'NONE', #3818 ) ;
#536 =( NAMED_UNIT ( * ) SI_UNIT ( $, .STERADIAN. ) SOLID_ANGLE_UNIT ( ) );
#537 = LINE ( 'NONE', #3532, #94 ) ;
#538 =( LENGTH_UNIT ( ) NAMED_UNIT ( * ) SI_UNIT ( .MILLI., .METRE. ) );
#539 = DIRECTION ( 'NONE',  ( 1.000000000000000000, -2.990902544787586660E-15, 0.000000000000000000 ) ) ;
#540 = CARTESIAN_POINT ( 'NONE',  ( 0.000000000000000000, 0.000000000000000000, -0.3500000000000000333 ) ) ;
#541 = CIRCLE ( 'NONE', #1900, 0.1500000000000001887 ) ;
#542 =( NAMED_UNIT ( * ) PLANE_ANGLE_UNIT ( ) SI_UNIT ( $, .RADIAN. ) );
#543 =( GEOMETRIC_REPRESENTATION_CONTEXT ( 3 ) GLOBAL_UNCERTAINTY_ASSIGNED_CONTEXT ( ( #5085 ) ) GLOBAL_UNIT_ASSIGNED_CONTEXT ( ( #6289, #4653, #1749 ) ) REPRESENTATION_CONTEXT ( 'NONE', 'WORKASPACE' ) );
#544 = FILL_AREA_STYLE_COLOUR ( '', #201 ) ;
#545 =( LENGTH_UNIT ( ) NAMED_UNIT ( * ) SI_UNIT ( .MILLI., .METRE. ) );
#546 = CLOSED_SHELL ( 'NONE', ( #4134, #1964, #2200, #2517, #5806, #5230, #2237, #90, #3791, #4804, #6264, #4850 ) ) ;
#547 = DIRECTION ( 'NONE',  ( -0.000000000000000000, -0.000000000000000000, -1.000000000000000000 ) ) ;
#548 = ADVANCED_FACE ( 'NONE', ( #1330 ), #3329, .F. ) ;
#549 = EDGE_CURVE ( 'NONE', #5815, #566, #4521, .T. ) ;
#550 = CARTESIAN_POINT ( 'NONE',  ( -1.250000000000000000, -0.9999999999999995559, -0.1500000000000000500 ) ) ;
#551 = MECHANICAL_DESIGN_GEOMETRIC_PRESENTATION_REPRESENTATION (  '', ( #4317 ), #444 ) ;
#552 = CARTESIAN_POINT ( 'NONE',  ( 0.000000000000000000, 0.3249999999999999001, -0.3500000000000000333 ) ) ;
#553 = PRESENTATION_LAYER_ASSIGNMENT (  '', '', ( #2324 ) ) ;
#554 = ORIENTED_EDGE ( 'NONE', *, *, #314, .F. ) ;
#555 = CARTESIAN_POINT ( 'NONE',  ( -0.9000000000000003553, -0.8500000000000000888, 0.5500000000000000444 ) ) ;
#556 = PRESENTATION_LAYER_ASSIGNMENT (  '', '', ( #3386 ) ) ;
#557 = CIRCLE ( 'NONE', #341, 0.02499999999999995628 ) ;
#558 = PLANE ( 'NONE',  #852 ) ;
#559 = EDGE_CURVE ( 'NONE', #3766, #1126, #2967, .T. ) ;
#560 = LINE ( 'NONE', #2564, #973 ) ;
#561 = CARTESIAN_POINT ( 'NONE',  ( 1.249999999999999778, 1.000000000000000000, -0.1500000000000000500 ) ) ;
#562 = PRESENTATION_LAYER_ASSIGNMENT (  '', '', ( #1196 ) ) ;
#563 = DIRECTION ( 'NONE',  ( 1.000000000000000000, 0.000000000000000000, 0.000000000000000000 ) ) ;
#564 = DIRECTION ( 'NONE',  ( 0.000000000000000000, 0.000000000000000000, 1.000000000000000000 ) ) ;
#565 = COLOUR_RGB ( '',0.8627450980392157298, 0.6274509803921568540, 0.05882352941176470507 ) ;
#566 = VERTEX_POINT ( 'NONE', #2050 ) ;
#567 = VECTOR ( 'NONE', #1363, 1000.000000000000000 ) ;
#568 = VERTEX_POINT ( 'NONE', #1056 ) ;
#569 = ORIENTED_EDGE ( 'NONE', *, *, #28, .T. ) ;
#570 = SURFACE_SIDE_STYLE ('',( #1091 ) ) ;
#571 = AXIS2_PLACEMENT_3D ( 'NONE', #6218, #3692, #1703 ) ;
#572 = COLOUR_RGB ( '',0.2862745098039215508, 0.2862745098039215508, 0.2862745098039215508 ) ;
#573 = STYLED_ITEM ( 'NONE', ( #4379 ), #6464 ) ;
#574 = CARTESIAN_POINT ( 'NONE',  ( -0.4750000000000001443, 0.3249999999999999001, 0.2742640687119282661 ) ) ;
#575 = CARTESIAN_POINT ( 'NONE',  ( -0.4749999999999998668, -0.6250000000000008882, -0.1500000000000000500 ) ) ;
#576 = STYLED_ITEM ( 'NONE', ( #1325 ), #4804 ) ;
#577 = AXIS2_PLACEMENT_3D ( 'NONE', #3627, #2962, #472 ) ;
#578 = FACE_OUTER_BOUND ( 'NONE', #6442, .T. ) ;
#579 = DIRECTION ( 'NONE',  ( -0.000000000000000000, -0.000000000000000000, -1.000000000000000000 ) ) ;
#580 = ORIENTED_EDGE ( 'NONE', *, *, #5731, .F. ) ;
#581 = CARTESIAN_POINT ( 'NONE',  ( -1.250000000000000000, -0.9999999999999995559, -0.1500000000000000500 ) ) ;
#582 = STYLED_ITEM ( 'NONE', ( #6320 ), #4983 ) ;
#583 = CIRCLE ( 'NONE', #3926, 0.2250000000000000611 ) ;
#584 =( LENGTH_UNIT ( ) NAMED_UNIT ( * ) SI_UNIT ( .MILLI., .METRE. ) );
#585 = CARTESIAN_POINT ( 'NONE',  ( 0.8999999999999998002, -0.8500000000000000888, 0.5500000000000000444 ) ) ;
#586 = SURFACE_SIDE_STYLE ('',( #5056 ) ) ;
#587 = DIRECTION ( 'NONE',  ( 1.000000000000000000, 0.000000000000000000, 0.000000000000000000 ) ) ;
#588 =( GEOMETRIC_REPRESENTATION_CONTEXT ( 3 ) GLOBAL_UNCERTAINTY_ASSIGNED_CONTEXT ( ( #1235 ) ) GLOBAL_UNIT_ASSIGNED_CONTEXT ( ( #5552, #5114, #6156 ) ) REPRESENTATION_CONTEXT ( 'NONE', 'WORKASPACE' ) );
#589 = EDGE_CURVE ( 'NONE', #117, #3189, #4945, .T. ) ;
#590 = CYLINDRICAL_SURFACE ( 'NONE', #159, 0.2225000000000002531 ) ;
#591 = EDGE_CURVE ( 'NONE', #4046, #5149, #2441, .T. ) ;
#592 = VERTEX_POINT ( 'NONE', #4981 ) ;
#593 = EDGE_CURVE ( 'NONE', #3352, #3622, #1493, .T. ) ;
#594 = DIRECTION ( 'NONE',  ( 0.000000000000000000, 0.000000000000000000, 1.000000000000000000 ) ) ;
#595 = CARTESIAN_POINT ( 'NONE',  ( 1.099999999999999645, -1.000000000000000444, -0.1500000000000000500 ) ) ;
#596 = VECTOR ( 'NONE', #2210, 1000.000000000000000 ) ;
#597 = CARTESIAN_POINT ( 'NONE',  ( -1.143933982822017636, 0.000000000000000000, -0.1500000000000000500 ) ) ;
#598 = DIRECTION ( 'NONE',  ( 2.990902544787586660E-15, -1.000000000000000000, 0.000000000000000000 ) ) ;
#599 = UNCERTAINTY_MEASURE_WITH_UNIT (LENGTH_MEASURE( 1.000000000000000082E-05 ), #5905, 'distance_accuracy_value', 'NONE');
#600 = CARTESIAN_POINT ( 'NONE',  ( 1.249999999999999778, -0.7775000000000001910, -0.1500000000000000500 ) ) ;
#601 = VECTOR ( 'NONE', #819, 1000.000000000000000 ) ;
#602 = DIRECTION ( 'NONE',  ( 1.000000000000000000, 5.613672572362096360E-16, 0.000000000000000000 ) ) ;
#603 = MECHANICAL_DESIGN_GEOMETRIC_PRESENTATION_REPRESENTATION (  '', ( #2802 ), #710 ) ;
#604 = PRESENTATION_STYLE_ASSIGNMENT (( #808 ) ) ;
#605 = ORIENTED_EDGE ( 'NONE', *, *, #4932, .T. ) ;
#606 = EDGE_CURVE ( 'NONE', #3572, #2077, #22, .T. ) ;
#607 = PLANE ( 'NONE',  #141 ) ;
#608 = VERTEX_POINT ( 'NONE', #510 ) ;
#609 = PLANE ( 'NONE',  #3811 ) ;
#610 = ORIENTED_EDGE ( 'NONE', *, *, #5195, .F. ) ;
#611 = CARTESIAN_POINT ( 'NONE',  ( 1.143933982822017859, -5.174114067996492916E-16, -0.1500000000000000500 ) ) ;
#612 = DIRECTION ( 'NONE',  ( -0.000000000000000000, -0.000000000000000000, -1.000000000000000000 ) ) ;
#613 = LINE ( 'NONE', #6051, #5089 ) ;
#614 = AXIS2_PLACEMENT_3D ( 'NONE', #3554, #4555, #6122 ) ;
#615 =( NAMED_UNIT ( * ) SI_UNIT ( $, .STERADIAN. ) SOLID_ANGLE_UNIT ( ) );
#616 = ORIENTED_EDGE ( 'NONE', *, *, #6411, .T. ) ;
#617 = CIRCLE ( 'NONE', #4270, 0.2225000000000002531 ) ;
#618 = DIRECTION ( 'NONE',  ( 0.000000000000000000, 0.000000000000000000, -1.000000000000000000 ) ) ;
#619 = ORIENTED_EDGE ( 'NONE', *, *, #4343, .T. ) ;
#620 = SURFACE_STYLE_FILL_AREA ( #4099 ) ;
#621 = CARTESIAN_POINT ( 'NONE',  ( 0.4749999999999998668, -0.3250000000000000111, -0.3500000000000000333 ) ) ;
#622 = AXIS2_PLACEMENT_3D ( 'NONE', #743, #3332, #2315 ) ;
#623 = SHAPE_DEFINITION_REPRESENTATION ( #4304, #286 ) ;
#624 = CARTESIAN_POINT ( 'NONE',  ( 5.018252680870376225E-16, -0.8939339828220187467, -0.3500000000000000333 ) ) ;
#625 =( GEOMETRIC_REPRESENTATION_CONTEXT ( 3 ) GLOBAL_UNCERTAINTY_ASSIGNED_CONTEXT ( ( #4002 ) ) GLOBAL_UNIT_ASSIGNED_CONTEXT ( ( #1413, #306, #5824 ) ) REPRESENTATION_CONTEXT ( 'NONE', 'WORKASPACE' ) );
#626 = SURFACE_STYLE_USAGE ( .BOTH. , #1072 ) ;
#627 = VERTEX_POINT ( 'NONE', #1589 ) ;
#628 = LINE ( 'NONE', #4228, #4501 ) ;
#629 = AXIS2_PLACEMENT_3D ( 'NONE', #6125, #6092, #5189 ) ;
#630 = EDGE_CURVE ( 'NONE', #608, #148, #476, .T. ) ;
#631 = DIRECTION ( 'NONE',  ( 1.000000000000000000, 0.000000000000000000, 0.000000000000000000 ) ) ;
#632 =( LENGTH_UNIT ( ) NAMED_UNIT ( * ) SI_UNIT ( .MILLI., .METRE. ) );
#633 = ORIENTED_EDGE ( 'NONE', *, *, #2878, .F. ) ;
#634 = ORIENTED_EDGE ( 'NONE', *, *, #1911, .T. ) ;
#635 = STYLED_ITEM ( 'NONE', ( #3231 ), #5063 ) ;
#636 = ORIENTED_EDGE ( 'NONE', *, *, #119, .F. ) ;
#637 = EDGE_CURVE ( 'NONE', #148, #1136, #6460, .T. ) ;
#638 = ADVANCED_FACE ( 'NONE', ( #1954 ), #4491, .F. ) ;
#639 = CARTESIAN_POINT ( 'NONE',  ( 1.143933982822017636, 0.3249999999999999001, -0.3500000000000000333 ) ) ;
#640 = PRESENTATION_STYLE_ASSIGNMENT (( #5670 ) ) ;
#641 = CARTESIAN_POINT ( 'NONE',  ( -0.9000000000000003553, -0.6500000000000001332, 0.6500000000000001332 ) ) ;
#642 = LINE ( 'NONE', #3161, #5751 ) ;
#643 = PRESENTATION_STYLE_ASSIGNMENT (( #1747 ) ) ;
#644 = ORIENTED_EDGE ( 'NONE', *, *, #3727, .T. ) ;
#645 = FACE_OUTER_BOUND ( 'NONE', #1380, .T. ) ;
#646 = FACE_OUTER_BOUND ( 'NONE', #2447, .T. ) ;
#647 = ORIENTED_EDGE ( 'NONE', *, *, #2205, .F. ) ;
#648 = CARTESIAN_POINT ( 'NONE',  ( 1.054407950059312871, -0.8939339828220180806, -0.1500000000000000500 ) ) ;
#649 = DIRECTION ( 'NONE',  ( 0.000000000000000000, 0.000000000000000000, -1.000000000000000000 ) ) ;
#650 = UNCERTAINTY_MEASURE_WITH_UNIT (LENGTH_MEASURE( 1.000000000000000082E-05 ), #4974, 'distance_accuracy_value', 'NONE');
#651 = PRESENTATION_STYLE_ASSIGNMENT (( #2121 ) ) ;
#652 =( NAMED_UNIT ( * ) SI_UNIT ( $, .STERADIAN. ) SOLID_ANGLE_UNIT ( ) );
#653 =( NAMED_UNIT ( * ) PLANE_ANGLE_UNIT ( ) SI_UNIT ( $, .RADIAN. ) );
#654 = FILL_AREA_STYLE_COLOUR ( '', #1463 ) ;
#655 = PRODUCT_CONTEXT ( 'NONE', #1812, 'mechanical' ) ;
#656 = CARTESIAN_POINT ( 'NONE',  ( -1.053514143716457933E-16, -0.3249999999999998446, -0.1500000000000000500 ) ) ;
#657 =( NAMED_UNIT ( * ) PLANE_ANGLE_UNIT ( ) SI_UNIT ( $, .RADIAN. ) );
#658 = VECTOR ( 'NONE', #161, 1000.000000000000000 ) ;
#659 = ORIENTED_EDGE ( 'NONE', *, *, #5974, .F. ) ;
#660 = FILL_AREA_STYLE_COLOUR ( '', #3993 ) ;
#661 = LINE ( 'NONE', #6006, #6103 ) ;
#662 = FACE_OUTER_BOUND ( 'NONE', #1948, .T. ) ;
#663 = DIRECTION ( 'NONE',  ( 0.000000000000000000, 0.000000000000000000, 1.000000000000000000 ) ) ;
#664 =( NAMED_UNIT ( * ) SI_UNIT ( $, .STERADIAN. ) SOLID_ANGLE_UNIT ( ) );
#665 = DIRECTION ( 'NONE',  ( 1.000000000000000000, 0.000000000000000000, 0.000000000000000000 ) ) ;
#666 = VERTEX_POINT ( 'NONE', #2211 ) ;
#667 =( GEOMETRIC_REPRESENTATION_CONTEXT ( 3 ) GLOBAL_UNCERTAINTY_ASSIGNED_CONTEXT ( ( #1466 ) ) GLOBAL_UNIT_ASSIGNED_CONTEXT ( ( #1366, #831, #3362 ) ) REPRESENTATION_CONTEXT ( 'NONE', 'WORKASPACE' ) );
#668 = ORIENTED_EDGE ( 'NONE', *, *, #4053, .T. ) ;
#669 = VERTEX_POINT ( 'NONE', #1229 ) ;
#670 = STYLED_ITEM ( 'NONE', ( #2925 ), #782 ) ;
#671 = DIRECTION ( 'NONE',  ( 0.000000000000000000, 0.000000000000000000, -1.000000000000000000 ) ) ;
#672 = SURFACE_STYLE_USAGE ( .BOTH. , #2272 ) ;
#673 = CARTESIAN_POINT ( 'NONE',  ( -1.143933982822017636, 0.000000000000000000, -0.1500000000000000500 ) ) ;
#674 = FACE_OUTER_BOUND ( 'NONE', #5798, .T. ) ;
#675 = DIRECTION ( 'NONE',  ( 0.000000000000000000, -1.000000000000000000, 0.000000000000000000 ) ) ;
#676 = VERTEX_POINT ( 'NONE', #4123 ) ;
#677 = DIRECTION ( 'NONE',  ( 0.000000000000000000, -0.000000000000000000, 1.000000000000000000 ) ) ;
#678 =( GEOMETRIC_REPRESENTATION_CONTEXT ( 3 ) GLOBAL_UNCERTAINTY_ASSIGNED_CONTEXT ( ( #5199 ) ) GLOBAL_UNIT_ASSIGNED_CONTEXT ( ( #1050, #4549, #3459 ) ) REPRESENTATION_CONTEXT ( 'NONE', 'WORKASPACE' ) );
#679 = FILL_AREA_STYLE ('',( #3633 ) ) ;
#680 = EDGE_CURVE ( 'NONE', #144, #2980, #3225, .T. ) ;
#681 = ORIENTED_EDGE ( 'NONE', *, *, #384, .T. ) ;
#682 = LINE ( 'NONE', #2093, #4000 ) ;
#683 = MECHANICAL_DESIGN_GEOMETRIC_PRESENTATION_REPRESENTATION (  '', ( #3509 ), #2248 ) ;
#684 = PLANE ( 'NONE',  #577 ) ;
#685 = DIRECTION ( 'NONE',  ( -1.000000000000000000, 0.000000000000000000, 0.000000000000000000 ) ) ;
#686 =( GEOMETRIC_REPRESENTATION_CONTEXT ( 3 ) GLOBAL_UNCERTAINTY_ASSIGNED_CONTEXT ( ( #2808 ) ) GLOBAL_UNIT_ASSIGNED_CONTEXT ( ( #6427, #2449, #2294 ) ) REPRESENTATION_CONTEXT ( 'NONE', 'WORKASPACE' ) );
#687 = EDGE_CURVE ( 'NONE', #3728, #6456, #40, .T. ) ;
#688 =( LENGTH_UNIT ( ) NAMED_UNIT ( * ) SI_UNIT ( .MILLI., .METRE. ) );
#689 = STYLED_ITEM ( 'NONE', ( #1214 ), #2762 ) ;
#690 = CIRCLE ( 'NONE', #5607, 0.2225000000000000311 ) ;
#691 = CIRCLE ( 'NONE', #360, 0.1499999999999999667 ) ;
#692 = SURFACE_STYLE_USAGE ( .BOTH. , #4287 ) ;
#693 = PRESENTATION_STYLE_ASSIGNMENT (( #174 ) ) ;
#694 = PRESENTATION_LAYER_ASSIGNMENT (  '', '', ( #4341 ) ) ;
#695 = CARTESIAN_POINT ( 'NONE',  ( 1.143933982822017414, -0.8044079500593137588, -0.3500000000000000333 ) ) ;
#696 = PRESENTATION_LAYER_ASSIGNMENT (  '', '', ( #3416 ) ) ;
#697 = SURFACE_SIDE_STYLE ('',( #2069 ) ) ;
#698 = SURFACE_STYLE_FILL_AREA ( #5100 ) ;
#699 = SURFACE_STYLE_USAGE ( .BOTH. , #1676 ) ;
#700 =( NAMED_UNIT ( * ) SI_UNIT ( $, .STERADIAN. ) SOLID_ANGLE_UNIT ( ) );
#701 = ORIENTED_EDGE ( 'NONE', *, *, #5205, .T. ) ;
#702 = STYLED_ITEM ( 'NONE', ( #2955 ), #3519 ) ;
#703 =( LENGTH_UNIT ( ) NAMED_UNIT ( * ) SI_UNIT ( .MILLI., .METRE. ) );
#704 = EDGE_LOOP ( 'NONE', ( #3649, #5865, #4505, #3551 ) ) ;
#705 = ORIENTED_EDGE ( 'NONE', *, *, #1265, .T. ) ;
#706 =( NAMED_UNIT ( * ) PLANE_ANGLE_UNIT ( ) SI_UNIT ( $, .RADIAN. ) );
#707 = ORIENTED_EDGE ( 'NONE', *, *, #3785, .F. ) ;
#708 = PRESENTATION_STYLE_ASSIGNMENT (( #4616 ) ) ;
#709 = AXIS2_PLACEMENT_3D ( 'NONE', #5475, #2951, #3385 ) ;
#710 =( GEOMETRIC_REPRESENTATION_CONTEXT ( 3 ) GLOBAL_UNCERTAINTY_ASSIGNED_CONTEXT ( ( #4193 ) ) GLOBAL_UNIT_ASSIGNED_CONTEXT ( ( #1063, #542, #2021 ) ) REPRESENTATION_CONTEXT ( 'NONE', 'WORKASPACE' ) );
#711 = LINE ( 'NONE', #5639, #1100 ) ;
#712 = FILL_AREA_STYLE ('',( #5153 ) ) ;
#713 = SURFACE_STYLE_FILL_AREA ( #5191 ) ;
#714 = UNCERTAINTY_MEASURE_WITH_UNIT (LENGTH_MEASURE( 1.000000000000000082E-05 ), #4258, 'distance_accuracy_value', 'NONE');
#715 = EDGE_CURVE ( 'NONE', #3278, #2325, #1613, .T. ) ;
#716 =( LENGTH_UNIT ( ) NAMED_UNIT ( * ) SI_UNIT ( .MILLI., .METRE. ) );
#717 = SURFACE_STYLE_FILL_AREA ( #203 ) ;
#718 = TOROIDAL_SURFACE ( 'NONE', #1437, 0.1650000000000000633, 0.02500000000000000139 ) ;
#719 = FILL_AREA_STYLE_COLOUR ( '', #565 ) ;
#720 = ADVANCED_FACE ( 'NONE', ( #253 ), #5116, .F. ) ;
#721 = EDGE_CURVE ( 'NONE', #2091, #2009, #283, .T. ) ;
#722 = AXIS2_PLACEMENT_3D ( 'NONE', #4603, #3117, #1579 ) ;
#723 = CARTESIAN_POINT ( 'NONE',  ( -0.7749999999999996891, -0.3250000000000000666, -0.3500000000000000333 ) ) ;
#724 = CYLINDRICAL_SURFACE ( 'NONE', #2977, 0.2225000000000000311 ) ;
#725 = DIRECTION ( 'NONE',  ( -1.000000000000000000, 0.000000000000000000, 0.000000000000000000 ) ) ;
#726 = CARTESIAN_POINT ( 'NONE',  ( 1.249999999999999778, -0.7775000000000001910, -0.1500000000000000500 ) ) ;
#727 = DIRECTION ( 'NONE',  ( -1.000000000000000000, 0.000000000000000000, 0.000000000000000000 ) ) ;
#728 = AXIS2_PLACEMENT_3D ( 'NONE', #2816, #4779, #6326 ) ;
#729 = VERTEX_POINT ( 'NONE', #6384 ) ;
#730 = DIRECTION ( 'NONE',  ( 1.000000000000000000, 2.990902544787608354E-15, 0.000000000000000000 ) ) ;
#731 = FILL_AREA_STYLE_COLOUR ( '', #5032 ) ;
#732 = ORIENTED_EDGE ( 'NONE', *, *, #5931, .F. ) ;
#733 = ORIENTED_EDGE ( 'NONE', *, *, #2278, .T. ) ;
#734 = LINE ( 'NONE', #6255, #1101 ) ;
#735 = DIRECTION ( 'NONE',  ( -0.000000000000000000, -0.000000000000000000, -1.000000000000000000 ) ) ;
#736 =( NAMED_UNIT ( * ) SI_UNIT ( $, .STERADIAN. ) SOLID_ANGLE_UNIT ( ) );
#737 = DIRECTION ( 'NONE',  ( -1.000000000000000000, 0.000000000000000000, 0.000000000000000000 ) ) ;
#738 = ORIENTED_EDGE ( 'NONE', *, *, #2952, .F. ) ;
#739 = FILL_AREA_STYLE_COLOUR ( '', #4407 ) ;
#740 = VERTEX_POINT ( 'NONE', #1876 ) ;
#741 = CARTESIAN_POINT ( 'NONE',  ( 1.249999999999999778, 0.7775000000000000799, -0.1500000000000000500 ) ) ;
#742 = SURFACE_STYLE_FILL_AREA ( #4168 ) ;
#743 = CARTESIAN_POINT ( 'NONE',  ( -0.8150000000000002798, -0.5650000000000002798, 0.6500000000000001332 ) ) ;
#744 =( LENGTH_UNIT ( ) NAMED_UNIT ( * ) SI_UNIT ( .MILLI., .METRE. ) );
#745 =( NAMED_UNIT ( * ) SI_UNIT ( $, .STERADIAN. ) SOLID_ANGLE_UNIT ( ) );
#746 = LINE ( 'NONE', #2756, #1064 ) ;
#747 = ADVANCED_FACE ( 'NONE', ( #2274 ), #3871, .T. ) ;
#748 = EDGE_CURVE ( 'NONE', #2181, #4560, #6328, .T. ) ;
#749 = CARTESIAN_POINT ( 'NONE',  ( 1.027499999999999858, 1.000000000000000000, -0.1500000000000000500 ) ) ;
#750 = CARTESIAN_POINT ( 'NONE',  ( 1.014999999999999902, 0.6499999999999999112, 0.6500000000000001332 ) ) ;
#751 = CIRCLE ( 'NONE', #4113, 0.2225000000000000311 ) ;
#752 =( NAMED_UNIT ( * ) SI_UNIT ( $, .STERADIAN. ) SOLID_ANGLE_UNIT ( ) );
#753 = ORIENTED_EDGE ( 'NONE', *, *, #1309, .F. ) ;
#754 = CARTESIAN_POINT ( 'NONE',  ( 5.018252680870376225E-16, -0.8939339828220187467, -0.1500000000000000500 ) ) ;
#755 = ORIENTED_EDGE ( 'NONE', *, *, #432, .T. ) ;
#756 = EDGE_CURVE ( 'NONE', #1007, #2091, #5365, .T. ) ;
#757 = DIRECTION ( 'NONE',  ( 0.000000000000000000, 0.000000000000000000, -1.000000000000000000 ) ) ;
#758 = VERTEX_POINT ( 'NONE', #401 ) ;
#759 = DIRECTION ( 'NONE',  ( -0.000000000000000000, -1.000000000000000000, 0.000000000000000000 ) ) ;
#760 =( NAMED_UNIT ( * ) PLANE_ANGLE_UNIT ( ) SI_UNIT ( $, .RADIAN. ) );
#761 = SURFACE_SIDE_STYLE ('',( #2739 ) ) ;
#762 = DIRECTION ( 'NONE',  ( 1.000000000000000000, 0.000000000000000000, 0.000000000000000000 ) ) ;
#763 = ORIENTED_EDGE ( 'NONE', *, *, #2944, .F. ) ;
#764 =( LENGTH_UNIT ( ) NAMED_UNIT ( * ) SI_UNIT ( .MILLI., .METRE. ) );
#765 = UNCERTAINTY_MEASURE_WITH_UNIT (LENGTH_MEASURE( 1.000000000000000082E-05 ), #5736, 'distance_accuracy_value', 'NONE');
#766 = EDGE_LOOP ( 'NONE', ( #2422, #4552, #5074, #4992 ) ) ;
#767 = SURFACE_SIDE_STYLE ('',( #1262 ) ) ;
#768 = DIRECTION ( 'NONE',  ( 0.000000000000000000, 0.000000000000000000, 1.000000000000000000 ) ) ;
#769 = MECHANICAL_DESIGN_GEOMETRIC_PRESENTATION_REPRESENTATION (  '', ( #4824 ), #678 ) ;
#770 = EDGE_LOOP ( 'NONE', ( #4894, #2308, #2532, #1681 ) ) ;
#771 = PRESENTATION_LAYER_ASSIGNMENT (  '', '', ( #2252 ) ) ;
#772 = SURFACE_SIDE_STYLE ('',( #1825 ) ) ;
#773 =( GEOMETRIC_REPRESENTATION_CONTEXT ( 3 ) GLOBAL_UNCERTAINTY_ASSIGNED_CONTEXT ( ( #2332 ) ) GLOBAL_UNIT_ASSIGNED_CONTEXT ( ( #4996, #5911, #3999 ) ) REPRESENTATION_CONTEXT ( 'NONE', 'WORKASPACE' ) );
#774 = PRESENTATION_LAYER_ASSIGNMENT (  '', '', ( #1827 ) ) ;
#775 = UNCERTAINTY_MEASURE_WITH_UNIT (LENGTH_MEASURE( 1.000000000000000082E-05 ), #716, 'distance_accuracy_value', 'NONE');
#776 =( NAMED_UNIT ( * ) PLANE_ANGLE_UNIT ( ) SI_UNIT ( $, .RADIAN. ) );
#777 = AXIS2_PLACEMENT_3D ( 'NONE', #5471, #579, #4815 ) ;
#778 = PRESENTATION_STYLE_ASSIGNMENT (( #4757 ) ) ;
#779 = EDGE_CURVE ( 'NONE', #535, #2250, #4135, .T. ) ;
#780 = SURFACE_STYLE_FILL_AREA ( #1200 ) ;
#781 = STYLED_ITEM ( 'NONE', ( #1340 ), #4893 ) ;
#782 = ADVANCED_FACE ( 'NONE', ( #3751 ), #4302, .F. ) ;
#783 = EDGE_LOOP ( 'NONE', ( #1523, #4340, #4155, #1704 ) ) ;
#784 = ORIENTED_EDGE ( 'NONE', *, *, #591, .T. ) ;
#785 = FILL_AREA_STYLE ('',( #5880 ) ) ;
#786 = FILL_AREA_STYLE ('',( #5277 ) ) ;
#787 = ORIENTED_EDGE ( 'NONE', *, *, #4497, .F. ) ;
#788 = SURFACE_STYLE_FILL_AREA ( #5783 ) ;
#789 = SURFACE_STYLE_USAGE ( .BOTH. , #4825 ) ;
#790 = AXIS2_PLACEMENT_3D ( 'NONE', #5698, #3806, #2273 ) ;
#791 = LINE ( 'NONE', #2774, #601 ) ;
#792 =( LENGTH_UNIT ( ) NAMED_UNIT ( * ) SI_UNIT ( .MILLI., .METRE. ) );
#793 = CIRCLE ( 'NONE', #486, 0.02499999999999995628 ) ;
#794 = CARTESIAN_POINT ( 'NONE',  ( -1.143933982822017636, 0.000000000000000000, -0.3500000000000000333 ) ) ;
#795 = ORIENTED_EDGE ( 'NONE', *, *, #3988, .T. ) ;
#796 = FILL_AREA_STYLE_COLOUR ( '', #6177 ) ;
#797 = ORIENTED_EDGE ( 'NONE', *, *, #715, .T. ) ;
#798 = PRESENTATION_LAYER_ASSIGNMENT (  '', '', ( #182 ) ) ;
#799 = SURFACE_STYLE_FILL_AREA ( #5291 ) ;
#800 = CARTESIAN_POINT ( 'NONE',  ( 1.053514143716457933E-16, -0.3249999999999998446, -0.1500000000000000500 ) ) ;
#801 = STYLED_ITEM ( 'NONE', ( #4023 ), #2909 ) ;
#802 = ORIENTED_EDGE ( 'NONE', *, *, #242, .T. ) ;
#803 =( NAMED_UNIT ( * ) PLANE_ANGLE_UNIT ( ) SI_UNIT ( $, .RADIAN. ) );
#804 = DIRECTION ( 'NONE',  ( 1.000000000000000000, 0.000000000000000000, -0.000000000000000000 ) ) ;
#805 = MECHANICAL_DESIGN_GEOMETRIC_PRESENTATION_REPRESENTATION (  '', ( #3213 ), #2176 ) ;
#806 = LINE ( 'NONE', #1791, #6390 ) ;
#807 = FILL_AREA_STYLE_COLOUR ( '', #2698 ) ;
#808 = SURFACE_STYLE_USAGE ( .BOTH. , #3185 ) ;
#809 = MECHANICAL_DESIGN_GEOMETRIC_PRESENTATION_REPRESENTATION (  '', ( #3439 ), #4986 ) ;
#810 = AXIS2_PLACEMENT_3D ( 'NONE', #5843, #5971, #1464 ) ;
#811 = EDGE_LOOP ( 'NONE', ( #3437, #2359, #4578, #364 ) ) ;
#812 = DIRECTION ( 'NONE',  ( 1.000000000000000000, 0.000000000000000000, 0.000000000000000000 ) ) ;
#813 = ORIENTED_EDGE ( 'NONE', *, *, #832, .F. ) ;
#814 = MECHANICAL_DESIGN_GEOMETRIC_PRESENTATION_REPRESENTATION (  '', ( #6279 ), #1666 ) ;
#815 = ORIENTED_EDGE ( 'NONE', *, *, #6463, .T. ) ;
#816 =( LENGTH_UNIT ( ) NAMED_UNIT ( * ) SI_UNIT ( .MILLI., .METRE. ) );
#817 = DIRECTION ( 'NONE',  ( -1.000000000000000000, 0.000000000000000000, 0.000000000000000000 ) ) ;
#818 = CARTESIAN_POINT ( 'NONE',  ( -0.8150000000000002798, -0.5650000000000002798, 0.6400000000000000133 ) ) ;
#819 = DIRECTION ( 'NONE',  ( 0.000000000000000000, 0.000000000000000000, -1.000000000000000000 ) ) ;
#820 = DIRECTION ( 'NONE',  ( -1.000000000000000000, -1.949127501097533734E-15, 0.000000000000000000 ) ) ;
#821 = DIRECTION ( 'NONE',  ( 0.000000000000000000, -1.000000000000000000, 0.000000000000000000 ) ) ;
#822 = ORIENTED_EDGE ( 'NONE', *, *, #3408, .T. ) ;
#823 = SURFACE_STYLE_FILL_AREA ( #5791 ) ;
#824 = CARTESIAN_POINT ( 'NONE',  ( 0.000000000000000000, 0.000000000000000000, -0.1500000000000000500 ) ) ;
#825 = ADVANCED_FACE ( 'NONE', ( #1417 ), #463, .F. ) ;
#827 = ADVANCED_FACE ( 'NONE', ( #5954 ), #14, .T. ) ;
#826 = ORIENTED_EDGE ( 'NONE', *, *, #1167, .T. ) ;
#828 = SURFACE_SIDE_STYLE ('',( #4307 ) ) ;
#829 = AXIS2_PLACEMENT_3D ( 'NONE', #157, #3590, #1171 ) ;
#830 = DIRECTION ( 'NONE',  ( 1.000000000000000000, 0.000000000000000000, 0.000000000000000000 ) ) ;
#831 =( NAMED_UNIT ( * ) PLANE_ANGLE_UNIT ( ) SI_UNIT ( $, .RADIAN. ) );
#832 = EDGE_CURVE ( 'NONE', #1621, #3419, #348, .T. ) ;
#833 = ORIENTED_EDGE ( 'NONE', *, *, #2723, .T. ) ;
#834 =( NAMED_UNIT ( * ) SI_UNIT ( $, .STERADIAN. ) SOLID_ANGLE_UNIT ( ) );
#835 = PRESENTATION_LAYER_ASSIGNMENT (  '', '', ( #635 ) ) ;
#836 = CARTESIAN_POINT ( 'NONE',  ( 1.249999999999999778, -1.000000000000000000, -0.3510000000000000897 ) ) ;
#837 = CARTESIAN_POINT ( 'NONE',  ( 1.027499999999999858, 1.000000000000000000, -0.1500000000000000500 ) ) ;
#838 = PRESENTATION_STYLE_ASSIGNMENT (( #2349 ) ) ;
#839 =( NAMED_UNIT ( * ) PLANE_ANGLE_UNIT ( ) SI_UNIT ( $, .RADIAN. ) );
#840 = SURFACE_STYLE_USAGE ( .BOTH. , #3986 ) ;
#841 = EDGE_LOOP ( 'NONE', ( #5314, #6163, #4763, #3389 ) ) ;
#842 = SURFACE_SIDE_STYLE ('',( #5366 ) ) ;
#843 = ORIENTED_EDGE ( 'NONE', *, *, #168, .F. ) ;
#844 = CARTESIAN_POINT ( 'NONE',  ( 1.143933982822017636, 0.3249999999999999001, -0.1500000000000000500 ) ) ;
#845 = CARTESIAN_POINT ( 'NONE',  ( -1.100000000000000311, -0.8500000000000000888, 0.5500000000000000444 ) ) ;
#846 = EDGE_LOOP ( 'NONE', ( #4785, #6043 ) ) ;
#847 =( NAMED_UNIT ( * ) PLANE_ANGLE_UNIT ( ) SI_UNIT ( $, .RADIAN. ) );
#848 = CARTESIAN_POINT ( 'NONE',  ( -0.9000000000000001332, 0.7650000000000001243, 0.6250000000000001110 ) ) ;
#849 = FILL_AREA_STYLE_COLOUR ( '', #3947 ) ;
#850 = CARTESIAN_POINT ( 'NONE',  ( 1.099999999999999867, 1.010000000000000009, 0.5500000000000000444 ) ) ;
#851 = ORIENTED_EDGE ( 'NONE', *, *, #5521, .T. ) ;
#852 = AXIS2_PLACEMENT_3D ( 'NONE', #1152, #6107, #2068 ) ;
#853 = CARTESIAN_POINT ( 'NONE',  ( -1.100000000000000311, 0.8500000000000000888, 0.5500000000000000444 ) ) ;
#854 = ORIENTED_EDGE ( 'NONE', *, *, #1920, .T. ) ;
#855 = VERTEX_POINT ( 'NONE', #2074 ) ;
#856 =( GEOMETRIC_REPRESENTATION_CONTEXT ( 3 ) GLOBAL_UNCERTAINTY_ASSIGNED_CONTEXT ( ( #1538 ) ) GLOBAL_UNIT_ASSIGNED_CONTEXT ( ( #4031, #6027, #5941 ) ) REPRESENTATION_CONTEXT ( 'NONE', 'WORKASPACE' ) );
#857 = EDGE_CURVE ( 'NONE', #879, #2607, #3119, .T. ) ;
#858 = PRESENTATION_LAYER_ASSIGNMENT (  '', '', ( #2439 ) ) ;
#859 = FILL_AREA_STYLE_COLOUR ( '', #2150 ) ;
#860 = CARTESIAN_POINT ( 'NONE',  ( 1.249999999999997113, 3.738628180984502455E-15, -0.1500000000000000500 ) ) ;
#861 = ADVANCED_FACE ( 'NONE', ( #1580 ), #2818, .F. ) ;
#862 = ADVANCED_FACE ( 'NONE', ( #6188 ), #4080, .T. ) ;
#863 = EDGE_LOOP ( 'NONE', ( #1419, #2268, #1777, #6487 ) ) ;
#864 = VECTOR ( 'NONE', #1391, 1000.000000000000000 ) ;
#865 =( NAMED_UNIT ( * ) SI_UNIT ( $, .STERADIAN. ) SOLID_ANGLE_UNIT ( ) );
#866 =( NAMED_UNIT ( * ) PLANE_ANGLE_UNIT ( ) SI_UNIT ( $, .RADIAN. ) );
#867 = DIRECTION ( 'NONE',  ( -1.000000000000000000, 0.000000000000000000, 0.000000000000000000 ) ) ;
#868 = CARTESIAN_POINT ( 'NONE',  ( 0.000000000000000000, 0.000000000000000000, -0.1500000000000000500 ) ) ;
#869 = STYLED_ITEM ( 'NONE', ( #5716 ), #3791 ) ;
#870 = ADVANCED_FACE ( 'NONE', ( #5622 ), #1298, .F. ) ;
#871 = DIRECTION ( 'NONE',  ( 1.000000000000000000, 0.000000000000000000, 0.000000000000000000 ) ) ;
#872 = MECHANICAL_DESIGN_GEOMETRIC_PRESENTATION_REPRESENTATION (  '', ( #4938 ), #264 ) ;
#873 = FILL_AREA_STYLE_COLOUR ( '', #5382 ) ;
#874 =( NAMED_UNIT ( * ) PLANE_ANGLE_UNIT ( ) SI_UNIT ( $, .RADIAN. ) );
#875 =( LENGTH_UNIT ( ) NAMED_UNIT ( * ) SI_UNIT ( .MILLI., .METRE. ) );
#876 = AXIS2_PLACEMENT_3D ( 'NONE', #5804, #4434, #2378 ) ;
#877 = STYLED_ITEM ( 'NONE', ( #1715 ), #4699 ) ;
#878 = ORIENTED_EDGE ( 'NONE', *, *, #5154, .F. ) ;
#879 = VERTEX_POINT ( 'NONE', #5901 ) ;
#880 = SURFACE_SIDE_STYLE ('',( #2300 ) ) ;
#881 = DIRECTION ( 'NONE',  ( -0.000000000000000000, -1.000000000000000000, -0.000000000000000000 ) ) ;
#882 = ORIENTED_EDGE ( 'NONE', *, *, #756, .F. ) ;
#883 = PLANE ( 'NONE',  #3802 ) ;
#884 = CARTESIAN_POINT ( 'NONE',  ( -0.9000000000000003553, 0.6500000000000001332, 0.6250000000000001110 ) ) ;
#885 = VECTOR ( 'NONE', #1878, 1000.000000000000000 ) ;
#886 = CYLINDRICAL_SURFACE ( 'NONE', #3556, 0.02499999999999995628 ) ;
#887 = PRESENTATION_STYLE_ASSIGNMENT (( #5380 ) ) ;
#888 =( NAMED_UNIT ( * ) PLANE_ANGLE_UNIT ( ) SI_UNIT ( $, .RADIAN. ) );
#889 = DIRECTION ( 'NONE',  ( 1.000000000000000000, 0.000000000000000000, -0.000000000000000000 ) ) ;
#890 = EDGE_LOOP ( 'NONE', ( #310, #6281, #5664, #4191 ) ) ;
#891 = ORIENTED_EDGE ( 'NONE', *, *, #3478, .T. ) ;
#892 = VERTEX_POINT ( 'NONE', #4782 ) ;
#893 = VECTOR ( 'NONE', #2865, 1000.000000000000000 ) ;
#894 =( NAMED_UNIT ( * ) PLANE_ANGLE_UNIT ( ) SI_UNIT ( $, .RADIAN. ) );
#895 = DIRECTION ( 'NONE',  ( 0.000000000000000000, 0.000000000000000000, -1.000000000000000000 ) ) ;
#896 = VERTEX_POINT ( 'NONE', #2317 ) ;
#897 =( NAMED_UNIT ( * ) PLANE_ANGLE_UNIT ( ) SI_UNIT ( $, .RADIAN. ) );
#898 = EDGE_CURVE ( 'NONE', #2325, #2826, #4920, .T. ) ;
#899 = DIRECTION ( 'NONE',  ( 1.000000000000000000, -3.241581980666026040E-16, 0.000000000000000000 ) ) ;
#900 = PRESENTATION_STYLE_ASSIGNMENT (( #1960 ) ) ;
#901 = CARTESIAN_POINT ( 'NONE',  ( -0.9000000000000003553, -0.6500000000000001332, 0.6250000000000001110 ) ) ;
#902 =( GEOMETRIC_REPRESENTATION_CONTEXT ( 3 ) GLOBAL_UNCERTAINTY_ASSIGNED_CONTEXT ( ( #5981 ) ) GLOBAL_UNIT_ASSIGNED_CONTEXT ( ( #6120, #2714, #4212 ) ) REPRESENTATION_CONTEXT ( 'NONE', 'WORKASPACE' ) );
#903 = AXIS2_PLACEMENT_3D ( 'NONE', #1120, #598, #5685 ) ;
#904 =( NAMED_UNIT ( * ) SI_UNIT ( $, .STERADIAN. ) SOLID_ANGLE_UNIT ( ) );
#905 = DIRECTION ( 'NONE',  ( -0.000000000000000000, -0.000000000000000000, -1.000000000000000000 ) ) ;
#906 = COLOUR_RGB ( '',0.2862745098039215508, 0.2862745098039215508, 0.2862745098039215508 ) ;
#907 = EDGE_CURVE ( 'NONE', #5293, #3452, #3881, .T. ) ;
#908 = EDGE_CURVE ( 'NONE', #4576, #2322, #1370, .T. ) ;
#909 = SURFACE_STYLE_FILL_AREA ( #1404 ) ;
#910 = PRESENTATION_LAYER_ASSIGNMENT (  '', '', ( #3327 ) ) ;
#911 = AXIS2_PLACEMENT_3D ( 'NONE', #142, #5544, #1616 ) ;
#912 =( NAMED_UNIT ( * ) PLANE_ANGLE_UNIT ( ) SI_UNIT ( $, .RADIAN. ) );
#913 = ORIENTED_EDGE ( 'NONE', *, *, #1918, .T. ) ;
#914 = PRESENTATION_STYLE_ASSIGNMENT (( #3275 ) ) ;
#915 = SURFACE_STYLE_USAGE ( .BOTH. , #4859 ) ;
#916 = VECTOR ( 'NONE', #563, 1000.000000000000000 ) ;
#917 = ORIENTED_EDGE ( 'NONE', *, *, #1065, .F. ) ;
#918 = LINE ( 'NONE', #3382, #3515 ) ;
#919 = DIRECTION ( 'NONE',  ( -1.000000000000000000, 0.000000000000000000, 0.000000000000000000 ) ) ;
#920 = CARTESIAN_POINT ( 'NONE',  ( -1.054407950059313093, -0.8939339828220181916, -0.3500000000000000333 ) ) ;
#921 = CARTESIAN_POINT ( 'NONE',  ( 1.249999999999999778, -1.000000000000000000, 0.3500000000000000333 ) ) ;
#922 = VERTEX_POINT ( 'NONE', #5972 ) ;
#923 =( NAMED_UNIT ( * ) PLANE_ANGLE_UNIT ( ) SI_UNIT ( $, .RADIAN. ) );
#924 = ORIENTED_EDGE ( 'NONE', *, *, #3955, .F. ) ;
#925 = VERTEX_POINT ( 'NONE', #2908 ) ;
#926 = VECTOR ( 'NONE', #5430, 1000.000000000000000 ) ;
#927 = DIRECTION ( 'NONE',  ( 0.000000000000000000, -0.000000000000000000, 1.000000000000000000 ) ) ;
#928 = CARTESIAN_POINT ( 'NONE',  ( -1.250000000000000222, 0.8499999999999999778, -0.1500000000000000500 ) ) ;
#929 = SURFACE_STYLE_FILL_AREA ( #2966 ) ;
#930 = CARTESIAN_POINT ( 'NONE',  ( 0.000000000000000000, 0.3249999999999999001, -0.1500000000000000500 ) ) ;
#931 = ORIENTED_EDGE ( 'NONE', *, *, #5016, .F. ) ;
#932 = SURFACE_STYLE_FILL_AREA ( #5935 ) ;
#933 = CARTESIAN_POINT ( 'NONE',  ( 0.8999999999999999112, 0.6500000000000001332, 0.6500000000000001332 ) ) ;
#934 = STYLED_ITEM ( 'NONE', ( #6336 ), #5937 ) ;
#935 = UNCERTAINTY_MEASURE_WITH_UNIT (LENGTH_MEASURE( 1.000000000000000082E-05 ), #6425, 'distance_accuracy_value', 'NONE');
#936 = AXIS2_PLACEMENT_3D ( 'NONE', #3131, #2086, #4523 ) ;
#937 =( LENGTH_UNIT ( ) NAMED_UNIT ( * ) SI_UNIT ( .MILLI., .METRE. ) );
#938 = CARTESIAN_POINT ( 'NONE',  ( 0.8999999999999999112, -0.6500000000000001332, 0.6500000000000001332 ) ) ;
#939 = EDGE_CURVE ( 'NONE', #1007, #4381, #2414, .T. ) ;
#940 = ORIENTED_EDGE ( 'NONE', *, *, #343, .T. ) ;
#941 = EDGE_CURVE ( 'NONE', #2676, #249, #1925, .T. ) ;
#942 = FILL_AREA_STYLE ('',( #5437 ) ) ;
#943 = LINE ( 'NONE', #1898, #1401 ) ;
#944 = EDGE_LOOP ( 'NONE', ( #4188, #3124, #3878, #4633, #616, #843, #738, #4752, #429 ) ) ;
#945 = DIRECTION ( 'NONE',  ( 1.000000000000000000, -3.241581980666026040E-16, 0.000000000000000000 ) ) ;
#946 = CARTESIAN_POINT ( 'NONE',  ( -1.249999999999999778, 1.000000000000000000, -0.1500000000000000500 ) ) ;
#947 = DIRECTION ( 'NONE',  ( 0.000000000000000000, 0.000000000000000000, -1.000000000000000000 ) ) ;
#948 = SURFACE_STYLE_USAGE ( .BOTH. , #3972 ) ;
#949 = EDGE_LOOP ( 'NONE', ( #3888, #5879, #4235, #2634, #4735, #1981, #6310, #5130 ) ) ;
#950 = EDGE_CURVE ( 'NONE', #1972, #6042, #5939, .T. ) ;
#951 = DIRECTION ( 'NONE',  ( 0.000000000000000000, 0.000000000000000000, 1.000000000000000000 ) ) ;
#952 = ORIENTED_EDGE ( 'NONE', *, *, #2316, .F. ) ;
#953 = VERTEX_POINT ( 'NONE', #5872 ) ;
#954 =( LENGTH_UNIT ( ) NAMED_UNIT ( * ) SI_UNIT ( .MILLI., .METRE. ) );
#955 = LINE ( 'NONE', #3945, #1232 ) ;
#956 = PLANE ( 'NONE',  #3224 ) ;
#957 = DIRECTION ( 'NONE',  ( 1.000000000000000000, 0.000000000000000000, 0.000000000000000000 ) ) ;
#958 = MECHANICAL_DESIGN_GEOMETRIC_PRESENTATION_REPRESENTATION (  '', ( #2957 ), #5155 ) ;
#959 = DIRECTION ( 'NONE',  ( -0.000000000000000000, -0.000000000000000000, -1.000000000000000000 ) ) ;
#960 = AXIS2_PLACEMENT_3D ( 'NONE', #4676, #146, #3741 ) ;
#961 =( NAMED_UNIT ( * ) PLANE_ANGLE_UNIT ( ) SI_UNIT ( $, .RADIAN. ) );
#962 = DIRECTION ( 'NONE',  ( 1.000000000000000000, 0.000000000000000000, 0.000000000000000000 ) ) ;
#963 =( NAMED_UNIT ( * ) SI_UNIT ( $, .STERADIAN. ) SOLID_ANGLE_UNIT ( ) );
#964 = DIRECTION ( 'NONE',  ( -1.000000000000000000, 0.000000000000000000, 0.000000000000000000 ) ) ;
#965 = AXIS2_PLACEMENT_3D ( 'NONE', #5392, #3435, #895 ) ;
#966 = CARTESIAN_POINT ( 'NONE',  ( -0.1402658989833522607, -1.000000000000000000, -0.3500000000000000333 ) ) ;
#967 = LINE ( 'NONE', #5539, #6223 ) ;
#968 = COLOUR_RGB ( '',0.8039215686274510109, 0.8039215686274510109, 0.8039215686274510109 ) ;
#969 = CARTESIAN_POINT ( 'NONE',  ( -1.250000000000000000, -0.9999999999999995559, -0.3500000000000000333 ) ) ;
#970 = FILL_AREA_STYLE ('',( #70 ) ) ;
#971 = VERTEX_POINT ( 'NONE', #966 ) ;
#972 =( GEOMETRIC_REPRESENTATION_CONTEXT ( 3 ) GLOBAL_UNCERTAINTY_ASSIGNED_CONTEXT ( ( #1605 ) ) GLOBAL_UNIT_ASSIGNED_CONTEXT ( ( #1859, #4847, #104 ) ) REPRESENTATION_CONTEXT ( 'NONE', 'WORKASPACE' ) );
#973 = VECTOR ( 'NONE', #4545, 1000.000000000000000 ) ;
#974 = PRESENTATION_STYLE_ASSIGNMENT (( #4967 ) ) ;
#975 = ORIENTED_EDGE ( 'NONE', *, *, #5351, .T. ) ;
#976 = SURFACE_STYLE_USAGE ( .BOTH. , #3453 ) ;
#977 = LINE ( 'NONE', #3967, #5198 ) ;
#978 = AXIS2_PLACEMENT_3D ( 'NONE', #2518, #4065, #6235 ) ;
#979 = EDGE_CURVE ( 'NONE', #443, #19, #3443, .T. ) ;
#980 = UNCERTAINTY_MEASURE_WITH_UNIT (LENGTH_MEASURE( 1.000000000000000082E-05 ), #502, 'distance_accuracy_value', 'NONE');
#981 = MECHANICAL_DESIGN_GEOMETRIC_PRESENTATION_REPRESENTATION (  '', ( #2558 ), #773 ) ;
#982 = PRESENTATION_STYLE_ASSIGNMENT (( #2856 ) ) ;
#983 = AXIS2_PLACEMENT_3D ( 'NONE', #2650, #3136, #6058 ) ;
#984 = SURFACE_STYLE_FILL_AREA ( #2005 ) ;
#985 = ORIENTED_EDGE ( 'NONE', *, *, #1033, .F. ) ;
#986 = ORIENTED_EDGE ( 'NONE', *, *, #4043, .T. ) ;
#987 = COLOUR_RGB ( '',0.2862745098039215508, 0.2862745098039215508, 0.2862745098039215508 ) ;
#988 = VECTOR ( 'NONE', #6055, 1000.000000000000000 ) ;
#989 = COLOUR_RGB ( '',0.8627450980392157298, 0.6274509803921568540, 0.05882352941176470507 ) ;
#990 = FILL_AREA_STYLE_COLOUR ( '', #268 ) ;
#991 = EDGE_CURVE ( 'NONE', #2849, #925, #346, .T. ) ;
#992 = EDGE_CURVE ( 'NONE', #3452, #1079, #3905, .T. ) ;
#993 = SURFACE_SIDE_STYLE ('',( #5008 ) ) ;
#994 = FILL_AREA_STYLE_COLOUR ( '', #6431 ) ;
#995 = VECTOR ( 'NONE', #1529, 1000.000000000000000 ) ;
#996 =( NAMED_UNIT ( * ) SI_UNIT ( $, .STERADIAN. ) SOLID_ANGLE_UNIT ( ) );
#997 = DIRECTION ( 'NONE',  ( 0.000000000000000000, 0.000000000000000000, -1.000000000000000000 ) ) ;
#998 =( LENGTH_UNIT ( ) NAMED_UNIT ( * ) SI_UNIT ( .MILLI., .METRE. ) );
#999 = SURFACE_STYLE_FILL_AREA ( #2320 ) ;
#1000 = CARTESIAN_POINT ( 'NONE',  ( -0.7749999999999994671, -0.3250000000000000666, -0.1500000000000000500 ) ) ;
#1001 =( GEOMETRIC_REPRESENTATION_CONTEXT ( 3 ) GLOBAL_UNCERTAINTY_ASSIGNED_CONTEXT ( ( #650 ) ) GLOBAL_UNIT_ASSIGNED_CONTEXT ( ( #4974, #4484, #3388 ) ) REPRESENTATION_CONTEXT ( 'NONE', 'WORKASPACE' ) );
#1002 = CIRCLE ( 'NONE', #5508, 0.1149999999999999772 ) ;
#1003 = UNCERTAINTY_MEASURE_WITH_UNIT (LENGTH_MEASURE( 1.000000000000000082E-05 ), #2032, 'distance_accuracy_value', 'NONE');
#1004 = AXIS2_PLACEMENT_3D ( 'NONE', #1817, #4838, #370 ) ;
#1005 = DIRECTION ( 'NONE',  ( 0.000000000000000000, 0.000000000000000000, 1.000000000000000000 ) ) ;
#1006 = SURFACE_STYLE_USAGE ( .BOTH. , #1999 ) ;
#1007 = VERTEX_POINT ( 'NONE', #3822 ) ;
#1008 = MECHANICAL_DESIGN_GEOMETRIC_PRESENTATION_REPRESENTATION (  '', ( #4760 ), #3740 ) ;
#1009 = SURFACE_STYLE_FILL_AREA ( #5507 ) ;
#1010 = COLOUR_RGB ( '',0.8627450980392157298, 0.6274509803921568540, 0.05882352941176470507 ) ;
#1011 =( NAMED_UNIT ( * ) PLANE_ANGLE_UNIT ( ) SI_UNIT ( $, .RADIAN. ) );
#1012 = ORIENTED_EDGE ( 'NONE', *, *, #908, .T. ) ;
#1013 = FACE_OUTER_BOUND ( 'NONE', #368, .T. ) ;
#1014 = LINE ( 'NONE', #2394, #2375 ) ;
#1015 = PRESENTATION_LAYER_ASSIGNMENT (  '', '', ( #5421 ) ) ;
#1016 = FILL_AREA_STYLE_COLOUR ( '', #4769 ) ;
#1017 = CARTESIAN_POINT ( 'NONE',  ( -0.9000000000000003553, -0.8750000000000000000, 0.3500000000000000333 ) ) ;
#1018 =( LENGTH_UNIT ( ) NAMED_UNIT ( * ) SI_UNIT ( .MILLI., .METRE. ) );
#1019 = ORIENTED_EDGE ( 'NONE', *, *, #1265, .F. ) ;
#1020 = SURFACE_SIDE_STYLE ('',( #4048 ) ) ;
#1021 = ORIENTED_EDGE ( 'NONE', *, *, #4941, .T. ) ;
#1022 = MECHANICAL_DESIGN_GEOMETRIC_PRESENTATION_REPRESENTATION (  '', ( #6170 ), #3008 ) ;
#1023 = CARTESIAN_POINT ( 'NONE',  ( -1.250000000000000222, 1.010000000000000009, 0.3500000000000000333 ) ) ;
#1024 = ORIENTED_EDGE ( 'NONE', *, *, #519, .F. ) ;
#1025 = SURFACE_SIDE_STYLE ('',( #199 ) ) ;
#1026 = CARTESIAN_POINT ( 'NONE',  ( 1.054407950059312871, -0.8939339828220180806, -0.1500000000000000500 ) ) ;
#1027 = SURFACE_STYLE_USAGE ( .BOTH. , #4187 ) ;
#1028 = SURFACE_STYLE_FILL_AREA ( #54 ) ;
#1029 = EDGE_CURVE ( 'NONE', #5557, #4560, #6470, .T. ) ;
#1030 = ADVANCED_FACE ( 'NONE', ( #3957 ), #5459, .F. ) ;
#1031 = DIRECTION ( 'NONE',  ( -0.000000000000000000, -0.000000000000000000, -1.000000000000000000 ) ) ;
#1032 = SURFACE_STYLE_FILL_AREA ( #102 ) ;
#1033 = EDGE_CURVE ( 'NONE', #669, #566, #4532, .T. ) ;
#1034 = MECHANICAL_DESIGN_GEOMETRIC_PRESENTATION_REPRESENTATION (  '', ( #4994 ), #5105 ) ;
#1035 = CARTESIAN_POINT ( 'NONE',  ( -0.4749999999999998668, -0.6250000000000008882, -0.1500000000000000500 ) ) ;
#1036 = AXIS2_PLACEMENT_3D ( 'NONE', #1980, #951, #2474 ) ;
#1037 = DIRECTION ( 'NONE',  ( 0.000000000000000000, -0.000000000000000000, -1.000000000000000000 ) ) ;
#1038 = EDGE_CURVE ( 'NONE', #5932, #3484, #2097, .T. ) ;
#1039 = CARTESIAN_POINT ( 'NONE',  ( 1.249999999999999778, 1.000000000000000000, -0.3510000000000000897 ) ) ;
#1040 = AXIS2_PLACEMENT_3D ( 'NONE', #2391, #4821, #3379 ) ;
#1041 =( NAMED_UNIT ( * ) PLANE_ANGLE_UNIT ( ) SI_UNIT ( $, .RADIAN. ) );
#1042 = VERTEX_POINT ( 'NONE', #621 ) ;
#1043 = SURFACE_STYLE_FILL_AREA ( #942 ) ;
#1044 = LINE ( 'NONE', #3044, #3295 ) ;
#1045 = SURFACE_STYLE_FILL_AREA ( #1186 ) ;
#1046 = UNCERTAINTY_MEASURE_WITH_UNIT (LENGTH_MEASURE( 1.000000000000000082E-05 ), #6070, 'distance_accuracy_value', 'NONE');
#1047 = FILL_AREA_STYLE ('',( #2626 ) ) ;
#1048 = CARTESIAN_POINT ( 'NONE',  ( -0.4749999999999998668, -0.6250000000000024425, -0.3500000000000000333 ) ) ;
#1049 = CARTESIAN_POINT ( 'NONE',  ( 0.8999999999999999112, -0.6500000000000001332, 0.3750000000000000555 ) ) ;
#1050 =( LENGTH_UNIT ( ) NAMED_UNIT ( * ) SI_UNIT ( .MILLI., .METRE. ) );
#1051 = ORIENTED_EDGE ( 'NONE', *, *, #168, .T. ) ;
#1052 = CARTESIAN_POINT ( 'NONE',  ( -1.249999999999999778, 1.000000000000000000, -0.1500000000000000500 ) ) ;
#1053 = VERTEX_POINT ( 'NONE', #1603 ) ;
#1054 = VERTEX_POINT ( 'NONE', #2617 ) ;
#1055 = DIRECTION ( 'NONE',  ( -0.000000000000000000, -0.000000000000000000, -1.000000000000000000 ) ) ;
#1056 = CARTESIAN_POINT ( 'NONE',  ( 1.099999999999999867, 0.6500000000000000222, 0.5500000000000000444 ) ) ;
#1057 = LINE ( 'NONE', #2088, #5714 ) ;
#1058 = ORIENTED_EDGE ( 'NONE', *, *, #6088, .T. ) ;
#1059 = EDGE_CURVE ( 'NONE', #5820, #2676, #1502, .T. ) ;
#1060 = CARTESIAN_POINT ( 'NONE',  ( 0.4749999999999998113, -0.8939339828220185247, -0.1500000000000000500 ) ) ;
#1061 = CARTESIAN_POINT ( 'NONE',  ( -1.249999999999997113, 3.738628180984451179E-15, -0.1500000000000000500 ) ) ;
#1062 =( GEOMETRIC_REPRESENTATION_CONTEXT ( 3 ) GLOBAL_UNCERTAINTY_ASSIGNED_CONTEXT ( ( #4029 ) ) GLOBAL_UNIT_ASSIGNED_CONTEXT ( ( #4916, #2546, #1959 ) ) REPRESENTATION_CONTEXT ( 'NONE', 'WORKASPACE' ) );
#1063 =( LENGTH_UNIT ( ) NAMED_UNIT ( * ) SI_UNIT ( .MILLI., .METRE. ) );
#1064 = VECTOR ( 'NONE', #3239, 1000.000000000000000 ) ;
#1065 = EDGE_CURVE ( 'NONE', #5815, #2009, #3508, .T. ) ;
#1066 = ADVANCED_FACE ( 'NONE', ( #4592 ), #3538, .F. ) ;
#1067 = FILL_AREA_STYLE ('',( #544 ) ) ;
#1068 = CARTESIAN_POINT ( 'NONE',  ( 0.000000000000000000, 1.000000000000000000, -0.1500000000000000500 ) ) ;
#1069 = AXIS2_PLACEMENT_3D ( 'NONE', #938, #3004, #421 ) ;
#1070 = VECTOR ( 'NONE', #1031, 1000.000000000000000 ) ;
#1071 = ADVANCED_FACE ( 'NONE', ( #1108 ), #4738, .F. ) ;
#1072 = SURFACE_SIDE_STYLE ('',( #6001 ) ) ;
#1073 = MECHANICAL_DESIGN_GEOMETRIC_PRESENTATION_REPRESENTATION (  '', ( #3893 ), #5889 ) ;
#1074 = VERTEX_POINT ( 'NONE', #294 ) ;
#1075 = CARTESIAN_POINT ( 'NONE',  ( 1.125000000000000000, -0.6500000000000001332, 0.3750000000000000555 ) ) ;
#1076 = DIRECTION ( 'NONE',  ( 0.000000000000000000, 0.000000000000000000, -1.000000000000000000 ) ) ;
#1077 = AXIS2_PLACEMENT_3D ( 'NONE', #1943, #5985, #434 ) ;
#1078 = VECTOR ( 'NONE', #2026, 1000.000000000000000 ) ;
#1079 = VERTEX_POINT ( 'NONE', #6363 ) ;
#1080 = PRESENTATION_STYLE_ASSIGNMENT (( #6183 ) ) ;
#1081 = DIRECTION ( 'NONE',  ( -0.000000000000000000, -0.000000000000000000, 1.000000000000000000 ) ) ;
#1082 = PRESENTATION_LAYER_ASSIGNMENT (  '', '', ( #3710 ) ) ;
#1083 = DIRECTION ( 'NONE',  ( 1.000000000000000000, 0.000000000000000000, 0.000000000000000000 ) ) ;
#1084 = EDGE_LOOP ( 'NONE', ( #4422, #139, #3682, #3813 ) ) ;
#1085 =( GEOMETRIC_REPRESENTATION_CONTEXT ( 3 ) GLOBAL_UNCERTAINTY_ASSIGNED_CONTEXT ( ( #5289 ) ) GLOBAL_UNIT_ASSIGNED_CONTEXT ( ( #1697, #4701, #5206 ) ) REPRESENTATION_CONTEXT ( 'NONE', 'WORKASPACE' ) );
#1086 = DIRECTION ( 'NONE',  ( -1.000000000000000000, 0.000000000000000000, 0.000000000000000000 ) ) ;
#1087 = ORIENTED_EDGE ( 'NONE', *, *, #3156, .F. ) ;
#1088 = CIRCLE ( 'NONE', #2342, 0.2250000000000000611 ) ;
#1089 = VECTOR ( 'NONE', #4812, 1000.000000000000000 ) ;
#1090 = ORIENTED_EDGE ( 'NONE', *, *, #2043, .F. ) ;
#1091 = SURFACE_STYLE_FILL_AREA ( #2994 ) ;
#1092 = VECTOR ( 'NONE', #6374, 1000.000000000000000 ) ;
#1093 = COLOUR_RGB ( '',0.8627450980392157298, 0.6274509803921568540, 0.05882352941176470507 ) ;
#1094 = VECTOR ( 'NONE', #5363, 1000.000000000000000 ) ;
#1095 = CARTESIAN_POINT ( 'NONE',  ( 1.143933982822017636, 0.8044079500593136478, -0.1500000000000000500 ) ) ;
#1096 = LINE ( 'NONE', #2639, #6353 ) ;
#1097 =( LENGTH_UNIT ( ) NAMED_UNIT ( * ) SI_UNIT ( .MILLI., .METRE. ) );
#1098 = MECHANICAL_DESIGN_GEOMETRIC_PRESENTATION_REPRESENTATION (  '', ( #3403 ), #4946 ) ;
#1099 = ORIENTED_EDGE ( 'NONE', *, *, #1745, .F. ) ;
#1100 = VECTOR ( 'NONE', #1172, 1000.000000000000000 ) ;
#1101 = VECTOR ( 'NONE', #2738, 1000.000000000000000 ) ;
#1102 = SURFACE_STYLE_FILL_AREA ( #5152 ) ;
#1103 = PRESENTATION_STYLE_ASSIGNMENT (( #2646 ) ) ;
#1104 = VERTEX_POINT ( 'NONE', #1297 ) ;
#1105 = CARTESIAN_POINT ( 'NONE',  ( 0.000000000000000000, -0.8150000000000000577, 0.5500000000000000444 ) ) ;
#1106 = UNCERTAINTY_MEASURE_WITH_UNIT (LENGTH_MEASURE( 1.000000000000000082E-05 ), #3961, 'distance_accuracy_value', 'NONE');
#1107 = STYLED_ITEM ( 'NONE', ( #5049 ), #4931 ) ;
#1108 = FACE_OUTER_BOUND ( 'NONE', #3322, .T. ) ;
#1109 = EDGE_CURVE ( 'NONE', #1621, #5671, #417, .T. ) ;
#1110 = DIRECTION ( 'NONE',  ( 1.000000000000000000, 0.000000000000000000, 0.000000000000000000 ) ) ;
#1111 = MECHANICAL_DESIGN_GEOMETRIC_PRESENTATION_REPRESENTATION (  '', ( #5748 ), #5505 ) ;
#1112 = CARTESIAN_POINT ( 'NONE',  ( 1.249999999999999556, -1.000000000000000444, -0.1500000000000000500 ) ) ;
#1113 = EDGE_LOOP ( 'NONE', ( #1418, #411, #5692, #2151, #389, #4620 ) ) ;
#1114 = CARTESIAN_POINT ( 'NONE',  ( -5.018252680870375239E-16, 0.8939339828220185247, -0.1500000000000000500 ) ) ;
#1115 = EDGE_CURVE ( 'NONE', #2588, #4250, #3810, .T. ) ;
#1116 = EDGE_CURVE ( 'NONE', #2330, #3808, #1568, .T. ) ;
#1117 = MECHANICAL_DESIGN_GEOMETRIC_PRESENTATION_REPRESENTATION (  '', ( #3938 ), #5629 ) ;
#1118 = ORIENTED_EDGE ( 'NONE', *, *, #4667, .T. ) ;
#1119 = SURFACE_STYLE_FILL_AREA ( #1614 ) ;
#1120 = CARTESIAN_POINT ( 'NONE',  ( 2.990902544787597704E-15, -1.000000000000003775, -0.1500000000000000500 ) ) ;
#1121 = CARTESIAN_POINT ( 'NONE',  ( 1.054407950059312871, -0.8939339828220180806, -0.3500000000000000333 ) ) ;
#1122 = AXIS2_PLACEMENT_3D ( 'NONE', #3433, #2508, #927 ) ;
#1123 = DIRECTION ( 'NONE',  ( -1.000000000000000000, -0.000000000000000000, -0.000000000000000000 ) ) ;
#1124 =( NAMED_UNIT ( * ) SI_UNIT ( $, .STERADIAN. ) SOLID_ANGLE_UNIT ( ) );
#1125 = SURFACE_STYLE_USAGE ( .BOTH. , #1679 ) ;
#1126 = VERTEX_POINT ( 'NONE', #5537 ) ;
#1127 = ORIENTED_EDGE ( 'NONE', *, *, #1751, .T. ) ;
#1128 = ORIENTED_EDGE ( 'NONE', *, *, #4544, .F. ) ;
#1129 = FACE_OUTER_BOUND ( 'NONE', #424, .T. ) ;
#1130 = STYLED_ITEM ( 'NONE', ( #1355 ), #1475 ) ;
#1131 = PRESENTATION_STYLE_ASSIGNMENT (( #3470 ) ) ;
#1132 = FILL_AREA_STYLE ('',( #5590 ) ) ;
#1133 = CARTESIAN_POINT ( 'NONE',  ( 1.054407950059313093, 0.8939339828220179696, -0.3500000000000000333 ) ) ;
#1134 = AXIS2_PLACEMENT_3D ( 'NONE', #4490, #21, #2014 ) ;
#1135 = SURFACE_STYLE_FILL_AREA ( #5634 ) ;
#1136 = VERTEX_POINT ( 'NONE', #1035 ) ;
#1137 = LINE ( 'NONE', #3130, #133 ) ;
#1138 = CARTESIAN_POINT ( 'NONE',  ( -1.143933982822017192, -0.8044079500593136478, -0.1500000000000000500 ) ) ;
#1139 = ORIENTED_EDGE ( 'NONE', *, *, #1394, .T. ) ;
#1140 =( GEOMETRIC_REPRESENTATION_CONTEXT ( 3 ) GLOBAL_UNCERTAINTY_ASSIGNED_CONTEXT ( ( #6361 ) ) GLOBAL_UNIT_ASSIGNED_CONTEXT ( ( #3349, #398, #361 ) ) REPRESENTATION_CONTEXT ( 'NONE', 'WORKASPACE' ) );
#1141 = PLANE ( 'NONE',  #5379 ) ;
#1142 = CARTESIAN_POINT ( 'NONE',  ( -1.053514143716457933E-16, -0.3249999999999998446, -0.1500000000000000500 ) ) ;
#1143 = CARTESIAN_POINT ( 'NONE',  ( 0.8999999999999999112, 0.8500000000000000888, 0.3750000000000000555 ) ) ;
#1144 =( NAMED_UNIT ( * ) PLANE_ANGLE_UNIT ( ) SI_UNIT ( $, .RADIAN. ) );
#1145 = FILL_AREA_STYLE_COLOUR ( '', #55 ) ;
#1146 = UNCERTAINTY_MEASURE_WITH_UNIT (LENGTH_MEASURE( 1.000000000000000082E-05 ), #1786, 'distance_accuracy_value', 'NONE');
#1147 = DIRECTION ( 'NONE',  ( 0.000000000000000000, 0.000000000000000000, 1.000000000000000000 ) ) ;
#1148 = VECTOR ( 'NONE', #2680, 1000.000000000000000 ) ;
#1149 = VERTEX_POINT ( 'NONE', #2058 ) ;
#1150 = LINE ( 'NONE', #3145, #6104 ) ;
#1151 = STYLED_ITEM ( 'NONE', ( #5411 ), #6047 ) ;
#1152 = CARTESIAN_POINT ( 'NONE',  ( -1.143933982822017636, 0.000000000000000000, -0.1500000000000000500 ) ) ;
#1153 = DIRECTION ( 'NONE',  ( -1.000000000000000000, 0.000000000000000000, 0.000000000000000000 ) ) ;
#1154 = SURFACE_SIDE_STYLE ('',( #698 ) ) ;
#1155 = MECHANICAL_DESIGN_GEOMETRIC_PRESENTATION_REPRESENTATION (  '', ( #2408 ), #5713 ) ;
#1156 =( LENGTH_UNIT ( ) NAMED_UNIT ( * ) SI_UNIT ( .MILLI., .METRE. ) );
#1157 = EDGE_CURVE ( 'NONE', #6456, #5932, #5503, .T. ) ;
#1158 = CARTESIAN_POINT ( 'NONE',  ( 0.4749999999999999223, -4.525973552995888183E-17, -0.1500000000000000500 ) ) ;
#1159 = EDGE_CURVE ( 'NONE', #2879, #2581, #4495, .T. ) ;
#1160 =( LENGTH_UNIT ( ) NAMED_UNIT ( * ) SI_UNIT ( .MILLI., .METRE. ) );
#1161 = DIRECTION ( 'NONE',  ( 0.000000000000000000, 0.000000000000000000, -1.000000000000000000 ) ) ;
#1162 = ORIENTED_EDGE ( 'NONE', *, *, #4891, .T. ) ;
#1163 = DIRECTION ( 'NONE',  ( -1.000000000000000000, 0.000000000000000000, 0.000000000000000000 ) ) ;
#1164 = ORIENTED_EDGE ( 'NONE', *, *, #2811, .T. ) ;
#1165 = VERTEX_POINT ( 'NONE', #6468 ) ;
#1166 = CARTESIAN_POINT ( 'NONE',  ( -1.249999999999999778, 1.000000000000000000, -0.1500000000000000500 ) ) ;
#1167 = EDGE_CURVE ( 'NONE', #3110, #627, #2023, .T. ) ;
#1168 = SURFACE_SIDE_STYLE ('',( #2579 ) ) ;
#1169 = DIRECTION ( 'NONE',  ( -0.000000000000000000, -0.000000000000000000, 1.000000000000000000 ) ) ;
#1170 = EDGE_LOOP ( 'NONE', ( #254, #4144, #1574, #5988 ) ) ;
#1171 = DIRECTION ( 'NONE',  ( 1.000000000000000000, 0.000000000000000000, 0.000000000000000000 ) ) ;
#1172 = DIRECTION ( 'NONE',  ( -1.000000000000000000, -0.000000000000000000, -0.000000000000000000 ) ) ;
#1173 = DIRECTION ( 'NONE',  ( -1.000000000000000000, 0.000000000000000000, 0.000000000000000000 ) ) ;
#1174 = VERTEX_POINT ( 'NONE', #3038 ) ;
#1175 = CARTESIAN_POINT ( 'NONE',  ( 1.099999999999999867, 1.000000000000000000, 0.3500000000000000333 ) ) ;
#1176 =( NAMED_UNIT ( * ) SI_UNIT ( $, .STERADIAN. ) SOLID_ANGLE_UNIT ( ) );
#1177 = UNCERTAINTY_MEASURE_WITH_UNIT (LENGTH_MEASURE( 1.000000000000000082E-05 ), #31, 'distance_accuracy_value', 'NONE');
#1178 =( NAMED_UNIT ( * ) SI_UNIT ( $, .STERADIAN. ) SOLID_ANGLE_UNIT ( ) );
#1179 = SURFACE_STYLE_FILL_AREA ( #2167 ) ;
#1180 = AXIS2_PLACEMENT_3D ( 'NONE', #5636, #3698, #6230 ) ;
#1181 = CARTESIAN_POINT ( 'NONE',  ( -0.9000000000000002442, 0.8500000000000000888, 0.3750000000000000555 ) ) ;
#1182 = CARTESIAN_POINT ( 'NONE',  ( -1.143933982822017192, -0.8044079500593135368, -0.1500000000000000500 ) ) ;
#1183 = AXIS2_PLACEMENT_3D ( 'NONE', #581, #5738, #1665 ) ;
#1184 =( GEOMETRIC_REPRESENTATION_CONTEXT ( 3 ) GLOBAL_UNCERTAINTY_ASSIGNED_CONTEXT ( ( #4446 ) ) GLOBAL_UNIT_ASSIGNED_CONTEXT ( ( #2044, #2533, #4450 ) ) REPRESENTATION_CONTEXT ( 'NONE', 'WORKASPACE' ) );
#1185 = COLOUR_RGB ( '',0.8039215686274510109, 0.8039215686274510109, 0.8039215686274510109 ) ;
#1186 = FILL_AREA_STYLE ('',( #5577 ) ) ;
#1187 = PRESENTATION_LAYER_ASSIGNMENT (  '', '', ( #32 ) ) ;
#1188 = CARTESIAN_POINT ( 'NONE',  ( -1.054407950059313093, -0.8939339828220181916, -0.3500000000000000333 ) ) ;
#1189 = CYLINDRICAL_SURFACE ( 'NONE', #2186, 0.1499999999999999667 ) ;
#1190 = FILL_AREA_STYLE ('',( #5582 ) ) ;
#1191 = ORIENTED_EDGE ( 'NONE', *, *, #5744, .F. ) ;
#1192 = LINE ( 'NONE', #3153, #6219 ) ;
#1193 = VERTEX_POINT ( 'NONE', #6499 ) ;
#1195 = ADVANCED_FACE ( 'NONE', ( #5050 ), #5603, .F. ) ;
#1194 = ORIENTED_EDGE ( 'NONE', *, *, #4087, .T. ) ;
#1196 = STYLED_ITEM ( 'NONE', ( #1548 ), #825 ) ;
#1197 =( NAMED_UNIT ( * ) PLANE_ANGLE_UNIT ( ) SI_UNIT ( $, .RADIAN. ) );
#1198 = PRESENTATION_STYLE_ASSIGNMENT (( #1780 ) ) ;
#1199 = ORIENTED_EDGE ( 'NONE', *, *, #4977, .T. ) ;
#1200 = FILL_AREA_STYLE ('',( #155 ) ) ;
#1201 = VECTOR ( 'NONE', #4102, 1000.000000000000000 ) ;
#1202 = PRESENTATION_STYLE_ASSIGNMENT (( #4586 ) ) ;
#1203 = AXIS2_PLACEMENT_3D ( 'NONE', #4709, #247, #4788 ) ;
#1204 = EDGE_CURVE ( 'NONE', #6220, #4606, #1238, .T. ) ;
#1205 = ADVANCED_FACE ( 'NONE', ( #5678 ), #4196, .F. ) ;
#1206 = DIRECTION ( 'NONE',  ( 0.000000000000000000, -0.000000000000000000, -1.000000000000000000 ) ) ;
#1207 = STYLED_ITEM ( 'NONE', ( #3602 ), #6369 ) ;
#1208 = FILL_AREA_STYLE ('',( #5708 ) ) ;
#1209 = VECTOR ( 'NONE', #3778, 1000.000000000000000 ) ;
#1210 = DIRECTION ( 'NONE',  ( -0.000000000000000000, -0.000000000000000000, 1.000000000000000000 ) ) ;
#1211 = SURFACE_STYLE_USAGE ( .BOTH. , #5194 ) ;
#1212 = UNCERTAINTY_MEASURE_WITH_UNIT (LENGTH_MEASURE( 1.000000000000000082E-05 ), #5339, 'distance_accuracy_value', 'NONE');
#1213 = PRESENTATION_LAYER_ASSIGNMENT (  '', '', ( #4958 ) ) ;
#1214 = PRESENTATION_STYLE_ASSIGNMENT (( #5295 ) ) ;
#1215 = SURFACE_STYLE_USAGE ( .BOTH. , #110 ) ;
#1216 = DIRECTION ( 'NONE',  ( -0.000000000000000000, -0.000000000000000000, -1.000000000000000000 ) ) ;
#1217 = CARTESIAN_POINT ( 'NONE',  ( -1.250000000000000222, 1.000000000000000000, 0.3500000000000000333 ) ) ;
#1218 = CARTESIAN_POINT ( 'NONE',  ( -1.250000000000000000, -0.9999999999999995559, -0.3500000000000000333 ) ) ;
#1219 = EDGE_LOOP ( 'NONE', ( #3168, #580, #753, #4264 ) ) ;
#1220 = COLOUR_RGB ( '',0.8627450980392157298, 0.6274509803921568540, 0.05882352941176470507 ) ;
#1221 = ORIENTED_EDGE ( 'NONE', *, *, #6302, .T. ) ;
#1222 = CARTESIAN_POINT ( 'NONE',  ( 0.8999999999999999112, 0.7900000000000001465, 0.6250000000000001110 ) ) ;
#1223 = ORIENTED_EDGE ( 'NONE', *, *, #2649, .F. ) ;
#1224 = SURFACE_STYLE_USAGE ( .BOTH. , #5759 ) ;
#1225 = CYLINDRICAL_SURFACE ( 'NONE', #3855, 0.2225000000000000311 ) ;
#1226 = AXIS2_PLACEMENT_3D ( 'NONE', #611, #120, #4650 ) ;
#1227 = MECHANICAL_DESIGN_GEOMETRIC_PRESENTATION_REPRESENTATION (  '', ( #6365 ), #2371 ) ;
#1228 = SURFACE_STYLE_USAGE ( .BOTH. , #5250 ) ;
#1229 = CARTESIAN_POINT ( 'NONE',  ( -0.4750000000000000333, 0.8939339828220183026, -0.1500000000000000500 ) ) ;
#1230 = ORIENTED_EDGE ( 'NONE', *, *, #1563, .F. ) ;
#1231 = CIRCLE ( 'NONE', #3324, 0.02499999999999995628 ) ;
#1232 = VECTOR ( 'NONE', #5964, 1000.000000000000000 ) ;
#1233 = VERTEX_POINT ( 'NONE', #3173 ) ;
#1234 = PRESENTATION_STYLE_ASSIGNMENT (( #2192 ) ) ;
#1235 = UNCERTAINTY_MEASURE_WITH_UNIT (LENGTH_MEASURE( 1.000000000000000082E-05 ), #5552, 'distance_accuracy_value', 'NONE');
#1236 = AXIS2_PLACEMENT_3D ( 'NONE', #2094, #2437, #1322 ) ;
#1237 = DIRECTION ( 'NONE',  ( -1.000000000000000000, 0.000000000000000000, 0.000000000000000000 ) ) ;
#1238 = LINE ( 'NONE', #2166, #5922 ) ;
#1239 = EDGE_CURVE ( 'NONE', #3461, #5641, #3641, .T. ) ;
#1240 = EDGE_CURVE ( 'NONE', #1409, #2091, #5163, .T. ) ;
#1241 = DIRECTION ( 'NONE',  ( -1.000000000000000000, -3.241581980666026040E-16, 0.000000000000000000 ) ) ;
#1242 = DIRECTION ( 'NONE',  ( 0.000000000000000000, 0.000000000000000000, -1.000000000000000000 ) ) ;
#1243 = COLOUR_RGB ( '',0.8627450980392157298, 0.6274509803921568540, 0.05882352941176470507 ) ;
#1244 = DIRECTION ( 'NONE',  ( 0.000000000000000000, 0.000000000000000000, -1.000000000000000000 ) ) ;
#1245 = STYLED_ITEM ( 'NONE', ( #1843 ), #5273 ) ;
#1246 =( LENGTH_UNIT ( ) NAMED_UNIT ( * ) SI_UNIT ( .MILLI., .METRE. ) );
#1247 = ADVANCED_FACE ( 'NONE', ( #3139 ), #1725, .T. ) ;
#1248 = DIRECTION ( 'NONE',  ( 1.000000000000000000, 0.000000000000000000, 0.000000000000000000 ) ) ;
#1249 = CARTESIAN_POINT ( 'NONE',  ( -0.05833004110700136524, 0.9573281361468033435, -0.3500000000000000333 ) ) ;
#1250 = ORIENTED_EDGE ( 'NONE', *, *, #5562, .T. ) ;
#1251 = SURFACE_SIDE_STYLE ('',( #2107 ) ) ;
#1252 = ORIENTED_EDGE ( 'NONE', *, *, #559, .F. ) ;
#1253 = ORIENTED_EDGE ( 'NONE', *, *, #5845, .T. ) ;
#1254 = LINE ( 'NONE', #1778, #4740 ) ;
#1255 = VECTOR ( 'NONE', #5915, 1000.000000000000000 ) ;
#1256 = LINE ( 'NONE', #6222, #3028 ) ;
#1257 = ORIENTED_EDGE ( 'NONE', *, *, #2354, .T. ) ;
#1258 = DIRECTION ( 'NONE',  ( -0.000000000000000000, -0.000000000000000000, 1.000000000000000000 ) ) ;
#1259 = AXIS2_PLACEMENT_3D ( 'NONE', #5079, #2608, #4093 ) ;
#1260 = PRESENTATION_STYLE_ASSIGNMENT (( #367 ) ) ;
#1261 = EDGE_LOOP ( 'NONE', ( #5583, #917, #4748, #5691 ) ) ;
#1262 = SURFACE_STYLE_FILL_AREA ( #4221 ) ;
#1263 = ORIENTED_EDGE ( 'NONE', *, *, #1637, .T. ) ;
#1264 = EDGE_CURVE ( 'NONE', #5932, #5667, #2782, .T. ) ;
#1265 = EDGE_CURVE ( 'NONE', #6297, #1272, #4432, .T. ) ;
#1266 =( LENGTH_UNIT ( ) NAMED_UNIT ( * ) SI_UNIT ( .MILLI., .METRE. ) );
#1267 = FILL_AREA_STYLE ('',( #5802 ) ) ;
#1268 = MECHANICAL_DESIGN_GEOMETRIC_PRESENTATION_REPRESENTATION (  '', ( #5456 ), #543 ) ;
#1269 = EDGE_CURVE ( 'NONE', #5407, #2607, #1881, .T. ) ;
#1270 = ORIENTED_EDGE ( 'NONE', *, *, #4424, .T. ) ;
#1271 = FILL_AREA_STYLE ('',( #274 ) ) ;
#1272 = VERTEX_POINT ( 'NONE', #1759 ) ;
#1273 = SURFACE_STYLE_FILL_AREA ( #4820 ) ;
#1274 = CARTESIAN_POINT ( 'NONE',  ( 0.8999999999999999112, 0.8150000000000000577, 0.5749999999999999556 ) ) ;
#1275 = ORIENTED_EDGE ( 'NONE', *, *, #3034, .T. ) ;
#1276 = SURFACE_STYLE_FILL_AREA ( #281 ) ;
#1277 = MECHANICAL_DESIGN_GEOMETRIC_PRESENTATION_REPRESENTATION (  '', ( #4014 ), #5034 ) ;
#1278 = LINE ( 'NONE', #6344, #1335 ) ;
#1279 =( LENGTH_UNIT ( ) NAMED_UNIT ( * ) SI_UNIT ( .MILLI., .METRE. ) );
#1280 = VECTOR ( 'NONE', #5540, 1000.000000000000000 ) ;
#1281 = ORIENTED_EDGE ( 'NONE', *, *, #6325, .F. ) ;
#1282 = CARTESIAN_POINT ( 'NONE',  ( -0.4749999999999998668, -0.6250000000000024425, -0.1500000000000000500 ) ) ;
#1283 = UNCERTAINTY_MEASURE_WITH_UNIT (LENGTH_MEASURE( 1.000000000000000082E-05 ), #4494, 'distance_accuracy_value', 'NONE');
#1284 = FILL_AREA_STYLE ('',( #4397 ) ) ;
#1285 = AXIS2_PLACEMENT_3D ( 'NONE', #4394, #2805, #6415 ) ;
#1286 = ORIENTED_EDGE ( 'NONE', *, *, #5773, .T. ) ;
#1287 =( NAMED_UNIT ( * ) SI_UNIT ( $, .STERADIAN. ) SOLID_ANGLE_UNIT ( ) );
#1288 = FACE_OUTER_BOUND ( 'NONE', #4265, .T. ) ;
#1289 = SURFACE_STYLE_USAGE ( .BOTH. , #4339 ) ;
#1290 = VECTOR ( 'NONE', #5842, 1000.000000000000000 ) ;
#1291 = ORIENTED_EDGE ( 'NONE', *, *, #4041, .T. ) ;
#1292 = COLOUR_RGB ( '',0.8627450980392157298, 0.6274509803921568540, 0.05882352941176470507 ) ;
#1293 = DIRECTION ( 'NONE',  ( -0.000000000000000000, -0.000000000000000000, 1.000000000000000000 ) ) ;
#1294 = COLOUR_RGB ( '',0.8627450980392157298, 0.6274509803921568540, 0.05882352941176470507 ) ;
#1295 = UNCERTAINTY_MEASURE_WITH_UNIT (LENGTH_MEASURE( 1.000000000000000082E-05 ), #3704, 'distance_accuracy_value', 'NONE');
#1296 = VECTOR ( 'NONE', #2912, 1000.000000000000000 ) ;
#1297 = CARTESIAN_POINT ( 'NONE',  ( 1.099999999999999867, 1.000000000000000000, -0.1500000000000000500 ) ) ;
#1298 = PLANE ( 'NONE',  #4139 ) ;
#1299 = ADVANCED_FACE ( 'NONE', ( #2783 ), #3780, .T. ) ;
#1300 = VECTOR ( 'NONE', #3410, 1000.000000000000000 ) ;
#1301 = MECHANICAL_DESIGN_GEOMETRIC_PRESENTATION_REPRESENTATION (  '', ( #2255 ), #3084 ) ;
#1302 = PRODUCT_DEFINITION_FORMATION_WITH_SPECIFIED_SOURCE ( 'ANY', '', #1324, .NOT_KNOWN. ) ;
#1303 = DIRECTION ( 'NONE',  ( 0.000000000000000000, -0.000000000000000000, -1.000000000000000000 ) ) ;
#1304 = SURFACE_STYLE_USAGE ( .BOTH. , #5810 ) ;
#1305 = MECHANICAL_DESIGN_GEOMETRIC_PRESENTATION_REPRESENTATION (  '', ( #1107 ), #5288 ) ;
#1306 = PLANE ( 'NONE',  #1438 ) ;
#1307 = ADVANCED_FACE ( 'NONE', ( #5318 ), #316, .F. ) ;
#1308 = ORIENTED_EDGE ( 'NONE', *, *, #2630, .T. ) ;
#1309 = EDGE_CURVE ( 'NONE', #1375, #4542, #293, .T. ) ;
#1310 = EDGE_LOOP ( 'NONE', ( #3274, #1979, #3013, #1194 ) ) ;
#1311 = DIRECTION ( 'NONE',  ( 0.000000000000000000, 0.000000000000000000, -1.000000000000000000 ) ) ;
#1312 =( GEOMETRIC_REPRESENTATION_CONTEXT ( 3 ) GLOBAL_UNCERTAINTY_ASSIGNED_CONTEXT ( ( #4690 ) ) GLOBAL_UNIT_ASSIGNED_CONTEXT ( ( #2751, #6301, #1792 ) ) REPRESENTATION_CONTEXT ( 'NONE', 'WORKASPACE' ) );
#1313 = VERTEX_POINT ( 'NONE', #3815 ) ;
#1314 = SURFACE_SIDE_STYLE ('',( #5335 ) ) ;
#1315 = SURFACE_STYLE_FILL_AREA ( #3422 ) ;
#1316 =( LENGTH_UNIT ( ) NAMED_UNIT ( * ) SI_UNIT ( .MILLI., .METRE. ) );
#1317 = FILL_AREA_STYLE ('',( #4866 ) ) ;
#1318 = COLOUR_RGB ( '',0.8039215686274510109, 0.8039215686274510109, 0.8039215686274510109 ) ;
#1319 = DIRECTION ( 'NONE',  ( 0.000000000000000000, 0.000000000000000000, -1.000000000000000000 ) ) ;
#1320 = SURFACE_SIDE_STYLE ('',( #309 ) ) ;
#1321 = ORIENTED_EDGE ( 'NONE', *, *, #6335, .T. ) ;
#1322 = DIRECTION ( 'NONE',  ( -1.000000000000000000, 5.613672572362096360E-16, 0.000000000000000000 ) ) ;
#1323 = ORIENTED_EDGE ( 'NONE', *, *, #5141, .F. ) ;
#1324 = PRODUCT ( 'ASDLJ-E-45.1584MHz-L-R-T', 'ASDLJ-E-45.1584MHz-L-R-T', '', ( #655 ) ) ;
#1325 = PRESENTATION_STYLE_ASSIGNMENT (( #2779 ) ) ;
#1326 = ORIENTED_EDGE ( 'NONE', *, *, #2170, .F. ) ;
#1327 = CIRCLE ( 'NONE', #489, 0.2225000000000000311 ) ;
#1328 = CYLINDRICAL_SURFACE ( 'NONE', #492, 0.02500000000000001180 ) ;
#1329 = CARTESIAN_POINT ( 'NONE',  ( -0.8150000000000002798, -0.5650000000000002798, 0.6500000000000001332 ) ) ;
#1330 = FACE_OUTER_BOUND ( 'NONE', #811, .T. ) ;
#1331 = MECHANICAL_DESIGN_GEOMETRIC_PRESENTATION_REPRESENTATION (  '', ( #2894 ), #3645 ) ;
#1332 = ORIENTED_EDGE ( 'NONE', *, *, #3757, .F. ) ;
#1333 =( GEOMETRIC_REPRESENTATION_CONTEXT ( 3 ) GLOBAL_UNCERTAINTY_ASSIGNED_CONTEXT ( ( #75 ) ) GLOBAL_UNIT_ASSIGNED_CONTEXT ( ( #1279, #1709, #2831 ) ) REPRESENTATION_CONTEXT ( 'NONE', 'WORKASPACE' ) );
#1334 = CARTESIAN_POINT ( 'NONE',  ( -1.040000000000000258, 0.6500000000000001332, 0.5749999999999999556 ) ) ;
#1335 = VECTOR ( 'NONE', #5886, 1000.000000000000000 ) ;
#1336 = VECTOR ( 'NONE', #6167, 1000.000000000000000 ) ;
#1337 = SURFACE_STYLE_USAGE ( .BOTH. , #2729 ) ;
#1338 = AXIS2_PLACEMENT_3D ( 'NONE', #3520, #3620, #4547 ) ;
#1339 = SURFACE_STYLE_FILL_AREA ( #1536 ) ;
#1340 = PRESENTATION_STYLE_ASSIGNMENT (( #516 ) ) ;
#1341 = ORIENTED_EDGE ( 'NONE', *, *, #4726, .F. ) ;
#1342 = FILL_AREA_STYLE ('',( #4786 ) ) ;
#1343 = EDGE_LOOP ( 'NONE', ( #2045, #6356, #3129, #610, #337, #5367, #5098, #4806 ) ) ;
#1344 = VECTOR ( 'NONE', #663, 1000.000000000000000 ) ;
#1345 = ADVANCED_FACE ( 'NONE', ( #5835 ), #1328, .F. ) ;
#1346 = CYLINDRICAL_SURFACE ( 'NONE', #6015, 0.2225000000000000311 ) ;
#1347 = CARTESIAN_POINT ( 'NONE',  ( -1.100000000000000311, -1.000000000000000000, -0.3510000000000000897 ) ) ;
#1348 = EDGE_LOOP ( 'NONE', ( #17, #5122, #5061, #3346 ) ) ;
#1349 = DIRECTION ( 'NONE',  ( 0.000000000000000000, 0.000000000000000000, -1.000000000000000000 ) ) ;
#1350 = EDGE_CURVE ( 'NONE', #1053, #3189, #1743, .T. ) ;
#1351 = ADVANCED_FACE ( 'NONE', ( #5926 ), #2896, .F. ) ;
#1352 = FILL_AREA_STYLE ('',( #6379 ) ) ;
#1353 =( GEOMETRIC_REPRESENTATION_CONTEXT ( 3 ) GLOBAL_UNCERTAINTY_ASSIGNED_CONTEXT ( ( #2290 ) ) GLOBAL_UNIT_ASSIGNED_CONTEXT ( ( #1266, #866, #3788 ) ) REPRESENTATION_CONTEXT ( 'NONE', 'WORKASPACE' ) );
#1354 =( NAMED_UNIT ( * ) PLANE_ANGLE_UNIT ( ) SI_UNIT ( $, .RADIAN. ) );
#1355 = PRESENTATION_STYLE_ASSIGNMENT (( #5732 ) ) ;
#1356 = VERTEX_POINT ( 'NONE', #2012 ) ;
#1357 = CARTESIAN_POINT ( 'NONE',  ( -1.143933982822017636, -0.3250000000000001776, -0.3500000000000000333 ) ) ;
#1358 = ORIENTED_EDGE ( 'NONE', *, *, #3265, .T. ) ;
#1359 = UNCERTAINTY_MEASURE_WITH_UNIT (LENGTH_MEASURE( 1.000000000000000082E-05 ), #6117, 'distance_accuracy_value', 'NONE');
#1360 = MECHANICAL_DESIGN_GEOMETRIC_PRESENTATION_REPRESENTATION (  '', ( #6193 ), #3969 ) ;
#1361 = ORIENTED_EDGE ( 'NONE', *, *, #3238, .F. ) ;
#1362 = EDGE_CURVE ( 'NONE', #922, #4009, #4016, .T. ) ;
#1363 = DIRECTION ( 'NONE',  ( 1.000000000000000000, -0.000000000000000000, -0.000000000000000000 ) ) ;
#1364 =( GEOMETRIC_REPRESENTATION_CONTEXT ( 3 ) GLOBAL_UNCERTAINTY_ASSIGNED_CONTEXT ( ( #5027 ) ) GLOBAL_UNIT_ASSIGNED_CONTEXT ( ( #3059, #2644, #5039 ) ) REPRESENTATION_CONTEXT ( 'NONE', 'WORKASPACE' ) );
#1365 = CARTESIAN_POINT ( 'NONE',  ( -0.9000000000000003553, 0.6500000000000001332, 0.6500000000000001332 ) ) ;
#1366 =( LENGTH_UNIT ( ) NAMED_UNIT ( * ) SI_UNIT ( .MILLI., .METRE. ) );
#1367 = ORIENTED_EDGE ( 'NONE', *, *, #3528, .F. ) ;
#1368 = DIRECTION ( 'NONE',  ( 1.000000000000000000, 0.000000000000000000, 0.000000000000000000 ) ) ;
#1369 = SURFACE_STYLE_FILL_AREA ( #1828 ) ;
#1370 = LINE ( 'NONE', #5401, #1089 ) ;
#1371 = CARTESIAN_POINT ( 'NONE',  ( -0.9000000000000001332, 0.7650000000000001243, 0.6500000000000001332 ) ) ;
#1372 = SURFACE_SIDE_STYLE ('',( #3 ) ) ;
#1373 = SURFACE_STYLE_USAGE ( .BOTH. , #5458 ) ;
#1374 = COLOUR_RGB ( '',0.2862745098039215508, 0.2862745098039215508, 0.2862745098039215508 ) ;
#1375 = VERTEX_POINT ( 'NONE', #5524 ) ;
#1376 = PLANE ( 'NONE',  #4415 ) ;
#1377 = VERTEX_POINT ( 'NONE', #1026 ) ;
#1378 = SURFACE_STYLE_USAGE ( .BOTH. , #5818 ) ;
#1379 = STYLED_ITEM ( 'NONE', ( #5933 ), #90 ) ;
#1380 = EDGE_LOOP ( 'NONE', ( #822, #3381, #4372, #5108 ) ) ;
#1381 = CARTESIAN_POINT ( 'NONE',  ( -1.027499999999999414, -1.000000000000000000, -0.1500000000000000500 ) ) ;
#1382 = FILL_AREA_STYLE ('',( #6380 ) ) ;
#1383 = DIRECTION ( 'NONE',  ( -1.000000000000000000, 0.000000000000000000, 0.000000000000000000 ) ) ;
#1384 = ORIENTED_EDGE ( 'NONE', *, *, #939, .F. ) ;
#1385 = ORIENTED_EDGE ( 'NONE', *, *, #5610, .F. ) ;
#1386 =( GEOMETRIC_REPRESENTATION_CONTEXT ( 3 ) GLOBAL_UNCERTAINTY_ASSIGNED_CONTEXT ( ( #4971 ) ) GLOBAL_UNIT_ASSIGNED_CONTEXT ( ( #703, #3715, #2709 ) ) REPRESENTATION_CONTEXT ( 'NONE', 'WORKASPACE' ) );
#1387 = ORIENTED_EDGE ( 'NONE', *, *, #1204, .T. ) ;
#1388 =( GEOMETRIC_REPRESENTATION_CONTEXT ( 3 ) GLOBAL_UNCERTAINTY_ASSIGNED_CONTEXT ( ( #4075 ) ) GLOBAL_UNIT_ASSIGNED_CONTEXT ( ( #3516, #4440, #525 ) ) REPRESENTATION_CONTEXT ( 'NONE', 'WORKASPACE' ) );
#1389 = SURFACE_SIDE_STYLE ('',( #6354 ) ) ;
#1390 = DIRECTION ( 'NONE',  ( 0.000000000000000000, 0.000000000000000000, 1.000000000000000000 ) ) ;
#1391 = DIRECTION ( 'NONE',  ( -1.000000000000000000, -3.241581980666026040E-16, 0.000000000000000000 ) ) ;
#1392 = EDGE_LOOP ( 'NONE', ( #5887, #2632, #6305, #6082 ) ) ;
#1393 = ADVANCED_FACE ( 'NONE', ( #4910 ), #4973, .F. ) ;
#1394 = EDGE_CURVE ( 'NONE', #3247, #5182, #51, .T. ) ;
#1395 = LINE ( 'NONE', #3950, #2679 ) ;
#1396 =( LENGTH_UNIT ( ) NAMED_UNIT ( * ) SI_UNIT ( .MILLI., .METRE. ) );
#1397 = CARTESIAN_POINT ( 'NONE',  ( -0.4750000000000000333, 0.8939339828220183026, -0.3500000000000000333 ) ) ;
#1398 = DIRECTION ( 'NONE',  ( 0.000000000000000000, 0.000000000000000000, -1.000000000000000000 ) ) ;
#1399 = CARTESIAN_POINT ( 'NONE',  ( -1.250000000000000222, -1.000000000000000000, 0.3500000000000000333 ) ) ;
#1400 =( GEOMETRIC_REPRESENTATION_CONTEXT ( 3 ) GLOBAL_UNCERTAINTY_ASSIGNED_CONTEXT ( ( #2722 ) ) GLOBAL_UNIT_ASSIGNED_CONTEXT ( ( #2669, #6077, #4289 ) ) REPRESENTATION_CONTEXT ( 'NONE', 'WORKASPACE' ) );
#1401 = VECTOR ( 'NONE', #1511, 1000.000000000000000 ) ;
#1402 = COLOUR_RGB ( '',0.8627450980392157298, 0.6274509803921568540, 0.05882352941176470507 ) ;
#1403 = CARTESIAN_POINT ( 'NONE',  ( -1.250000000000000222, -0.8499999999999999778, -0.3510000000000000897 ) ) ;
#1404 = FILL_AREA_STYLE ('',( #4439 ) ) ;
#1405 = VECTOR ( 'NONE', #4663, 1000.000000000000000 ) ;
#1406 = MECHANICAL_DESIGN_GEOMETRIC_PRESENTATION_REPRESENTATION (  '', ( #4834 ), #4337 ) ;
#1407 = ORIENTED_EDGE ( 'NONE', *, *, #2087, .T. ) ;
#1408 = AXIS2_PLACEMENT_3D ( 'NONE', #48, #2536, #2049 ) ;
#1409 = VERTEX_POINT ( 'NONE', #4186 ) ;
#1410 = DIRECTION ( 'NONE',  ( -0.000000000000000000, -0.000000000000000000, 1.000000000000000000 ) ) ;
#1411 = ORIENTED_EDGE ( 'NONE', *, *, #992, .F. ) ;
#1412 = PRESENTATION_LAYER_ASSIGNMENT (  '', '', ( #4959 ) ) ;
#1413 =( LENGTH_UNIT ( ) NAMED_UNIT ( * ) SI_UNIT ( .MILLI., .METRE. ) );
#1414 =( NAMED_UNIT ( * ) SI_UNIT ( $, .STERADIAN. ) SOLID_ANGLE_UNIT ( ) );
#1415 = CARTESIAN_POINT ( 'NONE',  ( -0.9000000000000003553, -0.8750000000000000000, 0.3500000000000000333 ) ) ;
#1416 = DIRECTION ( 'NONE',  ( -5.613672572362096360E-16, -1.000000000000000000, 0.000000000000000000 ) ) ;
#1417 = FACE_OUTER_BOUND ( 'NONE', #328, .T. ) ;
#1418 = ORIENTED_EDGE ( 'NONE', *, *, #4272, .F. ) ;
#1419 = ORIENTED_EDGE ( 'NONE', *, *, #4177, .T. ) ;
#1420 = AXIS2_PLACEMENT_3D ( 'NONE', #2013, #5492, #4017 ) ;
#1421 = DIRECTION ( 'NONE',  ( -1.000000000000000000, 0.000000000000000000, 0.000000000000000000 ) ) ;
#1422 = CARTESIAN_POINT ( 'NONE',  ( 1.099999999999999867, 0.8500000000000000888, 0.5500000000000000444 ) ) ;
#1423 = ORIENTED_EDGE ( 'NONE', *, *, #2696, .T. ) ;
#1424 =( LENGTH_UNIT ( ) NAMED_UNIT ( * ) SI_UNIT ( .MILLI., .METRE. ) );
#1425 = PRESENTATION_STYLE_ASSIGNMENT (( #4883 ) ) ;
#1426 = EDGE_CURVE ( 'NONE', #4451, #6393, #1656, .T. ) ;
#1427 = EDGE_CURVE ( 'NONE', #1409, #5815, #3585, .T. ) ;
#1428 = CARTESIAN_POINT ( 'NONE',  ( 0.000000000000000000, 0.000000000000000000, -0.3500000000000000333 ) ) ;
#1429 =( GEOMETRIC_REPRESENTATION_CONTEXT ( 3 ) GLOBAL_UNCERTAINTY_ASSIGNED_CONTEXT ( ( #2950 ) ) GLOBAL_UNIT_ASSIGNED_CONTEXT ( ( #3463, #2082, #2682 ) ) REPRESENTATION_CONTEXT ( 'NONE', 'WORKASPACE' ) );
#1430 = PRESENTATION_LAYER_ASSIGNMENT (  '', '', ( #5408 ) ) ;
#1431 = DIRECTION ( 'NONE',  ( 0.000000000000000000, 0.000000000000000000, -1.000000000000000000 ) ) ;
#1432 = SURFACE_STYLE_FILL_AREA ( #4094 ) ;
#1433 = SURFACE_SIDE_STYLE ('',( #5435 ) ) ;
#1434 = AXIS2_PLACEMENT_3D ( 'NONE', #3837, #3314, #817 ) ;
#1435 =( NAMED_UNIT ( * ) PLANE_ANGLE_UNIT ( ) SI_UNIT ( $, .RADIAN. ) );
#1436 = ADVANCED_FACE ( 'NONE', ( #3628 ), #2146, .T. ) ;
#1437 = AXIS2_PLACEMENT_3D ( 'NONE', #372, #2481, #3397 ) ;
#1438 = AXIS2_PLACEMENT_3D ( 'NONE', #3303, #240, #323 ) ;
#1439 = ORIENTED_EDGE ( 'NONE', *, *, #2952, .T. ) ;
#1440 = SURFACE_STYLE_FILL_AREA ( #1933 ) ;
#1441 =( LENGTH_UNIT ( ) NAMED_UNIT ( * ) SI_UNIT ( .MILLI., .METRE. ) );
#1442 = VECTOR ( 'NONE', #4330, 1000.000000000000000 ) ;
#1443 = ORIENTED_EDGE ( 'NONE', *, *, #2562, .T. ) ;
#1444 = SURFACE_STYLE_USAGE ( .BOTH. , #3933 ) ;
#1445 = PRESENTATION_LAYER_ASSIGNMENT (  '', '', ( #4566 ) ) ;
#1446 = LINE ( 'NONE', #1544, #2178 ) ;
#1447 = SURFACE_SIDE_STYLE ('',( #4112 ) ) ;
#1448 = UNCERTAINTY_MEASURE_WITH_UNIT (LENGTH_MEASURE( 1.000000000000000082E-05 ), #998, 'distance_accuracy_value', 'NONE');
#1449 = CARTESIAN_POINT ( 'NONE',  ( 1.249999999999999778, 0.8499999999999999778, -0.1500000000000000500 ) ) ;
#1450 = ORIENTED_EDGE ( 'NONE', *, *, #3033, .T. ) ;
#1451 = FILL_AREA_STYLE_COLOUR ( '', #3134 ) ;
#1452 = ORIENTED_EDGE ( 'NONE', *, *, #4661, .F. ) ;
#1453 = VERTEX_POINT ( 'NONE', #4159 ) ;
#1454 = CARTESIAN_POINT ( 'NONE',  ( -1.250000000000000000, -0.9999999999999995559, -0.1500000000000000500 ) ) ;
#1455 = DIRECTION ( 'NONE',  ( 2.990902544787608354E-15, -1.000000000000000000, 0.000000000000000000 ) ) ;
#1456 = DIRECTION ( 'NONE',  ( -9.528365374728186880E-17, 1.000000000000000000, 0.000000000000000000 ) ) ;
#1457 = VECTOR ( 'NONE', #3671, 1000.000000000000000 ) ;
#1458 =( NAMED_UNIT ( * ) SI_UNIT ( $, .STERADIAN. ) SOLID_ANGLE_UNIT ( ) );
#1459 =( NAMED_UNIT ( * ) SI_UNIT ( $, .STERADIAN. ) SOLID_ANGLE_UNIT ( ) );
#1460 =( LENGTH_UNIT ( ) NAMED_UNIT ( * ) SI_UNIT ( .MILLI., .METRE. ) );
#1461 = CARTESIAN_POINT ( 'NONE',  ( 1.039999999999999813, -0.6500000000000001332, 0.6500000000000001332 ) ) ;
#1462 = CARTESIAN_POINT ( 'NONE',  ( 0.8999999999999998002, -0.8750000000000001110, 0.3500000000000000333 ) ) ;
#1463 = COLOUR_RGB ( '',0.8039215686274510109, 0.8039215686274510109, 0.8039215686274510109 ) ;
#1464 = DIRECTION ( 'NONE',  ( -1.000000000000000000, -5.613672572362096360E-16, 0.000000000000000000 ) ) ;
#1465 = FILL_AREA_STYLE_COLOUR ( '', #1714 ) ;
#1466 = UNCERTAINTY_MEASURE_WITH_UNIT (LENGTH_MEASURE( 1.000000000000000082E-05 ), #1366, 'distance_accuracy_value', 'NONE');
#1467 =( GEOMETRIC_REPRESENTATION_CONTEXT ( 3 ) GLOBAL_UNCERTAINTY_ASSIGNED_CONTEXT ( ( #6174 ) ) GLOBAL_UNIT_ASSIGNED_CONTEXT ( ( #4282, #5228, #1787 ) ) REPRESENTATION_CONTEXT ( 'NONE', 'WORKASPACE' ) );
#1468 = ADVANCED_FACE ( 'NONE', ( #3159 ), #2110, .F. ) ;
#1469 = EDGE_CURVE ( 'NONE', #6278, #3431, #791, .T. ) ;
#1470 = FACE_BOUND ( 'NONE', #4607, .T. ) ;
#1471 = PRESENTATION_STYLE_ASSIGNMENT (( #4473 ) ) ;
#1472 =( NAMED_UNIT ( * ) PLANE_ANGLE_UNIT ( ) SI_UNIT ( $, .RADIAN. ) );
#1473 = VERTEX_POINT ( 'NONE', #1845 ) ;
#1474 =( NAMED_UNIT ( * ) SI_UNIT ( $, .STERADIAN. ) SOLID_ANGLE_UNIT ( ) );
#1475 = ADVANCED_FACE ( 'NONE', ( #6345 ), #2900, .F. ) ;
#1476 = EDGE_CURVE ( 'NONE', #1473, #676, #4273, .T. ) ;
#1477 = ORIENTED_EDGE ( 'NONE', *, *, #4177, .F. ) ;
#1478 = PRESENTATION_STYLE_ASSIGNMENT (( #1444 ) ) ;
#1479 = SURFACE_STYLE_USAGE ( .BOTH. , #2004 ) ;
#1480 = DIRECTION ( 'NONE',  ( 0.000000000000000000, 0.000000000000000000, -1.000000000000000000 ) ) ;
#1481 =( NAMED_UNIT ( * ) PLANE_ANGLE_UNIT ( ) SI_UNIT ( $, .RADIAN. ) );
#1482 = SURFACE_SIDE_STYLE ('',( #3427 ) ) ;
#1483 = VERTEX_POINT ( 'NONE', #2365 ) ;
#1484 = FILL_AREA_STYLE ('',( #3974 ) ) ;
#1485 = EDGE_LOOP ( 'NONE', ( #605, #2266, #1452, #1321 ) ) ;
#1486 = MECHANICAL_DESIGN_GEOMETRIC_PRESENTATION_REPRESENTATION (  '', ( #4217 ), #2318 ) ;
#1487 = ORIENTED_EDGE ( 'NONE', *, *, #832, .T. ) ;
#1488 = CARTESIAN_POINT ( 'NONE',  ( -1.143933982822017192, -0.8044079500593136478, -0.3500000000000000333 ) ) ;
#1489 = CIRCLE ( 'NONE', #4504, 0.02499999999999995628 ) ;
#1490 = SURFACE_STYLE_FILL_AREA ( #3978 ) ;
#1491 = CARTESIAN_POINT ( 'NONE',  ( -0.9000000000000001332, 0.7900000000000001465, 0.5749999999999999556 ) ) ;
#1492 = PRESENTATION_STYLE_ASSIGNMENT (( #3466 ) ) ;
#1493 = LINE ( 'NONE', #4556, #448 ) ;
#1494 = CIRCLE ( 'NONE', #4312, 0.1499999999999997446 ) ;
#1495 = SURFACE_SIDE_STYLE ('',( #3982 ) ) ;
#1496 = DIRECTION ( 'NONE',  ( -0.000000000000000000, -0.000000000000000000, 1.000000000000000000 ) ) ;
#1497 = COLOUR_RGB ( '',0.8627450980392157298, 0.6274509803921568540, 0.05882352941176470507 ) ;
#1498 = CARTESIAN_POINT ( 'NONE',  ( -0.8150000000000002798, -0.5650000000000002798, 0.6500000000000001332 ) ) ;
#1499 = SURFACE_SIDE_STYLE ('',( #6059 ) ) ;
#1500 = CYLINDRICAL_SURFACE ( 'NONE', #63, 0.02499999999999995628 ) ;
#1501 =( NAMED_UNIT ( * ) SI_UNIT ( $, .STERADIAN. ) SOLID_ANGLE_UNIT ( ) );
#1502 = LINE ( 'NONE', #1068, #1201 ) ;
#1503 = FACE_OUTER_BOUND ( 'NONE', #5779, .T. ) ;
#1504 = VECTOR ( 'NONE', #4214, 1000.000000000000000 ) ;
#1505 = DIRECTION ( 'NONE',  ( -0.000000000000000000, -0.000000000000000000, -1.000000000000000000 ) ) ;
#1506 = FACE_OUTER_BOUND ( 'NONE', #6178, .T. ) ;
#1507 = ORIENTED_EDGE ( 'NONE', *, *, #6405, .T. ) ;
#1508 = AXIS2_PLACEMENT_3D ( 'NONE', #3023, #1161, #2179 ) ;
#1509 = PLANE ( 'NONE',  #2233 ) ;
#1510 = CIRCLE ( 'NONE', #5167, 0.1650000000000001188 ) ;
#1511 = DIRECTION ( 'NONE',  ( 1.000000000000000000, -0.000000000000000000, 0.000000000000000000 ) ) ;
#1512 = PLANE ( 'NONE',  #5504 ) ;
#1513 =( NAMED_UNIT ( * ) PLANE_ANGLE_UNIT ( ) SI_UNIT ( $, .RADIAN. ) );
#1514 =( GEOMETRIC_REPRESENTATION_CONTEXT ( 3 ) GLOBAL_UNCERTAINTY_ASSIGNED_CONTEXT ( ( #6135 ) ) GLOBAL_UNIT_ASSIGNED_CONTEXT ( ( #4721, #1144, #652 ) ) REPRESENTATION_CONTEXT ( 'NONE', 'WORKASPACE' ) );
#1515 = UNCERTAINTY_MEASURE_WITH_UNIT (LENGTH_MEASURE( 1.000000000000000082E-05 ), #3376, 'distance_accuracy_value', 'NONE');
#1516 = ADVANCED_FACE ( 'NONE', ( #3723 ), #6225, .T. ) ;
#1517 = MECHANICAL_DESIGN_GEOMETRIC_PRESENTATION_REPRESENTATION (  '', ( #1827 ), #2780 ) ;
#1518 = DIRECTION ( 'NONE',  ( 1.000000000000000000, -0.000000000000000000, 0.000000000000000000 ) ) ;
#1519 = ADVANCED_FACE ( 'NONE', ( #3948 ), #3803, .T. ) ;
#1520 = LINE ( 'NONE', #1017, #2584 ) ;
#1521 = DIRECTION ( 'NONE',  ( 0.000000000000000000, 0.000000000000000000, -1.000000000000000000 ) ) ;
#1522 = ORIENTED_EDGE ( 'NONE', *, *, #3156, .T. ) ;
#1523 = ORIENTED_EDGE ( 'NONE', *, *, #2483, .T. ) ;
#1524 = PRESENTATION_LAYER_ASSIGNMENT (  '', '', ( #877 ) ) ;
#1525 = AXIS2_PLACEMENT_3D ( 'NONE', #6192, #2243, #3694 ) ;
#1526 = VERTEX_POINT ( 'NONE', #2829 ) ;
#1527 = ADVANCED_FACE ( 'NONE', ( #3722 ), #5728, .F. ) ;
#1528 = CARTESIAN_POINT ( 'NONE',  ( -0.9150000000000003686, -0.5650000000000002798, 0.6400000000000000133 ) ) ;
#1529 = DIRECTION ( 'NONE',  ( 0.000000000000000000, -1.000000000000000000, 0.000000000000000000 ) ) ;
#1530 = DIRECTION ( 'NONE',  ( -1.000000000000000000, 0.000000000000000000, 0.000000000000000000 ) ) ;
#1531 = SURFACE_STYLE_USAGE ( .BOTH. , #4401 ) ;
#1532 = VECTOR ( 'NONE', #3666, 1000.000000000000000 ) ;
#1533 = DIRECTION ( 'NONE',  ( -1.000000000000000000, -0.000000000000000000, -0.000000000000000000 ) ) ;
#1534 = PRESENTATION_STYLE_ASSIGNMENT (( #2514 ) ) ;
#1535 = SURFACE_STYLE_FILL_AREA ( #5560 ) ;
#1536 = FILL_AREA_STYLE ('',( #2234 ) ) ;
#1537 = CIRCLE ( 'NONE', #2265, 0.09999999999999999167 ) ;
#1538 = UNCERTAINTY_MEASURE_WITH_UNIT (LENGTH_MEASURE( 1.000000000000000082E-05 ), #4031, 'distance_accuracy_value', 'NONE');
#1539 =( LENGTH_UNIT ( ) NAMED_UNIT ( * ) SI_UNIT ( .MILLI., .METRE. ) );
#1540 = ORIENTED_EDGE ( 'NONE', *, *, #2482, .T. ) ;
#1541 =( GEOMETRIC_REPRESENTATION_CONTEXT ( 3 ) GLOBAL_UNCERTAINTY_ASSIGNED_CONTEXT ( ( #2217 ) ) GLOBAL_UNIT_ASSIGNED_CONTEXT ( ( #497, #1513, #5510 ) ) REPRESENTATION_CONTEXT ( 'NONE', 'WORKASPACE' ) );
#1542 = FILL_AREA_STYLE ('',( #5410 ) ) ;
#1543 = DIRECTION ( 'NONE',  ( -0.000000000000000000, 0.000000000000000000, -1.000000000000000000 ) ) ;
#1544 = CARTESIAN_POINT ( 'NONE',  ( -1.027500000000000080, -1.000000000000000000, -0.1500000000000000500 ) ) ;
#1545 =( GEOMETRIC_REPRESENTATION_CONTEXT ( 3 ) GLOBAL_UNCERTAINTY_ASSIGNED_CONTEXT ( ( #1448 ) ) GLOBAL_UNIT_ASSIGNED_CONTEXT ( ( #998, #482, #5501 ) ) REPRESENTATION_CONTEXT ( 'NONE', 'WORKASPACE' ) );
#1546 = CARTESIAN_POINT ( 'NONE',  ( 0.4750000000000000333, 0.8939339828220183026, -0.3500000000000000333 ) ) ;
#1547 = CARTESIAN_POINT ( 'NONE',  ( -1.250000000000000222, -0.7775000000000001910, -0.1500000000000000500 ) ) ;
#1548 = PRESENTATION_STYLE_ASSIGNMENT (( #4904 ) ) ;
#1549 = ORIENTED_EDGE ( 'NONE', *, *, #3915, .F. ) ;
#1550 = EDGE_CURVE ( 'NONE', #3662, #4675, #3436, .T. ) ;
#1551 = PRESENTATION_STYLE_ASSIGNMENT (( #3492 ) ) ;
#1552 = ORIENTED_EDGE ( 'NONE', *, *, #1706, .T. ) ;
#1553 = COLOUR_RGB ( '',0.8627450980392157298, 0.6274509803921568540, 0.05882352941176470507 ) ;
#1554 =( NAMED_UNIT ( * ) PLANE_ANGLE_UNIT ( ) SI_UNIT ( $, .RADIAN. ) );
#1555 = EDGE_CURVE ( 'NONE', #2648, #3489, #4003, .T. ) ;
#1556 = ADVANCED_FACE ( 'NONE', ( #5982 ), #6445, .F. ) ;
#1557 = DIRECTION ( 'NONE',  ( -1.000000000000000000, -5.613672572362096360E-16, 0.000000000000000000 ) ) ;
#1558 = CARTESIAN_POINT ( 'NONE',  ( -1.099999999999999645, -1.000000000000000444, -0.1500000000000000500 ) ) ;
#1559 = DIRECTION ( 'NONE',  ( 0.000000000000000000, -1.000000000000000000, 0.000000000000000000 ) ) ;
#1560 = DIRECTION ( 'NONE',  ( 0.000000000000000000, 0.000000000000000000, -1.000000000000000000 ) ) ;
#1561 = AXIS2_PLACEMENT_3D ( 'NONE', #1218, #5720, #4643 ) ;
#1563 = EDGE_CURVE ( 'NONE', #2007, #136, #3423, .T. ) ;
#1562 = ORIENTED_EDGE ( 'NONE', *, *, #5012, .T. ) ;
#1564 = CARTESIAN_POINT ( 'NONE',  ( 0.8999999999999999112, 0.7900000000000001465, 0.5749999999999999556 ) ) ;
#1565 =( LENGTH_UNIT ( ) NAMED_UNIT ( * ) SI_UNIT ( .MILLI., .METRE. ) );
#1566 = PRESENTATION_STYLE_ASSIGNMENT (( #3002 ) ) ;
#1567 = SURFACE_STYLE_FILL_AREA ( #2193 ) ;
#1568 = LINE ( 'NONE', #1000, #4534 ) ;
#1569 = FILL_AREA_STYLE_COLOUR ( '', #1185 ) ;
#1570 = AXIS2_PLACEMENT_3D ( 'NONE', #5659, #216, #3739 ) ;
#1571 = COLOUR_RGB ( '',0.8039215686274510109, 0.8039215686274510109, 0.8039215686274510109 ) ;
#1572 = ORIENTED_EDGE ( 'NONE', *, *, #4771, .T. ) ;
#1573 = FILL_AREA_STYLE ('',( #3077 ) ) ;
#1574 = ORIENTED_EDGE ( 'NONE', *, *, #4053, .F. ) ;
#1575 = DIRECTION ( 'NONE',  ( 0.000000000000000000, 0.000000000000000000, 1.000000000000000000 ) ) ;
#1576 = UNCERTAINTY_MEASURE_WITH_UNIT (LENGTH_MEASURE( 1.000000000000000082E-05 ), #764, 'distance_accuracy_value', 'NONE');
#1577 = UNCERTAINTY_MEASURE_WITH_UNIT (LENGTH_MEASURE( 1.000000000000000082E-05 ), #2610, 'distance_accuracy_value', 'NONE');
#1578 = CARTESIAN_POINT ( 'NONE',  ( 1.249999999999999556, -1.000000000000000444, -0.1500000000000000500 ) ) ;
#1579 = DIRECTION ( 'NONE',  ( -1.000000000000000000, 0.000000000000000000, 0.000000000000000000 ) ) ;
#1580 = FACE_OUTER_BOUND ( 'NONE', #404, .T. ) ;
#1581 = ORIENTED_EDGE ( 'NONE', *, *, #2387, .F. ) ;
#1582 = CARTESIAN_POINT ( 'NONE',  ( 0.4750000000000000333, 0.8939339828220183026, -0.1500000000000000500 ) ) ;
#1583 = EDGE_LOOP ( 'NONE', ( #5246, #147 ) ) ;
#1584 = ORIENTED_EDGE ( 'NONE', *, *, #2647, .T. ) ;
#1585 = DIRECTION ( 'NONE',  ( 0.000000000000000000, 0.000000000000000000, -1.000000000000000000 ) ) ;
#1586 =( NAMED_UNIT ( * ) SI_UNIT ( $, .STERADIAN. ) SOLID_ANGLE_UNIT ( ) );
#1587 = PRESENTATION_STYLE_ASSIGNMENT (( #1027 ) ) ;
#1588 = SURFACE_SIDE_STYLE ('',( #6085 ) ) ;
#1589 = CARTESIAN_POINT ( 'NONE',  ( -1.250000000000000222, 0.8499999999999999778, 0.3500000000000000333 ) ) ;
#1590 = ORIENTED_EDGE ( 'NONE', *, *, #2311, .F. ) ;
#1591 = AXIS2_PLACEMENT_3D ( 'NONE', #4965, #493, #4993 ) ;
#1592 = CARTESIAN_POINT ( 'NONE',  ( -0.4750000000000000333, 0.8939339828220183026, -0.1500000000000000500 ) ) ;
#1593 = CARTESIAN_POINT ( 'NONE',  ( -1.054407950059313093, -0.8939339828220181916, -0.1500000000000000500 ) ) ;
#1594 = ORIENTED_EDGE ( 'NONE', *, *, #3355, .T. ) ;
#1595 =( NAMED_UNIT ( * ) SI_UNIT ( $, .STERADIAN. ) SOLID_ANGLE_UNIT ( ) );
#1596 = COLOUR_RGB ( '',0.8627450980392157298, 0.6274509803921568540, 0.05882352941176470507 ) ;
#1597 = VECTOR ( 'NONE', #2262, 1000.000000000000000 ) ;
#1598 = DIRECTION ( 'NONE',  ( 4.523087997816324217E-16, -1.000000000000000000, 0.000000000000000000 ) ) ;
#1599 = DIRECTION ( 'NONE',  ( 0.000000000000000000, 0.000000000000000000, 1.000000000000000000 ) ) ;
#1600 = DIRECTION ( 'NONE',  ( -0.000000000000000000, -0.000000000000000000, 1.000000000000000000 ) ) ;
#1601 = EDGE_CURVE ( 'NONE', #592, #2042, #2397, .T. ) ;
#1602 = EDGE_CURVE ( 'NONE', #4597, #740, #1231, .T. ) ;
#1603 = CARTESIAN_POINT ( 'NONE',  ( -0.9000000000000001332, 0.8150000000000000577, 0.5500000000000000444 ) ) ;
#1604 = STYLED_ITEM ( 'NONE', ( #1790 ), #376 ) ;
#1605 = UNCERTAINTY_MEASURE_WITH_UNIT (LENGTH_MEASURE( 1.000000000000000082E-05 ), #1859, 'distance_accuracy_value', 'NONE');
#1606 = CARTESIAN_POINT ( 'NONE',  ( -1.143933982822017192, -0.8044079500593136478, -0.1500000000000000500 ) ) ;
#1607 = VECTOR ( 'NONE', #5690, 1000.000000000000000 ) ;
#1608 = CARTESIAN_POINT ( 'NONE',  ( 1.143933982822017859, -5.174114067996492916E-16, -0.1500000000000000500 ) ) ;
#1609 = CARTESIAN_POINT ( 'NONE',  ( 1.099999999999999867, 0.6500000000000000222, 0.3750000000000000555 ) ) ;
#1610 = VECTOR ( 'NONE', #4309, 1000.000000000000000 ) ;
#1611 = EDGE_LOOP ( 'NONE', ( #3287, #4976, #4797, #84 ) ) ;
#1612 = DIRECTION ( 'NONE',  ( 0.000000000000000000, 0.000000000000000000, -1.000000000000000000 ) ) ;
#1613 = CIRCLE ( 'NONE', #5038, 0.2225000000000000311 ) ;
#1614 = FILL_AREA_STYLE ('',( #3684 ) ) ;
#1615 = FACE_OUTER_BOUND ( 'NONE', #5944, .T. ) ;
#1616 = DIRECTION ( 'NONE',  ( 0.000000000000000000, -0.000000000000000000, -1.000000000000000000 ) ) ;
#1617 = CYLINDRICAL_SURFACE ( 'NONE', #722, 0.1400000000000000411 ) ;
#1618 = SURFACE_STYLE_FILL_AREA ( #1190 ) ;
#1619 = EDGE_LOOP ( 'NONE', ( #707, #6087, #5109, #243 ) ) ;
#1620 = STYLED_ITEM ( 'NONE', ( #693 ), #3758 ) ;
#1621 = VERTEX_POINT ( 'NONE', #920 ) ;
#1622 = COLOUR_RGB ( '',0.8627450980392157298, 0.6274509803921568540, 0.05882352941176470507 ) ;
#1623 = AXIS2_PLACEMENT_3D ( 'NONE', #4496, #2024, #1037 ) ;
#1624 = ORIENTED_EDGE ( 'NONE', *, *, #857, .F. ) ;
#1625 = AXIS2_PLACEMENT_3D ( 'NONE', #61, #2160, #4061 ) ;
#1626 = DIRECTION ( 'NONE',  ( -0.000000000000000000, -0.000000000000000000, 1.000000000000000000 ) ) ;
#1627 = CARTESIAN_POINT ( 'NONE',  ( -0.9000000000000003553, -0.6500000000000001332, 0.3750000000000000555 ) ) ;
#1628 = ORIENTED_EDGE ( 'NONE', *, *, #3557, .T. ) ;
#1629 = AXIS2_PLACEMENT_3D ( 'NONE', #1926, #2351, #871 ) ;
#1630 =( NAMED_UNIT ( * ) SI_UNIT ( $, .STERADIAN. ) SOLID_ANGLE_UNIT ( ) );
#1631 =( GEOMETRIC_REPRESENTATION_CONTEXT ( 3 ) GLOBAL_UNCERTAINTY_ASSIGNED_CONTEXT ( ( #3082 ) ) GLOBAL_UNIT_ASSIGNED_CONTEXT ( ( #6028, #3646, #3069 ) ) REPRESENTATION_CONTEXT ( 'NONE', 'WORKASPACE' ) );
#1632 = ORIENTED_EDGE ( 'NONE', *, *, #606, .T. ) ;
#1633 = UNCERTAINTY_MEASURE_WITH_UNIT (LENGTH_MEASURE( 1.000000000000000082E-05 ), #2398, 'distance_accuracy_value', 'NONE');
#1634 = FILL_AREA_STYLE_COLOUR ( '', #1758 ) ;
#1635 =( LENGTH_UNIT ( ) NAMED_UNIT ( * ) SI_UNIT ( .MILLI., .METRE. ) );
#1636 = DIRECTION ( 'NONE',  ( 1.000000000000000000, 0.000000000000000000, 0.000000000000000000 ) ) ;
#1637 = EDGE_CURVE ( 'NONE', #249, #6297, #4901, .T. ) ;
#1638 = EDGE_CURVE ( 'NONE', #144, #3660, #5952, .T. ) ;
#1639 = AXIS2_PLACEMENT_3D ( 'NONE', #6458, #1952, #4943 ) ;
#1640 = LINE ( 'NONE', #3648, #2244 ) ;
#1641 = ORIENTED_EDGE ( 'NONE', *, *, #2874, .T. ) ;
#1642 = LINE ( 'NONE', #5131, #3781 ) ;
#1643 = VERTEX_POINT ( 'NONE', #5101 ) ;
#1644 = EDGE_CURVE ( 'NONE', #6141, #4486, #5134, .T. ) ;
#1645 = DIRECTION ( 'NONE',  ( 9.528365374728186880E-17, 1.000000000000000000, 0.000000000000000000 ) ) ;
#1646 = COLOUR_RGB ( '',0.8627450980392157298, 0.6274509803921568540, 0.05882352941176470507 ) ;
#1647 = FILL_AREA_STYLE_COLOUR ( '', #1220 ) ;
#1648 = VECTOR ( 'NONE', #6484, 1000.000000000000000 ) ;
#1649 = ORIENTED_EDGE ( 'NONE', *, *, #1920, .F. ) ;
#1650 = DIRECTION ( 'NONE',  ( -1.000000000000000000, 0.000000000000000000, -0.000000000000000000 ) ) ;
#1651 = VERTEX_POINT ( 'NONE', #4114 ) ;
#1652 = CARTESIAN_POINT ( 'NONE',  ( -5.018252680870376225E-16, -0.8939339828220187467, -0.3500000000000000333 ) ) ;
#1653 = VERTEX_POINT ( 'NONE', #1546 ) ;
#1654 =( NAMED_UNIT ( * ) SI_UNIT ( $, .STERADIAN. ) SOLID_ANGLE_UNIT ( ) );
#1655 = DIRECTION ( 'NONE',  ( 0.000000000000000000, 0.000000000000000000, 1.000000000000000000 ) ) ;
#1656 = LINE ( 'NONE', #91, #2370 ) ;
#1657 = CARTESIAN_POINT ( 'NONE',  ( -1.027499999999999414, -1.000000000000000000, -0.1500000000000000500 ) ) ;
#1658 = LINE ( 'NONE', #5526, #2078 ) ;
#1659 = VERTEX_POINT ( 'NONE', #3047 ) ;
#1660 = STYLED_ITEM ( 'NONE', ( #5536 ), #1794 ) ;
#1661 = DIRECTION ( 'NONE',  ( -0.000000000000000000, 1.000000000000000000, -0.000000000000000000 ) ) ;
#1662 = SURFACE_SIDE_STYLE ('',( #5640 ) ) ;
#1663 = ORIENTED_EDGE ( 'NONE', *, *, #242, .F. ) ;
#1664 =( GEOMETRIC_REPRESENTATION_CONTEXT ( 3 ) GLOBAL_UNCERTAINTY_ASSIGNED_CONTEXT ( ( #3679 ) ) GLOBAL_UNIT_ASSIGNED_CONTEXT ( ( #4792, #4418, #2953 ) ) REPRESENTATION_CONTEXT ( 'NONE', 'WORKASPACE' ) );
#1665 = DIRECTION ( 'NONE',  ( -1.000000000000000000, 0.000000000000000000, 0.000000000000000000 ) ) ;
#1666 =( GEOMETRIC_REPRESENTATION_CONTEXT ( 3 ) GLOBAL_UNCERTAINTY_ASSIGNED_CONTEXT ( ( #775 ) ) GLOBAL_UNIT_ASSIGNED_CONTEXT ( ( #716, #3358, #4874 ) ) REPRESENTATION_CONTEXT ( 'NONE', 'WORKASPACE' ) );
#1667 = UNCERTAINTY_MEASURE_WITH_UNIT (LENGTH_MEASURE( 1.000000000000000082E-05 ), #2446, 'distance_accuracy_value', 'NONE');
#1668 = CARTESIAN_POINT ( 'NONE',  ( -0.9000000000000003553, -0.7900000000000001465, 0.6250000000000001110 ) ) ;
#1669 = STYLED_ITEM ( 'NONE', ( #5282 ), #5817 ) ;
#1670 = SURFACE_STYLE_USAGE ( .BOTH. , #5129 ) ;
#1671 = ORIENTED_EDGE ( 'NONE', *, *, #1706, .F. ) ;
#1672 = ADVANCED_FACE ( 'NONE', ( #3018 ), #179, .F. ) ;
#1673 = CARTESIAN_POINT ( 'NONE',  ( -0.8150000000000002798, -0.5650000000000002798, 0.6400000000000000133 ) ) ;
#1674 =( NAMED_UNIT ( * ) PLANE_ANGLE_UNIT ( ) SI_UNIT ( $, .RADIAN. ) );
#1675 = STYLED_ITEM ( 'NONE', ( #2543 ), #6180 ) ;
#1676 = SURFACE_SIDE_STYLE ('',( #2821 ) ) ;
#1677 = CARTESIAN_POINT ( 'NONE',  ( -5.018252680870375239E-16, 0.8939339828220185247, -0.1500000000000000500 ) ) ;
#1678 = DIRECTION ( 'NONE',  ( 0.000000000000000000, 0.000000000000000000, -1.000000000000000000 ) ) ;
#1679 = SURFACE_SIDE_STYLE ('',( #5070 ) ) ;
#1680 = EDGE_CURVE ( 'NONE', #4560, #953, #3009, .T. ) ;
#1681 = ORIENTED_EDGE ( 'NONE', *, *, #6296, .T. ) ;
#1682 = EDGE_CURVE ( 'NONE', #4451, #5820, #6273, .T. ) ;
#1683 = FILL_AREA_STYLE ('',( #5107 ) ) ;
#1684 = EDGE_LOOP ( 'NONE', ( #2131, #2440, #3713, #4207, #6315, #288, #6254, #4416 ) ) ;
#1685 = CIRCLE ( 'NONE', #10, 0.02500000000000001180 ) ;
#1686 = VERTEX_POINT ( 'NONE', #77 ) ;
#1687 = CARTESIAN_POINT ( 'NONE',  ( -1.100000000000000311, -1.000000000000000000, 0.3500000000000000333 ) ) ;
#1688 = EDGE_LOOP ( 'NONE', ( #5575, #3497, #3872, #5394 ) ) ;
#1689 = CARTESIAN_POINT ( 'NONE',  ( -1.100000000000000311, 1.000000000000000000, -0.1500000000000000500 ) ) ;
#1690 = ORIENTED_EDGE ( 'NONE', *, *, #2400, .F. ) ;
#1691 = UNCERTAINTY_MEASURE_WITH_UNIT (LENGTH_MEASURE( 1.000000000000000082E-05 ), #4930, 'distance_accuracy_value', 'NONE');
#1692 = SURFACE_SIDE_STYLE ('',( #131 ) ) ;
#1693 = AXIS2_PLACEMENT_3D ( 'NONE', #1075, #6106, #1612 ) ;
#1694 = CLOSED_SHELL ( 'NONE', ( #6047, #6371, #1247, #3836, #382, #3606, #4391, #1071, #3067, #1345, #1519, #861, #423, #1393, #1955, #6224, #4315, #747 ) ) ;
#1695 = LINE ( 'NONE', #1114, #4802 ) ;
#1696 = CARTESIAN_POINT ( 'NONE',  ( -1.143933982822017636, 0.3249999999999999001, -0.3500000000000000333 ) ) ;
#1697 =( LENGTH_UNIT ( ) NAMED_UNIT ( * ) SI_UNIT ( .MILLI., .METRE. ) );
#1698 =( GEOMETRIC_REPRESENTATION_CONTEXT ( 3 ) GLOBAL_UNCERTAINTY_ASSIGNED_CONTEXT ( ( #3936 ) ) GLOBAL_UNIT_ASSIGNED_CONTEXT ( ( #5848, #912, #1774 ) ) REPRESENTATION_CONTEXT ( 'NONE', 'WORKASPACE' ) );
#1699 = FACE_OUTER_BOUND ( 'NONE', #890, .T. ) ;
#1700 = VECTOR ( 'NONE', #2786, 1000.000000000000000 ) ;
#1701 = PRESENTATION_STYLE_ASSIGNMENT (( #183 ) ) ;
#1702 = VERTEX_POINT ( 'NONE', #6146 ) ;
#1703 = DIRECTION ( 'NONE',  ( -1.000000000000000000, 0.000000000000000000, 0.000000000000000000 ) ) ;
#1704 = ORIENTED_EDGE ( 'NONE', *, *, #6181, .T. ) ;
#1705 = CARTESIAN_POINT ( 'NONE',  ( -0.5500000000000012657, -0.5499999999999992673, -0.3500000000000000333 ) ) ;
#1706 = EDGE_CURVE ( 'NONE', #2935, #3278, #5000, .T. ) ;
#1707 = STYLED_ITEM ( 'NONE', ( #643 ), #720 ) ;
#1708 = EDGE_CURVE ( 'NONE', #1377, #4310, #617, .T. ) ;
#1709 =( NAMED_UNIT ( * ) PLANE_ANGLE_UNIT ( ) SI_UNIT ( $, .RADIAN. ) );
#1710 = CARTESIAN_POINT ( 'NONE',  ( -0.1402658989833522607, 0.9573281361468033435, 0.3500000000000000333 ) ) ;
#1711 = AXIS2_PLACEMENT_3D ( 'NONE', #4923, #3885, #5875 ) ;
#1712 = ORIENTED_EDGE ( 'NONE', *, *, #606, .F. ) ;
#1713 = LINE ( 'NONE', #285, #5570 ) ;
#1714 = COLOUR_RGB ( '',0.2862745098039215508, 0.2862745098039215508, 0.2862745098039215508 ) ;
#1715 = PRESENTATION_STYLE_ASSIGNMENT (( #6161 ) ) ;
#1716 =( GEOMETRIC_REPRESENTATION_CONTEXT ( 3 ) GLOBAL_UNCERTAINTY_ASSIGNED_CONTEXT ( ( #3323 ) ) GLOBAL_UNIT_ASSIGNED_CONTEXT ( ( #3311, #5757, #4266 ) ) REPRESENTATION_CONTEXT ( 'NONE', 'WORKASPACE' ) );
#1717 =( GEOMETRIC_REPRESENTATION_CONTEXT ( 3 ) GLOBAL_UNCERTAINTY_ASSIGNED_CONTEXT ( ( #6290 ) ) GLOBAL_UNIT_ASSIGNED_CONTEXT ( ( #1565, #4021, #6095 ) ) REPRESENTATION_CONTEXT ( 'NONE', 'WORKASPACE' ) );
#1718 = ORIENTED_EDGE ( 'NONE', *, *, #2280, .F. ) ;
#1719 = CARTESIAN_POINT ( 'NONE',  ( -1.065000000000000391, 0.6500000000000001332, 0.5500000000000000444 ) ) ;
#1720 = EDGE_CURVE ( 'NONE', #2366, #2180, #5067, .T. ) ;
#1721 = AXIS2_PLACEMENT_3D ( 'NONE', #6430, #5936, #964 ) ;
#1722 = DIRECTION ( 'NONE',  ( 1.000000000000000000, 0.000000000000000000, 0.000000000000000000 ) ) ;
#1723 = VECTOR ( 'NONE', #1560, 1000.000000000000000 ) ;
#1724 = FILL_AREA_STYLE_COLOUR ( '', #2984 ) ;
#1725 = CYLINDRICAL_SURFACE ( 'NONE', #2461, 0.1999999999999999833 ) ;
#1726 = CIRCLE ( 'NONE', #4236, 0.2225000000000002531 ) ;
#1727 = VECTOR ( 'NONE', #3248, 1000.000000000000000 ) ;
#1728 = DIRECTION ( 'NONE',  ( -0.000000000000000000, -0.000000000000000000, -1.000000000000000000 ) ) ;
#1729 = LINE ( 'NONE', #5682, #4329 ) ;
#1730 = DIRECTION ( 'NONE',  ( 1.000000000000000000, 5.613672572362096360E-16, 0.000000000000000000 ) ) ;
#1731 = PRESENTATION_STYLE_ASSIGNMENT (( #3655 ) ) ;
#1732 = VECTOR ( 'NONE', #6196, 1000.000000000000000 ) ;
#1733 = AXIS2_PLACEMENT_3D ( 'NONE', #4464, #1990, #867 ) ;
#1734 = DIRECTION ( 'NONE',  ( 0.000000000000000000, 0.000000000000000000, 1.000000000000000000 ) ) ;
#1735 = ORIENTED_EDGE ( 'NONE', *, *, #1680, .T. ) ;
#1736 = AXIS2_PLACEMENT_3D ( 'NONE', #2471, #4419, #5480 ) ;
#1737 = FACE_OUTER_BOUND ( 'NONE', #4830, .T. ) ;
#1738 = VERTEX_POINT ( 'NONE', #1188 ) ;
#1739 =( NAMED_UNIT ( * ) SI_UNIT ( $, .STERADIAN. ) SOLID_ANGLE_UNIT ( ) );
#1740 = ORIENTED_EDGE ( 'NONE', *, *, #3687, .F. ) ;
#1741 = DIRECTION ( 'NONE',  ( -1.000000000000000000, -0.000000000000000000, -0.000000000000000000 ) ) ;
#1742 = CARTESIAN_POINT ( 'NONE',  ( 0.8999999999999996891, -0.8150000000000000577, 0.5500000000000000444 ) ) ;
#1743 = CIRCLE ( 'NONE', #5080, 0.02499999999999995628 ) ;
#1744 = CIRCLE ( 'NONE', #5081, 0.1150000000000000883 ) ;
#1745 = EDGE_CURVE ( 'NONE', #1643, #2250, #5175, .T. ) ;
#1746 = CARTESIAN_POINT ( 'NONE',  ( 1.143933982822017636, -0.3250000000000001776, -0.1500000000000000500 ) ) ;
#1747 = SURFACE_STYLE_USAGE ( .BOTH. , #3162 ) ;
#1748 = ORIENTED_EDGE ( 'NONE', *, *, #6212, .T. ) ;
#1749 =( NAMED_UNIT ( * ) SI_UNIT ( $, .STERADIAN. ) SOLID_ANGLE_UNIT ( ) );
#1751 = EDGE_CURVE ( 'NONE', #3808, #1972, #3685, .T. ) ;
#1750 = UNCERTAINTY_MEASURE_WITH_UNIT (LENGTH_MEASURE( 1.000000000000000082E-05 ), #2465, 'distance_accuracy_value', 'NONE');
#1752 = EDGE_CURVE ( 'NONE', #4239, #2980, #5528, .T. ) ;
#1753 =( GEOMETRIC_REPRESENTATION_CONTEXT ( 3 ) GLOBAL_UNCERTAINTY_ASSIGNED_CONTEXT ( ( #461 ) ) GLOBAL_UNIT_ASSIGNED_CONTEXT ( ( #1316, #5283, #736 ) ) REPRESENTATION_CONTEXT ( 'NONE', 'WORKASPACE' ) );
#1754 = SURFACE_SIDE_STYLE ('',( #2333 ) ) ;
#1755 = ORIENTED_EDGE ( 'NONE', *, *, #5744, .T. ) ;
#1756 =( NAMED_UNIT ( * ) PLANE_ANGLE_UNIT ( ) SI_UNIT ( $, .RADIAN. ) );
#1757 = MECHANICAL_DESIGN_GEOMETRIC_PRESENTATION_REPRESENTATION (  '', ( #4562 ), #3541 ) ;
#1758 = COLOUR_RGB ( '',0.2862745098039215508, 0.2862745098039215508, 0.2862745098039215508 ) ;
#1759 = CARTESIAN_POINT ( 'NONE',  ( 0.05833004110700093503, 0.9573281361468033435, 0.3500000000000000333 ) ) ;
#1760 =( NAMED_UNIT ( * ) PLANE_ANGLE_UNIT ( ) SI_UNIT ( $, .RADIAN. ) );
#1761 = ADVANCED_FACE ( 'NONE', ( #4758 ), #1306, .T. ) ;
#1762 =( NAMED_UNIT ( * ) PLANE_ANGLE_UNIT ( ) SI_UNIT ( $, .RADIAN. ) );
#1763 =( GEOMETRIC_REPRESENTATION_CONTEXT ( 3 ) GLOBAL_UNCERTAINTY_ASSIGNED_CONTEXT ( ( #3486 ) ) GLOBAL_UNIT_ASSIGNED_CONTEXT ( ( #4796, #2307, #1811 ) ) REPRESENTATION_CONTEXT ( 'NONE', 'WORKASPACE' ) );
#1764 = LINE ( 'NONE', #3850, #3547 ) ;
#1765 = FILL_AREA_STYLE ('',( #719 ) ) ;
#1766 = UNCERTAINTY_MEASURE_WITH_UNIT (LENGTH_MEASURE( 1.000000000000000082E-05 ), #3368, 'distance_accuracy_value', 'NONE');
#1767 = COLOUR_RGB ( '',0.8627450980392157298, 0.6274509803921568540, 0.05882352941176470507 ) ;
#1768 = LINE ( 'NONE', #3143, #567 ) ;
#1769 = PRESENTATION_LAYER_ASSIGNMENT (  '', '', ( #1669 ) ) ;
#1770 = FACE_OUTER_BOUND ( 'NONE', #5683, .T. ) ;
#1771 = LINE ( 'NONE', #4232, #1597 ) ;
#1772 = AXIS2_PLACEMENT_3D ( 'NONE', #5799, #5745, #1241 ) ;
#1773 = ORIENTED_EDGE ( 'NONE', *, *, #5205, .F. ) ;
#1774 =( NAMED_UNIT ( * ) SI_UNIT ( $, .STERADIAN. ) SOLID_ANGLE_UNIT ( ) );
#1775 = ORIENTED_EDGE ( 'NONE', *, *, #3785, .T. ) ;
#1776 = DIRECTION ( 'NONE',  ( 0.000000000000000000, 0.000000000000000000, -1.000000000000000000 ) ) ;
#1777 = ORIENTED_EDGE ( 'NONE', *, *, #5308, .T. ) ;
#1778 = CARTESIAN_POINT ( 'NONE',  ( -1.250000000000000222, 1.000000000000000000, -0.3500000000000000333 ) ) ;
#1779 =( GEOMETRIC_REPRESENTATION_CONTEXT ( 3 ) GLOBAL_UNCERTAINTY_ASSIGNED_CONTEXT ( ( #6109 ) ) GLOBAL_UNIT_ASSIGNED_CONTEXT ( ( #875, #803, #2313 ) ) REPRESENTATION_CONTEXT ( 'NONE', 'WORKASPACE' ) );
#1780 = SURFACE_STYLE_USAGE ( .BOTH. , #3724 ) ;
#1781 = ORIENTED_EDGE ( 'NONE', *, *, #2991, .F. ) ;
#1782 =( GEOMETRIC_REPRESENTATION_CONTEXT ( 3 ) GLOBAL_UNCERTAINTY_ASSIGNED_CONTEXT ( ( #4510 ) ) GLOBAL_UNIT_ASSIGNED_CONTEXT ( ( #5946, #3931, #6407 ) ) REPRESENTATION_CONTEXT ( 'NONE', 'WORKASPACE' ) );
#1783 = LINE ( 'NONE', #405, #3091 ) ;
#1784 = VERTEX_POINT ( 'NONE', #6184 ) ;
#1785 = ADVANCED_FACE ( 'NONE', ( #1699 ), #5719, .F. ) ;
#1786 =( LENGTH_UNIT ( ) NAMED_UNIT ( * ) SI_UNIT ( .MILLI., .METRE. ) );
#1787 =( NAMED_UNIT ( * ) SI_UNIT ( $, .STERADIAN. ) SOLID_ANGLE_UNIT ( ) );
#1788 = ORIENTED_EDGE ( 'NONE', *, *, #6139, .T. ) ;
#1789 = PLANE ( 'NONE',  #1772 ) ;
#1790 = PRESENTATION_STYLE_ASSIGNMENT (( #5746 ) ) ;
#1791 = CARTESIAN_POINT ( 'NONE',  ( 1.249999999999999778, -0.8499999999999999778, -0.1500000000000000500 ) ) ;
#1792 =( NAMED_UNIT ( * ) SI_UNIT ( $, .STERADIAN. ) SOLID_ANGLE_UNIT ( ) );
#1793 = EDGE_CURVE ( 'NONE', #2322, #2180, #3824, .T. ) ;
#1794 = ADVANCED_FACE ( 'NONE', ( #4320 ), #4351, .F. ) ;
#1795 = MECHANICAL_DESIGN_GEOMETRIC_PRESENTATION_REPRESENTATION (  '', ( #2945 ), #6422 ) ;
#1796 =( NAMED_UNIT ( * ) PLANE_ANGLE_UNIT ( ) SI_UNIT ( $, .RADIAN. ) );
#1797 =( NAMED_UNIT ( * ) SI_UNIT ( $, .STERADIAN. ) SOLID_ANGLE_UNIT ( ) );
#1798 = AXIS2_PLACEMENT_3D ( 'NONE', #3000, #4525, #539 ) ;
#1799 = SURFACE_STYLE_FILL_AREA ( #2384 ) ;
#1800 = CARTESIAN_POINT ( 'NONE',  ( -0.5500000000000032641, -0.5499999999999981570, -0.1500000000000000500 ) ) ;
#1801 = ORIENTED_EDGE ( 'NONE', *, *, #3686, .T. ) ;
#1802 = DIRECTION ( 'NONE',  ( 3.241581980666026040E-16, -1.000000000000000000, 0.000000000000000000 ) ) ;
#1803 = ORIENTED_EDGE ( 'NONE', *, *, #1682, .T. ) ;
#1804 = DIRECTION ( 'NONE',  ( 0.000000000000000000, -0.000000000000000000, 1.000000000000000000 ) ) ;
#1805 = DIRECTION ( 'NONE',  ( -1.000000000000000000, -0.000000000000000000, -0.000000000000000000 ) ) ;
#1806 = ORIENTED_EDGE ( 'NONE', *, *, #5655, .F. ) ;
#1807 = CARTESIAN_POINT ( 'NONE',  ( -0.4749999999999998668, -0.6250000000000024425, -0.1500000000000000500 ) ) ;
#1808 = FACE_OUTER_BOUND ( 'NONE', #4182, .T. ) ;
#1809 = DIRECTION ( 'NONE',  ( 0.000000000000000000, 0.000000000000000000, 1.000000000000000000 ) ) ;
#1810 = ORIENTED_EDGE ( 'NONE', *, *, #4538, .T. ) ;
#1811 =( NAMED_UNIT ( * ) SI_UNIT ( $, .STERADIAN. ) SOLID_ANGLE_UNIT ( ) );
#1812 = APPLICATION_CONTEXT ( 'automotive_design' ) ;
#1813 = ORIENTED_EDGE ( 'NONE', *, *, #2845, .F. ) ;
#1814 = UNCERTAINTY_MEASURE_WITH_UNIT (LENGTH_MEASURE( 1.000000000000000082E-05 ), #1460, 'distance_accuracy_value', 'NONE');
#1815 = PRESENTATION_LAYER_ASSIGNMENT (  '', '', ( #4724 ) ) ;
#1816 = VERTEX_POINT ( 'NONE', #4955 ) ;
#1817 = CARTESIAN_POINT ( 'NONE',  ( 1.064999999999999947, 0.6499999999999999112, 0.5749999999999999556 ) ) ;
#1818 = DIRECTION ( 'NONE',  ( 0.000000000000000000, 0.000000000000000000, -1.000000000000000000 ) ) ;
#1819 = ORIENTED_EDGE ( 'NONE', *, *, #471, .F. ) ;
#1820 = COLOUR_RGB ( '',0.8627450980392157298, 0.6274509803921568540, 0.05882352941176470507 ) ;
#1821 = MECHANICAL_DESIGN_GEOMETRIC_PRESENTATION_REPRESENTATION (  '', ( #2139 ), #2773 ) ;
#1822 = AXIS2_PLACEMENT_3D ( 'NONE', #3996, #4995, #3451 ) ;
#1823 = COLOUR_RGB ( '',0.2862745098039215508, 0.2862745098039215508, 0.2862745098039215508 ) ;
#1824 = FILL_AREA_STYLE_COLOUR ( '', #412 ) ;
#1825 = SURFACE_STYLE_FILL_AREA ( #1267 ) ;
#1826 = AXIS2_PLACEMENT_3D ( 'NONE', #3892, #881, #4896 ) ;
#1827 = STYLED_ITEM ( 'NONE', ( #1731 ), #3826 ) ;
#1828 = FILL_AREA_STYLE ('',( #6329 ) ) ;
#1829 = AXIS2_PLACEMENT_3D ( 'NONE', #2943, #6435, #3474 ) ;
#1830 = CARTESIAN_POINT ( 'NONE',  ( -0.4749999999999998668, -0.6250000000000024425, -0.1500000000000000500 ) ) ;
#1831 = STYLED_ITEM ( 'NONE', ( #4281 ), #1307 ) ;
#1832 = COLOUR_RGB ( '',0.8627450980392157298, 0.6274509803921568540, 0.05882352941176470507 ) ;
#1833 = COLOUR_RGB ( '',0.8039215686274510109, 0.8039215686274510109, 0.8039215686274510109 ) ;
#1834 = EDGE_CURVE ( 'NONE', #4732, #2648, #4624, .T. ) ;
#1835 = MECHANICAL_DESIGN_GEOMETRIC_PRESENTATION_REPRESENTATION (  '', ( #4341 ), #6142 ) ;
#1836 = ORIENTED_EDGE ( 'NONE', *, *, #6411, .F. ) ;
#1837 = EDGE_LOOP ( 'NONE', ( #284, #6370, #952, #2768 ) ) ;
#1838 =( NAMED_UNIT ( * ) PLANE_ANGLE_UNIT ( ) SI_UNIT ( $, .RADIAN. ) );
#1839 = EDGE_CURVE ( 'NONE', #5641, #2366, #6132, .T. ) ;
#1840 = PRESENTATION_STYLE_ASSIGNMENT (( #1378 ) ) ;
#1841 = EDGE_LOOP ( 'NONE', ( #1253, #2118, #5834, #5242 ) ) ;
#1842 = FILL_AREA_STYLE_COLOUR ( '', #5832 ) ;
#1843 = PRESENTATION_STYLE_ASSIGNMENT (( #3458 ) ) ;
#1844 = PRESENTATION_LAYER_ASSIGNMENT (  '', '', ( #4657 ) ) ;
#1845 = CARTESIAN_POINT ( 'NONE',  ( -0.7150000000000003020, -0.5650000000000002798, 0.6400000000000000133 ) ) ;
#1846 = FILL_AREA_STYLE ('',( #6346 ) ) ;
#1847 = CARTESIAN_POINT ( 'NONE',  ( 0.05833004110700093503, 1.057328136146803432, -0.3500000000000000333 ) ) ;
#1848 = ORIENTED_EDGE ( 'NONE', *, *, #2727, .T. ) ;
#1849 = DIRECTION ( 'NONE',  ( -1.000000000000000000, -9.528365374728188113E-17, 0.000000000000000000 ) ) ;
#1850 = SURFACE_SIDE_STYLE ('',( #5344 ) ) ;
#1851 = VERTEX_POINT ( 'NONE', #6096 ) ;
#1852 = STYLED_ITEM ( 'NONE', ( #5990 ), #1351 ) ;
#1853 = CARTESIAN_POINT ( 'NONE',  ( -1.250000000000000222, -0.7775000000000001910, -0.1500000000000000500 ) ) ;
#1854 = CARTESIAN_POINT ( 'NONE',  ( -1.015000000000000346, -0.6499999999999999112, 0.6500000000000001332 ) ) ;
#1855 = ORIENTED_EDGE ( 'NONE', *, *, #4773, .T. ) ;
#1856 =( LENGTH_UNIT ( ) NAMED_UNIT ( * ) SI_UNIT ( .MILLI., .METRE. ) );
#1857 = DIRECTION ( 'NONE',  ( 0.000000000000000000, 0.000000000000000000, -1.000000000000000000 ) ) ;
#1858 = CARTESIAN_POINT ( 'NONE',  ( -5.018252680870376225E-16, -0.8939339828220187467, -0.3500000000000000333 ) ) ;
#1859 =( LENGTH_UNIT ( ) NAMED_UNIT ( * ) SI_UNIT ( .MILLI., .METRE. ) );
#1860 = PRESENTATION_LAYER_ASSIGNMENT (  '', '', ( #4562 ) ) ;
#1861 = LINE ( 'NONE', #1399, #3721 ) ;
#1862 = CARTESIAN_POINT ( 'NONE',  ( -0.9000000000000003553, -0.8500000000000000888, 0.3750000000000000555 ) ) ;
#1863 =( LENGTH_UNIT ( ) NAMED_UNIT ( * ) SI_UNIT ( .MILLI., .METRE. ) );
#1864 = ORIENTED_EDGE ( 'NONE', *, *, #2311, .T. ) ;
#1865 = SURFACE_SIDE_STYLE ('',( #3308 ) ) ;
#1866 = ORIENTED_EDGE ( 'NONE', *, *, #589, .T. ) ;
#1867 =( GEOMETRIC_REPRESENTATION_CONTEXT ( 3 ) GLOBAL_UNCERTAINTY_ASSIGNED_CONTEXT ( ( #2875 ) ) GLOBAL_UNIT_ASSIGNED_CONTEXT ( ( #6039, #4179, #6147 ) ) REPRESENTATION_CONTEXT ( 'NONE', 'WORKASPACE' ) );
#1868 = FILL_AREA_STYLE_COLOUR ( '', #524 ) ;
#1869 = DIRECTION ( 'NONE',  ( 0.000000000000000000, 0.000000000000000000, 1.000000000000000000 ) ) ;
#1870 = ORIENTED_EDGE ( 'NONE', *, *, #1872, .T. ) ;
#1871 =( GEOMETRIC_REPRESENTATION_CONTEXT ( 3 ) GLOBAL_UNCERTAINTY_ASSIGNED_CONTEXT ( ( #5899 ) ) GLOBAL_UNIT_ASSIGNED_CONTEXT ( ( #1396, #961, #996 ) ) REPRESENTATION_CONTEXT ( 'NONE', 'WORKASPACE' ) );
#1872 = EDGE_CURVE ( 'NONE', #1074, #2212, #2692, .T. ) ;
#1873 = DIRECTION ( 'NONE',  ( 1.000000000000000000, 0.000000000000000000, 0.000000000000000000 ) ) ;
#1874 = EDGE_CURVE ( 'NONE', #358, #3766, #5677, .T. ) ;
#1875 = DIRECTION ( 'NONE',  ( 1.000000000000000000, -5.613672572362096360E-16, 0.000000000000000000 ) ) ;
#1876 = CARTESIAN_POINT ( 'NONE',  ( -0.9000000000000001332, 0.7900000000000001465, 0.6250000000000001110 ) ) ;
#1877 = ORIENTED_EDGE ( 'NONE', *, *, #1602, .F. ) ;
#1878 = DIRECTION ( 'NONE',  ( 4.523087997816324217E-16, -1.000000000000000000, 0.000000000000000000 ) ) ;
#1879 =( GEOMETRIC_REPRESENTATION_CONTEXT ( 3 ) GLOBAL_UNCERTAINTY_ASSIGNED_CONTEXT ( ( #5512 ) ) GLOBAL_UNIT_ASSIGNED_CONTEXT ( ( #6412, #4900, #1904 ) ) REPRESENTATION_CONTEXT ( 'NONE', 'WORKASPACE' ) );
#1880 = ORIENTED_EDGE ( 'NONE', *, *, #2991, .T. ) ;
#1881 = LINE ( 'NONE', #741, #6136 ) ;
#1882 =( LENGTH_UNIT ( ) NAMED_UNIT ( * ) SI_UNIT ( .MILLI., .METRE. ) );
#1883 = STYLED_ITEM ( 'NONE', ( #2423 ), #6224 ) ;
#1884 = FILL_AREA_STYLE_COLOUR ( '', #6057 ) ;
#1885 =( NAMED_UNIT ( * ) SI_UNIT ( $, .STERADIAN. ) SOLID_ANGLE_UNIT ( ) );
#1886 = ORIENTED_EDGE ( 'NONE', *, *, #1362, .T. ) ;
#1887 = FILL_AREA_STYLE ('',( #5357 ) ) ;
#1888 = UNCERTAINTY_MEASURE_WITH_UNIT (LENGTH_MEASURE( 1.000000000000000082E-05 ), #2022, 'distance_accuracy_value', 'NONE');
#1889 = DIRECTION ( 'NONE',  ( -0.000000000000000000, -1.000000000000000000, -0.000000000000000000 ) ) ;
#1890 = LINE ( 'NONE', #3884, #1300 ) ;
#1891 = PLANE ( 'NONE',  #1711 ) ;
#1892 = SURFACE_STYLE_USAGE ( .BOTH. , #2913 ) ;
#1893 = COLOUR_RGB ( '',0.8627450980392157298, 0.6274509803921568540, 0.05882352941176470507 ) ;
#1894 = EDGE_LOOP ( 'NONE', ( #1411, #3251, #1019, #245 ) ) ;
#1895 = DIRECTION ( 'NONE',  ( 0.000000000000000000, 0.000000000000000000, 1.000000000000000000 ) ) ;
#1896 = ORIENTED_EDGE ( 'NONE', *, *, #209, .F. ) ;
#1897 = DIRECTION ( 'NONE',  ( 0.000000000000000000, 0.000000000000000000, -1.000000000000000000 ) ) ;
#1898 = CARTESIAN_POINT ( 'NONE',  ( 0.000000000000000000, 0.3249999999999999001, -0.1500000000000000500 ) ) ;
#1899 = CARTESIAN_POINT ( 'NONE',  ( 0.4749999999999998668, -0.3250000000000000111, -0.1500000000000000500 ) ) ;
#1900 = AXIS2_PLACEMENT_3D ( 'NONE', #6426, #6164, #4621 ) ;
#1901 = ORIENTED_EDGE ( 'NONE', *, *, #6333, .T. ) ;
#1902 = CARTESIAN_POINT ( 'NONE',  ( -0.4750000000000000333, 0.8939339828220183026, -0.1500000000000000500 ) ) ;
#1903 = VECTOR ( 'NONE', #4598, 1000.000000000000000 ) ;
#1904 =( NAMED_UNIT ( * ) SI_UNIT ( $, .STERADIAN. ) SOLID_ANGLE_UNIT ( ) );
#1905 = ORIENTED_EDGE ( 'NONE', *, *, #3600, .T. ) ;
#1906 = LINE ( 'NONE', #6317, #4872 ) ;
#1907 = MECHANICAL_DESIGN_GEOMETRIC_PRESENTATION_REPRESENTATION (  '', ( #437 ), #5578 ) ;
#1908 = AXIS2_PLACEMENT_3D ( 'NONE', #533, #5482, #1086 ) ;
#1909 = ADVANCED_FACE ( 'NONE', ( #2721 ), #233, .T. ) ;
#1911 = EDGE_CURVE ( 'NONE', #3195, #2982, #2807, .T. ) ;
#1910 = VERTEX_POINT ( 'NONE', #1357 ) ;
#1912 = AXIS2_PLACEMENT_3D ( 'NONE', #410, #5424, #3911 ) ;
#1913 = AXIS2_PLACEMENT_3D ( 'NONE', #2978, #1005, #3007 ) ;
#1914 = CIRCLE ( 'NONE', #4209, 0.02500000000000001180 ) ;
#1915 = CARTESIAN_POINT ( 'NONE',  ( -0.9000000000000001332, 0.8150000000000000577, 0.5749999999999999556 ) ) ;
#1916 = LINE ( 'NONE', #5451, #3206 ) ;
#1917 = CARTESIAN_POINT ( 'NONE',  ( 1.053514143716457933E-16, -0.3249999999999998446, -0.1500000000000000500 ) ) ;
#1918 = EDGE_CURVE ( 'NONE', #4451, #592, #1906, .T. ) ;
#1919 = ORIENTED_EDGE ( 'NONE', *, *, #5974, .T. ) ;
#1920 = EDGE_CURVE ( 'NONE', #144, #1104, #2071, .T. ) ;
#1921 = FILL_AREA_STYLE ('',( #4402 ) ) ;
#1922 = VECTOR ( 'NONE', #1965, 1000.000000000000000 ) ;
#1923 = STYLED_ITEM ( 'NONE', ( #2195 ), #2755 ) ;
#1924 = AXIS2_PLACEMENT_3D ( 'NONE', #2523, #4539, #5611 ) ;
#1925 = LINE ( 'NONE', #3473, #1290 ) ;
#1926 = CARTESIAN_POINT ( 'NONE',  ( 0.8999999999999999112, -0.6500000000000001332, 0.5500000000000000444 ) ) ;
#1927 = PRESENTATION_LAYER_ASSIGNMENT (  '', '', ( #2675 ) ) ;
#1928 = CARTESIAN_POINT ( 'NONE',  ( -0.9000000000000002442, 0.8500000000000000888, 0.5500000000000000444 ) ) ;
#1929 = MECHANICAL_DESIGN_GEOMETRIC_PRESENTATION_REPRESENTATION (  '', ( #3511 ), #1716 ) ;
#1930 = DIRECTION ( 'NONE',  ( 1.000000000000000000, 0.000000000000000000, 0.000000000000000000 ) ) ;
#1931 = FILL_AREA_STYLE_COLOUR ( '', #5792 ) ;
#1932 = ORIENTED_EDGE ( 'NONE', *, *, #314, .T. ) ;
#1933 = FILL_AREA_STYLE ('',( #2824 ) ) ;
#1934 = DIRECTION ( 'NONE',  ( -0.000000000000000000, -0.000000000000000000, -1.000000000000000000 ) ) ;
#1935 = ORIENTED_EDGE ( 'NONE', *, *, #1918, .F. ) ;
#1936 = FILL_AREA_STYLE ('',( #1842 ) ) ;
#1937 = DIRECTION ( 'NONE',  ( 0.000000000000000000, 0.000000000000000000, 1.000000000000000000 ) ) ;
#1938 = COLOUR_RGB ( '',0.2862745098039215508, 0.2862745098039215508, 0.2862745098039215508 ) ;
#1939 = AXIS2_PLACEMENT_3D ( 'NONE', #1807, #6378, #2921 ) ;
#1940 = DIRECTION ( 'NONE',  ( -1.000000000000000000, 0.000000000000000000, 0.000000000000000000 ) ) ;
#1941 = CARTESIAN_POINT ( 'NONE',  ( -0.4750000000000001998, 9.574766761094697910E-17, -0.1500000000000000500 ) ) ;
#1942 = DIRECTION ( 'NONE',  ( 0.000000000000000000, 0.000000000000000000, 1.000000000000000000 ) ) ;
#1943 = CARTESIAN_POINT ( 'NONE',  ( 0.8999999999999999112, 0.8150000000000000577, 0.5749999999999999556 ) ) ;
#1944 = ORIENTED_EDGE ( 'NONE', *, *, #5342, .T. ) ;
#1945 = PRESENTATION_STYLE_ASSIGNMENT (( #5548 ) ) ;
#1946 = ORIENTED_EDGE ( 'NONE', *, *, #2724, .F. ) ;
#1947 = SURFACE_STYLE_USAGE ( .BOTH. , #18 ) ;
#1948 = EDGE_LOOP ( 'NONE', ( #4355, #826, #125, #1308 ) ) ;
#1949 = AXIS2_PLACEMENT_3D ( 'NONE', #6258, #1809, #2715 ) ;
#1950 = EDGE_CURVE ( 'NONE', #2676, #4486, #95, .T. ) ;
#1951 = FILL_AREA_STYLE_COLOUR ( '', #3106 ) ;
#1952 = DIRECTION ( 'NONE',  ( 0.000000000000000000, -1.000000000000000000, 0.000000000000000000 ) ) ;
#1953 = FACE_OUTER_BOUND ( 'NONE', #534, .T. ) ;
#1954 = FACE_OUTER_BOUND ( 'NONE', #532, .T. ) ;
#1955 = ADVANCED_FACE ( 'NONE', ( #3873 ), #2602, .F. ) ;
#1956 = DIRECTION ( 'NONE',  ( -2.990902544787608354E-15, 1.000000000000000000, 0.000000000000000000 ) ) ;
#1957 = COLOUR_RGB ( '',0.8039215686274510109, 0.8039215686274510109, 0.8039215686274510109 ) ;
#1958 = TOROIDAL_SURFACE ( 'NONE', #188, 0.1150000000000000466, 0.02500000000000000139 ) ;
#1959 =( NAMED_UNIT ( * ) SI_UNIT ( $, .STERADIAN. ) SOLID_ANGLE_UNIT ( ) );
#1960 = SURFACE_STYLE_USAGE ( .BOTH. , #6467 ) ;
#1961 = SURFACE_STYLE_FILL_AREA ( #1887 ) ;
#1962 = STYLED_ITEM ( 'NONE', ( #640 ), #1436 ) ;
#1963 =( LENGTH_UNIT ( ) NAMED_UNIT ( * ) SI_UNIT ( .MILLI., .METRE. ) );
#1964 = ADVANCED_FACE ( 'NONE', ( #2892 ), #5419, .F. ) ;
#1965 = DIRECTION ( 'NONE',  ( 0.000000000000000000, -1.000000000000000000, 0.000000000000000000 ) ) ;
#1966 = SURFACE_STYLE_USAGE ( .BOTH. , #1 ) ;
#1967 = PRESENTATION_LAYER_ASSIGNMENT (  '', '', ( #2373 ) ) ;
#1968 = LINE ( 'NONE', #3960, #2251 ) ;
#1969 = CARTESIAN_POINT ( 'NONE',  ( 0.1402658989833518444, 1.000000000000000000, 0.3500000000000000333 ) ) ;
#1970 = SURFACE_STYLE_USAGE ( .BOTH. , #6481 ) ;
#1971 = FILL_AREA_STYLE_COLOUR ( '', #4692 ) ;
#1972 = VERTEX_POINT ( 'NONE', #1282 ) ;
#1973 = CARTESIAN_POINT ( 'NONE',  ( -1.100000000000000311, -0.6500000000000000222, 0.5500000000000000444 ) ) ;
#1974 = UNCERTAINTY_MEASURE_WITH_UNIT (LENGTH_MEASURE( 1.000000000000000082E-05 ), #1963, 'distance_accuracy_value', 'NONE');
#1975 = CARTESIAN_POINT ( 'NONE',  ( 5.018252680870376225E-16, -0.8939339828220187467, -0.1500000000000000500 ) ) ;
#1976 = DIRECTION ( 'NONE',  ( 1.000000000000000000, 0.000000000000000000, 0.000000000000000000 ) ) ;
#1977 = SURFACE_STYLE_USAGE ( .BOTH. , #3901 ) ;
#1978 = STYLED_ITEM ( 'NONE', ( #2236 ), #5488 ) ;
#1979 = ORIENTED_EDGE ( 'NONE', *, *, #3480, .F. ) ;
#1980 = CARTESIAN_POINT ( 'NONE',  ( 0.8999999999999999112, -0.6500000000000001332, 0.5749999999999999556 ) ) ;
#1981 = ORIENTED_EDGE ( 'NONE', *, *, #1167, .F. ) ;
#1982 = ORIENTED_EDGE ( 'NONE', *, *, #3988, .F. ) ;
#1983 = CARTESIAN_POINT ( 'NONE',  ( -5.018252680870375239E-16, 0.8939339828220185247, -0.3500000000000000333 ) ) ;
#1984 = CARTESIAN_POINT ( 'NONE',  ( 1.125000000000000000, -0.8500000000000000888, 0.3750000000000000555 ) ) ;
#1985 = SURFACE_STYLE_FILL_AREA ( #3909 ) ;
#1986 = FILL_AREA_STYLE ('',( #5354 ) ) ;
#1987 = EDGE_CURVE ( 'NONE', #3283, #4119, #3284, .T. ) ;
#1988 = DIRECTION ( 'NONE',  ( 0.000000000000000000, 0.000000000000000000, 1.000000000000000000 ) ) ;
#1989 = LINE ( 'NONE', #5993, #4285 ) ;
#1990 = DIRECTION ( 'NONE',  ( -0.000000000000000000, -0.000000000000000000, -1.000000000000000000 ) ) ;
#1991 = CIRCLE ( 'NONE', #5232, 0.1000000000000000056 ) ;
#1992 = FILL_AREA_STYLE_COLOUR ( '', #4540 ) ;
#1993 =( NAMED_UNIT ( * ) SI_UNIT ( $, .STERADIAN. ) SOLID_ANGLE_UNIT ( ) );
#1994 = UNCERTAINTY_MEASURE_WITH_UNIT (LENGTH_MEASURE( 1.000000000000000082E-05 ), #2936, 'distance_accuracy_value', 'NONE');
#1995 = CIRCLE ( 'NONE', #2836, 0.09999999999999999167 ) ;
#1996 = DIRECTION ( 'NONE',  ( 0.000000000000000000, 1.000000000000000000, 0.000000000000000000 ) ) ;
#1997 = EDGE_CURVE ( 'NONE', #1193, #3827, #407, .T. ) ;
#1998 = ADVANCED_FACE ( 'NONE', ( #16 ), #5004, .T. ) ;
#1999 = SURFACE_SIDE_STYLE ('',( #6030 ) ) ;
#2000 = ORIENTED_EDGE ( 'NONE', *, *, #5858, .T. ) ;
#2001 = CARTESIAN_POINT ( 'NONE',  ( -0.8150000000000002798, -0.5650000000000002798, 0.6400000000000000133 ) ) ;
#2002 = ORIENTED_EDGE ( 'NONE', *, *, #3068, .F. ) ;
#2003 =( LENGTH_UNIT ( ) NAMED_UNIT ( * ) SI_UNIT ( .MILLI., .METRE. ) );
#2004 = SURFACE_SIDE_STYLE ('',( #4417 ) ) ;
#2005 = FILL_AREA_STYLE ('',( #4972 ) ) ;
#2006 = CARTESIAN_POINT ( 'NONE',  ( 1.014999999999999902, -0.6500000000000001332, 0.6250000000000001110 ) ) ;
#2007 = VERTEX_POINT ( 'NONE', #4514 ) ;
#2008 =( NAMED_UNIT ( * ) SI_UNIT ( $, .STERADIAN. ) SOLID_ANGLE_UNIT ( ) );
#2009 = VERTEX_POINT ( 'NONE', #3089 ) ;
#2010 = CIRCLE ( 'NONE', #2430, 0.1499999999999999667 ) ;
#2011 = ORIENTED_EDGE ( 'NONE', *, *, #5844, .F. ) ;
#2012 = CARTESIAN_POINT ( 'NONE',  ( 0.1402658989833518444, -1.000000000000000000, 0.3500000000000000333 ) ) ;
#2013 = CARTESIAN_POINT ( 'NONE',  ( -1.143933982822017636, 0.000000000000000000, -0.1500000000000000500 ) ) ;
#2014 = DIRECTION ( 'NONE',  ( -1.000000000000000000, 0.000000000000000000, 0.000000000000000000 ) ) ;
#2015 = MECHANICAL_DESIGN_GEOMETRIC_PRESENTATION_REPRESENTATION (  '', ( #3589 ), #5356 ) ;
#2016 = AXIS2_PLACEMENT_3D ( 'NONE', #2456, #4472, #2551 ) ;
#2017 = SURFACE_SIDE_STYLE ('',( #23 ) ) ;
#2018 = LINE ( 'NONE', #60, #6316 ) ;
#2019 = SURFACE_SIDE_STYLE ('',( #620 ) ) ;
#2020 = VECTOR ( 'NONE', #6277, 1000.000000000000000 ) ;
#2021 =( NAMED_UNIT ( * ) SI_UNIT ( $, .STERADIAN. ) SOLID_ANGLE_UNIT ( ) );
#2022 =( LENGTH_UNIT ( ) NAMED_UNIT ( * ) SI_UNIT ( .MILLI., .METRE. ) );
#2023 = LINE ( 'NONE', #2491, #5811 ) ;
#2024 = DIRECTION ( 'NONE',  ( 0.000000000000000000, -1.000000000000000000, 0.000000000000000000 ) ) ;
#2025 =( GEOMETRIC_REPRESENTATION_CONTEXT ( 3 ) GLOBAL_UNCERTAINTY_ASSIGNED_CONTEXT ( ( #487 ) ) GLOBAL_UNIT_ASSIGNED_CONTEXT ( ( #1097, #4614, #615 ) ) REPRESENTATION_CONTEXT ( 'NONE', 'WORKASPACE' ) );
#2026 = DIRECTION ( 'NONE',  ( -4.523087997816324217E-16, 1.000000000000000000, 0.000000000000000000 ) ) ;
#2027 = EDGE_CURVE ( 'NONE', #3697, #4869, #6488, .T. ) ;
#2028 = ADVANCED_FACE ( 'NONE', ( #85 ), #607, .F. ) ;
#2029 = VECTOR ( 'NONE', #1398, 1000.000000000000000 ) ;
#2030 = EDGE_CURVE ( 'NONE', #922, #1473, #3058, .T. ) ;
#2031 = VECTOR ( 'NONE', #1776, 1000.000000000000000 ) ;
#2032 =( LENGTH_UNIT ( ) NAMED_UNIT ( * ) SI_UNIT ( .MILLI., .METRE. ) );
#2033 = MECHANICAL_DESIGN_GEOMETRIC_PRESENTATION_REPRESENTATION (  '', ( #3718 ), #459 ) ;
#2034 = UNCERTAINTY_MEASURE_WITH_UNIT (LENGTH_MEASURE( 1.000000000000000082E-05 ), #4262, 'distance_accuracy_value', 'NONE');
#2035 = UNCERTAINTY_MEASURE_WITH_UNIT (LENGTH_MEASURE( 1.000000000000000082E-05 ), #5120, 'distance_accuracy_value', 'NONE');
#2036 = AXIS2_PLACEMENT_3D ( 'NONE', #5903, #3925, #4346 ) ;
#2037 = DIRECTION ( 'NONE',  ( 1.000000000000000000, 0.000000000000000000, 0.000000000000000000 ) ) ;
#2038 = DIRECTION ( 'NONE',  ( 0.000000000000000000, 0.000000000000000000, -1.000000000000000000 ) ) ;
#2039 = CARTESIAN_POINT ( 'NONE',  ( -1.100000000000000311, -1.000000000000000000, -0.1500000000000000500 ) ) ;
#2040 =( NAMED_UNIT ( * ) PLANE_ANGLE_UNIT ( ) SI_UNIT ( $, .RADIAN. ) );
#2041 = AXIS2_PLACEMENT_3D ( 'NONE', #522, #3371, #422 ) ;
#2042 = VERTEX_POINT ( 'NONE', #3525 ) ;
#2043 = EDGE_CURVE ( 'NONE', #2794, #1784, #1494, .T. ) ;
#2044 =( LENGTH_UNIT ( ) NAMED_UNIT ( * ) SI_UNIT ( .MILLI., .METRE. ) );
#2045 = ORIENTED_EDGE ( 'NONE', *, *, #6211, .T. ) ;
#2046 = MECHANICAL_DESIGN_GEOMETRIC_PRESENTATION_REPRESENTATION (  '', ( #781 ), #3924 ) ;
#2047 = VECTOR ( 'NONE', #5142, 1000.000000000000000 ) ;
#2048 = VERTEX_POINT ( 'NONE', #1582 ) ;
#2049 = DIRECTION ( 'NONE',  ( -1.000000000000000000, 0.000000000000000000, 0.000000000000000000 ) ) ;
#2050 = CARTESIAN_POINT ( 'NONE',  ( -0.4750000000000001443, 0.3249999999999999001, -0.1500000000000000777 ) ) ;
#2051 = CARTESIAN_POINT ( 'NONE',  ( 1.249999999999999778, 0.8499999999999999778, 0.3500000000000000333 ) ) ;
#2052 = DIRECTION ( 'NONE',  ( 0.000000000000000000, 0.000000000000000000, -1.000000000000000000 ) ) ;
#2053 = ORIENTED_EDGE ( 'NONE', *, *, #4459, .F. ) ;
#2054 = AXIS2_PLACEMENT_3D ( 'NONE', #1454, #5893, #1421 ) ;
#2055 = FACE_OUTER_BOUND ( 'NONE', #944, .T. ) ;
#2056 = CARTESIAN_POINT ( 'NONE',  ( 1.249999999999999778, 1.000000000000000000, -0.1500000000000000500 ) ) ;
#2057 = LINE ( 'NONE', #6060, #406 ) ;
#2058 = CARTESIAN_POINT ( 'NONE',  ( 1.099999999999999867, -1.000000000000000000, -0.1500000000000000500 ) ) ;
#2059 = UNCERTAINTY_MEASURE_WITH_UNIT (LENGTH_MEASURE( 1.000000000000000082E-05 ), #6149, 'distance_accuracy_value', 'NONE');
#2060 = CARTESIAN_POINT ( 'NONE',  ( 5.018252680870376225E-16, -0.8939339828220187467, -0.3500000000000000333 ) ) ;
#2061 = STYLED_ITEM ( 'NONE', ( #5697 ), #1468 ) ;
#2062 = PRESENTATION_LAYER_ASSIGNMENT (  '', '', ( #801 ) ) ;
#2063 = LINE ( 'NONE', #30, #140 ) ;
#2064 = LINE ( 'NONE', #3964, #4427 ) ;
#2065 = EDGE_LOOP ( 'NONE', ( #6408, #5262, #1191, #4157 ) ) ;
#2066 = PRESENTATION_LAYER_ASSIGNMENT (  '', '', ( #194 ) ) ;
#2067 = COLOUR_RGB ( '',0.2862745098039215508, 0.2862745098039215508, 0.2862745098039215508 ) ;
#2068 = DIRECTION ( 'NONE',  ( 0.000000000000000000, 0.000000000000000000, -1.000000000000000000 ) ) ;
#2069 = SURFACE_STYLE_FILL_AREA ( #3045 ) ;
#2070 = CIRCLE ( 'NONE', #393, 0.2225000000000000311 ) ;
#2071 = CIRCLE ( 'NONE', #2905, 0.1499999999999999667 ) ;
#2072 = DIRECTION ( 'NONE',  ( 0.000000000000000000, 0.000000000000000000, -1.000000000000000000 ) ) ;
#2073 = SURFACE_SIDE_STYLE ('',( #41 ) ) ;
#2074 = CARTESIAN_POINT ( 'NONE',  ( 0.1402658989833518444, -1.000000000000000000, -0.3500000000000000333 ) ) ;
#2075 = EDGE_LOOP ( 'NONE', ( #5210, #3527, #2241, #4204, #2810, #2475 ) ) ;
#2076 = DIRECTION ( 'NONE',  ( 0.000000000000000000, 0.000000000000000000, -1.000000000000000000 ) ) ;
#2077 = VERTEX_POINT ( 'NONE', #2599 ) ;
#2078 = VECTOR ( 'NONE', #1559, 1000.000000000000000 ) ;
#2079 = PRESENTATION_LAYER_ASSIGNMENT (  '', '', ( #2380 ) ) ;
#2080 =( NAMED_UNIT ( * ) PLANE_ANGLE_UNIT ( ) SI_UNIT ( $, .RADIAN. ) );
#2081 = EDGE_CURVE ( 'NONE', #2322, #1377, #3623, .T. ) ;
#2082 =( NAMED_UNIT ( * ) PLANE_ANGLE_UNIT ( ) SI_UNIT ( $, .RADIAN. ) );
#2083 = SURFACE_STYLE_FILL_AREA ( #4651 ) ;
#2084 = PLANE ( 'NONE',  #2903 ) ;
#2085 =( NAMED_UNIT ( * ) SI_UNIT ( $, .STERADIAN. ) SOLID_ANGLE_UNIT ( ) );
#2086 = DIRECTION ( 'NONE',  ( 0.000000000000000000, 0.000000000000000000, 1.000000000000000000 ) ) ;
#2087 = EDGE_CURVE ( 'NONE', #535, #5095, #1192, .T. ) ;
#2088 = CARTESIAN_POINT ( 'NONE',  ( 1.143933982822017636, 0.000000000000000000, -0.3500000000000000333 ) ) ;
#2089 = DIRECTION ( 'NONE',  ( -0.000000000000000000, -0.000000000000000000, -1.000000000000000000 ) ) ;
#2090 = PRESENTATION_LAYER_ASSIGNMENT (  '', '', ( #3754 ) ) ;
#2091 = VERTEX_POINT ( 'NONE', #5243 ) ;
#2092 = STYLED_ITEM ( 'NONE', ( #1945 ), #1998 ) ;
#2093 = CARTESIAN_POINT ( 'NONE',  ( 1.143933982822017636, 0.3249999999999999001, -0.1500000000000000500 ) ) ;
#2094 = CARTESIAN_POINT ( 'NONE',  ( -5.018252680870376225E-16, -0.8939339828220187467, -0.1500000000000000500 ) ) ;
#2095 = STYLED_ITEM ( 'NONE', ( #1131 ), #5665 ) ;
#2096 = CARTESIAN_POINT ( 'NONE',  ( 1.064999999999999947, -0.6500000000000001332, 0.5749999999999999556 ) ) ;
#2097 = LINE ( 'NONE', #585, #4024 ) ;
#2098 = DIRECTION ( 'NONE',  ( 0.000000000000000000, -1.000000000000000000, -0.000000000000000000 ) ) ;
#2099 = LINE ( 'NONE', #5092, #5589 ) ;
#2100 = DIRECTION ( 'NONE',  ( -1.000000000000000000, 0.000000000000000000, 0.000000000000000000 ) ) ;
#2101 = AXIS2_PLACEMENT_3D ( 'NONE', #193, #4189, #5529 ) ;
#2102 = ORIENTED_EDGE ( 'NONE', *, *, #2635, .F. ) ;
#2103 = LINE ( 'NONE', #4178, #5203 ) ;
#2104 =( NAMED_UNIT ( * ) PLANE_ANGLE_UNIT ( ) SI_UNIT ( $, .RADIAN. ) );
#2105 = SURFACE_SIDE_STYLE ('',( #2292 ) ) ;
#2106 = VERTEX_POINT ( 'NONE', #3187 ) ;
#2107 = SURFACE_STYLE_FILL_AREA ( #5625 ) ;
#2108 = ORIENTED_EDGE ( 'NONE', *, *, #4730, .F. ) ;
#2109 = EDGE_LOOP ( 'NONE', ( #3975, #1735, #3391, #295 ) ) ;
#2110 = PLANE ( 'NONE',  #3432 ) ;
#2111 = FILL_AREA_STYLE ('',( #5632 ) ) ;
#2112 = ORIENTED_EDGE ( 'NONE', *, *, #4538, .F. ) ;
#2113 = ADVANCED_FACE ( 'NONE', ( #4237 ), #3122, .F. ) ;
#2114 = DIRECTION ( 'NONE',  ( -4.523087997816324217E-16, 1.000000000000000000, 0.000000000000000000 ) ) ;
#2115 = EDGE_CURVE ( 'NONE', #3548, #3523, #2765, .T. ) ;
#2116 =( LENGTH_UNIT ( ) NAMED_UNIT ( * ) SI_UNIT ( .MILLI., .METRE. ) );
#2117 =( NAMED_UNIT ( * ) PLANE_ANGLE_UNIT ( ) SI_UNIT ( $, .RADIAN. ) );
#2118 = ORIENTED_EDGE ( 'NONE', *, *, #3478, .F. ) ;
#2119 = PRESENTATION_STYLE_ASSIGNMENT (( #3535 ) ) ;
#2120 = CLOSED_SHELL ( 'NONE', ( #3517, #4345, #1351, #5233, #380, #6036, #2907, #1299, #4431, #870, #3963 ) ) ;
#2121 = SURFACE_STYLE_USAGE ( .BOTH. , #3703 ) ;
#2122 = DIRECTION ( 'NONE',  ( -4.523087997816324217E-16, -1.000000000000000000, 0.000000000000000000 ) ) ;
#2123 = SURFACE_STYLE_USAGE ( .BOTH. , #1692 ) ;
#2124 = PRESENTATION_STYLE_ASSIGNMENT (( #4137 ) ) ;
#2125 =( GEOMETRIC_REPRESENTATION_CONTEXT ( 3 ) GLOBAL_UNCERTAINTY_ASSIGNED_CONTEXT ( ( #4533 ) ) GLOBAL_UNIT_ASSIGNED_CONTEXT ( ( #2256, #5294, #834 ) ) REPRESENTATION_CONTEXT ( 'NONE', 'WORKASPACE' ) );
#2126 = UNCERTAINTY_MEASURE_WITH_UNIT (LENGTH_MEASURE( 1.000000000000000082E-05 ), #6266, 'distance_accuracy_value', 'NONE');
#2127 = ADVANCED_FACE ( 'NONE', ( #3659 ), #4154, .T. ) ;
#2128 =( NAMED_UNIT ( * ) SI_UNIT ( $, .STERADIAN. ) SOLID_ANGLE_UNIT ( ) );
#2129 = VECTOR ( 'NONE', #6086, 1000.000000000000000 ) ;
#2130 = CARTESIAN_POINT ( 'NONE',  ( -1.249999999999999778, 1.000000000000000000, -0.1500000000000000500 ) ) ;
#2131 = ORIENTED_EDGE ( 'NONE', *, *, #3040, .T. ) ;
#2132 = COLOUR_RGB ( '',0.2862745098039215508, 0.2862745098039215508, 0.2862745098039215508 ) ;
#2133 = VERTEX_POINT ( 'NONE', #5212 ) ;
#2134 = DIRECTION ( 'NONE',  ( 0.000000000000000000, 0.000000000000000000, -1.000000000000000000 ) ) ;
#2135 = STYLED_ITEM ( 'NONE', ( #2628 ), #870 ) ;
#2136 = DIRECTION ( 'NONE',  ( -1.000000000000000000, -5.613672572362096360E-16, 0.000000000000000000 ) ) ;
#2137 = CARTESIAN_POINT ( 'NONE',  ( 1.143933982822017636, 0.000000000000000000, -0.1500000000000000500 ) ) ;
#2138 = ORIENTED_EDGE ( 'NONE', *, *, #28, .F. ) ;
#2139 = STYLED_ITEM ( 'NONE', ( #6239 ), #3720 ) ;
#2140 =( NAMED_UNIT ( * ) SI_UNIT ( $, .STERADIAN. ) SOLID_ANGLE_UNIT ( ) );
#2141 = ORIENTED_EDGE ( 'NONE', *, *, #4661, .T. ) ;
#2142 = CARTESIAN_POINT ( 'NONE',  ( 0.4749999999999998668, -9.051947105991777598E-17, -0.1500000000000000500 ) ) ;
#2143 = COLOUR_RGB ( '',0.8627450980392157298, 0.6274509803921568540, 0.05882352941176470507 ) ;
#2144 = STYLED_ITEM ( 'NONE', ( #5934 ), #3836 ) ;
#2145 = LINE ( 'NONE', #5249, #3552 ) ;
#2146 = PLANE ( 'NONE',  #1226 ) ;
#2147 = LINE ( 'NONE', #574, #1732 ) ;
#2148 = FILL_AREA_STYLE ('',( #4091 ) ) ;
#2149 = DIRECTION ( 'NONE',  ( -1.000000000000000000, 0.000000000000000000, 0.000000000000000000 ) ) ;
#2150 = COLOUR_RGB ( '',0.8627450980392157298, 0.6274509803921568540, 0.05882352941176470507 ) ;
#2151 = ORIENTED_EDGE ( 'NONE', *, *, #2911, .F. ) ;
#2152 = FACE_OUTER_BOUND ( 'NONE', #5849, .T. ) ;
#2153 = AXIS2_PLACEMENT_3D ( 'NONE', #230, #2156, #2645 ) ;
#2154 = PRESENTATION_LAYER_ASSIGNMENT (  '', '', ( #2569 ) ) ;
#2155 = DIRECTION ( 'NONE',  ( -0.000000000000000000, -0.000000000000000000, -1.000000000000000000 ) ) ;
#2156 = DIRECTION ( 'NONE',  ( 0.000000000000000000, 0.000000000000000000, -1.000000000000000000 ) ) ;
#2157 = VECTOR ( 'NONE', #6065, 1000.000000000000000 ) ;
#2158 = ORIENTED_EDGE ( 'NONE', *, *, #4392, .T. ) ;
#2159 = FILL_AREA_STYLE ('',( #3596 ) ) ;
#2160 = DIRECTION ( 'NONE',  ( 0.000000000000000000, 0.000000000000000000, -1.000000000000000000 ) ) ;
#2161 = UNCERTAINTY_MEASURE_WITH_UNIT (LENGTH_MEASURE( 1.000000000000000082E-05 ), #3021, 'distance_accuracy_value', 'NONE');
#2162 = AXIS2_PLACEMENT_3D ( 'NONE', #202, #130, #2122 ) ;
#2163 = EDGE_CURVE ( 'NONE', #5932, #2834, #1914, .T. ) ;
#2164 = CARTESIAN_POINT ( 'NONE',  ( -1.143933982822017859, -5.174114067996492916E-16, -0.1500000000000000500 ) ) ;
#2165 = CARTESIAN_POINT ( 'NONE',  ( 0.8999999999999999112, 0.8750000000000001110, 0.3500000000000000333 ) ) ;
#2166 = CARTESIAN_POINT ( 'NONE',  ( 0.000000000000000000, 0.3249999999999999001, -0.1500000000000000500 ) ) ;
#2167 = FILL_AREA_STYLE ('',( #654 ) ) ;
#2168 = DIRECTION ( 'NONE',  ( -0.000000000000000000, -0.000000000000000000, -1.000000000000000000 ) ) ;
#2169 = ADVANCED_FACE ( 'NONE', ( #1737 ), #3597, .T. ) ;
#2170 = EDGE_CURVE ( 'NONE', #3026, #1042, #4706, .T. ) ;
#2171 = AXIS2_PLACEMENT_3D ( 'NONE', #282, #3281, #820 ) ;
#2172 = FILL_AREA_STYLE_COLOUR ( '', #4940 ) ;
#2173 = ORIENTED_EDGE ( 'NONE', *, *, #3954, .F. ) ;
#2174 = PRESENTATION_LAYER_ASSIGNMENT (  '', '', ( #1962 ) ) ;
#2175 = FILL_AREA_STYLE ('',( #6245 ) ) ;
#2176 =( GEOMETRIC_REPRESENTATION_CONTEXT ( 3 ) GLOBAL_UNCERTAINTY_ASSIGNED_CONTEXT ( ( #3016 ) ) GLOBAL_UNIT_ASSIGNED_CONTEXT ( ( #5885, #1354, #1414 ) ) REPRESENTATION_CONTEXT ( 'NONE', 'WORKASPACE' ) );
#2177 = DIRECTION ( 'NONE',  ( -1.000000000000000000, 0.000000000000000000, 0.000000000000000000 ) ) ;
#2178 = VECTOR ( 'NONE', #3080, 1000.000000000000000 ) ;
#2179 = DIRECTION ( 'NONE',  ( -1.000000000000000000, 0.000000000000000000, 0.000000000000000000 ) ) ;
#2180 = VERTEX_POINT ( 'NONE', #3767 ) ;
#2181 = VERTEX_POINT ( 'NONE', #3829 ) ;
#2182 = ORIENTED_EDGE ( 'NONE', *, *, #593, .T. ) ;
#2183 = CARTESIAN_POINT ( 'NONE',  ( -0.05833004110700136524, -0.9573281361468033435, -0.3500000000000000333 ) ) ;
#2184 = COLOUR_RGB ( '',0.2862745098039215508, 0.2862745098039215508, 0.2862745098039215508 ) ;
#2185 = FILL_AREA_STYLE ('',( #189 ) ) ;
#2186 = AXIS2_PLACEMENT_3D ( 'NONE', #251, #6284, #5786 ) ;
#2187 = EDGE_LOOP ( 'NONE', ( #402, #5733, #5613, #4246 ) ) ;
#2188 = VECTOR ( 'NONE', #1598, 1000.000000000000000 ) ;
#2189 = PRESENTATION_STYLE_ASSIGNMENT (( #3669 ) ) ;
#2190 = PLANE ( 'NONE',  #2153 ) ;
#2191 = ORIENTED_EDGE ( 'NONE', *, *, #5157, .F. ) ;
#2192 = SURFACE_STYLE_USAGE ( .BOTH. , #2720 ) ;
#2193 = FILL_AREA_STYLE ('',( #6061 ) ) ;
#2194 =( NAMED_UNIT ( * ) SI_UNIT ( $, .STERADIAN. ) SOLID_ANGLE_UNIT ( ) );
#2195 = PRESENTATION_STYLE_ASSIGNMENT (( #692 ) ) ;
#2196 = COLOUR_RGB ( '',0.2862745098039215508, 0.2862745098039215508, 0.2862745098039215508 ) ;
#2197 = DIRECTION ( 'NONE',  ( 0.000000000000000000, -1.000000000000000000, 0.000000000000000000 ) ) ;
#2198 =( NAMED_UNIT ( * ) SI_UNIT ( $, .STERADIAN. ) SOLID_ANGLE_UNIT ( ) );
#2199 = EDGE_CURVE ( 'NONE', #2133, #953, #6403, .T. ) ;
#2200 = ADVANCED_FACE ( 'NONE', ( #4734 ), #1376, .F. ) ;
#2201 =( LENGTH_UNIT ( ) NAMED_UNIT ( * ) SI_UNIT ( .MILLI., .METRE. ) );
#2202 = MECHANICAL_DESIGN_GEOMETRIC_PRESENTATION_REPRESENTATION (  '', ( #5006 ), #4696 ) ;
#2203 = VERTEX_POINT ( 'NONE', #5780 ) ;
#2204 = ORIENTED_EDGE ( 'NONE', *, *, #3757, .T. ) ;
#2205 = EDGE_CURVE ( 'NONE', #1375, #117, #339, .T. ) ;
#2206 = EDGE_LOOP ( 'NONE', ( #1690, #4871, #5007, #2574 ) ) ;
#2207 = CARTESIAN_POINT ( 'NONE',  ( -5.018252680870376225E-16, -0.8939339828220187467, -0.1500000000000000500 ) ) ;
#2208 = CARTESIAN_POINT ( 'NONE',  ( -1.040000000000000258, -0.6499999999999999112, 0.6500000000000001332 ) ) ;
#2209 = CARTESIAN_POINT ( 'NONE',  ( -0.9000000000000003553, 0.6500000000000001332, 0.3750000000000000555 ) ) ;
#2210 = DIRECTION ( 'NONE',  ( 0.000000000000000000, 0.000000000000000000, -1.000000000000000000 ) ) ;
#2211 = CARTESIAN_POINT ( 'NONE',  ( -1.143933982822017636, -0.3250000000000001776, -0.1500000000000000500 ) ) ;
#2212 = VERTEX_POINT ( 'NONE', #3795 ) ;
#2213 = SURFACE_STYLE_FILL_AREA ( #192 ) ;
#2214 = CARTESIAN_POINT ( 'NONE',  ( 1.249999999999999778, -0.8499999999999999778, -0.1500000000000000500 ) ) ;
#2215 = EDGE_LOOP ( 'NONE', ( #6078, #4425, #3716, #1848 ) ) ;
#2216 = CARTESIAN_POINT ( 'NONE',  ( -0.7749999999999996891, -0.3250000000000000666, -0.1500000000000000500 ) ) ;
#2217 = UNCERTAINTY_MEASURE_WITH_UNIT (LENGTH_MEASURE( 1.000000000000000082E-05 ), #497, 'distance_accuracy_value', 'NONE');
#2218 = MECHANICAL_DESIGN_GEOMETRIC_PRESENTATION_REPRESENTATION (  '', ( #32 ), #5248 ) ;
#2219 = CARTESIAN_POINT ( 'NONE',  ( -1.040000000000000258, -0.6499999999999999112, 0.6250000000000001110 ) ) ;
#2220 = DIRECTION ( 'NONE',  ( -1.000000000000000000, 0.000000000000000000, 0.000000000000000000 ) ) ;
#2221 = PRESENTATION_LAYER_ASSIGNMENT (  '', '', ( #4220 ) ) ;
#2222 = AXIS2_PLACEMENT_3D ( 'NONE', #1673, #594, #4108 ) ;
#2223 = PLANE ( 'NONE',  #2611 ) ;
#2224 = FACE_OUTER_BOUND ( 'NONE', #5674, .T. ) ;
#2225 = VECTOR ( 'NONE', #4066, 1000.000000000000000 ) ;
#2226 = COLOUR_RGB ( '',0.8627450980392157298, 0.6274509803921568540, 0.05882352941176470507 ) ;
#2227 = PLANE ( 'NONE',  #2222 ) ;
#2228 = MANIFOLD_SOLID_BREP ( 'Boss-Extrude4[2]', #27 ) ;
#2229 = VECTOR ( 'NONE', #4429, 1000.000000000000000 ) ;
#2230 = CARTESIAN_POINT ( 'NONE',  ( -1.250000000000000222, 1.000000000000000000, -0.3510000000000000897 ) ) ;
#2231 = ADVANCED_FACE ( 'NONE', ( #2557 ), #1509, .F. ) ;
#2232 = COLOUR_RGB ( '',0.2862745098039215508, 0.2862745098039215508, 0.2862745098039215508 ) ;
#2233 = AXIS2_PLACEMENT_3D ( 'NONE', #5572, #425, #5469 ) ;
#2234 = FILL_AREA_STYLE_COLOUR ( '', #5090 ) ;
#2235 = ADVANCED_FACE ( 'NONE', ( #3573 ), #2981, .T. ) ;
#2236 = PRESENTATION_STYLE_ASSIGNMENT (( #4729 ) ) ;
#2237 = ADVANCED_FACE ( 'NONE', ( #2496 ), #4477, .F. ) ;
#2238 = ORIENTED_EDGE ( 'NONE', *, *, #1708, .F. ) ;
#2239 = AXIS2_PLACEMENT_3D ( 'NONE', #3291, #4371, #4283 ) ;
#2240 = SURFACE_STYLE_USAGE ( .BOTH. , #1251 ) ;
#2241 = ORIENTED_EDGE ( 'NONE', *, *, #6048, .F. ) ;
#2242 = ORIENTED_EDGE ( 'NONE', *, *, #748, .T. ) ;
#2243 = DIRECTION ( 'NONE',  ( 0.000000000000000000, 0.000000000000000000, 1.000000000000000000 ) ) ;
#2244 = VECTOR ( 'NONE', #5652, 1000.000000000000000 ) ;
#2245 = ADVANCED_FACE ( 'NONE', ( #6209 ), #2227, .F. ) ;
#2246 = FILL_AREA_STYLE_COLOUR ( '', #3650 ) ;
#2247 = FILL_AREA_STYLE_COLOUR ( '', #4323 ) ;
#2248 =( GEOMETRIC_REPRESENTATION_CONTEXT ( 3 ) GLOBAL_UNCERTAINTY_ASSIGNED_CONTEXT ( ( #2567 ) ) GLOBAL_UNIT_ASSIGNED_CONTEXT ( ( #2525, #4926, #2559 ) ) REPRESENTATION_CONTEXT ( 'NONE', 'WORKASPACE' ) );
#2249 = ORIENTED_EDGE ( 'NONE', *, *, #715, .F. ) ;
#2250 = VERTEX_POINT ( 'NONE', #695 ) ;
#2251 = VECTOR ( 'NONE', #1505, 1000.000000000000000 ) ;
#2252 = STYLED_ITEM ( 'NONE', ( #6168 ), #1205 ) ;
#2253 = SURFACE_STYLE_USAGE ( .BOTH. , #828 ) ;
#2254 = CARTESIAN_POINT ( 'NONE',  ( 1.099999999999999867, 1.010000000000000009, 0.5500000000000000444 ) ) ;
#2255 = STYLED_ITEM ( 'NONE', ( #5110 ), #4124 ) ;
#2256 =( LENGTH_UNIT ( ) NAMED_UNIT ( * ) SI_UNIT ( .MILLI., .METRE. ) );
#2257 = MECHANICAL_DESIGN_GEOMETRIC_PRESENTATION_REPRESENTATION (  '', ( #4035 ), #359 ) ;
#2258 = COLOUR_RGB ( '',0.2862745098039215508, 0.2862745098039215508, 0.2862745098039215508 ) ;
#2259 = FACE_OUTER_BOUND ( 'NONE', #1348, .T. ) ;
#2260 = DIRECTION ( 'NONE',  ( -1.000000000000000000, 0.000000000000000000, 0.000000000000000000 ) ) ;
#2261 = AXIS2_PLACEMENT_3D ( 'NONE', #641, #612, #5036 ) ;
#2262 = DIRECTION ( 'NONE',  ( -1.905673074945637869E-16, -1.000000000000000000, 0.000000000000000000 ) ) ;
#2263 = FACE_OUTER_BOUND ( 'NONE', #2926, .T. ) ;
#2264 = ORIENTED_EDGE ( 'NONE', *, *, #6003, .T. ) ;
#2265 = AXIS2_PLACEMENT_3D ( 'NONE', #4793, #1319, #333 ) ;
#2266 = ORIENTED_EDGE ( 'NONE', *, *, #4469, .F. ) ;
#2267 = PRESENTATION_STYLE_ASSIGNMENT (( #3863 ) ) ;
#2268 = ORIENTED_EDGE ( 'NONE', *, *, #2593, .T. ) ;
#2269 = LINE ( 'NONE', #4608, #1727 ) ;
#2270 = FILL_AREA_STYLE_COLOUR ( '', #2819 ) ;
#2271 =( GEOMETRIC_REPRESENTATION_CONTEXT ( 3 ) GLOBAL_UNCERTAINTY_ASSIGNED_CONTEXT ( ( #129 ) ) GLOBAL_UNIT_ASSIGNED_CONTEXT ( ( #4670, #4073, #6074 ) ) REPRESENTATION_CONTEXT ( 'NONE', 'WORKASPACE' ) );
#2272 = SURFACE_SIDE_STYLE ('',( #3221 ) ) ;
#2273 = DIRECTION ( 'NONE',  ( -1.000000000000000000, 0.000000000000000000, 0.000000000000000000 ) ) ;
#2274 = FACE_OUTER_BOUND ( 'NONE', #4842, .T. ) ;
#2275 = ORIENTED_EDGE ( 'NONE', *, *, #1109, .T. ) ;
#2276 = UNCERTAINTY_MEASURE_WITH_UNIT (LENGTH_MEASURE( 1.000000000000000082E-05 ), #2116, 'distance_accuracy_value', 'NONE');
#2277 = AXIS2_PLACEMENT_3D ( 'NONE', #397, #3898, #1940 ) ;
#2278 = EDGE_CURVE ( 'NONE', #2250, #5641, #628, .T. ) ;
#2280 = EDGE_CURVE ( 'NONE', #729, #2620, #6242, .T. ) ;
#2279 = ORIENTED_EDGE ( 'NONE', *, *, #1038, .F. ) ;
#2281 = PRESENTATION_LAYER_ASSIGNMENT (  '', '', ( #3439 ) ) ;
#2282 = VECTOR ( 'NONE', #2488, 1000.000000000000000 ) ;
#2283 = SURFACE_STYLE_USAGE ( .BOTH. , #1389 ) ;
#2284 = DIRECTION ( 'NONE',  ( -1.000000000000000000, 0.000000000000000000, 0.000000000000000000 ) ) ;
#2285 = ORIENTED_EDGE ( 'NONE', *, *, #6419, .F. ) ;
#2286 = COLOUR_RGB ( '',0.2862745098039215508, 0.2862745098039215508, 0.2862745098039215508 ) ;
#2287 = DIRECTION ( 'NONE',  ( 0.000000000000000000, 0.000000000000000000, 1.000000000000000000 ) ) ;
#2288 = LINE ( 'NONE', #3234, #5967 ) ;
#2289 = DIRECTION ( 'NONE',  ( -1.000000000000000000, 0.000000000000000000, -0.000000000000000000 ) ) ;
#2290 = UNCERTAINTY_MEASURE_WITH_UNIT (LENGTH_MEASURE( 1.000000000000000082E-05 ), #1266, 'distance_accuracy_value', 'NONE');
#2291 = COLOUR_RGB ( '',0.2862745098039215508, 0.2862745098039215508, 0.2862745098039215508 ) ;
#2292 = SURFACE_STYLE_FILL_AREA ( #2597 ) ;
#2293 = MECHANICAL_DESIGN_GEOMETRIC_PRESENTATION_REPRESENTATION (  '', ( #2095 ), #1871 ) ;
#2294 =( NAMED_UNIT ( * ) SI_UNIT ( $, .STERADIAN. ) SOLID_ANGLE_UNIT ( ) );
#2295 = LINE ( 'NONE', #5812, #6140 ) ;
#2296 = PRESENTATION_LAYER_ASSIGNMENT (  '', '', ( #6193 ) ) ;
#2297 = ORIENTED_EDGE ( 'NONE', *, *, #3157, .F. ) ;
#2298 = CARTESIAN_POINT ( 'NONE',  ( 0.8999999999999999112, 0.6500000000000001332, 0.5749999999999999556 ) ) ;
#2299 = ORIENTED_EDGE ( 'NONE', *, *, #4708, .F. ) ;
#2300 = SURFACE_STYLE_FILL_AREA ( #785 ) ;
#2301 = CARTESIAN_POINT ( 'NONE',  ( 1.249999999999999778, 1.000000000000000000, -0.1500000000000000500 ) ) ;
#2302 = ORIENTED_EDGE ( 'NONE', *, *, #6181, .F. ) ;
#2303 = CARTESIAN_POINT ( 'NONE',  ( -0.8150000000000002798, -0.5650000000000002798, 0.6400000000000000133 ) ) ;
#2304 = CARTESIAN_POINT ( 'NONE',  ( 1.143933982822017414, -0.8044079500593137588, -0.1500000000000000500 ) ) ;
#2305 = DIRECTION ( 'NONE',  ( 0.000000000000000000, 0.000000000000000000, -1.000000000000000000 ) ) ;
#2306 = ORIENTED_EDGE ( 'NONE', *, *, #5531, .T. ) ;
#2307 =( NAMED_UNIT ( * ) PLANE_ANGLE_UNIT ( ) SI_UNIT ( $, .RADIAN. ) );
#2308 = ORIENTED_EDGE ( 'NONE', *, *, #2205, .T. ) ;
#2309 = DIRECTION ( 'NONE',  ( -1.000000000000000000, -2.168404344971008868E-15, 0.000000000000000000 ) ) ;
#2310 =( NAMED_UNIT ( * ) PLANE_ANGLE_UNIT ( ) SI_UNIT ( $, .RADIAN. ) );
#2311 = EDGE_CURVE ( 'NONE', #443, #669, #1695, .T. ) ;
#2312 = ORIENTED_EDGE ( 'NONE', *, *, #1116, .T. ) ;
#2313 =( NAMED_UNIT ( * ) SI_UNIT ( $, .STERADIAN. ) SOLID_ANGLE_UNIT ( ) );
#2314 = FACE_OUTER_BOUND ( 'NONE', #5271, .T. ) ;
#2315 = DIRECTION ( 'NONE',  ( 1.000000000000000000, 0.000000000000000000, 0.000000000000000000 ) ) ;
#2316 = EDGE_CURVE ( 'NONE', #5667, #5213, #3883, .T. ) ;
#2317 = CARTESIAN_POINT ( 'NONE',  ( 1.099999999999999867, -1.000000000000000000, 0.3500000000000000333 ) ) ;
#2318 =( GEOMETRIC_REPRESENTATION_CONTEXT ( 3 ) GLOBAL_UNCERTAINTY_ASSIGNED_CONTEXT ( ( #6234 ) ) GLOBAL_UNIT_ASSIGNED_CONTEXT ( ( #2792, #5239, #1797 ) ) REPRESENTATION_CONTEXT ( 'NONE', 'WORKASPACE' ) );
#2319 = PRESENTATION_LAYER_ASSIGNMENT (  '', '', ( #5138 ) ) ;
#2320 = FILL_AREA_STYLE ('',( #324 ) ) ;
#2321 = EDGE_LOOP ( 'NONE', ( #1855, #4705, #6377, #4128, #1443, #6288, #2000, #4553, #4368, #851 ) ) ;
#2322 = VERTEX_POINT ( 'NONE', #5615 ) ;
#2323 = SURFACE_STYLE_FILL_AREA ( #6309 ) ;
#2324 = STYLED_ITEM ( 'NONE', ( #3543 ), #2237 ) ;
#2325 = VERTEX_POINT ( 'NONE', #137 ) ;
#2326 = DIRECTION ( 'NONE',  ( 0.000000000000000000, 0.000000000000000000, -1.000000000000000000 ) ) ;
#2327 = AXIS2_PLACEMENT_3D ( 'NONE', #4949, #445, #59 ) ;
#2328 = LINE ( 'NONE', #921, #5423 ) ;
#2329 = CARTESIAN_POINT ( 'NONE',  ( 0.05833004110700093503, 0.9573281361468033435, -0.3500000000000000333 ) ) ;
#2330 = VERTEX_POINT ( 'NONE', #6143 ) ;
#2331 = PRESENTATION_STYLE_ASSIGNMENT (( #2835 ) ) ;
#2332 = UNCERTAINTY_MEASURE_WITH_UNIT (LENGTH_MEASURE( 1.000000000000000082E-05 ), #4996, 'distance_accuracy_value', 'NONE');
#2333 = SURFACE_STYLE_FILL_AREA ( #1284 ) ;
#2334 = EDGE_LOOP ( 'NONE', ( #4656, #5029, #340, #1594 ) ) ;
#2335 = CIRCLE ( 'NONE', #2662, 0.1650000000000001188 ) ;
#2336 = DIRECTION ( 'NONE',  ( -0.000000000000000000, -0.000000000000000000, -1.000000000000000000 ) ) ;
#2337 = DIRECTION ( 'NONE',  ( 0.000000000000000000, 0.000000000000000000, 1.000000000000000000 ) ) ;
#2338 = CYLINDRICAL_SURFACE ( 'NONE', #1912, 0.2225000000000002531 ) ;
#2339 = ORIENTED_EDGE ( 'NONE', *, *, #5731, .T. ) ;
#2340 =( GEOMETRIC_REPRESENTATION_CONTEXT ( 3 ) GLOBAL_UNCERTAINTY_ASSIGNED_CONTEXT ( ( #255 ) ) GLOBAL_UNIT_ASSIGNED_CONTEXT ( ( #3769, #6252, #1739 ) ) REPRESENTATION_CONTEXT ( 'NONE', 'WORKASPACE' ) );
#2341 = STYLED_ITEM ( 'NONE', ( #3072 ), #3653 ) ;
#2342 = AXIS2_PLACEMENT_3D ( 'NONE', #4104, #4594, #6169 ) ;
#2343 =( NAMED_UNIT ( * ) SI_UNIT ( $, .STERADIAN. ) SOLID_ANGLE_UNIT ( ) );
#2344 = VECTOR ( 'NONE', #5087, 1000.000000000000000 ) ;
#2345 = EDGE_CURVE ( 'NONE', #1816, #3026, #1642, .T. ) ;
#2346 =( NAMED_UNIT ( * ) PLANE_ANGLE_UNIT ( ) SI_UNIT ( $, .RADIAN. ) );
#2347 = STYLED_ITEM ( 'NONE', ( #2119 ), #3904 ) ;
#2348 = UNCERTAINTY_MEASURE_WITH_UNIT (LENGTH_MEASURE( 1.000000000000000082E-05 ), #3749, 'distance_accuracy_value', 'NONE');
#2349 = SURFACE_STYLE_USAGE ( .BOTH. , #5325 ) ;
#2350 = VECTOR ( 'NONE', #4655, 1000.000000000000000 ) ;
#2351 = DIRECTION ( 'NONE',  ( 0.000000000000000000, 0.000000000000000000, 1.000000000000000000 ) ) ;
#2352 = VECTOR ( 'NONE', #1557, 1000.000000000000000 ) ;
#2353 = EDGE_CURVE ( 'NONE', #6385, #2212, #1150, .T. ) ;
#2354 = EDGE_CURVE ( 'NONE', #2009, #892, #746, .T. ) ;
#2355 = FILL_AREA_STYLE ('',( #5463 ) ) ;
#2356 = MECHANICAL_DESIGN_GEOMETRIC_PRESENTATION_REPRESENTATION (  '', ( #4959 ), #2691 ) ;
#2357 = ORIENTED_EDGE ( 'NONE', *, *, #4200, .F. ) ;
#2358 = SURFACE_STYLE_USAGE ( .BOTH. , #1865 ) ;
#2359 = ORIENTED_EDGE ( 'NONE', *, *, #6002, .F. ) ;
#2360 = CIRCLE ( 'NONE', #5185, 0.2225000000000000311 ) ;
#2361 = ORIENTED_EDGE ( 'NONE', *, *, #4172, .F. ) ;
#2362 = DIRECTION ( 'NONE',  ( 0.000000000000000000, 0.000000000000000000, 1.000000000000000000 ) ) ;
#2363 =( NAMED_UNIT ( * ) SI_UNIT ( $, .STERADIAN. ) SOLID_ANGLE_UNIT ( ) );
#2364 = AXIS2_PLACEMENT_3D ( 'NONE', #5381, #564, #1083 ) ;
#2365 = CARTESIAN_POINT ( 'NONE',  ( -0.9000000000000003553, -0.8150000000000000577, 0.5500000000000000444 ) ) ;
#2366 = VERTEX_POINT ( 'NONE', #5237 ) ;
#2367 = DIRECTION ( 'NONE',  ( -0.000000000000000000, -0.000000000000000000, 1.000000000000000000 ) ) ;
#2368 = DIRECTION ( 'NONE',  ( 0.000000000000000000, 0.000000000000000000, -1.000000000000000000 ) ) ;
#2369 = ORIENTED_EDGE ( 'NONE', *, *, #1115, .T. ) ;
#2370 = VECTOR ( 'NONE', #2605, 1000.000000000000000 ) ;
#2371 =( GEOMETRIC_REPRESENTATION_CONTEXT ( 3 ) GLOBAL_UNCERTAINTY_ASSIGNED_CONTEXT ( ( #4131 ) ) GLOBAL_UNIT_ASSIGNED_CONTEXT ( ( #5066, #1674, #2565 ) ) REPRESENTATION_CONTEXT ( 'NONE', 'WORKASPACE' ) );
#2372 = FILL_AREA_STYLE_COLOUR ( '', #4875 ) ;
#2373 = STYLED_ITEM ( 'NONE', ( #6313 ), #1527 ) ;
#2374 =( LENGTH_UNIT ( ) NAMED_UNIT ( * ) SI_UNIT ( .MILLI., .METRE. ) );
#2375 = VECTOR ( 'NONE', #3421, 1000.000000000000000 ) ;
#2376 = EDGE_LOOP ( 'NONE', ( #1341, #5418, #4907, #527, #5586, #2506 ) ) ;
#2377 = CARTESIAN_POINT ( 'NONE',  ( 1.125000000000000000, 0.6500000000000000222, 0.3500000000000000333 ) ) ;
#2378 = DIRECTION ( 'NONE',  ( -1.000000000000000000, 0.000000000000000000, 0.000000000000000000 ) ) ;
#2379 = SURFACE_STYLE_FILL_AREA ( #3336 ) ;
#2380 = STYLED_ITEM ( 'NONE', ( #4421 ), #1964 ) ;
#2381 = DIRECTION ( 'NONE',  ( -0.000000000000000000, -1.000000000000000000, -0.000000000000000000 ) ) ;
#2382 = DIRECTION ( 'NONE',  ( 0.000000000000000000, 0.000000000000000000, 1.000000000000000000 ) ) ;
#2383 = STYLED_ITEM ( 'NONE', ( #887 ), #5270 ) ;
#2384 = FILL_AREA_STYLE ('',( #6304 ) ) ;
#2385 = EDGE_CURVE ( 'NONE', #5330, #1193, #5753, .T. ) ;
#2386 = ORIENTED_EDGE ( 'NONE', *, *, #6212, .F. ) ;
#2387 = EDGE_CURVE ( 'NONE', #4964, #503, #1713, .T. ) ;
#2388 = DIRECTION ( 'NONE',  ( -1.000000000000000000, 3.241581980666026040E-16, 0.000000000000000000 ) ) ;
#2389 = ORIENTED_EDGE ( 'NONE', *, *, #4730, .T. ) ;
#2390 = FILL_AREA_STYLE ('',( #3344 ) ) ;
#2391 = CARTESIAN_POINT ( 'NONE',  ( 1.249999999999999778, 0.000000000000000000, -0.1500000000000000500 ) ) ;
#2392 = EDGE_LOOP ( 'NONE', ( #3830, #1886, #1385, #3244 ) ) ;
#2393 = PRESENTATION_STYLE_ASSIGNMENT (( #329 ) ) ;
#2394 = CARTESIAN_POINT ( 'NONE',  ( 1.143933982822017636, 0.000000000000000000, -0.3500000000000000333 ) ) ;
#2395 = ADVANCED_FACE ( 'NONE', ( #4685 ), #5222, .F. ) ;
#2396 = AXIS2_PLACEMENT_3D ( 'NONE', #5727, #4183, #1655 ) ;
#2397 = LINE ( 'NONE', #4390, #89 ) ;
#2398 =( LENGTH_UNIT ( ) NAMED_UNIT ( * ) SI_UNIT ( .MILLI., .METRE. ) );
#2399 = ORIENTED_EDGE ( 'NONE', *, *, #5608, .T. ) ;
#2400 = EDGE_CURVE ( 'NONE', #4770, #1149, #4601, .T. ) ;
#2401 = SURFACE_STYLE_USAGE ( .BOTH. , #5313 ) ;
#2402 = ORIENTED_EDGE ( 'NONE', *, *, #3193, .T. ) ;
#2403 = FACE_OUTER_BOUND ( 'NONE', #3742, .T. ) ;
#2404 = VECTOR ( 'NONE', #4328, 1000.000000000000000 ) ;
#2405 = ORIENTED_EDGE ( 'NONE', *, *, #4171, .T. ) ;
#2406 =( NAMED_UNIT ( * ) SI_UNIT ( $, .STERADIAN. ) SOLID_ANGLE_UNIT ( ) );
#2407 =( NAMED_UNIT ( * ) PLANE_ANGLE_UNIT ( ) SI_UNIT ( $, .RADIAN. ) );
#2408 = STYLED_ITEM ( 'NONE', ( #914 ), #6253 ) ;
#2409 = PRESENTATION_STYLE_ASSIGNMENT (( #1289 ) ) ;
#2410 = ORIENTED_EDGE ( 'NONE', *, *, #1240, .T. ) ;
#2411 = CARTESIAN_POINT ( 'NONE',  ( -0.4750000000000000333, 0.8939339828220183026, -0.1500000000000000500 ) ) ;
#2412 = FACE_OUTER_BOUND ( 'NONE', #846, .T. ) ;
#2413 = UNCERTAINTY_MEASURE_WITH_UNIT (LENGTH_MEASURE( 1.000000000000000082E-05 ), #4026, 'distance_accuracy_value', 'NONE');
#2414 = LINE ( 'NONE', #4886, #6437 ) ;
#2415 = DIRECTION ( 'NONE',  ( 0.000000000000000000, -1.000000000000000000, 0.000000000000000000 ) ) ;
#2416 = FILL_AREA_STYLE_COLOUR ( '', #3490 ) ;
#2417 = MECHANICAL_DESIGN_GEOMETRIC_PRESENTATION_REPRESENTATION (  '', ( #2092 ), #1184 ) ;
#2418 = DIRECTION ( 'NONE',  ( 0.000000000000000000, 0.000000000000000000, -1.000000000000000000 ) ) ;
#2419 = DIRECTION ( 'NONE',  ( -1.000000000000000000, 0.000000000000000000, 0.000000000000000000 ) ) ;
#2420 = EDGE_LOOP ( 'NONE', ( #701, #4515, #985, #681 ) ) ;
#2421 = SURFACE_STYLE_USAGE ( .BOTH. , #2916 ) ;
#2422 = ORIENTED_EDGE ( 'NONE', *, *, #5064, .T. ) ;
#2423 = PRESENTATION_STYLE_ASSIGNMENT (( #5409 ) ) ;
#2424 = ADVANCED_FACE ( 'NONE', ( #2152 ), #5702, .T. ) ;
#2425 = DIRECTION ( 'NONE',  ( 0.000000000000000000, 0.000000000000000000, -1.000000000000000000 ) ) ;
#2426 = CLOSED_SHELL ( 'NONE', ( #3568, #1307, #3904, #5857, #2432, #2762, #638, #1527, #5439, #5270, #1761, #3148, #4811, #3696, #2764, #4243, #3720, #5616, #6180, #5488, #391, #2909, #2028, #5434, #4242, #1436, #5103, #6253, #2560, #1794, #5937, #6369, #1909, #5234, #5554, #278, #3826, #1030, #1672, #2231, #4203, #1066, #720, #2999, #5896, #4983, #1195 ) ) ;
#2427 = EDGE_LOOP ( 'NONE', ( #1628, #1946, #3010, #4905 ) ) ;
#2428 = FILL_AREA_STYLE_COLOUR ( '', #2258 ) ;
#2429 = CARTESIAN_POINT ( 'NONE',  ( 1.027499999999999414, -1.000000000000000000, -0.3500000000000000333 ) ) ;
#2430 = AXIS2_PLACEMENT_3D ( 'NONE', #969, #4962, #3928 ) ;
#2431 = EDGE_CURVE ( 'NONE', #1643, #3461, #1137, .T. ) ;
#2432 = ADVANCED_FACE ( 'NONE', ( #5118 ), #5717, .F. ) ;
#2433 = LINE ( 'NONE', #3935, #3456 ) ;
#2434 = FILL_AREA_STYLE ('',( #4902 ) ) ;
#2435 = ORIENTED_EDGE ( 'NONE', *, *, #979, .F. ) ;
#2436 = MECHANICAL_DESIGN_GEOMETRIC_PRESENTATION_REPRESENTATION (  '', ( #1604 ), #2125 ) ;
#2437 = DIRECTION ( 'NONE',  ( 5.613672572362096360E-16, 1.000000000000000000, -0.000000000000000000 ) ) ;
#2438 = VERTEX_POINT ( 'NONE', #3212 ) ;
#2439 = STYLED_ITEM ( 'NONE', ( #1701 ), #2127 ) ;
#2440 = ORIENTED_EDGE ( 'NONE', *, *, #1159, .T. ) ;
#2441 = CIRCLE ( 'NONE', #6113, 0.2225000000000000311 ) ;
#2442 = EDGE_CURVE ( 'NONE', #6393, #4606, #1771, .T. ) ;
#2443 =( GEOMETRIC_REPRESENTATION_CONTEXT ( 3 ) GLOBAL_UNCERTAINTY_ASSIGNED_CONTEXT ( ( #200 ) ) GLOBAL_UNIT_ASSIGNED_CONTEXT ( ( #1539, #3604, #2128 ) ) REPRESENTATION_CONTEXT ( 'NONE', 'WORKASPACE' ) );
#2444 = SURFACE_SIDE_STYLE ('',( #440 ) ) ;
#2445 = CARTESIAN_POINT ( 'NONE',  ( -1.100000000000000311, 1.000000000000000000, -0.1500000000000000500 ) ) ;
#2446 =( LENGTH_UNIT ( ) NAMED_UNIT ( * ) SI_UNIT ( .MILLI., .METRE. ) );
#2447 = EDGE_LOOP ( 'NONE', ( #1836, #5517, #5422, #5073 ) ) ;
#2448 = AXIS2_PLACEMENT_3D ( 'NONE', #3319, #821, #2305 ) ;
#2449 =( NAMED_UNIT ( * ) PLANE_ANGLE_UNIT ( ) SI_UNIT ( $, .RADIAN. ) );
#2450 = LINE ( 'NONE', #6360, #2484 ) ;
#2451 = AXIS2_PLACEMENT_3D ( 'NONE', #4957, #5088, #5564 ) ;
#2452 = LINE ( 'NONE', #1142, #4376 ) ;
#2453 = CIRCLE ( 'NONE', #5369, 0.1000000000000000472 ) ;
#2454 = DIRECTION ( 'NONE',  ( -0.000000000000000000, -0.000000000000000000, -1.000000000000000000 ) ) ;
#2455 = UNCERTAINTY_MEASURE_WITH_UNIT (LENGTH_MEASURE( 1.000000000000000082E-05 ), #2374, 'distance_accuracy_value', 'NONE');
#2456 = CARTESIAN_POINT ( 'NONE',  ( -0.05833004110700136524, 1.057328136146803432, -0.3500000000000000333 ) ) ;
#2457 = MECHANICAL_DESIGN_GEOMETRIC_PRESENTATION_REPRESENTATION (  '', ( #5269 ), #49 ) ;
#2458 = MECHANICAL_DESIGN_GEOMETRIC_PRESENTATION_REPRESENTATION (  '', ( #2144 ), #686 ) ;
#2459 = CARTESIAN_POINT ( 'NONE',  ( 0.4750000000000000333, 0.8939339828220183026, -0.1500000000000000500 ) ) ;
#2460 =( NAMED_UNIT ( * ) SI_UNIT ( $, .STERADIAN. ) SOLID_ANGLE_UNIT ( ) );
#2461 = AXIS2_PLACEMENT_3D ( 'NONE', #2652, #4694, #685 ) ;
#2462 = COLOUR_RGB ( '',0.8627450980392157298, 0.6274509803921568540, 0.05882352941176470507 ) ;
#2463 = PRESENTATION_LAYER_ASSIGNMENT (  '', '', ( #5923 ) ) ;
#2464 = PLANE ( 'NONE',  #5168 ) ;
#2465 =( LENGTH_UNIT ( ) NAMED_UNIT ( * ) SI_UNIT ( .MILLI., .METRE. ) );
#2466 = ORIENTED_EDGE ( 'NONE', *, *, #898, .F. ) ;
#2467 = DIRECTION ( 'NONE',  ( -0.000000000000000000, -0.000000000000000000, -1.000000000000000000 ) ) ;
#2468 = CARTESIAN_POINT ( 'NONE',  ( 1.249999999999999556, -1.000000000000000444, -0.1500000000000000500 ) ) ;
#2469 = VECTOR ( 'NONE', #5645, 1000.000000000000000 ) ;
#2470 = DIRECTION ( 'NONE',  ( -1.000000000000000000, 5.613672572362096360E-16, 0.000000000000000000 ) ) ;
#2471 = CARTESIAN_POINT ( 'NONE',  ( -1.015000000000000346, -0.6500000000000001332, 0.6250000000000001110 ) ) ;
#2472 = SURFACE_SIDE_STYLE ('',( #3522 ) ) ;
#2473 = ORIENTED_EDGE ( 'NONE', *, *, #3264, .T. ) ;
#2474 = DIRECTION ( 'NONE',  ( 1.000000000000000000, 0.000000000000000000, 0.000000000000000000 ) ) ;
#2475 = ORIENTED_EDGE ( 'NONE', *, *, #3198, .T. ) ;
#2476 = ORIENTED_EDGE ( 'NONE', *, *, #6405, .F. ) ;
#2477 = CARTESIAN_POINT ( 'NONE',  ( -0.9150000000000003686, -0.5650000000000002798, 0.6500000000000001332 ) ) ;
#2478 = TOROIDAL_SURFACE ( 'NONE', #1949, 0.1150000000000000466, 0.02500000000000000139 ) ;
#2479 = STYLED_ITEM ( 'NONE', ( #5235 ), #2764 ) ;
#2480 = CARTESIAN_POINT ( 'NONE',  ( 1.249999999999999778, 0.000000000000000000, -0.1500000000000000500 ) ) ;
#2481 = DIRECTION ( 'NONE',  ( 0.000000000000000000, 0.000000000000000000, 1.000000000000000000 ) ) ;
#2482 = EDGE_CURVE ( 'NONE', #592, #3199, #751, .T. ) ;
#2483 = EDGE_CURVE ( 'NONE', #729, #4119, #2010, .T. ) ;
#2484 = VECTOR ( 'NONE', #1857, 1000.000000000000000 ) ;
#2485 = SURFACE_STYLE_USAGE ( .BOTH. , #4985 ) ;
#2486 = DIRECTION ( 'NONE',  ( -1.000000000000000000, 0.000000000000000000, 0.000000000000000000 ) ) ;
#2487 =( NAMED_UNIT ( * ) PLANE_ANGLE_UNIT ( ) SI_UNIT ( $, .RADIAN. ) );
#2488 = DIRECTION ( 'NONE',  ( 0.000000000000000000, 0.000000000000000000, -1.000000000000000000 ) ) ;
#2489 = PRESENTATION_LAYER_ASSIGNMENT (  '', '', ( #5638 ) ) ;
#2490 = DIRECTION ( 'NONE',  ( 0.000000000000000000, 0.000000000000000000, -1.000000000000000000 ) ) ;
#2491 = CARTESIAN_POINT ( 'NONE',  ( -1.250000000000000222, 0.8499999999999999778, -0.3510000000000000897 ) ) ;
#2492 = CARTESIAN_POINT ( 'NONE',  ( -0.05833004110700136524, -0.9573281361468033435, 0.3500000000000000333 ) ) ;
#2493 = SURFACE_SIDE_STYLE ('',( #4853 ) ) ;
#2494 = COLOUR_RGB ( '',0.8627450980392157298, 0.6274509803921568540, 0.05882352941176470507 ) ;
#2495 =( GEOMETRIC_REPRESENTATION_CONTEXT ( 3 ) GLOBAL_UNCERTAINTY_ASSIGNED_CONTEXT ( ( #6037 ) ) GLOBAL_UNIT_ASSIGNED_CONTEXT ( ( #1156, #4641, #2529 ) ) REPRESENTATION_CONTEXT ( 'NONE', 'WORKASPACE' ) );
#2496 = FACE_OUTER_BOUND ( 'NONE', #783, .T. ) ;
#2497 = DIRECTION ( 'NONE',  ( 1.000000000000000000, 0.000000000000000000, 0.000000000000000000 ) ) ;
#2498 = ORIENTED_EDGE ( 'NONE', *, *, #5735, .F. ) ;
#2499 =( NAMED_UNIT ( * ) PLANE_ANGLE_UNIT ( ) SI_UNIT ( $, .RADIAN. ) );
#2500 = UNCERTAINTY_MEASURE_WITH_UNIT (LENGTH_MEASURE( 1.000000000000000082E-05 ), #6114, 'distance_accuracy_value', 'NONE');
#2501 = DIRECTION ( 'NONE',  ( 0.000000000000000000, 0.000000000000000000, 1.000000000000000000 ) ) ;
#2502 = MECHANICAL_DESIGN_GEOMETRIC_PRESENTATION_REPRESENTATION (  '', ( #3754 ), #213 ) ;
#2503 = ORIENTED_EDGE ( 'NONE', *, *, #1839, .T. ) ;
#2504 =( NAMED_UNIT ( * ) PLANE_ANGLE_UNIT ( ) SI_UNIT ( $, .RADIAN. ) );
#2505 = VERTEX_POINT ( 'NONE', #4350 ) ;
#2506 = ORIENTED_EDGE ( 'NONE', *, *, #2630, .F. ) ;
#2507 = STYLED_ITEM ( 'NONE', ( #3695 ), #5806 ) ;
#2508 = DIRECTION ( 'NONE',  ( 0.000000000000000000, 1.000000000000000000, 0.000000000000000000 ) ) ;
#2509 = DIRECTION ( 'NONE',  ( 0.000000000000000000, 0.000000000000000000, 1.000000000000000000 ) ) ;
#2510 = COLOUR_RGB ( '',0.2862745098039215508, 0.2862745098039215508, 0.2862745098039215508 ) ;
#2511 = LINE ( 'NONE', #2411, #1070 ) ;
#2512 = DIRECTION ( 'NONE',  ( -1.000000000000000000, 0.000000000000000000, 0.000000000000000000 ) ) ;
#2513 = DIRECTION ( 'NONE',  ( -0.000000000000000000, -0.000000000000000000, 1.000000000000000000 ) ) ;
#2514 = SURFACE_STYLE_USAGE ( .BOTH. , #3125 ) ;
#2515 = FACE_OUTER_BOUND ( 'NONE', #2215, .T. ) ;
#2516 = VECTOR ( 'NONE', #618, 1000.000000000000000 ) ;
#2517 = ADVANCED_FACE ( 'NONE', ( #1506 ), #5876, .F. ) ;
#2518 = CARTESIAN_POINT ( 'NONE',  ( -0.05833004110700136524, -1.057328136146803432, -0.3500000000000000333 ) ) ;
#2519 = MECHANICAL_DESIGN_GEOMETRIC_PRESENTATION_REPRESENTATION (  '', ( #635 ), #5958 ) ;
#2520 = PLANE ( 'NONE',  #1069 ) ;
#2521 = LINE ( 'NONE', #624, #6119 ) ;
#2522 = ADVANCED_FACE ( 'NONE', ( #4990 ), #4414, .T. ) ;
#2523 = CARTESIAN_POINT ( 'NONE',  ( -0.05833004110700136524, 1.057328136146803432, 0.3500000000000000333 ) ) ;
#2524 = SURFACE_STYLE_USAGE ( .BOTH. , #4037 ) ;
#2525 =( LENGTH_UNIT ( ) NAMED_UNIT ( * ) SI_UNIT ( .MILLI., .METRE. ) );
#2526 = LINE ( 'NONE', #4478, #4636 ) ;
#2527 = DIRECTION ( 'NONE',  ( -0.000000000000000000, 1.000000000000000000, -0.000000000000000000 ) ) ;
#2528 = FILL_AREA_STYLE ('',( #6443 ) ) ;
#2529 =( NAMED_UNIT ( * ) SI_UNIT ( $, .STERADIAN. ) SOLID_ANGLE_UNIT ( ) );
#2530 = PRESENTATION_STYLE_ASSIGNMENT (( #2627 ) ) ;
#2531 = FILL_AREA_STYLE ('',( #1647 ) ) ;
#2532 = ORIENTED_EDGE ( 'NONE', *, *, #2604, .F. ) ;
#2533 =( NAMED_UNIT ( * ) PLANE_ANGLE_UNIT ( ) SI_UNIT ( $, .RADIAN. ) );
#2534 = ORIENTED_EDGE ( 'NONE', *, *, #5399, .F. ) ;
#2535 = ORIENTED_EDGE ( 'NONE', *, *, #4941, .F. ) ;
#2536 = DIRECTION ( 'NONE',  ( -0.000000000000000000, -0.000000000000000000, -1.000000000000000000 ) ) ;
#2537 = COLOUR_RGB ( '',0.8627450980392157298, 0.6274509803921568540, 0.05882352941176470507 ) ;
#2538 = DIRECTION ( 'NONE',  ( 0.000000000000000000, 0.000000000000000000, -1.000000000000000000 ) ) ;
#2539 = SURFACE_SIDE_STYLE ('',( #5591 ) ) ;
#2540 = CARTESIAN_POINT ( 'NONE',  ( 1.125000000000000000, -0.6500000000000001332, 0.3500000000000000333 ) ) ;
#2541 = SURFACE_STYLE_USAGE ( .BOTH. , #6494 ) ;
#2542 = VECTOR ( 'NONE', #45, 1000.000000000000000 ) ;
#2543 = PRESENTATION_STYLE_ASSIGNMENT (( #4056 ) ) ;
#2544 = CARTESIAN_POINT ( 'NONE',  ( -0.4749999999999999223, -4.525973552995888183E-17, -0.1500000000000000500 ) ) ;
#2545 = COLOUR_RGB ( '',0.8627450980392157298, 0.6274509803921568540, 0.05882352941176470507 ) ;
#2546 =( NAMED_UNIT ( * ) PLANE_ANGLE_UNIT ( ) SI_UNIT ( $, .RADIAN. ) );
#2547 = DIRECTION ( 'NONE',  ( -1.000000000000000000, -0.000000000000000000, 0.000000000000000000 ) ) ;
#2548 = FILL_AREA_STYLE_COLOUR ( '', #494 ) ;
#2549 = VECTOR ( 'NONE', #1818, 1000.000000000000000 ) ;
#2550 = VECTOR ( 'NONE', #5128, 1000.000000000000000 ) ;
#2551 = DIRECTION ( 'NONE',  ( -1.000000000000000000, 0.000000000000000000, 0.000000000000000000 ) ) ;
#2552 = MECHANICAL_DESIGN_GEOMETRIC_PRESENTATION_REPRESENTATION (  '', ( #4724 ), #4522 ) ;
#2553 = APPLICATION_PROTOCOL_DEFINITION ( 'draft international standard', 'automotive_design', 1998, #4691 ) ;
#2554 = PRESENTATION_LAYER_ASSIGNMENT (  '', '', ( #2139 ) ) ;
#2555 = ORIENTED_EDGE ( 'NONE', *, *, #1752, .T. ) ;
#2556 = PRESENTATION_LAYER_ASSIGNMENT (  '', '', ( #4234 ) ) ;
#2557 = FACE_OUTER_BOUND ( 'NONE', #1343, .T. ) ;
#2558 = STYLED_ITEM ( 'NONE', ( #4443 ), #4465 ) ;
#2559 =( NAMED_UNIT ( * ) SI_UNIT ( $, .STERADIAN. ) SOLID_ANGLE_UNIT ( ) );
#2560 = ADVANCED_FACE ( 'NONE', ( #6401 ), #4474, .F. ) ;
#2561 = CIRCLE ( 'NONE', #1625, 0.2225000000000000311 ) ;
#2562 = EDGE_CURVE ( 'NONE', #3766, #5406, #3268, .T. ) ;
#2563 =( NAMED_UNIT ( * ) SI_UNIT ( $, .STERADIAN. ) SOLID_ANGLE_UNIT ( ) );
#2564 = CARTESIAN_POINT ( 'NONE',  ( 1.249999999999999778, 0.7774999999999999689, -0.1500000000000000500 ) ) ;
#2565 =( NAMED_UNIT ( * ) SI_UNIT ( $, .STERADIAN. ) SOLID_ANGLE_UNIT ( ) );
#2566 = UNCERTAINTY_MEASURE_WITH_UNIT (LENGTH_MEASURE( 1.000000000000000082E-05 ), #5096, 'distance_accuracy_value', 'NONE');
#2567 = UNCERTAINTY_MEASURE_WITH_UNIT (LENGTH_MEASURE( 1.000000000000000082E-05 ), #2525, 'distance_accuracy_value', 'NONE');
#2568 = MECHANICAL_DESIGN_GEOMETRIC_PRESENTATION_REPRESENTATION (  '', ( #5281 ), #6243 ) ;
#2569 = STYLED_ITEM ( 'NONE', ( #5693 ), #4134 ) ;
#2570 = CARTESIAN_POINT ( 'NONE',  ( 1.249999999999999778, 0.7775000000000000799, -0.1500000000000000500 ) ) ;
#2571 = DIRECTION ( 'NONE',  ( -1.000000000000000000, 0.000000000000000000, 0.000000000000000000 ) ) ;
#2572 = ORIENTED_EDGE ( 'NONE', *, *, #2872, .T. ) ;
#2573 = DIRECTION ( 'NONE',  ( 1.000000000000000000, 5.613672572362096360E-16, 0.000000000000000000 ) ) ;
#2574 = ORIENTED_EDGE ( 'NONE', *, *, #5238, .T. ) ;
#2575 = CIRCLE ( 'NONE', #5830, 0.2225000000000000311 ) ;
#2576 = VECTOR ( 'NONE', #5587, 1000.000000000000000 ) ;
#2577 = SURFACE_STYLE_USAGE ( .BOTH. , #570 ) ;
#2578 = CARTESIAN_POINT ( 'NONE',  ( -1.100000000000000311, 1.000000000000000000, 0.3500000000000000333 ) ) ;
#2579 = SURFACE_STYLE_FILL_AREA ( #5553 ) ;
#2580 = CARTESIAN_POINT ( 'NONE',  ( -1.040000000000000258, -0.6499999999999999112, 0.5749999999999999556 ) ) ;
#2581 = VERTEX_POINT ( 'NONE', #6173 ) ;
#2582 = STYLED_ITEM ( 'NONE', ( #1587 ), #3357 ) ;
#2583 =( NAMED_UNIT ( * ) PLANE_ANGLE_UNIT ( ) SI_UNIT ( $, .RADIAN. ) );
#2584 = VECTOR ( 'NONE', #1123, 1000.000000000000000 ) ;
#2585 = FILL_AREA_STYLE ('',( #132 ) ) ;
#2586 = UNCERTAINTY_MEASURE_WITH_UNIT (LENGTH_MEASURE( 1.000000000000000082E-05 ), #1424, 'distance_accuracy_value', 'NONE');
#2587 = CARTESIAN_POINT ( 'NONE',  ( -1.250000000000000222, -0.7775000000000001910, -0.3500000000000000333 ) ) ;
#2588 = VERTEX_POINT ( 'NONE', #106 ) ;
#2589 = FILL_AREA_STYLE_COLOUR ( '', #1820 ) ;
#2590 = CARTESIAN_POINT ( 'NONE',  ( -0.9000000000000003553, -0.6500000000000001332, 0.6500000000000001332 ) ) ;
#2591 = AXIS2_PLACEMENT_3D ( 'NONE', #2704, #4233, #725 ) ;
#2592 = CARTESIAN_POINT ( 'NONE',  ( -0.9000000000000003553, -0.6500000000000001332, 0.5749999999999999556 ) ) ;
#2593 = EDGE_CURVE ( 'NONE', #5667, #1174, #5650, .T. ) ;
#2594 = CARTESIAN_POINT ( 'NONE',  ( -1.250000000000000222, -0.7775000000000001910, -0.1500000000000000500 ) ) ;
#2595 = EDGE_CURVE ( 'NONE', #3228, #1007, #2063, .T. ) ;
#2596 = CARTESIAN_POINT ( 'NONE',  ( 1.249999999999999556, -1.000000000000000444, -0.3500000000000000333 ) ) ;
#2597 = FILL_AREA_STYLE ('',( #4674 ) ) ;
#2598 = VERTEX_POINT ( 'NONE', #1181 ) ;
#2599 = CARTESIAN_POINT ( 'NONE',  ( -1.249999999999999778, 0.8499999999999999778, -0.3500000000000000333 ) ) ;
#2600 = ORIENTED_EDGE ( 'NONE', *, *, #5433, .F. ) ;
#2601 = PRESENTATION_LAYER_ASSIGNMENT (  '', '', ( #5093 ) ) ;
#2602 = TOROIDAL_SURFACE ( 'NONE', #4671, 0.2250000000000000333, 0.02500000000000000139 ) ;
#2603 = ORIENTED_EDGE ( 'NONE', *, *, #3111, .T. ) ;
#2604 = EDGE_CURVE ( 'NONE', #4358, #117, #4105, .T. ) ;
#2605 = DIRECTION ( 'NONE',  ( -1.000000000000000000, 5.613672572362096360E-16, 0.000000000000000000 ) ) ;
#2606 =( LENGTH_UNIT ( ) NAMED_UNIT ( * ) SI_UNIT ( .MILLI., .METRE. ) );
#2607 = VERTEX_POINT ( 'NONE', #4140 ) ;
#2608 = DIRECTION ( 'NONE',  ( -0.000000000000000000, -0.000000000000000000, 1.000000000000000000 ) ) ;
#2609 = SURFACE_STYLE_FILL_AREA ( #124 ) ;
#2610 =( LENGTH_UNIT ( ) NAMED_UNIT ( * ) SI_UNIT ( .MILLI., .METRE. ) );
#2611 = AXIS2_PLACEMENT_3D ( 'NONE', #1461, #2486, #6495 ) ;
#2612 = ORIENTED_EDGE ( 'NONE', *, *, #4426, .F. ) ;
#2613 = DIRECTION ( 'NONE',  ( 0.000000000000000000, 1.000000000000000000, 0.000000000000000000 ) ) ;
#2614 = UNCERTAINTY_MEASURE_WITH_UNIT (LENGTH_MEASURE( 1.000000000000000082E-05 ), #5323, 'distance_accuracy_value', 'NONE');
#2615 =( GEOMETRIC_REPRESENTATION_CONTEXT ( 3 ) GLOBAL_UNCERTAINTY_ASSIGNED_CONTEXT ( ( #3017 ) ) GLOBAL_UNIT_ASSIGNED_CONTEXT ( ( #2201, #4639, #3241 ) ) REPRESENTATION_CONTEXT ( 'NONE', 'WORKASPACE' ) );
#2616 = CARTESIAN_POINT ( 'NONE',  ( 0.8999999999999996891, -0.7650000000000001243, 0.6500000000000001332 ) ) ;
#2617 = CARTESIAN_POINT ( 'NONE',  ( 1.014999999999999902, 0.6499999999999999112, 0.6500000000000001332 ) ) ;
#2618 = AXIS2_PLACEMENT_3D ( 'NONE', #57, #123, #3558 ) ;
#2619 = DIRECTION ( 'NONE',  ( -1.000000000000000000, 3.241581980666026040E-16, 0.000000000000000000 ) ) ;
#2620 = VERTEX_POINT ( 'NONE', #2587 ) ;
#2621 = DIRECTION ( 'NONE',  ( 4.523087997816324217E-16, 1.000000000000000000, 0.000000000000000000 ) ) ;
#2622 = EDGE_LOOP ( 'NONE', ( #784, #5345, #4445, #4822 ) ) ;
#2623 = CARTESIAN_POINT ( 'NONE',  ( -0.7749999999999994671, -0.3250000000000000666, -0.1500000000000000500 ) ) ;
#2624 = FACE_OUTER_BOUND ( 'NONE', #4365, .T. ) ;
#2625 = UNCERTAINTY_MEASURE_WITH_UNIT (LENGTH_MEASURE( 1.000000000000000082E-05 ), #4882, 'distance_accuracy_value', 'NONE');
#2626 = FILL_AREA_STYLE_COLOUR ( '', #2184 ) ;
#2627 = SURFACE_STYLE_USAGE ( .BOTH. , #13 ) ;
#2628 = PRESENTATION_STYLE_ASSIGNMENT (( #1125 ) ) ;
#2629 = ORIENTED_EDGE ( 'NONE', *, *, #4085, .T. ) ;
#2630 = EDGE_CURVE ( 'NONE', #3340, #4732, #4068, .T. ) ;
#2631 = SURFACE_STYLE_FILL_AREA ( #1683 ) ;
#2632 = ORIENTED_EDGE ( 'NONE', *, *, #1116, .F. ) ;
#2633 = EDGE_CURVE ( 'NONE', #5330, #2581, #557, .T. ) ;
#2635 = EDGE_CURVE ( 'NONE', #4637, #896, #4928, .T. ) ;
#2634 = ORIENTED_EDGE ( 'NONE', *, *, #6386, .F. ) ;
#2636 = CARTESIAN_POINT ( 'NONE',  ( -1.099999999999999645, -1.000000000000000444, -0.3500000000000000333 ) ) ;
#2637 = DIRECTION ( 'NONE',  ( 1.000000000000000000, 0.000000000000000000, 0.000000000000000000 ) ) ;
#2638 = DIRECTION ( 'NONE',  ( 0.000000000000000000, 0.000000000000000000, -1.000000000000000000 ) ) ;
#2639 = CARTESIAN_POINT ( 'NONE',  ( -1.249999999999999778, 0.000000000000000000, -0.1500000000000000500 ) ) ;
#2640 = FILL_AREA_STYLE_COLOUR ( '', #1553 ) ;
#2641 = ORIENTED_EDGE ( 'NONE', *, *, #5157, .T. ) ;
#2642 =( NAMED_UNIT ( * ) PLANE_ANGLE_UNIT ( ) SI_UNIT ( $, .RADIAN. ) );
#2643 = PRESENTATION_LAYER_ASSIGNMENT (  '', '', ( #5021 ) ) ;
#2644 =( NAMED_UNIT ( * ) PLANE_ANGLE_UNIT ( ) SI_UNIT ( $, .RADIAN. ) );
#2645 = DIRECTION ( 'NONE',  ( -1.000000000000000000, 0.000000000000000000, -0.000000000000000000 ) ) ;
#2646 = SURFACE_STYLE_USAGE ( .BOTH. , #1662 ) ;
#2647 = EDGE_CURVE ( 'NONE', #5330, #2133, #3678, .T. ) ;
#2649 = EDGE_CURVE ( 'NONE', #1816, #5789, #4564, .T. ) ;
#2648 = VERTEX_POINT ( 'NONE', #3070 ) ;
#2650 = CARTESIAN_POINT ( 'NONE',  ( 1.249999999999999556, -1.000000000000000444, -0.1500000000000000500 ) ) ;
#2651 = CIRCLE ( 'NONE', #335, 0.2225000000000000311 ) ;
#2652 = CARTESIAN_POINT ( 'NONE',  ( -0.9000000000000003553, -0.6500000000000001332, 0.5500000000000000444 ) ) ;
#2653 = MECHANICAL_DESIGN_GEOMETRIC_PRESENTATION_REPRESENTATION (  '', ( #2754 ), #856 ) ;
#2654 = UNCERTAINTY_MEASURE_WITH_UNIT (LENGTH_MEASURE( 1.000000000000000082E-05 ), #5491, 'distance_accuracy_value', 'NONE');
#2655 = MECHANICAL_DESIGN_GEOMETRIC_PRESENTATION_REPRESENTATION (  '', ( #5263 ), #2443 ) ;
#2656 = CARTESIAN_POINT ( 'NONE',  ( 1.014999999999999902, -0.6500000000000001332, 0.6500000000000001332 ) ) ;
#2657 = PRESENTATION_LAYER_ASSIGNMENT (  '', '', ( #3891 ) ) ;
#2658 = SURFACE_SIDE_STYLE ('',( #5204 ) ) ;
#2659 = ORIENTED_EDGE ( 'NONE', *, *, #35, .T. ) ;
#2660 = FILL_AREA_STYLE ('',( #660 ) ) ;
#2661 = AXIS2_PLACEMENT_3D ( 'NONE', #850, #6287, #889 ) ;
#2662 = AXIS2_PLACEMENT_3D ( 'NONE', #4499, #2168, #6207 ) ;
#2663 = SURFACE_STYLE_USAGE ( .BOTH. , #5132 ) ;
#2664 =( NAMED_UNIT ( * ) PLANE_ANGLE_UNIT ( ) SI_UNIT ( $, .RADIAN. ) );
#2665 = LINE ( 'NONE', #2445, #2881 ) ;
#2666 = FACE_OUTER_BOUND ( 'NONE', #4012, .T. ) ;
#2667 = PLANE ( 'NONE',  #6067 ) ;
#2668 = FACE_OUTER_BOUND ( 'NONE', #221, .T. ) ;
#2669 =( LENGTH_UNIT ( ) NAMED_UNIT ( * ) SI_UNIT ( .MILLI., .METRE. ) );
#2670 = VERTEX_POINT ( 'NONE', #2656 ) ;
#2671 = PRESENTATION_LAYER_ASSIGNMENT (  '', '', ( #5597 ) ) ;
#2672 = DIRECTION ( 'NONE',  ( 0.000000000000000000, 0.000000000000000000, 1.000000000000000000 ) ) ;
#2673 = ORIENTED_EDGE ( 'NONE', *, *, #2115, .F. ) ;
#2674 = COLOUR_RGB ( '',0.8627450980392157298, 0.6274509803921568540, 0.05882352941176470507 ) ;
#2675 = STYLED_ITEM ( 'NONE', ( #4133 ), #1247 ) ;
#2676 = VERTEX_POINT ( 'NONE', #523 ) ;
#2677 =( NAMED_UNIT ( * ) PLANE_ANGLE_UNIT ( ) SI_UNIT ( $, .RADIAN. ) );
#2678 = CIRCLE ( 'NONE', #1203, 0.1999999999999999833 ) ;
#2679 = VECTOR ( 'NONE', #4461, 1000.000000000000000 ) ;
#2680 = DIRECTION ( 'NONE',  ( -0.000000000000000000, -0.000000000000000000, -1.000000000000000000 ) ) ;
#2681 = CIRCLE ( 'NONE', #2041, 0.1499999999999999667 ) ;
#2682 =( NAMED_UNIT ( * ) SI_UNIT ( $, .STERADIAN. ) SOLID_ANGLE_UNIT ( ) );
#2683 = CARTESIAN_POINT ( 'NONE',  ( -1.250000000000000000, -0.9999999999999995559, -0.3500000000000000333 ) ) ;
#2684 = DIRECTION ( 'NONE',  ( -2.015740370756777612E-16, -1.000000000000000000, 0.000000000000000000 ) ) ;
#2685 = VERTEX_POINT ( 'NONE', #4034 ) ;
#2686 = SURFACE_STYLE_USAGE ( .BOTH. , #2777 ) ;
#2687 = CIRCLE ( 'NONE', #6137, 0.1400000000000000411 ) ;
#2688 = DIRECTION ( 'NONE',  ( 1.000000000000000000, 0.000000000000000000, 0.000000000000000000 ) ) ;
#2689 = EDGE_LOOP ( 'NONE', ( #878, #4400, #3941, #3326 ) ) ;
#2690 = FILL_AREA_STYLE ('',( #4659 ) ) ;
#2691 =( GEOMETRIC_REPRESENTATION_CONTEXT ( 3 ) GLOBAL_UNCERTAINTY_ASSIGNED_CONTEXT ( ( #3841 ) ) GLOBAL_UNIT_ASSIGNED_CONTEXT ( ( #816, #4823, #6409 ) ) REPRESENTATION_CONTEXT ( 'NONE', 'WORKASPACE' ) );
#2692 = LINE ( 'NONE', #3640, #4987 ) ;
#2693 = DIRECTION ( 'NONE',  ( -1.000000000000000000, 0.000000000000000000, 0.000000000000000000 ) ) ;
#2694 = FILL_AREA_STYLE ('',( #3204 ) ) ;
#2695 = EDGE_CURVE ( 'NONE', #4049, #1910, #3108, .T. ) ;
#2696 = EDGE_CURVE ( 'NONE', #4239, #109, #2099, .T. ) ;
#2697 = CIRCLE ( 'NONE', #1639, 0.02499999999999995628 ) ;
#2698 = COLOUR_RGB ( '',0.2862745098039215508, 0.2862745098039215508, 0.2862745098039215508 ) ;
#2699 = LINE ( 'NONE', #6098, #6017 ) ;
#2700 = UNCERTAINTY_MEASURE_WITH_UNIT (LENGTH_MEASURE( 1.000000000000000082E-05 ), #3285, 'distance_accuracy_value', 'NONE');
#2701 = COLOUR_RGB ( '',0.8627450980392157298, 0.6274509803921568540, 0.05882352941176470507 ) ;
#2702 = CARTESIAN_POINT ( 'NONE',  ( -1.250000000000000000, -0.9999999999999995559, -0.1500000000000000500 ) ) ;
#2703 = SURFACE_STYLE_USAGE ( .BOTH. , #697 ) ;
#2704 = CARTESIAN_POINT ( 'NONE',  ( 1.249999999999999778, 1.000000000000000000, -0.1500000000000000500 ) ) ;
#2705 = CIRCLE ( 'NONE', #4058, 0.1400000000000000411 ) ;
#2706 = FILL_AREA_STYLE_COLOUR ( '', #6272 ) ;
#2707 =( NAMED_UNIT ( * ) SI_UNIT ( $, .STERADIAN. ) SOLID_ANGLE_UNIT ( ) );
#2708 = ORIENTED_EDGE ( 'NONE', *, *, #6011, .T. ) ;
#2709 =( NAMED_UNIT ( * ) SI_UNIT ( $, .STERADIAN. ) SOLID_ANGLE_UNIT ( ) );
#2710 = ORIENTED_EDGE ( 'NONE', *, *, #4581, .F. ) ;
#2711 = ORIENTED_EDGE ( 'NONE', *, *, #4906, .F. ) ;
#2712 = PLANE ( 'NONE',  #64 ) ;
#2713 = VECTOR ( 'NONE', #3353, 1000.000000000000000 ) ;
#2714 =( NAMED_UNIT ( * ) PLANE_ANGLE_UNIT ( ) SI_UNIT ( $, .RADIAN. ) );
#2715 = DIRECTION ( 'NONE',  ( 1.000000000000000000, 0.000000000000000000, 0.000000000000000000 ) ) ;
#2716 = ORIENTED_EDGE ( 'NONE', *, *, #4541, .T. ) ;
#2717 = DIRECTION ( 'NONE',  ( -0.000000000000000000, -0.000000000000000000, -1.000000000000000000 ) ) ;
#2718 = LINE ( 'NONE', #3591, #2350 ) ;
#2719 = VECTOR ( 'NONE', #2072, 1000.000000000000000 ) ;
#2720 = SURFACE_SIDE_STYLE ('',( #6094 ) ) ;
#2721 = FACE_OUTER_BOUND ( 'NONE', #1310, .T. ) ;
#2722 = UNCERTAINTY_MEASURE_WITH_UNIT (LENGTH_MEASURE( 1.000000000000000082E-05 ), #2669, 'distance_accuracy_value', 'NONE');
#2723 = EDGE_CURVE ( 'NONE', #3662, #1651, #2521, .T. ) ;
#2724 = EDGE_CURVE ( 'NONE', #2203, #5725, #2335, .T. ) ;
#2725 = CARTESIAN_POINT ( 'NONE',  ( 0.000000000000000000, 0.000000000000000000, -0.1500000000000000500 ) ) ;
#2726 = AXIS2_PLACEMENT_3D ( 'NONE', #431, #4863, #330 ) ;
#2727 = EDGE_CURVE ( 'NONE', #3320, #4675, #4723, .T. ) ;
#2728 = FACE_OUTER_BOUND ( 'NONE', #185, .T. ) ;
#2729 = SURFACE_SIDE_STYLE ('',( #780 ) ) ;
#2730 = CYLINDRICAL_SURFACE ( 'NONE', #5768, 0.1400000000000000411 ) ;
#2731 = VECTOR ( 'NONE', #2425, 1000.000000000000000 ) ;
#2732 =( LENGTH_UNIT ( ) NAMED_UNIT ( * ) SI_UNIT ( .MILLI., .METRE. ) );
#2733 = ORIENTED_EDGE ( 'NONE', *, *, #2604, .T. ) ;
#2734 = PRESENTATION_STYLE_ASSIGNMENT (( #2240 ) ) ;
#2735 = ORIENTED_EDGE ( 'NONE', *, *, #4279, .F. ) ;
#2736 = LINE ( 'NONE', #6280, #2031 ) ;
#2737 = ORIENTED_EDGE ( 'NONE', *, *, #3315, .F. ) ;
#2738 = DIRECTION ( 'NONE',  ( -0.000000000000000000, -0.000000000000000000, -1.000000000000000000 ) ) ;
#2739 = SURFACE_STYLE_FILL_AREA ( #3222 ) ;
#2740 = CARTESIAN_POINT ( 'NONE',  ( -0.9000000000000001332, 0.7650000000000001243, 0.6500000000000001332 ) ) ;
#2741 = ORIENTED_EDGE ( 'NONE', *, *, #1029, .F. ) ;
#2742 = SURFACE_SIDE_STYLE ('',( #2213 ) ) ;
#2743 = CARTESIAN_POINT ( 'NONE',  ( 0.8999999999999999112, 0.8500000000000000888, 0.5500000000000000444 ) ) ;
#2744 = ORIENTED_EDGE ( 'NONE', *, *, #2400, .T. ) ;
#2745 =( LENGTH_UNIT ( ) NAMED_UNIT ( * ) SI_UNIT ( .MILLI., .METRE. ) );
#2746 = DIRECTION ( 'NONE',  ( 0.000000000000000000, 0.000000000000000000, -1.000000000000000000 ) ) ;
#2747 = MECHANICAL_DESIGN_GEOMETRIC_PRESENTATION_REPRESENTATION (  '', ( #439 ), #5790 ) ;
#2748 = FILL_AREA_STYLE ('',( #3364 ) ) ;
#2749 = PRESENTATION_LAYER_ASSIGNMENT (  '', '', ( #2945 ) ) ;
#2750 = FILL_AREA_STYLE_COLOUR ( '', #2291 ) ;
#2751 =( LENGTH_UNIT ( ) NAMED_UNIT ( * ) SI_UNIT ( .MILLI., .METRE. ) );
#2752 = UNCERTAINTY_MEASURE_WITH_UNIT (LENGTH_MEASURE( 1.000000000000000082E-05 ), #4583, 'distance_accuracy_value', 'NONE');
#2753 = CARTESIAN_POINT ( 'NONE',  ( -1.100000000000000311, -0.6500000000000000222, 0.3750000000000000555 ) ) ;
#2754 = STYLED_ITEM ( 'NONE', ( #488 ), #279 ) ;
#2755 = ADVANCED_FACE ( 'NONE', ( #6270 ), #3760, .F. ) ;
#2756 = CARTESIAN_POINT ( 'NONE',  ( 0.000000000000000000, 0.3249999999999999001, -0.3500000000000000333 ) ) ;
#2757 = COLOUR_RGB ( '',0.8039215686274510109, 0.8039215686274510109, 0.8039215686274510109 ) ;
#2758 = CARTESIAN_POINT ( 'NONE',  ( -2.990902544787597704E-15, -1.000000000000003775, -0.3500000000000000333 ) ) ;
#2759 = MECHANICAL_DESIGN_GEOMETRIC_PRESENTATION_REPRESENTATION (  '', ( #2439 ), #5150 ) ;
#2760 = FILL_AREA_STYLE_COLOUR ( '', #4481 ) ;
#2761 =( LENGTH_UNIT ( ) NAMED_UNIT ( * ) SI_UNIT ( .MILLI., .METRE. ) );
#2762 = ADVANCED_FACE ( 'NONE', ( #5771 ), #2817, .T. ) ;
#2763 = ORIENTED_EDGE ( 'NONE', *, *, #5476, .F. ) ;
#2764 = ADVANCED_FACE ( 'NONE', ( #2224 ), #4226, .F. ) ;
#2765 = LINE ( 'NONE', #4646, #5467 ) ;
#2766 = ORIENTED_EDGE ( 'NONE', *, *, #5154, .T. ) ;
#2767 = LINE ( 'NONE', #5332, #1092 ) ;
#2768 = ORIENTED_EDGE ( 'NONE', *, *, #1264, .F. ) ;
#2769 = DIRECTION ( 'NONE',  ( 0.7071067811865463515, -0.7071067811865487940, -0.000000000000000000 ) ) ;
#2770 = PRESENTATION_LAYER_ASSIGNMENT (  '', '', ( #2135 ) ) ;
#2771 = CARTESIAN_POINT ( 'NONE',  ( 1.099999999999999867, -0.8500000000000000888, 0.5500000000000000444 ) ) ;
#2772 = MECHANICAL_DESIGN_GEOMETRIC_PRESENTATION_REPRESENTATION (  '', ( #1923 ), #5376 ) ;
#2773 =( GEOMETRIC_REPRESENTATION_CONTEXT ( 3 ) GLOBAL_UNCERTAINTY_ASSIGNED_CONTEXT ( ( #714 ) ) GLOBAL_UNIT_ASSIGNED_CONTEXT ( ( #4258, #657, #745 ) ) REPRESENTATION_CONTEXT ( 'NONE', 'WORKASPACE' ) );
#2774 = CARTESIAN_POINT ( 'NONE',  ( 1.099999999999999645, -1.000000000000000444, -0.1500000000000000500 ) ) ;
#2775 = LINE ( 'NONE', #2740, #4442 ) ;
#2776 = EDGE_LOOP ( 'NONE', ( #4206, #2629, #3913, #3561, #6318, #1775, #5986, #2961, #4854, #6260 ) ) ;
#2777 = SURFACE_SIDE_STYLE ('',( #4716 ) ) ;
#2778 = VECTOR ( 'NONE', #2975, 1000.000000000000000 ) ;
#2779 = SURFACE_STYLE_USAGE ( .BOTH. , #1850 ) ;
#2780 =( GEOMETRIC_REPRESENTATION_CONTEXT ( 3 ) GLOBAL_UNCERTAINTY_ASSIGNED_CONTEXT ( ( #4798 ) ) GLOBAL_UNIT_ASSIGNED_CONTEXT ( ( #3738, #2664, #4110 ) ) REPRESENTATION_CONTEXT ( 'NONE', 'WORKASPACE' ) );
#2781 = ORIENTED_EDGE ( 'NONE', *, *, #3686, .F. ) ;
#2782 = CIRCLE ( 'NONE', #5606, 0.1999999999999999833 ) ;
#2783 = FACE_OUTER_BOUND ( 'NONE', #4857, .T. ) ;
#2784 = PRESENTATION_LAYER_ASSIGNMENT (  '', '', ( #5281 ) ) ;
#2785 = DIRECTION ( 'NONE',  ( -0.000000000000000000, -0.000000000000000000, -1.000000000000000000 ) ) ;
#2786 = DIRECTION ( 'NONE',  ( 1.000000000000000000, 3.241581980666026040E-16, 0.000000000000000000 ) ) ;
#2787 = EDGE_LOOP ( 'NONE', ( #5706, #438, #466, #2603 ) ) ;
#2788 = AXIS2_PLACEMENT_3D ( 'NONE', #4195, #5162, #2693 ) ;
#2789 = COLOUR_RGB ( '',0.8627450980392157298, 0.6274509803921568540, 0.05882352941176470507 ) ;
#2790 = CARTESIAN_POINT ( 'NONE',  ( 1.039999999999999813, -0.6500000000000001332, 0.5749999999999999556 ) ) ;
#2791 = VECTOR ( 'NONE', #5525, 1000.000000000000000 ) ;
#2792 =( LENGTH_UNIT ( ) NAMED_UNIT ( * ) SI_UNIT ( .MILLI., .METRE. ) );
#2793 = CARTESIAN_POINT ( 'NONE',  ( 1.143933982822017414, -0.8044079500593137588, -0.1500000000000000500 ) ) ;
#2794 = VERTEX_POINT ( 'NONE', #4375 ) ;
#2795 = CARTESIAN_POINT ( 'NONE',  ( 1.053514143716457933E-16, -0.3249999999999998446, -0.1500000000000000500 ) ) ;
#2796 = ORIENTED_EDGE ( 'NONE', *, *, #4357, .T. ) ;
#2797 = DIRECTION ( 'NONE',  ( 1.000000000000000000, 0.000000000000000000, -0.000000000000000000 ) ) ;
#2798 = ORIENTED_EDGE ( 'NONE', *, *, #2872, .F. ) ;
#2799 = SURFACE_STYLE_USAGE ( .BOTH. , #5280 ) ;
#2800 = EDGE_CURVE ( 'NONE', #3875, #2806, #415, .T. ) ;
#2801 = STYLED_ITEM ( 'NONE', ( #3395 ), #1393 ) ;
#2802 = STYLED_ITEM ( 'NONE', ( #1566 ), #2907 ) ;
#2803 = FILL_AREA_STYLE_COLOUR ( '', #906 ) ;
#2804 = LINE ( 'NONE', #1710, #386 ) ;
#2805 = DIRECTION ( 'NONE',  ( -0.000000000000000000, -0.000000000000000000, 1.000000000000000000 ) ) ;
#2806 = VERTEX_POINT ( 'NONE', #1397 ) ;
#2807 = LINE ( 'NONE', #853, #2713 ) ;
#2808 = UNCERTAINTY_MEASURE_WITH_UNIT (LENGTH_MEASURE( 1.000000000000000082E-05 ), #6427, 'distance_accuracy_value', 'NONE');
#2809 = MECHANICAL_DESIGN_GEOMETRIC_PRESENTATION_REPRESENTATION (  '', ( #2373 ), #5086 ) ;
#2810 = ORIENTED_EDGE ( 'NONE', *, *, #5892, .T. ) ;
#2811 = EDGE_CURVE ( 'NONE', #6056, #4964, #793, .T. ) ;
#2812 = COLOUR_RGB ( '',0.2862745098039215508, 0.2862745098039215508, 0.2862745098039215508 ) ;
#2813 = SURFACE_SIDE_STYLE ('',( #799 ) ) ;
#2814 = DIRECTION ( 'NONE',  ( 0.000000000000000000, -1.000000000000000000, 0.000000000000000000 ) ) ;
#2815 = EDGE_LOOP ( 'NONE', ( #1819, #1199, #118, #2476 ) ) ;
#2816 = CARTESIAN_POINT ( 'NONE',  ( 0.4749999999999998668, -9.051947105991777598E-17, -0.1500000000000000500 ) ) ;
#2817 = PLANE ( 'NONE',  #3300 ) ;
#2818 = CYLINDRICAL_SURFACE ( 'NONE', #156, 0.02500000000000001180 ) ;
#2819 = COLOUR_RGB ( '',0.8627450980392157298, 0.6274509803921568540, 0.05882352941176470507 ) ;
#2820 = DIRECTION ( 'NONE',  ( 0.000000000000000000, -1.000000000000000000, 0.000000000000000000 ) ) ;
#2821 = SURFACE_STYLE_FILL_AREA ( #4293 ) ;
#2822 = AXIS2_PLACEMENT_3D ( 'NONE', #3897, #2326, #3867 ) ;
#2823 = ORIENTED_EDGE ( 'NONE', *, *, #153, .F. ) ;
#2824 = FILL_AREA_STYLE_COLOUR ( '', #1374 ) ;
#2825 = EDGE_LOOP ( 'NONE', ( #2473, #3090, #2915, #2710 ) ) ;
#2826 = VERTEX_POINT ( 'NONE', #3442 ) ;
#2827 = COLOUR_RGB ( '',0.2862745098039215508, 0.2862745098039215508, 0.2862745098039215508 ) ;
#2828 = CARTESIAN_POINT ( 'NONE',  ( 1.027499999999999858, 1.000000000000000000, -0.1500000000000000500 ) ) ;
#2829 = CARTESIAN_POINT ( 'NONE',  ( 1.143933982822017414, -0.8044079500593137588, -0.1500000000000000500 ) ) ;
#2830 = CARTESIAN_POINT ( 'NONE',  ( -0.05833004110700136524, 0.9573281361468033435, 0.3500000000000000333 ) ) ;
#2831 =( NAMED_UNIT ( * ) SI_UNIT ( $, .STERADIAN. ) SOLID_ANGLE_UNIT ( ) );
#2832 = PLANE ( 'NONE',  #4755 ) ;
#2833 = SURFACE_SIDE_STYLE ('',( #5311 ) ) ;
#2834 = VERTEX_POINT ( 'NONE', #1462 ) ;
#2835 = SURFACE_STYLE_USAGE ( .BOTH. , #6387 ) ;
#2836 = AXIS2_PLACEMENT_3D ( 'NONE', #4803, #4338, #2309 ) ;
#2837 = PRODUCT_DEFINITION ( 'UNKNOWN', '', #1302, #381 ) ;
#2838 = EDGE_CURVE ( 'NONE', #1054, #4567, #1002, .T. ) ;
#2839 = LINE ( 'NONE', #3354, #885 ) ;
#2840 = VERTEX_POINT ( 'NONE', #2377 ) ;
#2841 = DIRECTION ( 'NONE',  ( -1.000000000000000000, 0.000000000000000000, 0.000000000000000000 ) ) ;
#2842 = CARTESIAN_POINT ( 'NONE',  ( -0.4749999999999998113, -0.8939339828220185247, -0.1500000000000000500 ) ) ;
#2843 = EDGE_LOOP ( 'NONE', ( #4684, #6307 ) ) ;
#2844 = ADVANCED_FACE ( 'NONE', ( #6429 ), #1958, .T. ) ;
#2845 = EDGE_CURVE ( 'NONE', #2879, #2133, #3104, .T. ) ;
#2846 = SURFACE_SIDE_STYLE ('',( #5322 ) ) ;
#2847 = CARTESIAN_POINT ( 'NONE',  ( -1.015000000000000346, -0.6499999999999999112, 0.6250000000000001110 ) ) ;
#2848 = PRESENTATION_LAYER_ASSIGNMENT (  '', '', ( #3260 ) ) ;
#2849 = VERTEX_POINT ( 'NONE', #3333 ) ;
#2850 = VERTEX_POINT ( 'NONE', #837 ) ;
#2851 = LINE ( 'NONE', #5245, #4530 ) ;
#2852 = CARTESIAN_POINT ( 'NONE',  ( -0.4749999999999998668, -0.6250000000000024425, -0.3500000000000000333 ) ) ;
#2853 = PRESENTATION_LAYER_ASSIGNMENT (  '', '', ( #236 ) ) ;
#2854 = ORIENTED_EDGE ( 'NONE', *, *, #3079, .T. ) ;
#2855 = SURFACE_STYLE_USAGE ( .BOTH. , #6444 ) ;
#2856 = SURFACE_STYLE_USAGE ( .BOTH. , #498 ) ;
#2857 = DIRECTION ( 'NONE',  ( 1.000000000000000000, 0.000000000000000000, 0.000000000000000000 ) ) ;
#2858 = SURFACE_STYLE_FILL_AREA ( #5984 ) ;
#2859 = PRESENTATION_STYLE_ASSIGNMENT (( #4276 ) ) ;
#2860 = ORIENTED_EDGE ( 'NONE', *, *, #2696, .F. ) ;
#2861 = DIRECTION ( 'NONE',  ( -1.000000000000000000, 0.000000000000000000, -0.000000000000000000 ) ) ;
#2862 = MECHANICAL_DESIGN_GEOMETRIC_PRESENTATION_REPRESENTATION (  '', ( #6118 ), #5164 ) ;
#2863 = ORIENTED_EDGE ( 'NONE', *, *, #2874, .F. ) ;
#2864 =( NAMED_UNIT ( * ) PLANE_ANGLE_UNIT ( ) SI_UNIT ( $, .RADIAN. ) );
#2865 = DIRECTION ( 'NONE',  ( 1.000000000000000000, 0.000000000000000000, 0.000000000000000000 ) ) ;
#2866 = DIRECTION ( 'NONE',  ( 0.000000000000000000, 0.000000000000000000, -1.000000000000000000 ) ) ;
#2867 = ORIENTED_EDGE ( 'NONE', *, *, #3565, .T. ) ;
#2868 = FILL_AREA_STYLE_COLOUR ( '', #4410 ) ;
#2869 = MECHANICAL_DESIGN_GEOMETRIC_PRESENTATION_REPRESENTATION (  '', ( #353 ), #2976 ) ;
#2870 = CARTESIAN_POINT ( 'NONE',  ( -0.9000000000000003553, -0.7650000000000001243, 0.6500000000000001332 ) ) ;
#2871 = CIRCLE ( 'NONE', #2036, 0.1650000000000001188 ) ;
#2872 = EDGE_CURVE ( 'NONE', #3278, #2438, #2450, .T. ) ;
#2873 = AXIS2_PLACEMENT_3D ( 'NONE', #6165, #2613, #5533 ) ;
#2874 = EDGE_CURVE ( 'NONE', #3572, #3523, #1327, .T. ) ;
#2875 = UNCERTAINTY_MEASURE_WITH_UNIT (LENGTH_MEASURE( 1.000000000000000082E-05 ), #6039, 'distance_accuracy_value', 'NONE');
#2876 = VECTOR ( 'NONE', #2418, 1000.000000000000000 ) ;
#2877 = DIRECTION ( 'NONE',  ( -1.000000000000000000, 0.000000000000000000, -0.000000000000000000 ) ) ;
#2878 = EDGE_CURVE ( 'NONE', #2794, #2325, #4808, .T. ) ;
#2879 = VERTEX_POINT ( 'NONE', #2870 ) ;
#2880 = ORIENTED_EDGE ( 'NONE', *, *, #2649, .T. ) ;
#2881 = VECTOR ( 'NONE', #4839, 1000.000000000000000 ) ;
#2882 = SURFACE_STYLE_FILL_AREA ( #1542 ) ;
#2883 = VERTEX_POINT ( 'NONE', #4845 ) ;
#2884 = CARTESIAN_POINT ( 'NONE',  ( 0.000000000000000000, 0.8150000000000000577, 0.5500000000000000444 ) ) ;
#2885 = LINE ( 'NONE', #5474, #4455 ) ;
#2886 = LINE ( 'NONE', #2304, #515 ) ;
#2887 = PLANE ( 'NONE',  #3444 ) ;
#2888 =( GEOMETRIC_REPRESENTATION_CONTEXT ( 3 ) GLOBAL_UNCERTAINTY_ASSIGNED_CONTEXT ( ( #1633 ) ) GLOBAL_UNIT_ASSIGNED_CONTEXT ( ( #2398, #888, #3488 ) ) REPRESENTATION_CONTEXT ( 'NONE', 'WORKASPACE' ) );
#2889 = LINE ( 'NONE', #4828, #3425 ) ;
#2890 = DIRECTION ( 'NONE',  ( -0.000000000000000000, -0.000000000000000000, 1.000000000000000000 ) ) ;
#2891 = ORIENTED_EDGE ( 'NONE', *, *, #3876, .F. ) ;
#2892 = FACE_OUTER_BOUND ( 'NONE', #841, .T. ) ;
#2893 = ORIENTED_EDGE ( 'NONE', *, *, #1427, .F. ) ;
#2894 = STYLED_ITEM ( 'NONE', ( #6457 ), #1345 ) ;
#2895 = COLOUR_RGB ( '',0.2862745098039215508, 0.2862745098039215508, 0.2862745098039215508 ) ;
#2896 = PLANE ( 'NONE',  #1122 ) ;
#2897 = LINE ( 'NONE', #2480, #995 ) ;
#2898 = CYLINDRICAL_SURFACE ( 'NONE', #1134, 0.2225000000000000311 ) ;
#2899 = CARTESIAN_POINT ( 'NONE',  ( -0.05833004110700136524, -0.9573281361468033435, -0.3500000000000000333 ) ) ;
#2900 = TOROIDAL_SURFACE ( 'NONE', #3835, 0.1650000000000000633, 0.02500000000000000139 ) ;
#2901 = VERTEX_POINT ( 'NONE', #5015 ) ;
#2902 = FILL_AREA_STYLE ('',( #994 ) ) ;
#2903 = AXIS2_PLACEMENT_3D ( 'NONE', #2137, #727, #3689 ) ;
#2904 = LINE ( 'NONE', #269, #3402 ) ;
#2905 = AXIS2_PLACEMENT_3D ( 'NONE', #5921, #5384, #311 ) ;
#2906 =( NAMED_UNIT ( * ) SI_UNIT ( $, .STERADIAN. ) SOLID_ANGLE_UNIT ( ) );
#2907 = ADVANCED_FACE ( 'NONE', ( #3536 ), #4062, .F. ) ;
#2908 = CARTESIAN_POINT ( 'NONE',  ( -0.4750000000000001443, 0.3249999999999997891, -0.1500000000000000777 ) ) ;
#2909 = ADVANCED_FACE ( 'NONE', ( #2515 ), #3563, .F. ) ;
#2910 = DIRECTION ( 'NONE',  ( -0.000000000000000000, -0.000000000000000000, 1.000000000000000000 ) ) ;
#2911 = EDGE_CURVE ( 'NONE', #1149, #3320, #2885, .T. ) ;
#2912 = DIRECTION ( 'NONE',  ( -0.000000000000000000, 1.000000000000000000, -0.000000000000000000 ) ) ;
#2913 = SURFACE_SIDE_STYLE ('',( #909 ) ) ;
#2914 = CIRCLE ( 'NONE', #5651, 0.02500000000000001180 ) ;
#2915 = ORIENTED_EDGE ( 'NONE', *, *, #1350, .F. ) ;
#2916 = SURFACE_SIDE_STYLE ('',( #1043 ) ) ;
#2917 = VERTEX_POINT ( 'NONE', #2429 ) ;
#2918 = CYLINDRICAL_SURFACE ( 'NONE', #1822, 0.2225000000000000311 ) ;
#2919 = EDGE_CURVE ( 'NONE', #503, #740, #2705, .T. ) ;
#2920 = ORIENTED_EDGE ( 'NONE', *, *, #721, .F. ) ;
#2921 = DIRECTION ( 'NONE',  ( 0.000000000000000000, 0.000000000000000000, -1.000000000000000000 ) ) ;
#2922 =( NAMED_UNIT ( * ) SI_UNIT ( $, .STERADIAN. ) SOLID_ANGLE_UNIT ( ) );
#2923 = DIRECTION ( 'NONE',  ( 1.000000000000000000, 0.000000000000000000, 0.000000000000000000 ) ) ;
#2924 = FACE_OUTER_BOUND ( 'NONE', #2420, .T. ) ;
#2925 = PRESENTATION_STYLE_ASSIGNMENT (( #6347 ) ) ;
#2926 = EDGE_LOOP ( 'NONE', ( #2867, #2990, #1590, #3097 ) ) ;
#2927 = ORIENTED_EDGE ( 'NONE', *, *, #5399, .T. ) ;
#2928 = VECTOR ( 'NONE', #631, 1000.000000000000000 ) ;
#2929 = ORIENTED_EDGE ( 'NONE', *, *, #80, .F. ) ;
#2930 = FILL_AREA_STYLE ('',( #4801 ) ) ;
#2931 = CARTESIAN_POINT ( 'NONE',  ( 0.000000000000000000, 1.000000000000000000, -0.3500000000000000333 ) ) ;
#2932 =( GEOMETRIC_REPRESENTATION_CONTEXT ( 3 ) GLOBAL_UNCERTAINTY_ASSIGNED_CONTEXT ( ( #4076 ) ) GLOBAL_UNIT_ASSIGNED_CONTEXT ( ( #3343, #6341, #5816 ) ) REPRESENTATION_CONTEXT ( 'NONE', 'WORKASPACE' ) );
#2933 =( LENGTH_UNIT ( ) NAMED_UNIT ( * ) SI_UNIT ( .MILLI., .METRE. ) );
#2934 = PRESENTATION_STYLE_ASSIGNMENT (( #6322 ) ) ;
#2935 = VERTEX_POINT ( 'NONE', #1902 ) ;
#2936 =( LENGTH_UNIT ( ) NAMED_UNIT ( * ) SI_UNIT ( .MILLI., .METRE. ) );
#2937 = CARTESIAN_POINT ( 'NONE',  ( -1.053514143716457933E-16, -0.3249999999999998446, -0.1500000000000000500 ) ) ;
#2938 = SURFACE_SIDE_STYLE ('',( #932 ) ) ;
#2939 = DIRECTION ( 'NONE',  ( 0.000000000000000000, 0.000000000000000000, 1.000000000000000000 ) ) ;
#2940 = DIRECTION ( 'NONE',  ( 1.000000000000000000, -5.613672572362096360E-16, 0.000000000000000000 ) ) ;
#2941 =( NAMED_UNIT ( * ) PLANE_ANGLE_UNIT ( ) SI_UNIT ( $, .RADIAN. ) );
#2942 = LINE ( 'NONE', #5940, #267 ) ;
#2943 = CARTESIAN_POINT ( 'NONE',  ( 0.8999999999999999112, -0.6500000000000001332, 0.5500000000000000444 ) ) ;
#2944 = EDGE_CURVE ( 'NONE', #2901, #3827, #4899, .T. ) ;
#2945 = STYLED_ITEM ( 'NONE', ( #708 ), #2395 ) ;
#2946 = EDGE_LOOP ( 'NONE', ( #4599, #2891, #5882, #5320 ) ) ;
#2947 =( GEOMETRIC_REPRESENTATION_CONTEXT ( 3 ) GLOBAL_UNCERTAINTY_ASSIGNED_CONTEXT ( ( #2586 ) ) GLOBAL_UNIT_ASSIGNED_CONTEXT ( ( #1424, #5428, #1459 ) ) REPRESENTATION_CONTEXT ( 'NONE', 'WORKASPACE' ) );
#2948 = ORIENTED_EDGE ( 'NONE', *, *, #4771, .F. ) ;
#2949 = DIRECTION ( 'NONE',  ( 0.000000000000000000, -1.000000000000000000, 0.000000000000000000 ) ) ;
#2950 = UNCERTAINTY_MEASURE_WITH_UNIT (LENGTH_MEASURE( 1.000000000000000082E-05 ), #3463, 'distance_accuracy_value', 'NONE');
#2951 = DIRECTION ( 'NONE',  ( -0.000000000000000000, -0.000000000000000000, 1.000000000000000000 ) ) ;
#2952 = EDGE_CURVE ( 'NONE', #5722, #109, #1014, .T. ) ;
#2953 =( NAMED_UNIT ( * ) SI_UNIT ( $, .STERADIAN. ) SOLID_ANGLE_UNIT ( ) );
#2954 = EDGE_CURVE ( 'NONE', #4358, #4567, #4858, .T. ) ;
#2955 = PRESENTATION_STYLE_ASSIGNMENT (( #948 ) ) ;
#2956 = VERTEX_POINT ( 'NONE', #5443 ) ;
#2957 = STYLED_ITEM ( 'NONE', ( #413 ), #380 ) ;
#2958 = DIRECTION ( 'NONE',  ( 0.000000000000000000, 0.000000000000000000, -1.000000000000000000 ) ) ;
#2959 = ORIENTED_EDGE ( 'NONE', *, *, #4136, .F. ) ;
#2960 = DIRECTION ( 'NONE',  ( 0.000000000000000000, 0.000000000000000000, -1.000000000000000000 ) ) ;
#2961 = ORIENTED_EDGE ( 'NONE', *, *, #2280, .T. ) ;
#2962 = DIRECTION ( 'NONE',  ( -1.000000000000000000, 2.015740370756777612E-16, 0.000000000000000000 ) ) ;
#2963 = VECTOR ( 'NONE', #1456, 1000.000000000000000 ) ;
#2964 = VECTOR ( 'NONE', #6029, 1000.000000000000000 ) ;
#2965 = SURFACE_STYLE_USAGE ( .BOTH. , #473 ) ;
#2966 = FILL_AREA_STYLE ('',( #1884 ) ) ;
#2967 = LINE ( 'NONE', #3555, #5900 ) ;
#2968 = FACE_OUTER_BOUND ( 'NONE', #3668, .T. ) ;
#2969 = SURFACE_STYLE_FILL_AREA ( #1921 ) ;
#2970 = CYLINDRICAL_SURFACE ( 'NONE', #4146, 0.02500000000000001180 ) ;
#2971 = DIRECTION ( 'NONE',  ( 0.000000000000000000, 0.000000000000000000, -1.000000000000000000 ) ) ;
#2972 = VECTOR ( 'NONE', #6432, 1000.000000000000000 ) ;
#2973 = DIRECTION ( 'NONE',  ( 4.523087997816324217E-16, -1.000000000000000000, 0.000000000000000000 ) ) ;
#2974 =( GEOMETRIC_REPRESENTATION_CONTEXT ( 3 ) GLOBAL_UNCERTAINTY_ASSIGNED_CONTEXT ( ( #5765 ) ) GLOBAL_UNIT_ASSIGNED_CONTEXT ( ( #6007, #6073, #528 ) ) REPRESENTATION_CONTEXT ( 'NONE', 'WORKASPACE' ) );
#2975 = DIRECTION ( 'NONE',  ( 1.000000000000000000, -0.000000000000000000, 0.000000000000000000 ) ) ;
#2976 =( GEOMETRIC_REPRESENTATION_CONTEXT ( 3 ) GLOBAL_UNCERTAINTY_ASSIGNED_CONTEXT ( ( #4593 ) ) GLOBAL_UNIT_ASSIGNED_CONTEXT ( ( #545, #103, #1501 ) ) REPRESENTATION_CONTEXT ( 'NONE', 'WORKASPACE' ) );
#2977 = AXIS2_PLACEMENT_3D ( 'NONE', #2702, #5684, #237 ) ;
#2978 = CARTESIAN_POINT ( 'NONE',  ( 0.8999999999999999112, 0.6500000000000001332, 0.6250000000000001110 ) ) ;
#2979 =( GEOMETRIC_REPRESENTATION_CONTEXT ( 3 ) GLOBAL_UNCERTAINTY_ASSIGNED_CONTEXT ( ( #312 ) ) GLOBAL_UNIT_ASSIGNED_CONTEXT ( ( #1441, #4927, #2563 ) ) REPRESENTATION_CONTEXT ( 'NONE', 'WORKASPACE' ) );
#2980 = VERTEX_POINT ( 'NONE', #4970 ) ;
#2981 = PLANE ( 'NONE',  #1591 ) ;
#2982 = VERTEX_POINT ( 'NONE', #1973 ) ;
#2983 = CARTESIAN_POINT ( 'NONE',  ( -0.9000000000000002442, 0.8750000000000001110, 0.3500000000000000333 ) ) ;
#2984 = COLOUR_RGB ( '',0.2862745098039215508, 0.2862745098039215508, 0.2862745098039215508 ) ;
#2985 =( LENGTH_UNIT ( ) NAMED_UNIT ( * ) SI_UNIT ( .MILLI., .METRE. ) );
#2986 = FILL_AREA_STYLE ('',( #5516 ) ) ;
#2987 = ORIENTED_EDGE ( 'NONE', *, *, #3315, .T. ) ;
#2988 = CIRCLE ( 'NONE', #3821, 0.02499999999999995628 ) ;
#2989 = CARTESIAN_POINT ( 'NONE',  ( 5.018252680870376225E-16, -0.8939339828220187467, -0.1500000000000000500 ) ) ;
#2990 = ORIENTED_EDGE ( 'NONE', *, *, #384, .F. ) ;
#2991 = EDGE_CURVE ( 'NONE', #3523, #87, #977, .T. ) ;
#2993 = EDGE_CURVE ( 'NONE', #5877, #3548, #83, .T. ) ;
#2992 = ORIENTED_EDGE ( 'NONE', *, *, #3652, .F. ) ;
#2994 = FILL_AREA_STYLE ('',( #990 ) ) ;
#2995 = COLOUR_RGB ( '',0.2862745098039215508, 0.2862745098039215508, 0.2862745098039215508 ) ;
#2996 =( NAMED_UNIT ( * ) PLANE_ANGLE_UNIT ( ) SI_UNIT ( $, .RADIAN. ) );
#2997 = DIRECTION ( 'NONE',  ( -0.000000000000000000, -0.000000000000000000, 1.000000000000000000 ) ) ;
#2998 = VECTOR ( 'NONE', #1055, 1000.000000000000000 ) ;
#2999 = ADVANCED_FACE ( 'NONE', ( #4387 ), #3383, .F. ) ;
#3000 = CARTESIAN_POINT ( 'NONE',  ( -2.990902544787597704E-15, -1.000000000000003775, -0.1500000000000000500 ) ) ;
#3001 =( LENGTH_UNIT ( ) NAMED_UNIT ( * ) SI_UNIT ( .MILLI., .METRE. ) );
#3002 = SURFACE_STYLE_USAGE ( .BOTH. , #1499 ) ;
#3003 = PRESENTATION_LAYER_ASSIGNMENT (  '', '', ( #6365 ) ) ;
#3004 = DIRECTION ( 'NONE',  ( 0.000000000000000000, 0.000000000000000000, 1.000000000000000000 ) ) ;
#3005 = VECTOR ( 'NONE', #3793, 1000.000000000000114 ) ;
#3006 = CARTESIAN_POINT ( 'NONE',  ( 1.249999999999999778, 0.000000000000000000, -0.3500000000000000333 ) ) ;
#3007 = DIRECTION ( 'NONE',  ( 1.000000000000000000, 0.000000000000000000, 0.000000000000000000 ) ) ;
#3008 =( GEOMETRIC_REPRESENTATION_CONTEXT ( 3 ) GLOBAL_UNCERTAINTY_ASSIGNED_CONTEXT ( ( #3334 ) ) GLOBAL_UNIT_ASSIGNED_CONTEXT ( ( #6019, #5592, #5115 ) ) REPRESENTATION_CONTEXT ( 'NONE', 'WORKASPACE' ) );
#3009 = CIRCLE ( 'NONE', #4462, 0.1400000000000000411 ) ;
#3010 = ORIENTED_EDGE ( 'NONE', *, *, #3862, .F. ) ;
#3011 = SURFACE_STYLE_USAGE ( .BOTH. , #34 ) ;
#3012 = CARTESIAN_POINT ( 'NONE',  ( -0.9000000000000002442, 0.8500000000000000888, 0.5500000000000000444 ) ) ;
#3013 = ORIENTED_EDGE ( 'NONE', *, *, #3762, .T. ) ;
#3014 = DIRECTION ( 'NONE',  ( -3.241581980666026040E-16, -1.000000000000000000, 0.000000000000000000 ) ) ;
#3015 = MECHANICAL_DESIGN_GEOMETRIC_PRESENTATION_REPRESENTATION (  '', ( #4566 ), #1763 ) ;
#3016 = UNCERTAINTY_MEASURE_WITH_UNIT (LENGTH_MEASURE( 1.000000000000000082E-05 ), #5885, 'distance_accuracy_value', 'NONE');
#3017 = UNCERTAINTY_MEASURE_WITH_UNIT (LENGTH_MEASURE( 1.000000000000000082E-05 ), #2201, 'distance_accuracy_value', 'NONE');
#3018 = FACE_OUTER_BOUND ( 'NONE', #2376, .T. ) ;
#3019 = CARTESIAN_POINT ( 'NONE',  ( -1.100000000000000311, 0.6500000000000001332, 0.5500000000000000444 ) ) ;
#3020 =( NAMED_UNIT ( * ) SI_UNIT ( $, .STERADIAN. ) SOLID_ANGLE_UNIT ( ) );
#3021 =( LENGTH_UNIT ( ) NAMED_UNIT ( * ) SI_UNIT ( .MILLI., .METRE. ) );
#3022 = AXIS2_PLACEMENT_3D ( 'NONE', #836, #1293, #5801 ) ;
#3023 = CARTESIAN_POINT ( 'NONE',  ( -1.250000000000000000, -0.9999999999999995559, -0.3500000000000000333 ) ) ;
#3024 = ORIENTED_EDGE ( 'NONE', *, *, #3595, .F. ) ;
#3025 = VECTOR ( 'NONE', #2958, 1000.000000000000000 ) ;
#3026 = VERTEX_POINT ( 'NONE', #3934 ) ;
#3027 = ORIENTED_EDGE ( 'NONE', *, *, #5465, .T. ) ;
#3028 = VECTOR ( 'NONE', #2637, 1000.000000000000000 ) ;
#3029 = FILL_AREA_STYLE_COLOUR ( '', #1646 ) ;
#3030 = DIRECTION ( 'NONE',  ( 0.000000000000000000, -1.000000000000000000, 0.000000000000000000 ) ) ;
#3031 = CARTESIAN_POINT ( 'NONE',  ( -0.4750000000000001998, 9.574766761094697910E-17, -0.3500000000000000333 ) ) ;
#3032 = CARTESIAN_POINT ( 'NONE',  ( 0.8999999999999999112, 0.7900000000000001465, 0.5749999999999999556 ) ) ;
#3033 = EDGE_CURVE ( 'NONE', #758, #5977, #1446, .T. ) ;
#3034 = EDGE_CURVE ( 'NONE', #2042, #1851, #2103, .T. ) ;
#3035 = MECHANICAL_DESIGN_GEOMETRIC_PRESENTATION_REPRESENTATION (  '', ( #2 ), #2615 ) ;
#3036 = SURFACE_STYLE_USAGE ( .BOTH. , #2017 ) ;
#3037 = FILL_AREA_STYLE_COLOUR ( '', #2537 ) ;
#3038 = CARTESIAN_POINT ( 'NONE',  ( 1.099999999999999867, 0.6500000000000000222, 0.3750000000000000555 ) ) ;
#3039 = ADVANCED_FACE ( 'NONE', ( #1615 ), #6145, .T. ) ;
#3040 = EDGE_CURVE ( 'NONE', #6056, #2879, #1744, .T. ) ;
#3041 = LINE ( 'NONE', #3989, #5574 ) ;
#3042 = ORIENTED_EDGE ( 'NONE', *, *, #5892, .F. ) ;
#3043 =( NAMED_UNIT ( * ) PLANE_ANGLE_UNIT ( ) SI_UNIT ( $, .RADIAN. ) );
#3044 = CARTESIAN_POINT ( 'NONE',  ( 0.1402658989833518444, -1.000000000000000000, 0.3500000000000000333 ) ) ;
#3045 = FILL_AREA_STYLE ('',( #5172 ) ) ;
#3046 = PRESENTATION_LAYER_ASSIGNMENT (  '', '', ( #3380 ) ) ;
#3047 = CARTESIAN_POINT ( 'NONE',  ( 1.249999999999999778, 0.7774999999999999689, -0.3500000000000000333 ) ) ;
#3048 = CARTESIAN_POINT ( 'NONE',  ( 0.000000000000000000, 1.000000000000000000, -0.3500000000000000333 ) ) ;
#3049 = SURFACE_STYLE_FILL_AREA ( #3521 ) ;
#3050 =( NAMED_UNIT ( * ) SI_UNIT ( $, .STERADIAN. ) SOLID_ANGLE_UNIT ( ) );
#3051 = EDGE_LOOP ( 'NONE', ( #1439, #2860, #3342, #4978 ) ) ;
#3052 = VERTEX_POINT ( 'NONE', #3180 ) ;
#3053 = CIRCLE ( 'NONE', #5464, 0.02499999999999995628 ) ;
#3054 = SURFACE_STYLE_FILL_AREA ( #1132 ) ;
#3055 = PRESENTATION_STYLE_ASSIGNMENT (( #6121 ) ) ;
#3056 = SURFACE_STYLE_USAGE ( .BOTH. , #1168 ) ;
#3057 = DIRECTION ( 'NONE',  ( 0.000000000000000000, 0.000000000000000000, -1.000000000000000000 ) ) ;
#3058 = CIRCLE ( 'NONE', #3790, 0.1000000000000000472 ) ;
#3059 =( LENGTH_UNIT ( ) NAMED_UNIT ( * ) SI_UNIT ( .MILLI., .METRE. ) );
#3060 = CARTESIAN_POINT ( 'NONE',  ( 0.4749999999999999223, 0.3249999999999999001, -0.1500000000000000500 ) ) ;
#3061 = VECTOR ( 'NONE', #1530, 1000.000000000000000 ) ;
#3062 = ORIENTED_EDGE ( 'NONE', *, *, #1239, .T. ) ;
#3063 = CARTESIAN_POINT ( 'NONE',  ( 1.249999999999999778, 0.8499999999999999778, -0.1500000000000000500 ) ) ;
#3064 = SURFACE_SIDE_STYLE ('',( #1535 ) ) ;
#3065 = AXIS2_PLACEMENT_3D ( 'NONE', #1627, #6197, #3631 ) ;
#3066 = FILL_AREA_STYLE ('',( #1971 ) ) ;
#3067 = ADVANCED_FACE ( 'NONE', ( #2624 ), #4111, .T. ) ;
#3068 = EDGE_CURVE ( 'NONE', #1651, #1042, #4638, .T. ) ;
#3069 =( NAMED_UNIT ( * ) SI_UNIT ( $, .STERADIAN. ) SOLID_ANGLE_UNIT ( ) );
#3070 = CARTESIAN_POINT ( 'NONE',  ( -1.027499999999999636, 1.000000000000000000, -0.1500000000000000500 ) ) ;
#3071 = VECTOR ( 'NONE', #3476, 1000.000000000000000 ) ;
#3072 = PRESENTATION_STYLE_ASSIGNMENT (( #1006 ) ) ;
#3073 = ORIENTED_EDGE ( 'NONE', *, *, #5308, .F. ) ;
#3074 = COLOUR_RGB ( '',0.2862745098039215508, 0.2862745098039215508, 0.2862745098039215508 ) ;
#3075 =( NAMED_UNIT ( * ) SI_UNIT ( $, .STERADIAN. ) SOLID_ANGLE_UNIT ( ) );
#3076 = STYLED_ITEM ( 'NONE', ( #428 ), #4529 ) ;
#3077 = FILL_AREA_STYLE_COLOUR ( '', #2674 ) ;
#3078 = VECTOR ( 'NONE', #4130, 1000.000000000000000 ) ;
#3079 = EDGE_CURVE ( 'NONE', #2850, #2505, #2360, .T. ) ;
#3080 = DIRECTION ( 'NONE',  ( 0.000000000000000000, 0.000000000000000000, -1.000000000000000000 ) ) ;
#3081 = VECTOR ( 'NONE', #4626, 1000.000000000000000 ) ;
#3082 = UNCERTAINTY_MEASURE_WITH_UNIT (LENGTH_MEASURE( 1.000000000000000082E-05 ), #6028, 'distance_accuracy_value', 'NONE');
#3083 = DIRECTION ( 'NONE',  ( -1.000000000000000000, -2.241496626262163854E-14, 0.000000000000000000 ) ) ;
#3084 =( GEOMETRIC_REPRESENTATION_CONTEXT ( 3 ) GLOBAL_UNCERTAINTY_ASSIGNED_CONTEXT ( ( #4248 ) ) GLOBAL_UNIT_ASSIGNED_CONTEXT ( ( #3771, #3219, #1654 ) ) REPRESENTATION_CONTEXT ( 'NONE', 'WORKASPACE' ) );
#3085 = CARTESIAN_POINT ( 'NONE',  ( -0.9000000000000003553, -0.8750000000000000000, 0.3750000000000000555 ) ) ;
#3086 =( NAMED_UNIT ( * ) PLANE_ANGLE_UNIT ( ) SI_UNIT ( $, .RADIAN. ) );
#3087 =( GEOMETRIC_REPRESENTATION_CONTEXT ( 3 ) GLOBAL_UNCERTAINTY_ASSIGNED_CONTEXT ( ( #3617 ) ) GLOBAL_UNIT_ASSIGNED_CONTEXT ( ( #4889, #3107, #5019 ) ) REPRESENTATION_CONTEXT ( 'NONE', 'WORKASPACE' ) );
#3088 = ORIENTED_EDGE ( 'NONE', *, *, #2199, .T. ) ;
#3089 = CARTESIAN_POINT ( 'NONE',  ( -1.143933982822017636, 0.3249999999999999001, -0.3500000000000000333 ) ) ;
#3090 = ORIENTED_EDGE ( 'NONE', *, *, #4314, .F. ) ;
#3091 = VECTOR ( 'NONE', #5793, 1000.000000000000000 ) ;
#3092 = PRESENTATION_LAYER_ASSIGNMENT (  '', '', ( #5489 ) ) ;
#3093 = DIRECTION ( 'NONE',  ( 0.000000000000000000, 0.000000000000000000, -1.000000000000000000 ) ) ;
#3094 = ORIENTED_EDGE ( 'NONE', *, *, #289, .T. ) ;
#3095 = CARTESIAN_POINT ( 'NONE',  ( 5.018252680870375239E-16, 0.8939339828220185247, -0.1500000000000000500 ) ) ;
#3096 = LINE ( 'NONE', #5082, #3514 ) ;
#3097 = ORIENTED_EDGE ( 'NONE', *, *, #979, .T. ) ;
#3098 = MECHANICAL_DESIGN_GEOMETRIC_PRESENTATION_REPRESENTATION (  '', ( #2582 ), #4753 ) ;
#3099 = DIRECTION ( 'NONE',  ( 0.000000000000000000, 0.000000000000000000, -1.000000000000000000 ) ) ;
#3100 = LINE ( 'NONE', #4588, #3078 ) ;
#3101 = CARTESIAN_POINT ( 'NONE',  ( 0.000000000000000000, 1.000000000000000000, -0.1500000000000000500 ) ) ;
#3102 =( NAMED_UNIT ( * ) SI_UNIT ( $, .STERADIAN. ) SOLID_ANGLE_UNIT ( ) );
#3103 = COLOUR_RGB ( '',0.8627450980392157298, 0.6274509803921568540, 0.05882352941176470507 ) ;
#3104 = CIRCLE ( 'NONE', #5298, 0.02499999999999995628 ) ;
#3105 = SURFACE_STYLE_USAGE ( .BOTH. , #4138 ) ;
#3106 = COLOUR_RGB ( '',0.8627450980392157298, 0.6274509803921568540, 0.05882352941176470507 ) ;
#3107 =( NAMED_UNIT ( * ) PLANE_ANGLE_UNIT ( ) SI_UNIT ( $, .RADIAN. ) );
#3108 = LINE ( 'NONE', #5059, #1078 ) ;
#3109 = EDGE_CURVE ( 'NONE', #2794, #2685, #2665, .T. ) ;
#3110 = VERTEX_POINT ( 'NONE', #928 ) ;
#3111 = EDGE_CURVE ( 'NONE', #2849, #87, #955, .T. ) ;
#3112 = VECTOR ( 'NONE', #947, 1000.000000000000000 ) ;
#3113 =( NAMED_UNIT ( * ) PLANE_ANGLE_UNIT ( ) SI_UNIT ( $, .RADIAN. ) );
#3114 = DIRECTION ( 'NONE',  ( 1.000000000000000000, 0.000000000000000000, 0.000000000000000000 ) ) ;
#3115 =( GEOMETRIC_REPRESENTATION_CONTEXT ( 3 ) GLOBAL_UNCERTAINTY_ASSIGNED_CONTEXT ( ( #2752 ) ) GLOBAL_UNIT_ASSIGNED_CONTEXT ( ( #4583, #4161, #1124 ) ) REPRESENTATION_CONTEXT ( 'NONE', 'WORKASPACE' ) );
#3116 = MECHANICAL_DESIGN_GEOMETRIC_PRESENTATION_REPRESENTATION (  '', ( #4563 ), #1545 ) ;
#3117 = DIRECTION ( 'NONE',  ( -0.000000000000000000, -0.000000000000000000, -1.000000000000000000 ) ) ;
#3118 = LINE ( 'NONE', #4152, #375 ) ;
#3119 = LINE ( 'NONE', #5662, #5046 ) ;
#3120 = ORIENTED_EDGE ( 'NONE', *, *, #1745, .T. ) ;
#3121 = EDGE_CURVE ( 'NONE', #334, #3195, #4865, .T. ) ;
#3122 = PLANE ( 'NONE',  #960 ) ;
#3123 = VERTEX_POINT ( 'NONE', #3396 ) ;
#3124 = ORIENTED_EDGE ( 'NONE', *, *, #591, .F. ) ;
#3125 = SURFACE_SIDE_STYLE ('',( #3984 ) ) ;
#3126 = AXIS2_PLACEMENT_3D ( 'NONE', #1158, #3243, #6185 ) ;
#3127 = LINE ( 'NONE', #121, #6046 ) ;
#3128 = CARTESIAN_POINT ( 'NONE',  ( 1.249999999999999778, 0.000000000000000000, -0.1500000000000000500 ) ) ;
#3129 = ORIENTED_EDGE ( 'NONE', *, *, #1269, .F. ) ;
#3130 = CARTESIAN_POINT ( 'NONE',  ( 1.143933982822017859, -5.174114067996492916E-16, -0.1500000000000000500 ) ) ;
#3131 = CARTESIAN_POINT ( 'NONE',  ( -0.8150000000000002798, -0.5650000000000002798, 0.6400000000000000133 ) ) ;
#3132 = PRESENTATION_LAYER_ASSIGNMENT (  '', '', ( #2095 ) ) ;
#3133 = ORIENTED_EDGE ( 'NONE', *, *, #4506, .F. ) ;
#3134 = COLOUR_RGB ( '',0.8627450980392157298, 0.6274509803921568540, 0.05882352941176470507 ) ;
#3135 = DIRECTION ( 'NONE',  ( 0.000000000000000000, -1.000000000000000000, 0.000000000000000000 ) ) ;
#3136 = DIRECTION ( 'NONE',  ( -0.000000000000000000, -0.000000000000000000, 1.000000000000000000 ) ) ;
#3137 = UNCERTAINTY_MEASURE_WITH_UNIT (LENGTH_MEASURE( 1.000000000000000082E-05 ), #3734, 'distance_accuracy_value', 'NONE');
#3138 = CIRCLE ( 'NONE', #4288, 0.2250000000000000611 ) ;
#3139 = FACE_OUTER_BOUND ( 'NONE', #2689, .T. ) ;
#3140 = FILL_AREA_STYLE ('',( #5200 ) ) ;
#3141 = AXIS2_PLACEMENT_3D ( 'NONE', #3095, #96, #6089 ) ;
#3142 = DIRECTION ( 'NONE',  ( -0.000000000000000000, -0.000000000000000000, -1.000000000000000000 ) ) ;
#3143 = CARTESIAN_POINT ( 'NONE',  ( 0.8999999999999999112, 0.7900000000000001465, 0.6250000000000001110 ) ) ;
#3144 = EDGE_LOOP ( 'NONE', ( #3902, #4909, #276, #2389 ) ) ;
#3145 = CARTESIAN_POINT ( 'NONE',  ( -0.1402658989833522607, -0.9573281361468033435, 0.3500000000000000333 ) ) ;
#3146 = FILL_AREA_STYLE_COLOUR ( '', #1596 ) ;
#3147 = DIRECTION ( 'NONE',  ( 0.000000000000000000, 0.000000000000000000, 1.000000000000000000 ) ) ;
#3148 = ADVANCED_FACE ( 'NONE', ( #408 ), #6421, .T. ) ;
#3149 = SURFACE_SIDE_STYLE ('',( #4546 ) ) ;
#3150 = LINE ( 'NONE', #1249, #1344 ) ;
#3151 = SURFACE_STYLE_USAGE ( .BOTH. , #2105 ) ;
#3152 = EDGE_LOOP ( 'NONE', ( #6150, #2641, #2766, #4322 ) ) ;
#3153 = CARTESIAN_POINT ( 'NONE',  ( 1.249999999999997113, 3.738628180984502455E-15, -0.3500000000000000333 ) ) ;
#3154 = VERTEX_POINT ( 'NONE', #20 ) ;
#3155 = FILL_AREA_STYLE ('',( #5247 ) ) ;
#3156 = EDGE_CURVE ( 'NONE', #136, #5789, #1916, .T. ) ;
#3157 = EDGE_CURVE ( 'NONE', #5547, #503, #2697, .T. ) ;
#3158 = SURFACE_STYLE_FILL_AREA ( #5669 ) ;
#3159 = FACE_OUTER_BOUND ( 'NONE', #5106, .T. ) ;
#3160 = CARTESIAN_POINT ( 'NONE',  ( 1.143933982822017636, 0.8044079500593136478, -0.1500000000000000500 ) ) ;
#3161 = CARTESIAN_POINT ( 'NONE',  ( 1.249999999999999778, 0.000000000000000000, -0.1500000000000000500 ) ) ;
#3162 = SURFACE_SIDE_STYLE ('',( #1135 ) ) ;
#3163 = ORIENTED_EDGE ( 'NONE', *, *, #5479, .T. ) ;
#3164 =( NAMED_UNIT ( * ) SI_UNIT ( $, .STERADIAN. ) SOLID_ANGLE_UNIT ( ) );
#3165 = LINE ( 'NONE', #5555, #5673 ) ;
#3166 =( NAMED_UNIT ( * ) PLANE_ANGLE_UNIT ( ) SI_UNIT ( $, .RADIAN. ) );
#3167 =( NAMED_UNIT ( * ) SI_UNIT ( $, .STERADIAN. ) SOLID_ANGLE_UNIT ( ) );
#3168 = ORIENTED_EDGE ( 'NONE', *, *, #3862, .T. ) ;
#3169 = DIRECTION ( 'NONE',  ( -1.000000000000000000, 0.000000000000000000, 0.000000000000000000 ) ) ;
#3170 = DIRECTION ( 'NONE',  ( 2.990902544787567727E-15, 1.000000000000000000, 0.000000000000000000 ) ) ;
#3171 = CLOSED_SHELL ( 'NONE', ( #4468, #1205, #5063, #4893, #825, #4082, #4124, #214, #3559, #5653, #782, #5352, #5817, #5925, #1475, #4742, #6213, #3317, #2522, #345, #827, #3357, #2169, #3519, #2424, #2844, #279, #548, #6097 ) ) ;
#3172 = FACE_OUTER_BOUND ( 'NONE', #2206, .T. ) ;
#3173 = CARTESIAN_POINT ( 'NONE',  ( -0.4749999999999998113, -0.8939339828220185247, -0.1500000000000000500 ) ) ;
#3174 = VECTOR ( 'NONE', #3539, 1000.000000000000000 ) ;
#3175 = PRESENTATION_LAYER_ASSIGNMENT (  '', '', ( #5566 ) ) ;
#3176 = CARTESIAN_POINT ( 'NONE',  ( 0.8999999999999999112, 0.7900000000000001465, 0.6500000000000001332 ) ) ;
#3177 = MECHANICAL_DESIGN_GEOMETRIC_PRESENTATION_REPRESENTATION (  '', ( #145 ), #667 ) ;
#3178 = MECHANICAL_DESIGN_GEOMETRIC_PRESENTATION_REPRESENTATION (  '', ( #670 ), #149 ) ;
#3179 = DIRECTION ( 'NONE',  ( -1.000000000000000000, 2.990902544787586660E-15, 0.000000000000000000 ) ) ;
#3180 = CARTESIAN_POINT ( 'NONE',  ( -0.9000000000000003553, -0.8500000000000000888, 0.5500000000000000444 ) ) ;
#3181 = CARTESIAN_POINT ( 'NONE',  ( 1.143933982822017414, -0.8044079500593137588, -0.3500000000000000333 ) ) ;
#3182 = VECTOR ( 'NONE', #5646, 1000.000000000000000 ) ;
#3183 = FILL_AREA_STYLE ('',( #5209 ) ) ;
#3184 = PRESENTATION_LAYER_ASSIGNMENT (  '', '', ( #5166 ) ) ;
#3185 = SURFACE_SIDE_STYLE ('',( #1618 ) ) ;
#3186 = ORIENTED_EDGE ( 'NONE', *, *, #3557, .F. ) ;
#3187 = CARTESIAN_POINT ( 'NONE',  ( 1.143933982822017636, 0.3249999999999999001, -0.1500000000000000500 ) ) ;
#3188 = ORIENTED_EDGE ( 'NONE', *, *, #5055, .F. ) ;
#3189 = VERTEX_POINT ( 'NONE', #1491 ) ;
#3190 = MECHANICAL_DESIGN_GEOMETRIC_PRESENTATION_REPRESENTATION (  '', ( #2347 ), #1717 ) ;
#3191 =( NAMED_UNIT ( * ) SI_UNIT ( $, .STERADIAN. ) SOLID_ANGLE_UNIT ( ) );
#3192 =( GEOMETRIC_REPRESENTATION_CONTEXT ( 3 ) GLOBAL_UNCERTAINTY_ASSIGNED_CONTEXT ( ( #599 ) ) GLOBAL_UNIT_ASSIGNED_CONTEXT ( ( #5905, #1435, #3513 ) ) REPRESENTATION_CONTEXT ( 'NONE', 'WORKASPACE' ) );
#3193 = EDGE_CURVE ( 'NONE', #6010, #3352, #4551, .T. ) ;
#3194 = CARTESIAN_POINT ( 'NONE',  ( -1.249999999999999778, 1.000000000000000000, -0.1500000000000000500 ) ) ;
#3195 = VERTEX_POINT ( 'NONE', #3500 ) ;
#3196 = VECTOR ( 'NONE', #4253, 1000.000000000000000 ) ;
#3197 = AXIS2_PLACEMENT_3D ( 'NONE', #3745, #2362, #5913 ) ;
#3198 = EDGE_CURVE ( 'NONE', #3419, #971, #3464, .T. ) ;
#3199 = VERTEX_POINT ( 'NONE', #5389 ) ;
#3200 = CYLINDRICAL_SURFACE ( 'NONE', #5144, 0.1499999999999999667 ) ;
#3201 = UNCERTAINTY_MEASURE_WITH_UNIT (LENGTH_MEASURE( 1.000000000000000082E-05 ), #1863, 'distance_accuracy_value', 'NONE');
#3202 = SURFACE_SIDE_STYLE ('',( #5125 ) ) ;
#3203 = FILL_AREA_STYLE_COLOUR ( '', #6204 ) ;
#3204 = FILL_AREA_STYLE_COLOUR ( '', #4030 ) ;
#3205 = EDGE_CURVE ( 'NONE', #5481, #4770, #2897, .T. ) ;
#3206 = VECTOR ( 'NONE', #5927, 1000.000000000000000 ) ;
#3207 = DIRECTION ( 'NONE',  ( 0.000000000000000000, 0.000000000000000000, -1.000000000000000000 ) ) ;
#3208 = UNCERTAINTY_MEASURE_WITH_UNIT (LENGTH_MEASURE( 1.000000000000000082E-05 ), #5348, 'distance_accuracy_value', 'NONE');
#3209 = AXIS2_PLACEMENT_3D ( 'NONE', #6148, #3621, #4044 ) ;
#3210 = CARTESIAN_POINT ( 'NONE',  ( 0.000000000000000000, 0.3249999999999999001, -0.1500000000000000500 ) ) ;
#3211 = SURFACE_STYLE_FILL_AREA ( #2660 ) ;
#3212 = CARTESIAN_POINT ( 'NONE',  ( -1.054407950059313093, 0.8939339828220179696, -0.3500000000000000333 ) ) ;
#3213 = STYLED_ITEM ( 'NONE', ( #982 ), #1556 ) ;
#3214 = CIRCLE ( 'NONE', #5624, 0.2225000000000000311 ) ;
#3215 = ORIENTED_EDGE ( 'NONE', *, *, #3828, .T. ) ;
#3216 = ORIENTED_EDGE ( 'NONE', *, *, #3997, .T. ) ;
#3217 = CARTESIAN_POINT ( 'NONE',  ( -1.250000000000000222, -0.7775000000000001910, -0.3500000000000000333 ) ) ;
#3218 = ORIENTED_EDGE ( 'NONE', *, *, #6463, .F. ) ;
#3219 =( NAMED_UNIT ( * ) PLANE_ANGLE_UNIT ( ) SI_UNIT ( $, .RADIAN. ) );
#3220 = DIRECTION ( 'NONE',  ( 0.000000000000000000, 0.000000000000000000, -1.000000000000000000 ) ) ;
#3221 = SURFACE_STYLE_FILL_AREA ( #4211 ) ;
#3222 = FILL_AREA_STYLE ('',( #2246 ) ) ;
#3223 = SURFACE_STYLE_FILL_AREA ( #1846 ) ;
#3224 = AXIS2_PLACEMENT_3D ( 'NONE', #5928, #3501, #5493 ) ;
#3225 = LINE ( 'NONE', #3128, #1504 ) ;
#3226 = EDGE_LOOP ( 'NONE', ( #1487, #3042, #184, #4181 ) ) ;
#3227 = CARTESIAN_POINT ( 'NONE',  ( -0.9000000000000003553, -0.6500000000000001332, 0.5500000000000000444 ) ) ;
#3228 = VERTEX_POINT ( 'NONE', #3531 ) ;
#3229 =( LENGTH_UNIT ( ) NAMED_UNIT ( * ) SI_UNIT ( .MILLI., .METRE. ) );
#3230 = FILL_AREA_STYLE ('',( #1634 ) ) ;
#3231 = PRESENTATION_STYLE_ASSIGNMENT (( #5193 ) ) ;
#3232 = PRESENTATION_LAYER_ASSIGNMENT (  '', '', ( #5426 ) ) ;
#3233 = CARTESIAN_POINT ( 'NONE',  ( -1.125000000000000444, -0.6500000000000000222, 0.3500000000000000333 ) ) ;
#3234 = CARTESIAN_POINT ( 'NONE',  ( 0.1402658989833518444, 1.000000000000000000, 0.3500000000000000333 ) ) ;
#3235 = SURFACE_STYLE_USAGE ( .BOTH. , #322 ) ;
#3236 = PRESENTATION_LAYER_ASSIGNMENT (  '', '', ( #6283 ) ) ;
#3237 = EDGE_CURVE ( 'NONE', #4861, #3693, #4876, .T. ) ;
#3238 = EDGE_CURVE ( 'NONE', #4046, #3154, #4399, .T. ) ;
#3239 = DIRECTION ( 'NONE',  ( 1.000000000000000000, 0.000000000000000000, 0.000000000000000000 ) ) ;
#3240 = PRESENTATION_LAYER_ASSIGNMENT (  '', '', ( #521 ) ) ;
#3241 =( NAMED_UNIT ( * ) SI_UNIT ( $, .STERADIAN. ) SOLID_ANGLE_UNIT ( ) );
#3242 = CIRCLE ( 'NONE', #2618, 0.1499999999999999667 ) ;
#3243 = DIRECTION ( 'NONE',  ( -1.000000000000000000, 9.528365374728188113E-17, 0.000000000000000000 ) ) ;
#3244 = ORIENTED_EDGE ( 'NONE', *, *, #1476, .F. ) ;
#3245 = EDGE_LOOP ( 'NONE', ( #1572, #3215, #5420, #3906 ) ) ;
#3246 = CARTESIAN_POINT ( 'NONE',  ( -1.100000000000000311, 0.8500000000000000888, 0.5500000000000000444 ) ) ;
#3247 = VERTEX_POINT ( 'NONE', #3160 ) ;
#3248 = DIRECTION ( 'NONE',  ( 1.000000000000000000, 0.000000000000000000, 0.000000000000000000 ) ) ;
#3249 = CARTESIAN_POINT ( 'NONE',  ( 0.4749999999999998668, -0.3250000000000000111, -0.1500000000000000500 ) ) ;
#3250 = DIRECTION ( 'NONE',  ( -1.000000000000000000, 0.000000000000000000, 0.000000000000000000 ) ) ;
#3251 = ORIENTED_EDGE ( 'NONE', *, *, #5398, .F. ) ;
#3252 = CARTESIAN_POINT ( 'NONE',  ( 0.000000000000000000, 0.3249999999999999001, -0.1500000000000000500 ) ) ;
#3253 = UNCERTAINTY_MEASURE_WITH_UNIT (LENGTH_MEASURE( 1.000000000000000082E-05 ), #4452, 'distance_accuracy_value', 'NONE');
#3254 = CARTESIAN_POINT ( 'NONE',  ( -0.4749999999999999223, -4.525973552995888183E-17, -0.1500000000000000500 ) ) ;
#3255 = VERTEX_POINT ( 'NONE', #3553 ) ;
#3256 = AXIS2_PLACEMENT_3D ( 'NONE', #4568, #212, #5169 ) ;
#3257 = DIRECTION ( 'NONE',  ( 0.000000000000000000, 0.000000000000000000, -1.000000000000000000 ) ) ;
#3258 = ORIENTED_EDGE ( 'NONE', *, *, #5317, .F. ) ;
#3259 = MECHANICAL_DESIGN_GEOMETRIC_PRESENTATION_REPRESENTATION (  '', ( #1379 ), #2947 ) ;
#3260 = STYLED_ITEM ( 'NONE', ( #5404 ), #2522 ) ;
#3261 = CARTESIAN_POINT ( 'NONE',  ( 1.027499999999999414, -1.000000000000000000, -0.1500000000000000500 ) ) ;
#3262 = COLOUR_RGB ( '',0.2862745098039215508, 0.2862745098039215508, 0.2862745098039215508 ) ;
#3263 = PRESENTATION_LAYER_ASSIGNMENT (  '', '', ( #3589 ) ) ;
#3264 = EDGE_CURVE ( 'NONE', #197, #5557, #2988, .T. ) ;
#3265 = EDGE_CURVE ( 'NONE', #5877, #1784, #1096, .T. ) ;
#3266 = MECHANICAL_DESIGN_GEOMETRIC_PRESENTATION_REPRESENTATION (  '', ( #3386 ), #3593 ) ;
#3267 = SURFACE_STYLE_FILL_AREA ( #5776 ) ;
#3268 = CIRCLE ( 'NONE', #4813, 0.2225000000000000311 ) ;
#3269 = DIRECTION ( 'NONE',  ( -9.528365374728186880E-17, -1.000000000000000000, 0.000000000000000000 ) ) ;
#3270 =( NAMED_UNIT ( * ) PLANE_ANGLE_UNIT ( ) SI_UNIT ( $, .RADIAN. ) );
#3271 = ORIENTED_EDGE ( 'NONE', *, *, #313, .T. ) ;
#3272 = PRESENTATION_LAYER_ASSIGNMENT (  '', '', ( #1707 ) ) ;
#3273 =( LENGTH_UNIT ( ) NAMED_UNIT ( * ) SI_UNIT ( .MILLI., .METRE. ) );
#3274 = ORIENTED_EDGE ( 'NONE', *, *, #1109, .F. ) ;
#3275 = SURFACE_STYLE_USAGE ( .BOTH. , #5331 ) ;
#3276 = EDGE_CURVE ( 'NONE', #2106, #4239, #3127, .T. ) ;
#3277 = FACE_OUTER_BOUND ( 'NONE', #2622, .T. ) ;
#3278 = VERTEX_POINT ( 'NONE', #6084 ) ;
#3279 = FACE_OUTER_BOUND ( 'NONE', #176, .T. ) ;
#3280 = PRESENTATION_LAYER_ASSIGNMENT (  '', '', ( #2341 ) ) ;
#3281 = DIRECTION ( 'NONE',  ( -0.000000000000000000, -0.000000000000000000, 1.000000000000000000 ) ) ;
#3282 =( NAMED_UNIT ( * ) SI_UNIT ( $, .STERADIAN. ) SOLID_ANGLE_UNIT ( ) );
#3283 = VERTEX_POINT ( 'NONE', #1558 ) ;
#3284 = LINE ( 'NONE', #5286, #3025 ) ;
#3285 =( LENGTH_UNIT ( ) NAMED_UNIT ( * ) SI_UNIT ( .MILLI., .METRE. ) );
#3286 = STYLED_ITEM ( 'NONE', ( #778 ), #3866 ) ;
#3287 = ORIENTED_EDGE ( 'NONE', *, *, #4205, .F. ) ;
#3288 = MECHANICAL_DESIGN_GEOMETRIC_PRESENTATION_REPRESENTATION (  '', ( #170 ), #5278 ) ;
#3289 = CIRCLE ( 'NONE', #1629, 0.1999999999999999833 ) ;
#3290 = LINE ( 'NONE', #291, #3196 ) ;
#3291 = CARTESIAN_POINT ( 'NONE',  ( -1.250000000000000222, 1.000000000000000000, -0.1500000000000000500 ) ) ;
#3292 = COLOUR_RGB ( '',0.8627450980392157298, 0.6274509803921568540, 0.05882352941176470507 ) ;
#3293 = ORIENTED_EDGE ( 'NONE', *, *, #1157, .F. ) ;
#3294 = CIRCLE ( 'NONE', #2788, 0.2225000000000000311 ) ;
#3295 = VECTOR ( 'NONE', #1575, 1000.000000000000000 ) ;
#3296 = PLANE ( 'NONE',  #728 ) ;
#3297 =( NAMED_UNIT ( * ) SI_UNIT ( $, .STERADIAN. ) SOLID_ANGLE_UNIT ( ) );
#3298 = DIRECTION ( 'NONE',  ( 1.000000000000000000, -5.613672572362096360E-16, 0.000000000000000000 ) ) ;
#3299 = FILL_AREA_STYLE ('',( #4644 ) ) ;
#3300 = AXIS2_PLACEMENT_3D ( 'NONE', #2725, #4697, #235 ) ;
#3301 = CARTESIAN_POINT ( 'NONE',  ( 1.014999999999999902, 0.6499999999999999112, 0.6250000000000001110 ) ) ;
#3302 = MECHANICAL_DESIGN_GEOMETRIC_PRESENTATION_REPRESENTATION (  '', ( #3416 ), #588 ) ;
#3303 = CARTESIAN_POINT ( 'NONE',  ( 0.000000000000000000, 0.3249999999999999001, -0.1500000000000000500 ) ) ;
#3304 = EDGE_CURVE ( 'NONE', #566, #892, #2147, .T. ) ;
#3305 = SURFACE_STYLE_FILL_AREA ( #3506 ) ;
#3306 = EDGE_CURVE ( 'NONE', #5961, #3728, #5730, .T. ) ;
#3307 = EDGE_LOOP ( 'NONE', ( #2405, #6342, #3632, #4744, #99, #4411 ) ) ;
#3308 = SURFACE_STYLE_FILL_AREA ( #1271 ) ;
#3309 = ORIENTED_EDGE ( 'NONE', *, *, #3447, .T. ) ;
#3310 = DIRECTION ( 'NONE',  ( 1.000000000000000000, 0.000000000000000000, 0.000000000000000000 ) ) ;
#3311 =( LENGTH_UNIT ( ) NAMED_UNIT ( * ) SI_UNIT ( .MILLI., .METRE. ) );
#3312 = ORIENTED_EDGE ( 'NONE', *, *, #2345, .F. ) ;
#3313 = PRESENTATION_STYLE_ASSIGNMENT (( #5821 ) ) ;
#3314 = DIRECTION ( 'NONE',  ( 0.000000000000000000, 0.000000000000000000, -1.000000000000000000 ) ) ;
#3315 = EDGE_CURVE ( 'NONE', #2212, #1356, #5400, .T. ) ;
#3316 = SURFACE_STYLE_FILL_AREA ( #1317 ) ;
#3317 = ADVANCED_FACE ( 'NONE', ( #4122 ), #4554, .T. ) ;
#3318 = CARTESIAN_POINT ( 'NONE',  ( -1.054407950059313093, -0.8939339828220181916, -0.1500000000000000500 ) ) ;
#3319 = CARTESIAN_POINT ( 'NONE',  ( -1.065000000000000391, -0.6499999999999999112, 0.5749999999999999556 ) ) ;
#3320 = VERTEX_POINT ( 'NONE', #4582 ) ;
#3321 = CARTESIAN_POINT ( 'NONE',  ( 1.249999999999999778, 1.000000000000000000, -0.1500000000000000500 ) ) ;
#3322 = EDGE_LOOP ( 'NONE', ( #2927, #6352, #501, #5071 ) ) ;
#3323 = UNCERTAINTY_MEASURE_WITH_UNIT (LENGTH_MEASURE( 1.000000000000000082E-05 ), #3311, 'distance_accuracy_value', 'NONE');
#3324 = AXIS2_PLACEMENT_3D ( 'NONE', #848, #5416, #3970 ) ;
#3325 = PLANE ( 'NONE',  #474 ) ;
#3326 = ORIENTED_EDGE ( 'NONE', *, *, #4700, .F. ) ;
#3327 = STYLED_ITEM ( 'NONE', ( #5633 ), #5233 ) ;
#3328 =( GEOMETRIC_REPRESENTATION_CONTEXT ( 3 ) GLOBAL_UNCERTAINTY_ASSIGNED_CONTEXT ( ( #1974 ) ) GLOBAL_UNIT_ASSIGNED_CONTEXT ( ( #1963, #6497, #963 ) ) REPRESENTATION_CONTEXT ( 'NONE', 'WORKASPACE' ) );
#3329 = CYLINDRICAL_SURFACE ( 'NONE', #5904, 0.1000000000000000472 ) ;
#3330 = ORIENTED_EDGE ( 'NONE', *, *, #2081, .T. ) ;
#3331 = VECTOR ( 'NONE', #3971, 1000.000000000000000 ) ;
#3332 = DIRECTION ( 'NONE',  ( 0.000000000000000000, 0.000000000000000000, 1.000000000000000000 ) ) ;
#3333 = CARTESIAN_POINT ( 'NONE',  ( -1.143933982822017636, 0.3249999999999999001, -0.1500000000000000500 ) ) ;
#3334 = UNCERTAINTY_MEASURE_WITH_UNIT (LENGTH_MEASURE( 1.000000000000000082E-05 ), #6019, 'distance_accuracy_value', 'NONE');
#3335 = COLOUR_RGB ( '',0.2862745098039215508, 0.2862745098039215508, 0.2862745098039215508 ) ;
#3336 = FILL_AREA_STYLE ('',( #1465 ) ) ;
#3337 = SURFACE_SIDE_STYLE ('',( #6337 ) ) ;
#3338 = DIRECTION ( 'NONE',  ( -0.7071067811865487940, -0.7071067811865462405, -0.000000000000000000 ) ) ;
#3339 = STYLED_ITEM ( 'NONE', ( #5415 ), #5857 ) ;
#3340 = VERTEX_POINT ( 'NONE', #2578 ) ;
#3341 = SURFACE_STYLE_FILL_AREA ( #1342 ) ;
#3342 = ORIENTED_EDGE ( 'NONE', *, *, #3276, .F. ) ;
#3343 =( LENGTH_UNIT ( ) NAMED_UNIT ( * ) SI_UNIT ( .MILLI., .METRE. ) );
#3344 = FILL_AREA_STYLE_COLOUR ( '', #4430 ) ;
#3345 = DIRECTION ( 'NONE',  ( -0.000000000000000000, -0.000000000000000000, 1.000000000000000000 ) ) ;
#3346 = ORIENTED_EDGE ( 'NONE', *, *, #166, .T. ) ;
#3347 = MECHANICAL_DESIGN_GEOMETRIC_PRESENTATION_REPRESENTATION (  '', ( #1675 ), #5326 ) ;
#3348 = LINE ( 'NONE', #1381, #2404 ) ;
#3349 =( LENGTH_UNIT ( ) NAMED_UNIT ( * ) SI_UNIT ( .MILLI., .METRE. ) );
#3350 = DIRECTION ( 'NONE',  ( 5.613672572362096360E-16, -1.000000000000000000, 0.000000000000000000 ) ) ;
#3351 = FILL_AREA_STYLE_COLOUR ( '', #4627 ) ;
#3352 = VERTEX_POINT ( 'NONE', #1657 ) ;
#3353 = DIRECTION ( 'NONE',  ( 0.000000000000000000, -1.000000000000000000, 0.000000000000000000 ) ) ;
#3354 = CARTESIAN_POINT ( 'NONE',  ( -1.143933982822017859, -5.174114067996492916E-16, -0.3500000000000000333 ) ) ;
#3355 = EDGE_CURVE ( 'NONE', #925, #3875, #5146, .T. ) ;
#3357 = ADVANCED_FACE ( 'NONE', ( #674 ), #2478, .T. ) ;
#3356 = ORIENTED_EDGE ( 'NONE', *, *, #4541, .F. ) ;
#3358 =( NAMED_UNIT ( * ) PLANE_ANGLE_UNIT ( ) SI_UNIT ( $, .RADIAN. ) );
#3359 = DIRECTION ( 'NONE',  ( 0.000000000000000000, -0.000000000000000000, 1.000000000000000000 ) ) ;
#3360 = FACE_OUTER_BOUND ( 'NONE', #4488, .T. ) ;
#3361 = DIRECTION ( 'NONE',  ( 0.000000000000000000, 0.000000000000000000, 1.000000000000000000 ) ) ;
#3362 =( NAMED_UNIT ( * ) SI_UNIT ( $, .STERADIAN. ) SOLID_ANGLE_UNIT ( ) );
#3363 = ORIENTED_EDGE ( 'NONE', *, *, #244, .T. ) ;
#3365 = EDGE_CURVE ( 'NONE', #5977, #1738, #3214, .T. ) ;
#3364 = FILL_AREA_STYLE_COLOUR ( '', #2545 ) ;
#3366 = PRESENTATION_STYLE_ASSIGNMENT (( #5770 ) ) ;
#3367 = COLOUR_RGB ( '',0.8627450980392157298, 0.6274509803921568540, 0.05882352941176470507 ) ;
#3368 =( LENGTH_UNIT ( ) NAMED_UNIT ( * ) SI_UNIT ( .MILLI., .METRE. ) );
#3369 = CARTESIAN_POINT ( 'NONE',  ( 0.000000000000000000, 0.3249999999999999001, -0.1500000000000000500 ) ) ;
#3370 = AXIS2_PLACEMENT_3D ( 'NONE', #3252, #228, #677 ) ;
#3371 = DIRECTION ( 'NONE',  ( 0.000000000000000000, 0.000000000000000000, 1.000000000000000000 ) ) ;
#3372 = DIRECTION ( 'NONE',  ( 0.000000000000000000, 0.000000000000000000, -1.000000000000000000 ) ) ;
#3373 = CLOSED_SHELL ( 'NONE', ( #862, #5273, #2245, #5665 ) ) ;
#3374 = FACE_OUTER_BOUND ( 'NONE', #5957, .T. ) ;
#3375 = ORIENTED_EDGE ( 'NONE', *, *, #4087, .F. ) ;
#3376 =( LENGTH_UNIT ( ) NAMED_UNIT ( * ) SI_UNIT ( .MILLI., .METRE. ) );
#3377 = MECHANICAL_DESIGN_GEOMETRIC_PRESENTATION_REPRESENTATION (  '', ( #4719 ), #5895 ) ;
#3378 = DIRECTION ( 'NONE',  ( -1.000000000000000000, 0.000000000000000000, 0.000000000000000000 ) ) ;
#3379 = DIRECTION ( 'NONE',  ( 0.000000000000000000, 0.000000000000000000, -1.000000000000000000 ) ) ;
#3380 = STYLED_ITEM ( 'NONE', ( #4412 ), #2235 ) ;
#3381 = ORIENTED_EDGE ( 'NONE', *, *, #1029, .T. ) ;
#3382 = CARTESIAN_POINT ( 'NONE',  ( 1.099999999999999867, -0.6500000000000001332, 0.5500000000000000444 ) ) ;
#3383 = CYLINDRICAL_SURFACE ( 'NONE', #4980, 0.1000000000000000056 ) ;
#3384 = DIRECTION ( 'NONE',  ( -0.000000000000000000, -0.000000000000000000, -1.000000000000000000 ) ) ;
#3385 = DIRECTION ( 'NONE',  ( -1.000000000000000000, -2.631322126481670680E-14, 0.000000000000000000 ) ) ;
#3386 = STYLED_ITEM ( 'NONE', ( #5527 ), #548 ) ;
#3387 = DIRECTION ( 'NONE',  ( 0.000000000000000000, 1.000000000000000000, 0.000000000000000000 ) ) ;
#3388 =( NAMED_UNIT ( * ) SI_UNIT ( $, .STERADIAN. ) SOLID_ANGLE_UNIT ( ) );
#3389 = ORIENTED_EDGE ( 'NONE', *, *, #519, .T. ) ;
#3390 = COLOUR_RGB ( '',0.8039215686274510109, 0.8039215686274510109, 0.8039215686274510109 ) ;
#3391 = ORIENTED_EDGE ( 'NONE', *, *, #2199, .F. ) ;
#3392 = AXIS2_PLACEMENT_3D ( 'NONE', #1049, #1678, #2177 ) ;
#3393 = EDGE_CURVE ( 'NONE', #4567, #4597, #2775, .T. ) ;
#3394 = STYLED_ITEM ( 'NONE', ( #1471 ), #6371 ) ;
#3395 = PRESENTATION_STYLE_ASSIGNMENT (( #6049 ) ) ;
#3396 = CARTESIAN_POINT ( 'NONE',  ( -1.250000000000000222, -0.8499999999999999778, -0.1500000000000000500 ) ) ;
#3397 = DIRECTION ( 'NONE',  ( 1.000000000000000000, 0.000000000000000000, 0.000000000000000000 ) ) ;
#3398 = PRESENTATION_LAYER_ASSIGNMENT (  '', '', ( #4824 ) ) ;
#3399 = EDGE_CURVE ( 'NONE', #3660, #3154, #6469, .T. ) ;
#3400 = ORIENTED_EDGE ( 'NONE', *, *, #6090, .F. ) ;
#3401 =( GEOMETRIC_REPRESENTATION_CONTEXT ( 3 ) GLOBAL_UNCERTAINTY_ASSIGNED_CONTEXT ( ( #3253 ) ) GLOBAL_UNIT_ASSIGNED_CONTEXT ( ( #4452, #3661, #4679 ) ) REPRESENTATION_CONTEXT ( 'NONE', 'WORKASPACE' ) );
#3402 = VECTOR ( 'NONE', #959, 1000.000000000000000 ) ;
#3403 = STYLED_ITEM ( 'NONE', ( #2124 ), #1066 ) ;
#3404 = FACE_OUTER_BOUND ( 'NONE', #5290, .T. ) ;
#3405 = COLOUR_RGB ( '',0.8627450980392157298, 0.6274509803921568540, 0.05882352941176470507 ) ;
#3406 = STYLED_ITEM ( 'NONE', ( #4517 ), #3998 ) ;
#3407 =( NAMED_UNIT ( * ) SI_UNIT ( $, .STERADIAN. ) SOLID_ANGLE_UNIT ( ) );
#3408 = EDGE_CURVE ( 'NONE', #503, #5557, #5827, .T. ) ;
#3409 = CARTESIAN_POINT ( 'NONE',  ( -0.1402658989833522607, 0.9573281361468033435, -0.3500000000000000333 ) ) ;
#3410 = DIRECTION ( 'NONE',  ( 0.000000000000000000, 1.000000000000000000, -0.000000000000000000 ) ) ;
#3411 = PRESENTATION_LAYER_ASSIGNMENT (  '', '', ( #3505 ) ) ;
#3412 = CARTESIAN_POINT ( 'NONE',  ( -1.065000000000000391, 0.000000000000000000, 0.5500000000000000444 ) ) ;
#3413 = DIRECTION ( 'NONE',  ( -4.523087997816324217E-16, 1.000000000000000000, 0.000000000000000000 ) ) ;
#3414 = ORIENTED_EDGE ( 'NONE', *, *, #4580, .T. ) ;
#3415 = ORIENTED_EDGE ( 'NONE', *, *, #5266, .T. ) ;
#3416 = STYLED_ITEM ( 'NONE', ( #3055 ), #3317 ) ;
#3417 =( NAMED_UNIT ( * ) SI_UNIT ( $, .STERADIAN. ) SOLID_ANGLE_UNIT ( ) );
#3418 = DIRECTION ( 'NONE',  ( 0.000000000000000000, -0.000000000000000000, 1.000000000000000000 ) ) ;
#3419 = VERTEX_POINT ( 'NONE', #5251 ) ;
#3420 = LINE ( 'NONE', #2884, #5393 ) ;
#3421 = DIRECTION ( 'NONE',  ( 0.000000000000000000, 1.000000000000000000, 0.000000000000000000 ) ) ;
#3422 = FILL_AREA_STYLE ('',( #5855 ) ) ;
#3423 = LINE ( 'NONE', #1975, #4175 ) ;
#3424 = LINE ( 'NONE', #5336, #5538 ) ;
#3425 = VECTOR ( 'NONE', #6447, 1000.000000000000000 ) ;
#3426 = SURFACE_STYLE_FILL_AREA ( #6486 ) ;
#3427 = SURFACE_STYLE_FILL_AREA ( #2986 ) ;
#3428 = ORIENTED_EDGE ( 'NONE', *, *, #1427, .T. ) ;
#3429 =( NAMED_UNIT ( * ) SI_UNIT ( $, .STERADIAN. ) SOLID_ANGLE_UNIT ( ) );
#3430 = DIRECTION ( 'NONE',  ( -1.000000000000000000, 0.000000000000000000, -0.000000000000000000 ) ) ;
#3431 = VERTEX_POINT ( 'NONE', #4683 ) ;
#3432 = AXIS2_PLACEMENT_3D ( 'NONE', #3750, #3350, #332 ) ;
#3433 = CARTESIAN_POINT ( 'NONE',  ( 0.000000000000000000, 0.3249999999999999001, -0.1500000000000000500 ) ) ;
#3434 = FILL_AREA_STYLE ('',( #2372 ) ) ;
#3435 = DIRECTION ( 'NONE',  ( 1.000000000000000000, 0.000000000000000000, 0.000000000000000000 ) ) ;
#3436 = CIRCLE ( 'NONE', #709, 0.2225000000000002531 ) ;
#3437 = ORIENTED_EDGE ( 'NONE', *, *, #5775, .F. ) ;
#3438 =( LENGTH_UNIT ( ) NAMED_UNIT ( * ) SI_UNIT ( .MILLI., .METRE. ) );
#3439 = STYLED_ITEM ( 'NONE', ( #4185 ), #5234 ) ;
#3440 = SURFACE_STYLE_USAGE ( .BOTH. , #5453 ) ;
#3441 = MECHANICAL_DESIGN_GEOMETRIC_PRESENTATION_REPRESENTATION (  '', ( #6490 ), #6368 ) ;
#3442 = CARTESIAN_POINT ( 'NONE',  ( -1.027499999999999636, 1.000000000000000000, -0.3500000000000000333 ) ) ;
#3443 = LINE ( 'NONE', #449, #4327 ) ;
#3444 = AXIS2_PLACEMENT_3D ( 'NONE', #1941, #4827, #3805 ) ;
#3445 = MECHANICAL_DESIGN_GEOMETRIC_PRESENTATION_REPRESENTATION (  '', ( #2380 ), #4471 ) ;
#3446 = EDGE_CURVE ( 'NONE', #5306, #1272, #2804, .T. ) ;
#3447 = EDGE_CURVE ( 'NONE', #1702, #6385, #1537, .T. ) ;
#3448 = SURFACE_STYLE_USAGE ( .BOTH. , #3475 ) ;
#3449 = CIRCLE ( 'NONE', #622, 0.1000000000000000472 ) ;
#3450 =( NAMED_UNIT ( * ) SI_UNIT ( $, .STERADIAN. ) SOLID_ANGLE_UNIT ( ) );
#3451 = DIRECTION ( 'NONE',  ( -1.000000000000000000, 0.000000000000000000, 0.000000000000000000 ) ) ;
#3452 = VERTEX_POINT ( 'NONE', #2329 ) ;
#3453 = SURFACE_SIDE_STYLE ('',( #458 ) ) ;
#3454 = DIRECTION ( 'NONE',  ( 1.000000000000000000, 0.000000000000000000, 0.000000000000000000 ) ) ;
#3455 = FILL_AREA_STYLE_COLOUR ( '', #5227 ) ;
#3456 = VECTOR ( 'NONE', #5884, 1000.000000000000000 ) ;
#3457 = DIRECTION ( 'NONE',  ( -1.000000000000000000, -5.613672572362096360E-16, 0.000000000000000000 ) ) ;
#3458 = SURFACE_STYLE_USAGE ( .BOTH. , #6381 ) ;
#3459 =( NAMED_UNIT ( * ) SI_UNIT ( $, .STERADIAN. ) SOLID_ANGLE_UNIT ( ) );
#3460 = ORIENTED_EDGE ( 'NONE', *, *, #4392, .F. ) ;
#3461 = VERTEX_POINT ( 'NONE', #1746 ) ;
#3462 = ORIENTED_EDGE ( 'NONE', *, *, #2811, .F. ) ;
#3463 =( LENGTH_UNIT ( ) NAMED_UNIT ( * ) SI_UNIT ( .MILLI., .METRE. ) );
#3464 = LINE ( 'NONE', #371, #369 ) ;
#3465 = AXIS2_PLACEMENT_3D ( 'NONE', #5740, #3782, #1237 ) ;
#3466 = SURFACE_STYLE_USAGE ( .BOTH. , #5391 ) ;
#3467 = SURFACE_STYLE_FILL_AREA ( #3946 ) ;
#3468 = CYLINDRICAL_SURFACE ( 'NONE', #2327, 0.2225000000000000311 ) ;
#3469 =( NAMED_UNIT ( * ) SI_UNIT ( $, .STERADIAN. ) SOLID_ANGLE_UNIT ( ) );
#3470 = SURFACE_STYLE_USAGE ( .BOTH. , #2938 ) ;
#3471 = SURFACE_SIDE_STYLE ('',( #1961 ) ) ;
#3472 = SURFACE_STYLE_USAGE ( .BOTH. , #3337 ) ;
#3473 = CARTESIAN_POINT ( 'NONE',  ( 1.099999999999999867, 1.000000000000000000, -0.3510000000000000897 ) ) ;
#3474 = DIRECTION ( 'NONE',  ( -1.000000000000000000, 0.000000000000000000, 0.000000000000000000 ) ) ;
#3475 = SURFACE_SIDE_STYLE ('',( #5364 ) ) ;
#3476 = DIRECTION ( 'NONE',  ( -1.000000000000000000, 0.000000000000000000, 0.000000000000000000 ) ) ;
#3477 =( GEOMETRIC_REPRESENTATION_CONTEXT ( 3 ) GLOBAL_UNCERTAINTY_ASSIGNED_CONTEXT ( ( #2566 ) ) GLOBAL_UNIT_ASSIGNED_CONTEXT ( ( #5096, #6179, #3075 ) ) REPRESENTATION_CONTEXT ( 'NONE', 'WORKASPACE' ) );
#3478 = EDGE_CURVE ( 'NONE', #3691, #3753, #225, .T. ) ;
#3479 = ORIENTED_EDGE ( 'NONE', *, *, #3121, .T. ) ;
#3480 = EDGE_CURVE ( 'NONE', #6010, #1621, #6226, .T. ) ;
#3481 = LINE ( 'NONE', #4197, #3907 ) ;
#3482 = CARTESIAN_POINT ( 'NONE',  ( 1.249999999999999778, 0.8500000000000000888, -0.1500000000000000500 ) ) ;
#3483 = CIRCLE ( 'NONE', #5569, 0.2225000000000000311 ) ;
#3484 = VERTEX_POINT ( 'NONE', #4743 ) ;
#3485 = PRESENTATION_STYLE_ASSIGNMENT (( #1479 ) ) ;
#3486 = UNCERTAINTY_MEASURE_WITH_UNIT (LENGTH_MEASURE( 1.000000000000000082E-05 ), #4796, 'distance_accuracy_value', 'NONE');
#3487 = SURFACE_STYLE_USAGE ( .BOTH. , #5620 ) ;
#3488 =( NAMED_UNIT ( * ) SI_UNIT ( $, .STERADIAN. ) SOLID_ANGLE_UNIT ( ) );
#3489 = VERTEX_POINT ( 'NONE', #5310 ) ;
#3490 = COLOUR_RGB ( '',0.8039215686274510109, 0.8039215686274510109, 0.8039215686274510109 ) ;
#3491 = EDGE_CURVE ( 'NONE', #879, #5924, #4167, .T. ) ;
#3492 = SURFACE_STYLE_USAGE ( .BOTH. , #465 ) ;
#3493 = ORIENTED_EDGE ( 'NONE', *, *, #4628, .T. ) ;
#3494 = PRESENTATION_LAYER_ASSIGNMENT (  '', '', ( #5263 ) ) ;
#3495 = COLOUR_RGB ( '',0.8627450980392157298, 0.6274509803921568540, 0.05882352941176470507 ) ;
#3496 = PLANE ( 'NONE',  #5614 ) ;
#3497 = ORIENTED_EDGE ( 'NONE', *, *, #2030, .T. ) ;
#3498 = CARTESIAN_POINT ( 'NONE',  ( 1.249999999999999556, -1.000000000000000444, -0.1500000000000000500 ) ) ;
#3499 = COLOUR_RGB ( '',0.8627450980392157298, 0.6274509803921568540, 0.05882352941176470507 ) ;
#3500 = CARTESIAN_POINT ( 'NONE',  ( -1.100000000000000311, 0.6500000000000001332, 0.5500000000000000444 ) ) ;
#3501 = DIRECTION ( 'NONE',  ( 0.000000000000000000, 0.000000000000000000, -1.000000000000000000 ) ) ;
#3502 = DIRECTION ( 'NONE',  ( -0.000000000000000000, -0.000000000000000000, 1.000000000000000000 ) ) ;
#3503 = VECTOR ( 'NONE', #2509, 1000.000000000000000 ) ;
#3504 = DIRECTION ( 'NONE',  ( -1.000000000000000000, 0.000000000000000000, 0.000000000000000000 ) ) ;
#3505 = STYLED_ITEM ( 'NONE', ( #5960 ), #4345 ) ;
#3506 = FILL_AREA_STYLE ('',( #1992 ) ) ;
#3507 = MECHANICAL_DESIGN_GEOMETRIC_PRESENTATION_REPRESENTATION (  '', ( #5597 ), #3605 ) ;
#3508 = LINE ( 'NONE', #5996, #163 ) ;
#3509 = STYLED_ITEM ( 'NONE', ( #3574 ), #6264 ) ;
#3510 =( LENGTH_UNIT ( ) NAMED_UNIT ( * ) SI_UNIT ( .MILLI., .METRE. ) );
#3511 = STYLED_ITEM ( 'NONE', ( #2267 ), #4431 ) ;
#3512 = CIRCLE ( 'NONE', #4334, 0.02499999999999995628 ) ;
#3513 =( NAMED_UNIT ( * ) SI_UNIT ( $, .STERADIAN. ) SOLID_ANGLE_UNIT ( ) );
#3514 = VECTOR ( 'NONE', #3634, 1000.000000000000000 ) ;
#3515 = VECTOR ( 'NONE', #1349, 1000.000000000000000 ) ;
#3516 =( LENGTH_UNIT ( ) NAMED_UNIT ( * ) SI_UNIT ( .MILLI., .METRE. ) );
#3517 = ADVANCED_FACE ( 'NONE', ( #4274 ), #2832, .F. ) ;
#3518 = COLOUR_RGB ( '',0.2862745098039215508, 0.2862745098039215508, 0.2862745098039215508 ) ;
#3519 = ADVANCED_FACE ( 'NONE', ( #4903 ), #4867, .T. ) ;
#3520 = CARTESIAN_POINT ( 'NONE',  ( -1.125000000000000444, 0.6500000000000001332, 0.3750000000000000555 ) ) ;
#3521 = FILL_AREA_STYLE ('',( #4004 ) ) ;
#3522 = SURFACE_STYLE_FILL_AREA ( #6009 ) ;
#3523 = VERTEX_POINT ( 'NONE', #5338 ) ;
#3524 = COLOUR_RGB ( '',0.8039215686274510109, 0.8039215686274510109, 0.8039215686274510109 ) ;
#3525 = CARTESIAN_POINT ( 'NONE',  ( 0.4750000000000000333, 0.8939339828220183026, -0.3500000000000000333 ) ) ;
#3526 = ORIENTED_EDGE ( 'NONE', *, *, #5403, .T. ) ;
#3527 = ORIENTED_EDGE ( 'NONE', *, *, #6302, .F. ) ;
#3528 = EDGE_CURVE ( 'NONE', #1910, #2330, #2889, .T. ) ;
#3529 = EDGE_CURVE ( 'NONE', #3431, #2917, #4448, .T. ) ;
#3530 = PRESENTATION_LAYER_ASSIGNMENT (  '', '', ( #3938 ) ) ;
#3531 = CARTESIAN_POINT ( 'NONE',  ( -1.250000000000000222, 0.7774999999999999689, -0.1500000000000000500 ) ) ;
#3532 = CARTESIAN_POINT ( 'NONE',  ( -0.7150000000000003020, -0.5650000000000002798, 0.6400000000000000133 ) ) ;
#3533 = DIRECTION ( 'NONE',  ( -1.000000000000000000, 0.000000000000000000, 0.000000000000000000 ) ) ;
#3534 = FACE_OUTER_BOUND ( 'NONE', #154, .T. ) ;
#3535 = SURFACE_STYLE_USAGE ( .BOTH. , #2019 ) ;
#3536 = FACE_OUTER_BOUND ( 'NONE', #6249, .T. ) ;
#3537 =( NAMED_UNIT ( * ) PLANE_ANGLE_UNIT ( ) SI_UNIT ( $, .RADIAN. ) );
#3538 = PLANE ( 'NONE',  #1623 ) ;
#3539 = DIRECTION ( 'NONE',  ( 1.000000000000000000, -0.000000000000000000, 0.000000000000000000 ) ) ;
#3540 = CARTESIAN_POINT ( 'NONE',  ( -1.250000000000000000, -0.9999999999999995559, -0.1500000000000000500 ) ) ;
#3541 =( GEOMETRIC_REPRESENTATION_CONTEXT ( 3 ) GLOBAL_UNCERTAINTY_ASSIGNED_CONTEXT ( ( #4809 ) ) GLOBAL_UNIT_ASSIGNED_CONTEXT ( ( #2933, #2996, #441 ) ) REPRESENTATION_CONTEXT ( 'NONE', 'WORKASPACE' ) );
#3542 = ORIENTED_EDGE ( 'NONE', *, *, #1708, .T. ) ;
#3543 = PRESENTATION_STYLE_ASSIGNMENT (( #2524 ) ) ;
#3544 = FACE_OUTER_BOUND ( 'NONE', #4353, .T. ) ;
#3545 =( NAMED_UNIT ( * ) PLANE_ANGLE_UNIT ( ) SI_UNIT ( $, .RADIAN. ) );
#3546 = UNCERTAINTY_MEASURE_WITH_UNIT (LENGTH_MEASURE( 1.000000000000000082E-05 ), #5856, 'distance_accuracy_value', 'NONE');
#3547 = VECTOR ( 'NONE', #5265, 1000.000000000000000 ) ;
#3548 = VERTEX_POINT ( 'NONE', #399 ) ;
#3549 = DIRECTION ( 'NONE',  ( 5.613672572362096360E-16, -1.000000000000000000, 0.000000000000000000 ) ) ;
#3550 = ORIENTED_EDGE ( 'NONE', *, *, #3276, .T. ) ;
#3551 = ORIENTED_EDGE ( 'NONE', *, *, #898, .T. ) ;
#3552 = VECTOR ( 'NONE', #186, 1000.000000000000000 ) ;
#3553 = CARTESIAN_POINT ( 'NONE',  ( -1.100000000000000311, 0.6500000000000001332, 0.3750000000000000555 ) ) ;
#3554 = CARTESIAN_POINT ( 'NONE',  ( -1.249999999999997113, 3.738628180984451179E-15, -0.1500000000000000500 ) ) ;
#3555 = CARTESIAN_POINT ( 'NONE',  ( -1.143933982822017192, -0.8044079500593135368, -0.1500000000000000500 ) ) ;
#3556 = AXIS2_PLACEMENT_3D ( 'NONE', #3834, #2923, #6312 ) ;
#3557 = EDGE_CURVE ( 'NONE', #1193, #5725, #6473, .T. ) ;
#3558 = DIRECTION ( 'NONE',  ( 1.000000000000000000, 0.000000000000000000, 0.000000000000000000 ) ) ;
#3559 = ADVANCED_FACE ( 'NONE', ( #3939 ), #4966, .F. ) ;
#3560 = CARTESIAN_POINT ( 'NONE',  ( -0.4749999999999999223, -4.525973552995888183E-17, -0.3500000000000000333 ) ) ;
#3561 = ORIENTED_EDGE ( 'NONE', *, *, #4347, .F. ) ;
#3562 = LINE ( 'NONE', #1061, #6134 ) ;
#3563 = CYLINDRICAL_SURFACE ( 'NONE', #4260, 0.2225000000000002531 ) ;
#3564 = CIRCLE ( 'NONE', #2101, 0.2225000000000000311 ) ;
#3565 = EDGE_CURVE ( 'NONE', #19, #273, #3870, .T. ) ;
#3566 = SURFACE_STYLE_USAGE ( .BOTH. , #6205 ) ;
#3567 = UNCERTAINTY_MEASURE_WITH_UNIT (LENGTH_MEASURE( 1.000000000000000082E-05 ), #1856, 'distance_accuracy_value', 'NONE');
#3568 = ADVANCED_FACE ( 'NONE', ( #2668 ), #5581, .F. ) ;
#3569 = CARTESIAN_POINT ( 'NONE',  ( -1.250000000000000222, 0.000000000000000000, -0.1500000000000000500 ) ) ;
#3570 = FACE_OUTER_BOUND ( 'NONE', #2187, .T. ) ;
#3571 = DIRECTION ( 'NONE',  ( -1.000000000000000000, 0.000000000000000000, 0.000000000000000000 ) ) ;
#3572 = VERTEX_POINT ( 'NONE', #6040 ) ;
#3573 = FACE_OUTER_BOUND ( 'NONE', #704, .T. ) ;
#3574 = PRESENTATION_STYLE_ASSIGNMENT (( #5438 ) ) ;
#3575 = FACE_OUTER_BOUND ( 'NONE', #3580, .T. ) ;
#3576 = DIRECTION ( 'NONE',  ( 0.000000000000000000, 0.000000000000000000, 1.000000000000000000 ) ) ;
#3577 = LINE ( 'NONE', #3019, #2719 ) ;
#3578 = DIRECTION ( 'NONE',  ( 0.000000000000000000, 0.000000000000000000, 1.000000000000000000 ) ) ;
#3579 = EDGE_LOOP ( 'NONE', ( #2920, #4772, #3428, #374 ) ) ;
#3580 = EDGE_LOOP ( 'NONE', ( #4512, #1901, #569, #2369, #1932, #619, #315, #2264 ) ) ;
#3581 = MECHANICAL_DESIGN_GEOMETRIC_PRESENTATION_REPRESENTATION (  '', ( #4220 ), #1062 ) ;
#3582 = AXIS2_PLACEMENT_3D ( 'NONE', #5188, #1258, #5254 ) ;
#3583 = ORIENTED_EDGE ( 'NONE', *, *, #5020, .F. ) ;
#3584 = AXIS2_PLACEMENT_3D ( 'NONE', #296, #5321, #2287 ) ;
#3585 = LINE ( 'NONE', #673, #378 ) ;
#3586 = SURFACE_STYLE_USAGE ( .BOTH. , #1588 ) ;
#3587 =( NAMED_UNIT ( * ) PLANE_ANGLE_UNIT ( ) SI_UNIT ( $, .RADIAN. ) );
#3588 = ORIENTED_EDGE ( 'NONE', *, *, #3600, .F. ) ;
#3589 = STYLED_ITEM ( 'NONE', ( #1551 ), #2028 ) ;
#3590 = DIRECTION ( 'NONE',  ( 0.000000000000000000, 0.000000000000000000, 1.000000000000000000 ) ) ;
#3591 = CARTESIAN_POINT ( 'NONE',  ( 1.039999999999999813, -0.6500000000000001332, 0.6250000000000001110 ) ) ;
#3592 = LINE ( 'NONE', #6162, #1457 ) ;
#3593 =( GEOMETRIC_REPRESENTATION_CONTEXT ( 3 ) GLOBAL_UNCERTAINTY_ASSIGNED_CONTEXT ( ( #1667 ) ) GLOBAL_UNIT_ASSIGNED_CONTEXT ( ( #2446, #3587, #2085 ) ) REPRESENTATION_CONTEXT ( 'NONE', 'WORKASPACE' ) );
#3594 = ORIENTED_EDGE ( 'NONE', *, *, #1550, .T. ) ;
#3595 = EDGE_CURVE ( 'NONE', #2834, #5275, #1520, .T. ) ;
#3596 = FILL_AREA_STYLE_COLOUR ( '', #4311 ) ;
#3597 = TOROIDAL_SURFACE ( 'NONE', #4814, 0.1150000000000000466, 0.02500000000000000139 ) ;
#3598 = UNCERTAINTY_MEASURE_WITH_UNIT (LENGTH_MEASURE( 1.000000000000000082E-05 ), #744, 'distance_accuracy_value', 'NONE');
#3599 = EDGE_CURVE ( 'NONE', #3860, #334, #3118, .T. ) ;
#3600 = EDGE_CURVE ( 'NONE', #5340, #2917, #4257, .T. ) ;
#3601 = SURFACE_STYLE_FILL_AREA ( #2585 ) ;
#3602 = PRESENTATION_STYLE_ASSIGNMENT (( #3105 ) ) ;
#3603 = MECHANICAL_DESIGN_GEOMETRIC_PRESENTATION_REPRESENTATION (  '', ( #4234 ), #972 ) ;
#3604 =( NAMED_UNIT ( * ) PLANE_ANGLE_UNIT ( ) SI_UNIT ( $, .RADIAN. ) );
#3605 =( GEOMETRIC_REPRESENTATION_CONTEXT ( 3 ) GLOBAL_UNCERTAINTY_ASSIGNED_CONTEXT ( ( #1177 ) ) GLOBAL_UNIT_ASSIGNED_CONTEXT ( ( #31, #1472, #5094 ) ) REPRESENTATION_CONTEXT ( 'NONE', 'WORKASPACE' ) );
#3606 = ADVANCED_FACE ( 'NONE', ( #82 ), #50, .F. ) ;
#3607 = FACE_OUTER_BOUND ( 'NONE', #5078, .T. ) ;
#3608 = MECHANICAL_DESIGN_GEOMETRIC_PRESENTATION_REPRESENTATION (  '', ( #3394 ), #3192 ) ;
#3609 = ORIENTED_EDGE ( 'NONE', *, *, #1874, .F. ) ;
#3610 = VECTOR ( 'NONE', #3298, 1000.000000000000000 ) ;
#3611 = CIRCLE ( 'NONE', #5377, 0.02499999999999995628 ) ;
#3612 = STYLED_ITEM ( 'NONE', ( #128 ), #3963 ) ;
#3613 = SURFACE_STYLE_FILL_AREA ( #6033 ) ;
#3614 = CARTESIAN_POINT ( 'NONE',  ( -0.9000000000000003553, -0.6500000000000001332, 0.5500000000000000444 ) ) ;
#3615 = CARTESIAN_POINT ( 'NONE',  ( 0.8999999999999999112, 0.6500000000000001332, 0.5500000000000000444 ) ) ;
#3616 = AXIS2_PLACEMENT_3D ( 'NONE', #4222, #5229, #3756 ) ;
#3617 = UNCERTAINTY_MEASURE_WITH_UNIT (LENGTH_MEASURE( 1.000000000000000082E-05 ), #4889, 'distance_accuracy_value', 'NONE');
#3618 = PRESENTATION_LAYER_ASSIGNMENT (  '', '', ( #4834 ) ) ;
#3619 = DIRECTION ( 'NONE',  ( -1.000000000000000000, 0.000000000000000000, 0.000000000000000000 ) ) ;
#3620 = DIRECTION ( 'NONE',  ( 0.000000000000000000, -1.000000000000000000, 0.000000000000000000 ) ) ;
#3621 = DIRECTION ( 'NONE',  ( 0.000000000000000000, 0.000000000000000000, -1.000000000000000000 ) ) ;
#3622 = VERTEX_POINT ( 'NONE', #2039 ) ;
#3623 = LINE ( 'NONE', #754, #1607 ) ;
#3624 = ORIENTED_EDGE ( 'NONE', *, *, #5016, .T. ) ;
#3625 = MECHANICAL_DESIGN_GEOMETRIC_PRESENTATION_REPRESENTATION (  '', ( #5489 ), #4040 ) ;
#3626 = ORIENTED_EDGE ( 'NONE', *, *, #4458, .T. ) ;
#3627 = CARTESIAN_POINT ( 'NONE',  ( -0.4750000000000001998, 9.574766761094697910E-17, -0.1500000000000000500 ) ) ;
#3628 = FACE_OUTER_BOUND ( 'NONE', #5031, .T. ) ;
#3629 = DIRECTION ( 'NONE',  ( 0.000000000000000000, 0.000000000000000000, -1.000000000000000000 ) ) ;
#3630 = DIRECTION ( 'NONE',  ( 0.000000000000000000, -0.000000000000000000, 1.000000000000000000 ) ) ;
#3631 = DIRECTION ( 'NONE',  ( -1.000000000000000000, 0.000000000000000000, 0.000000000000000000 ) ) ;
#3632 = ORIENTED_EDGE ( 'NONE', *, *, #1637, .F. ) ;
#3633 = FILL_AREA_STYLE_COLOUR ( '', #2827 ) ;
#3634 = DIRECTION ( 'NONE',  ( 0.000000000000000000, -1.000000000000000000, 0.000000000000000000 ) ) ;
#3635 = LINE ( 'NONE', #3560, #5324 ) ;
#3636 = ORIENTED_EDGE ( 'NONE', *, *, #3237, .F. ) ;
#3637 = COLOUR_RGB ( '',0.8039215686274510109, 0.8039215686274510109, 0.8039215686274510109 ) ;
#3638 = PRESENTATION_LAYER_ASSIGNMENT (  '', '', ( #2479 ) ) ;
#3639 =( NAMED_UNIT ( * ) PLANE_ANGLE_UNIT ( ) SI_UNIT ( $, .RADIAN. ) );
#3640 = CARTESIAN_POINT ( 'NONE',  ( 0.05833004110700093503, -0.9573281361468033435, 0.3500000000000000333 ) ) ;
#3641 = LINE ( 'NONE', #6206, #1405 ) ;
#3642 = VECTOR ( 'NONE', #363, 1000.000000000000000 ) ;
#3643 = UNCERTAINTY_MEASURE_WITH_UNIT (LENGTH_MEASURE( 1.000000000000000082E-05 ), #2745, 'distance_accuracy_value', 'NONE');
#3644 = EDGE_CURVE ( 'NONE', #1473, #922, #2453, .T. ) ;
#3645 =( GEOMETRIC_REPRESENTATION_CONTEXT ( 3 ) GLOBAL_UNCERTAINTY_ASSIGNED_CONTEXT ( ( #5127 ) ) GLOBAL_UNIT_ASSIGNED_CONTEXT ( ( #954, #6420, #2406 ) ) REPRESENTATION_CONTEXT ( 'NONE', 'WORKASPACE' ) );
#3646 =( NAMED_UNIT ( * ) PLANE_ANGLE_UNIT ( ) SI_UNIT ( $, .RADIAN. ) );
#3647 = DIRECTION ( 'NONE',  ( -0.000000000000000000, -0.000000000000000000, 1.000000000000000000 ) ) ;
#3648 = CARTESIAN_POINT ( 'NONE',  ( -5.018252680870376225E-16, -0.8939339828220187467, -0.1500000000000000500 ) ) ;
#3649 = ORIENTED_EDGE ( 'NONE', *, *, #5403, .F. ) ;
#3650 = COLOUR_RGB ( '',0.8627450980392157298, 0.6274509803921568540, 0.05882352941176470507 ) ;
#3651 = DIRECTION ( 'NONE',  ( -0.000000000000000000, -0.000000000000000000, -1.000000000000000000 ) ) ;
#3652 = EDGE_CURVE ( 'NONE', #2883, #1851, #6186, .T. ) ;
#3653 = ADVANCED_FACE ( 'NONE', ( #3607 ), #590, .T. ) ;
#3654 = LINE ( 'NONE', #5657, #3701 ) ;
#3655 = SURFACE_STYLE_USAGE ( .BOTH. , #5133 ) ;
#3656 = AXIS2_PLACEMENT_3D ( 'NONE', #1365, #3361, #5147 ) ;
#3657 = CARTESIAN_POINT ( 'NONE',  ( 1.249999999999999778, 0.8499999999999999778, -0.3510000000000000897 ) ) ;
#3658 = PRESENTATION_STYLE_ASSIGNMENT (( #5778 ) ) ;
#3659 = FACE_OUTER_BOUND ( 'NONE', #5550, .T. ) ;
#3660 = VERTEX_POINT ( 'NONE', #3992 ) ;
#3661 =( NAMED_UNIT ( * ) PLANE_ANGLE_UNIT ( ) SI_UNIT ( $, .RADIAN. ) );
#3662 = VERTEX_POINT ( 'NONE', #6477 ) ;
#3663 = SURFACE_STYLE_FILL_AREA ( #4269 ) ;
#3664 = FACE_OUTER_BOUND ( 'NONE', #766, .T. ) ;
#3665 = PRESENTATION_LAYER_ASSIGNMENT (  '', '', ( #6279 ) ) ;
#3666 = DIRECTION ( 'NONE',  ( 0.000000000000000000, 0.000000000000000000, -1.000000000000000000 ) ) ;
#3667 = LINE ( 'NONE', #3031, #4369 ) ;
#3668 = EDGE_LOOP ( 'NONE', ( #1051, #2735, #4051, #1423 ) ) ;
#3669 = SURFACE_STYLE_USAGE ( .BOTH. , #6054 ) ;
#3670 = FACE_OUTER_BOUND ( 'NONE', #3673, .T. ) ;
#3671 = DIRECTION ( 'NONE',  ( -0.000000000000000000, -0.000000000000000000, -1.000000000000000000 ) ) ;
#3672 = AXIS2_PLACEMENT_3D ( 'NONE', #1498, #4403, #6395 ) ;
#3673 = EDGE_LOOP ( 'NONE', ( #5140, #2306, #1012, #3330, #3542, #1806, #668, #5425, #5987 ) ) ;
#3674 = DIRECTION ( 'NONE',  ( 0.000000000000000000, 0.000000000000000000, -1.000000000000000000 ) ) ;
#3675 = UNCERTAINTY_MEASURE_WITH_UNIT (LENGTH_MEASURE( 1.000000000000000082E-05 ), #5060, 'distance_accuracy_value', 'NONE');
#3676 = DIRECTION ( 'NONE',  ( -1.000000000000000000, 0.000000000000000000, 0.000000000000000000 ) ) ;
#3677 = AXIS2_PLACEMENT_3D ( 'NONE', #845, #5440, #3418 ) ;
#3678 = LINE ( 'NONE', #1668, #2964 ) ;
#3679 = UNCERTAINTY_MEASURE_WITH_UNIT (LENGTH_MEASURE( 1.000000000000000082E-05 ), #4792, 'distance_accuracy_value', 'NONE');
#3680 = CARTESIAN_POINT ( 'NONE',  ( 0.4749999999999999223, 0.3249999999999999001, -0.3500000000000000333 ) ) ;
#3681 = AXIS2_PLACEMENT_3D ( 'NONE', #5796, #1210, #2841 ) ;
#3682 = ORIENTED_EDGE ( 'NONE', *, *, #432, .F. ) ;
#3683 = CARTESIAN_POINT ( 'NONE',  ( -1.249999999999997113, 3.738628180984451179E-15, -0.3500000000000000333 ) ) ;
#3684 = FILL_AREA_STYLE_COLOUR ( '', #4531 ) ;
#3685 = LINE ( 'NONE', #1800, #3005 ) ;
#3686 = EDGE_CURVE ( 'NONE', #5306, #4861, #3804, .T. ) ;
#3687 = EDGE_CURVE ( 'NONE', #953, #1193, #2064, .T. ) ;
#3688 = DIRECTION ( 'NONE',  ( 0.000000000000000000, 0.000000000000000000, 1.000000000000000000 ) ) ;
#3689 = DIRECTION ( 'NONE',  ( 0.000000000000000000, 0.000000000000000000, 1.000000000000000000 ) ) ;
#3690 = ORIENTED_EDGE ( 'NONE', *, *, #2115, .T. ) ;
#3691 = VERTEX_POINT ( 'NONE', #6102 ) ;
#3692 = DIRECTION ( 'NONE',  ( 0.000000000000000000, 0.000000000000000000, -1.000000000000000000 ) ) ;
#3693 = VERTEX_POINT ( 'NONE', #4500 ) ;
#3694 = DIRECTION ( 'NONE',  ( 1.000000000000000000, 0.000000000000000000, 0.000000000000000000 ) ) ;
#3695 = PRESENTATION_STYLE_ASSIGNMENT (( #5143 ) ) ;
#3696 = ADVANCED_FACE ( 'NONE', ( #4069 ), #4963, .F. ) ;
#3697 = VERTEX_POINT ( 'NONE', #723 ) ;
#3698 = DIRECTION ( 'NONE',  ( -1.000000000000000000, 0.000000000000000000, 0.000000000000000000 ) ) ;
#3699 = DIRECTION ( 'NONE',  ( -1.000000000000000000, 0.000000000000000000, 0.000000000000000000 ) ) ;
#3700 = ORIENTED_EDGE ( 'NONE', *, *, #5890, .T. ) ;
#3701 = VECTOR ( 'NONE', #2527, 1000.000000000000000 ) ;
#3702 = CARTESIAN_POINT ( 'NONE',  ( -1.015000000000000346, 0.6500000000000001332, 0.6500000000000001332 ) ) ;
#3703 = SURFACE_SIDE_STYLE ('',( #5644 ) ) ;
#3704 =( LENGTH_UNIT ( ) NAMED_UNIT ( * ) SI_UNIT ( .MILLI., .METRE. ) );
#3705 = PRESENTATION_LAYER_ASSIGNMENT (  '', '', ( #2754 ) ) ;
#3706 = UNCERTAINTY_MEASURE_WITH_UNIT (LENGTH_MEASURE( 1.000000000000000082E-05 ), #3510, 'distance_accuracy_value', 'NONE');
#3707 = CARTESIAN_POINT ( 'NONE',  ( 0.000000000000000000, 0.000000000000000000, -0.1500000000000000500 ) ) ;
#3708 = MECHANICAL_DESIGN_GEOMETRIC_PRESENTATION_REPRESENTATION (  '', ( #3891 ), #4413 ) ;
#3709 = PRESENTATION_STYLE_ASSIGNMENT (( #1215 ) ) ;
#3710 = STYLED_ITEM ( 'NONE', ( #5299 ), #861 ) ;
#3711 = CARTESIAN_POINT ( 'NONE',  ( 1.249999999999999778, 1.000000000000000000, 0.3500000000000000333 ) ) ;
#3712 = CIRCLE ( 'NONE', #571, 0.1499999999999997446 ) ;
#3713 = ORIENTED_EDGE ( 'NONE', *, *, #4172, .T. ) ;
#3714 = AXIS2_PLACEMENT_3D ( 'NONE', #3210, #2197, #5866 ) ;
#3715 =( NAMED_UNIT ( * ) PLANE_ANGLE_UNIT ( ) SI_UNIT ( $, .RADIAN. ) );
#3716 = ORIENTED_EDGE ( 'NONE', *, *, #6171, .T. ) ;
#3717 = PRESENTATION_LAYER_ASSIGNMENT (  '', '', ( #3509 ) ) ;
#3718 = STYLED_ITEM ( 'NONE', ( #2934 ), #1071 ) ;
#3720 = ADVANCED_FACE ( 'NONE', ( #2259 ), #6271, .F. ) ;
#3719 = ORIENTED_EDGE ( 'NONE', *, *, #3264, .F. ) ;
#3721 = VECTOR ( 'NONE', #2381, 1000.000000000000000 ) ;
#3722 = FACE_OUTER_BOUND ( 'NONE', #5549, .T. ) ;
#3723 = FACE_OUTER_BOUND ( 'NONE', #5449, .T. ) ;
#3724 = SURFACE_SIDE_STYLE ('',( #3223 ) ) ;
#3725 = ORIENTED_EDGE ( 'NONE', *, *, #4199, .T. ) ;
#3726 = COLOUR_RGB ( '',0.8627450980392157298, 0.6274509803921568540, 0.05882352941176470507 ) ;
#3727 = EDGE_CURVE ( 'NONE', #2048, #3691, #1729, .T. ) ;
#3729 = EDGE_CURVE ( 'NONE', #4770, #4637, #211, .T. ) ;
#3728 = VERTEX_POINT ( 'NONE', #2753 ) ;
#3730 = CARTESIAN_POINT ( 'NONE',  ( 0.8999999999999999112, 0.7900000000000001465, 0.6500000000000001332 ) ) ;
#3731 = UNCERTAINTY_MEASURE_WITH_UNIT (LENGTH_MEASURE( 1.000000000000000082E-05 ), #792, 'distance_accuracy_value', 'NONE');
#3732 = DIRECTION ( 'NONE',  ( -1.000000000000000000, 0.000000000000000000, 0.000000000000000000 ) ) ;
#3733 = AXIS2_PLACEMENT_3D ( 'NONE', #4160, #3030, #3629 ) ;
#3734 =( LENGTH_UNIT ( ) NAMED_UNIT ( * ) SI_UNIT ( .MILLI., .METRE. ) );
#3735 = MECHANICAL_DESIGN_GEOMETRIC_PRESENTATION_REPRESENTATION (  '', ( #4851 ), #6236 ) ;
#3736 = FILL_AREA_STYLE ('',( #2172 ) ) ;
#3737 = MECHANICAL_DESIGN_GEOMETRIC_PRESENTATION_REPRESENTATION (  '', ( #2061 ), #902 ) ;
#3738 =( LENGTH_UNIT ( ) NAMED_UNIT ( * ) SI_UNIT ( .MILLI., .METRE. ) );
#3739 = DIRECTION ( 'NONE',  ( 0.000000000000000000, -0.000000000000000000, -1.000000000000000000 ) ) ;
#3740 =( GEOMETRIC_REPRESENTATION_CONTEXT ( 3 ) GLOBAL_UNCERTAINTY_ASSIGNED_CONTEXT ( ( #5511 ) ) GLOBAL_UNIT_ASSIGNED_CONTEXT ( ( #5762, #1481, #3020 ) ) REPRESENTATION_CONTEXT ( 'NONE', 'WORKASPACE' ) );
#3741 = DIRECTION ( 'NONE',  ( 9.528365374728188113E-17, 1.000000000000000000, 0.000000000000000000 ) ) ;
#3742 = EDGE_LOOP ( 'NONE', ( #1896, #6450, #6402, #6424 ) ) ;
#3743 =( GEOMETRIC_REPRESENTATION_CONTEXT ( 3 ) GLOBAL_UNCERTAINTY_ASSIGNED_CONTEXT ( ( #3208 ) ) GLOBAL_UNIT_ASSIGNED_CONTEXT ( ( #5348, #894, #475 ) ) REPRESENTATION_CONTEXT ( 'NONE', 'WORKASPACE' ) );
#3744 = ORIENTED_EDGE ( 'NONE', *, *, #1682, .F. ) ;
#3745 = CARTESIAN_POINT ( 'NONE',  ( 0.8999999999999999112, -0.6500000000000001332, 0.6500000000000001332 ) ) ;
#3746 = AXIS2_PLACEMENT_3D ( 'NONE', #3321, #2367, #403 ) ;
#3747 = SURFACE_SIDE_STYLE ('',( #3158 ) ) ;
#3748 = SURFACE_STYLE_FILL_AREA ( #308 ) ;
#3749 =( LENGTH_UNIT ( ) NAMED_UNIT ( * ) SI_UNIT ( .MILLI., .METRE. ) );
#3750 = CARTESIAN_POINT ( 'NONE',  ( -5.018252680870375239E-16, 0.8939339828220185247, -0.1500000000000000500 ) ) ;
#3751 = FACE_OUTER_BOUND ( 'NONE', #6123, .T. ) ;
#3752 = ORIENTED_EDGE ( 'NONE', *, *, #1793, .F. ) ;
#3753 = VERTEX_POINT ( 'NONE', #3680 ) ;
#3754 = STYLED_ITEM ( 'NONE', ( #3658 ), #5439 ) ;
#3755 = PRESENTATION_STYLE_ASSIGNMENT (( #2253 ) ) ;
#3756 = DIRECTION ( 'NONE',  ( -1.000000000000000000, 0.000000000000000000, 0.000000000000000000 ) ) ;
#3757 = EDGE_CURVE ( 'NONE', #740, #4358, #1768, .T. ) ;
#3758 = ADVANCED_FACE ( 'NONE', ( #3360 ), #135, .T. ) ;
#3759 = PRESENTATION_LAYER_ASSIGNMENT (  '', '', ( #1978 ) ) ;
#3760 = PLANE ( 'NONE',  #62 ) ;
#3761 = MECHANICAL_DESIGN_GEOMETRIC_PRESENTATION_REPRESENTATION (  '', ( #6283 ), #5870 ) ;
#3762 = EDGE_CURVE ( 'NONE', #6010, #1233, #1640, .T. ) ;
#3763 = MECHANICAL_DESIGN_GEOMETRIC_PRESENTATION_REPRESENTATION (  '', ( #521 ), #4380 ) ;
#3764 = DIRECTION ( 'NONE',  ( -0.000000000000000000, -1.000000000000000000, -0.000000000000000000 ) ) ;
#3765 = CARTESIAN_POINT ( 'NONE',  ( 1.249999999999999778, 1.000000000000000000, -0.3500000000000000333 ) ) ;
#3766 = VERTEX_POINT ( 'NONE', #1182 ) ;
#3767 = CARTESIAN_POINT ( 'NONE',  ( 0.4749999999999998113, -0.8939339828220185247, -0.3500000000000000333 ) ) ;
#3768 = EDGE_LOOP ( 'NONE', ( #931, #5782, #453, #3626 ) ) ;
#3769 =( LENGTH_UNIT ( ) NAMED_UNIT ( * ) SI_UNIT ( .MILLI., .METRE. ) );
#3770 = ORIENTED_EDGE ( 'NONE', *, *, #5655, .T. ) ;
#3771 =( LENGTH_UNIT ( ) NAMED_UNIT ( * ) SI_UNIT ( .MILLI., .METRE. ) );
#3772 = DIRECTION ( 'NONE',  ( -1.000000000000000000, 0.000000000000000000, 0.000000000000000000 ) ) ;
#3773 = DIRECTION ( 'NONE',  ( -0.000000000000000000, -0.000000000000000000, -1.000000000000000000 ) ) ;
#3774 =( NAMED_UNIT ( * ) PLANE_ANGLE_UNIT ( ) SI_UNIT ( $, .RADIAN. ) );
#3775 = ORIENTED_EDGE ( 'NONE', *, *, #549, .F. ) ;
#3776 = DIRECTION ( 'NONE',  ( 9.528365374728188113E-17, -1.000000000000000000, 0.000000000000000000 ) ) ;
#3777 = UNCERTAINTY_MEASURE_WITH_UNIT (LENGTH_MEASURE( 1.000000000000000082E-05 ), #336, 'distance_accuracy_value', 'NONE');
#3778 = DIRECTION ( 'NONE',  ( -9.528365374728186880E-17, 1.000000000000000000, 0.000000000000000000 ) ) ;
#3779 = ORIENTED_EDGE ( 'NONE', *, *, #4891, .F. ) ;
#3780 = PLANE ( 'NONE',  #3814 ) ;
#3781 = VECTOR ( 'NONE', #3651, 1000.000000000000000 ) ;
#3782 = DIRECTION ( 'NONE',  ( 0.000000000000000000, 0.000000000000000000, -1.000000000000000000 ) ) ;
#3783 = SURFACE_STYLE_FILL_AREA ( #6392 ) ;
#3784 = ORIENTED_EDGE ( 'NONE', *, *, #680, .F. ) ;
#3785 = EDGE_CURVE ( 'NONE', #5977, #4119, #5617, .T. ) ;
#3786 = PRESENTATION_LAYER_ASSIGNMENT (  '', '', ( #437 ) ) ;
#3787 = EDGE_CURVE ( 'NONE', #1483, #2181, #1510, .T. ) ;
#3788 =( NAMED_UNIT ( * ) SI_UNIT ( $, .STERADIAN. ) SOLID_ANGLE_UNIT ( ) );
#3789 = UNCERTAINTY_MEASURE_WITH_UNIT (LENGTH_MEASURE( 1.000000000000000082E-05 ), #260, 'distance_accuracy_value', 'NONE');
#3790 = AXIS2_PLACEMENT_3D ( 'NONE', #5072, #5956, #4083 ) ;
#3791 = ADVANCED_FACE ( 'NONE', ( #2728 ), #724, .T. ) ;
#3792 = CARTESIAN_POINT ( 'NONE',  ( 0.8999999999999999112, 0.8500000000000000888, 0.5500000000000000444 ) ) ;
#3793 = DIRECTION ( 'NONE',  ( 0.7071067811865441310, -0.7071067811865507924, 0.000000000000000000 ) ) ;
#3794 = ORIENTED_EDGE ( 'NONE', *, *, #5973, .F. ) ;
#3795 = CARTESIAN_POINT ( 'NONE',  ( 0.05833004110700093503, -0.9573281361468033435, 0.3500000000000000333 ) ) ;
#3796 = ORIENTED_EDGE ( 'NONE', *, *, #1394, .F. ) ;
#3797 = SURFACE_STYLE_FILL_AREA ( #786 ) ;
#3798 = ORIENTED_EDGE ( 'NONE', *, *, #3034, .F. ) ;
#3799 = FACE_OUTER_BOUND ( 'NONE', #5156, .T. ) ;
#3800 = VECTOR ( 'NONE', #1431, 1000.000000000000000 ) ;
#3801 = CARTESIAN_POINT ( 'NONE',  ( 0.4749999999999998668, -9.051947105991777598E-17, -0.3500000000000000333 ) ) ;
#3802 = AXIS2_PLACEMENT_3D ( 'NONE', #4507, #3014, #945 ) ;
#3803 = CYLINDRICAL_SURFACE ( 'NONE', #1434, 0.1999999999999999833 ) ;
#3804 = CIRCLE ( 'NONE', #1924, 0.09999999999999999167 ) ;
#3805 = DIRECTION ( 'NONE',  ( 2.015740370756777612E-16, 1.000000000000000000, 0.000000000000000000 ) ) ;
#3806 = DIRECTION ( 'NONE',  ( 0.000000000000000000, 0.000000000000000000, -1.000000000000000000 ) ) ;
#3807 = FILL_AREA_STYLE ('',( #6314 ) ) ;
#3808 = VERTEX_POINT ( 'NONE', #2623 ) ;
#3809 = DIRECTION ( 'NONE',  ( 0.000000000000000000, 0.000000000000000000, -1.000000000000000000 ) ) ;
#3810 = CIRCLE ( 'NONE', #1721, 0.2250000000000000611 ) ;
#3811 = AXIS2_PLACEMENT_3D ( 'NONE', #3246, #2797, #3831 ) ;
#3812 = CIRCLE ( 'NONE', #983, 0.2225000000000002531 ) ;
#3813 = ORIENTED_EDGE ( 'NONE', *, *, #5012, .F. ) ;
#3814 = AXIS2_PLACEMENT_3D ( 'NONE', #5259, #4774, #4252 ) ;
#3815 = CARTESIAN_POINT ( 'NONE',  ( 0.8999999999999999112, 0.8150000000000000577, 0.5500000000000000444 ) ) ;
#3816 = CIRCLE ( 'NONE', #4640, 0.1400000000000000411 ) ;
#3817 = CYLINDRICAL_SURFACE ( 'NONE', #3465, 0.1000000000000000056 ) ;
#3818 = CARTESIAN_POINT ( 'NONE',  ( 1.249999999999999778, -0.7775000000000001910, -0.3500000000000000333 ) ) ;
#3819 = ORIENTED_EDGE ( 'NONE', *, *, #5608, .F. ) ;
#3820 = SURFACE_STYLE_FILL_AREA ( #1765 ) ;
#3821 = AXIS2_PLACEMENT_3D ( 'NONE', #4612, #6050, #3093 ) ;
#3822 = CARTESIAN_POINT ( 'NONE',  ( -1.250000000000000222, 0.7774999999999999689, -0.3500000000000000333 ) ) ;
#3823 = MECHANICAL_DESIGN_GEOMETRIC_PRESENTATION_REPRESENTATION (  '', ( #182 ), #1001 ) ;
#3824 = LINE ( 'NONE', #26, #2282 ) ;
#3825 = FACE_OUTER_BOUND ( 'NONE', #1219, .T. ) ;
#3826 = ADVANCED_FACE ( 'NONE', ( #662 ), #215, .F. ) ;
#3827 = VERTEX_POINT ( 'NONE', #2790 ) ;
#3828 = EDGE_CURVE ( 'NONE', #4936, #2598, #1395, .T. ) ;
#3829 = CARTESIAN_POINT ( 'NONE',  ( -1.065000000000000391, -0.6499999999999999112, 0.5500000000000000444 ) ) ;
#3830 = ORIENTED_EDGE ( 'NONE', *, *, #3644, .T. ) ;
#3831 = DIRECTION ( 'NONE',  ( -0.000000000000000000, 0.000000000000000000, -1.000000000000000000 ) ) ;
#3832 = ORIENTED_EDGE ( 'NONE', *, *, #4580, .F. ) ;
#3833 = SURFACE_STYLE_FILL_AREA ( #1936 ) ;
#3834 = CARTESIAN_POINT ( 'NONE',  ( -0.9000000000000003553, -0.8150000000000000577, 0.5749999999999999556 ) ) ;
#3835 = AXIS2_PLACEMENT_3D ( 'NONE', #4331, #5337, #2857 ) ;
#3836 = ADVANCED_FACE ( 'NONE', ( #1770 ), #2970, .F. ) ;
#3837 = CARTESIAN_POINT ( 'NONE',  ( -0.9000000000000003553, 0.6500000000000001332, 0.5500000000000000444 ) ) ;
#3838 = SURFACE_STYLE_FILL_AREA ( #2434 ) ;
#3839 = CARTESIAN_POINT ( 'NONE',  ( 2.990902544787597704E-15, -1.000000000000003775, -0.3500000000000000333 ) ) ;
#3840 = ORIENTED_EDGE ( 'NONE', *, *, #321, .F. ) ;
#3841 = UNCERTAINTY_MEASURE_WITH_UNIT (LENGTH_MEASURE( 1.000000000000000082E-05 ), #816, 'distance_accuracy_value', 'NONE');
#3842 = MECHANICAL_DESIGN_GEOMETRIC_PRESENTATION_REPRESENTATION (  '', ( #1660 ), #3328 ) ;
#3843 =( NAMED_UNIT ( * ) PLANE_ANGLE_UNIT ( ) SI_UNIT ( $, .RADIAN. ) );
#3844 = EDGE_LOOP ( 'NONE', ( #2716, #4647, #659, #3375 ) ) ;
#3845 = LINE ( 'NONE', #6265, #5980 ) ;
#3846 = EDGE_LOOP ( 'NONE', ( #5441, #5303, #2929, #5256 ) ) ;
#3847 = AXIS2_PLACEMENT_3D ( 'NONE', #5580, #2501, #1976 ) ;
#3848 = SURFACE_SIDE_STYLE ('',( #6268 ) ) ;
#3849 = AXIS2_PLACEMENT_3D ( 'NONE', #6451, #1849, #3776 ) ;
#3850 = CARTESIAN_POINT ( 'NONE',  ( 1.143933982822017859, -5.174114067996492916E-16, -0.3500000000000000333 ) ) ;
#3851 = CARTESIAN_POINT ( 'NONE',  ( -0.4750000000000001998, 9.574766761094697910E-17, -0.3500000000000000333 ) ) ;
#3852 = UNCERTAINTY_MEASURE_WITH_UNIT (LENGTH_MEASURE( 1.000000000000000082E-05 ), #2985, 'distance_accuracy_value', 'NONE');
#3853 = DIRECTION ( 'NONE',  ( -1.000000000000000000, 0.000000000000000000, -0.000000000000000000 ) ) ;
#3854 = DIRECTION ( 'NONE',  ( -0.000000000000000000, -0.000000000000000000, -1.000000000000000000 ) ) ;
#3855 = AXIS2_PLACEMENT_3D ( 'NONE', #280, #3220, #4712 ) ;
#3856 = CARTESIAN_POINT ( 'NONE',  ( 0.8999999999999999112, 0.6500000000000001332, 0.5500000000000000444 ) ) ;
#3857 = CIRCLE ( 'NONE', #629, 0.1000000000000000472 ) ;
#3858 = ORIENTED_EDGE ( 'NONE', *, *, #4497, .T. ) ;
#3859 = PRESENTATION_STYLE_ASSIGNMENT (( #6372 ) ) ;
#3860 = VERTEX_POINT ( 'NONE', #3792 ) ;
#3861 = SURFACE_STYLE_USAGE ( .BOTH. , #880 ) ;
#3862 = EDGE_CURVE ( 'NONE', #3827, #2203, #3512, .T. ) ;
#3863 = SURFACE_STYLE_USAGE ( .BOTH. , #5881 ) ;
#3864 = VERTEX_POINT ( 'NONE', #6303 ) ;
#3865 = DIRECTION ( 'NONE',  ( 1.000000000000000000, 0.000000000000000000, 0.000000000000000000 ) ) ;
#3866 = ADVANCED_FACE ( 'NONE', ( #6274 ), #3919, .F. ) ;
#3867 = DIRECTION ( 'NONE',  ( -1.000000000000000000, 0.000000000000000000, 0.000000000000000000 ) ) ;
#3868 = SURFACE_STYLE_FILL_AREA ( #1382 ) ;
#3869 = LINE ( 'NONE', #331, #1442 ) ;
#3870 = LINE ( 'NONE', #5069, #5838 ) ;
#3871 = PLANE ( 'NONE',  #2661 ) ;
#3872 = ORIENTED_EDGE ( 'NONE', *, *, #1476, .T. ) ;
#3873 = FACE_OUTER_BOUND ( 'NONE', #1084, .T. ) ;
#3874 = PLANE ( 'NONE',  #5822 ) ;
#3875 = VERTEX_POINT ( 'NONE', #446 ) ;
#3876 = EDGE_CURVE ( 'NONE', #666, #1910, #2904, .T. ) ;
#3877 =( NAMED_UNIT ( * ) PLANE_ANGLE_UNIT ( ) SI_UNIT ( $, .RADIAN. ) );
#3878 = ORIENTED_EDGE ( 'NONE', *, *, #3238, .T. ) ;
#3879 = CARTESIAN_POINT ( 'NONE',  ( 1.099999999999999867, -0.8500000000000000888, 0.5500000000000000444 ) ) ;
#3880 = DIRECTION ( 'NONE',  ( 0.000000000000000000, 0.000000000000000000, 1.000000000000000000 ) ) ;
#3881 = LINE ( 'NONE', #3409, #2972 ) ;
#3882 = PRESENTATION_LAYER_ASSIGNMENT (  '', '', ( #439 ) ) ;
#3883 = CIRCLE ( 'NONE', #1693, 0.02500000000000001180 ) ;
#3884 = CARTESIAN_POINT ( 'NONE',  ( 1.039999999999999813, -0.6500000000000001332, 0.5749999999999999556 ) ) ;
#3885 = DIRECTION ( 'NONE',  ( -1.000000000000000000, -9.528365374728188113E-17, 0.000000000000000000 ) ) ;
#3886 = PRESENTATION_STYLE_ASSIGNMENT (( #1892 ) ) ;
#3887 =( GEOMETRIC_REPRESENTATION_CONTEXT ( 3 ) GLOBAL_UNCERTAINTY_ASSIGNED_CONTEXT ( ( #4170 ) ) GLOBAL_UNIT_ASSIGNED_CONTEXT ( ( #6128, #4689, #1595 ) ) REPRESENTATION_CONTEXT ( 'NONE', 'WORKASPACE' ) );
#3888 = ORIENTED_EDGE ( 'NONE', *, *, #939, .T. ) ;
#3889 = ORIENTED_EDGE ( 'NONE', *, *, #4097, .T. ) ;
#3890 = FACE_OUTER_BOUND ( 'NONE', #3226, .T. ) ;
#3891 = STYLED_ITEM ( 'NONE', ( #5011 ), #391 ) ;
#3892 = CARTESIAN_POINT ( 'NONE',  ( 1.125000000000000000, 0.6500000000000000222, 0.3750000000000000555 ) ) ;
#3893 = STYLED_ITEM ( 'NONE', ( #3930 ), #2231 ) ;
#3894 = ORIENTED_EDGE ( 'NONE', *, *, #518, .F. ) ;
#3895 = FACE_OUTER_BOUND ( 'NONE', #1392, .T. ) ;
#3896 = DIRECTION ( 'NONE',  ( -0.000000000000000000, -0.000000000000000000, -1.000000000000000000 ) ) ;
#3897 = CARTESIAN_POINT ( 'NONE',  ( -1.250000000000000000, -0.9999999999999995559, -0.1500000000000000500 ) ) ;
#3898 = DIRECTION ( 'NONE',  ( 0.000000000000000000, 0.000000000000000000, -1.000000000000000000 ) ) ;
#3899 = COLOUR_RGB ( '',0.8039215686274510109, 0.8039215686274510109, 0.8039215686274510109 ) ;
#3900 = CARTESIAN_POINT ( 'NONE',  ( -0.05833004110700136524, 0.9573281361468033435, -0.3500000000000000333 ) ) ;
#3901 = SURFACE_SIDE_STYLE ('',( #3426 ) ) ;
#3902 = ORIENTED_EDGE ( 'NONE', *, *, #2944, .T. ) ;
#3903 =( LENGTH_UNIT ( ) NAMED_UNIT ( * ) SI_UNIT ( .MILLI., .METRE. ) );
#3904 = ADVANCED_FACE ( 'NONE', ( #4881 ), #4261, .F. ) ;
#3905 = CIRCLE ( 'NONE', #4528, 0.1000000000000000056 ) ;
#3906 = ORIENTED_EDGE ( 'NONE', *, *, #3599, .F. ) ;
#3907 = VECTOR ( 'NONE', #1636, 1000.000000000000000 ) ;
#3908 = DIRECTION ( 'NONE',  ( 0.000000000000000000, 0.000000000000000000, 1.000000000000000000 ) ) ;
#3909 = FILL_AREA_STYLE ('',( #4370 ) ) ;
#3910 = LINE ( 'NONE', #860, #4267 ) ;
#3911 = DIRECTION ( 'NONE',  ( -1.000000000000000000, 0.000000000000000000, 0.000000000000000000 ) ) ;
#3912 = AXIS2_PLACEMENT_3D ( 'NONE', #5805, #5136, #665 ) ;
#3913 = ORIENTED_EDGE ( 'NONE', *, *, #630, .F. ) ;
#3914 = VECTOR ( 'NONE', #5585, 1000.000000000000000 ) ;
#3915 = EDGE_CURVE ( 'NONE', #3693, #3489, #6129, .T. ) ;
#3916 = EDGE_CURVE ( 'NONE', #5481, #1526, #3812, .T. ) ;
#3917 = FILL_AREA_STYLE_COLOUR ( '', #4722 ) ;
#3918 = CARTESIAN_POINT ( 'NONE',  ( -1.249999999999999778, 1.000000000000000000, -0.1500000000000000500 ) ) ;
#3919 = PLANE ( 'NONE',  #6022 ) ;
#3920 =( NAMED_UNIT ( * ) SI_UNIT ( $, .STERADIAN. ) SOLID_ANGLE_UNIT ( ) );
#3921 =( GEOMETRIC_REPRESENTATION_CONTEXT ( 3 ) GLOBAL_UNCERTAINTY_ASSIGNED_CONTEXT ( ( #765 ) ) GLOBAL_UNIT_ASSIGNED_CONTEXT ( ( #5736, #6231, #6201 ) ) REPRESENTATION_CONTEXT ( 'NONE', 'WORKASPACE' ) );
#3922 = COLOUR_RGB ( '',0.8627450980392157298, 0.6274509803921568540, 0.05882352941176470507 ) ;
#3923 = AXIS2_PLACEMENT_3D ( 'NONE', #4595, #4630, #587 ) ;
#3924 =( GEOMETRIC_REPRESENTATION_CONTEXT ( 3 ) GLOBAL_UNCERTAINTY_ASSIGNED_CONTEXT ( ( #2413 ) ) GLOBAL_UNIT_ASSIGNED_CONTEXT ( ( #4026, #3537, #4759 ) ) REPRESENTATION_CONTEXT ( 'NONE', 'WORKASPACE' ) );
#3925 = DIRECTION ( 'NONE',  ( -0.000000000000000000, -0.000000000000000000, -1.000000000000000000 ) ) ;
#3926 = AXIS2_PLACEMENT_3D ( 'NONE', #4937, #4011, #4908 ) ;
#3927 = FILL_AREA_STYLE_COLOUR ( '', #1622 ) ;
#3928 = DIRECTION ( 'NONE',  ( -1.000000000000000000, 0.000000000000000000, 0.000000000000000000 ) ) ;
#3929 = ORIENTED_EDGE ( 'NONE', *, *, #4199, .F. ) ;
#3930 = PRESENTATION_STYLE_ASSIGNMENT (( #3011 ) ) ;
#3931 =( NAMED_UNIT ( * ) PLANE_ANGLE_UNIT ( ) SI_UNIT ( $, .RADIAN. ) );
#3932 = ORIENTED_EDGE ( 'NONE', *, *, #1997, .T. ) ;
#3933 = SURFACE_SIDE_STYLE ('',( #5978 ) ) ;
#3934 = CARTESIAN_POINT ( 'NONE',  ( 1.143933982822017636, -0.3250000000000001776, -0.3500000000000000333 ) ) ;
#3935 = CARTESIAN_POINT ( 'NONE',  ( -1.250000000000000222, 0.000000000000000000, -0.1500000000000000500 ) ) ;
#3936 = UNCERTAINTY_MEASURE_WITH_UNIT (LENGTH_MEASURE( 1.000000000000000082E-05 ), #5848, 'distance_accuracy_value', 'NONE');
#3937 = DIRECTION ( 'NONE',  ( -1.000000000000000000, -0.000000000000000000, -0.000000000000000000 ) ) ;
#3938 = STYLED_ITEM ( 'NONE', ( #1198 ), #3517 ) ;
#3939 = FACE_OUTER_BOUND ( 'NONE', #2427, .T. ) ;
#3940 = PRESENTATION_STYLE_ASSIGNMENT (( #43 ) ) ;
#3941 = ORIENTED_EDGE ( 'NONE', *, *, #6262, .F. ) ;
#3942 = ORIENTED_EDGE ( 'NONE', *, *, #2431, .F. ) ;
#3943 = VERTEX_POINT ( 'NONE', #5559 ) ;
#3944 = VECTOR ( 'NONE', #1645, 1000.000000000000000 ) ;
#3945 = CARTESIAN_POINT ( 'NONE',  ( -1.143933982822017636, 0.3249999999999999001, -0.1500000000000000500 ) ) ;
#3946 = FILL_AREA_STYLE ('',( #4055 ) ) ;
#3947 = COLOUR_RGB ( '',0.8039215686274510109, 0.8039215686274510109, 0.8039215686274510109 ) ;
#3948 = FACE_OUTER_BOUND ( 'NONE', #5137, .T. ) ;
#3949 = PRESENTATION_STYLE_ASSIGNMENT (( #1531 ) ) ;
#3950 = CARTESIAN_POINT ( 'NONE',  ( -0.9000000000000002442, 0.8500000000000000888, 0.3750000000000000555 ) ) ;
#3951 = PRESENTATION_LAYER_ASSIGNMENT (  '', '', ( #6490 ) ) ;
#3952 =( NAMED_UNIT ( * ) PLANE_ANGLE_UNIT ( ) SI_UNIT ( $, .RADIAN. ) );
#3953 = CARTESIAN_POINT ( 'NONE',  ( -1.249999999999999778, 1.000000000000000000, -0.3500000000000000333 ) ) ;
#3954 = EDGE_CURVE ( 'NONE', #5725, #1483, #5676, .T. ) ;
#3955 = EDGE_CURVE ( 'NONE', #740, #3189, #3100, .T. ) ;
#3956 = CARTESIAN_POINT ( 'NONE',  ( -1.143933982822017859, -5.174114067996492916E-16, -0.1500000000000000500 ) ) ;
#3957 = FACE_OUTER_BOUND ( 'NONE', #949, .T. ) ;
#3958 = MECHANICAL_DESIGN_GEOMETRIC_PRESENTATION_REPRESENTATION (  '', ( #4879 ), #1867 ) ;
#3959 = CARTESIAN_POINT ( 'NONE',  ( 0.000000000000000000, 0.3249999999999999001, -0.3500000000000000333 ) ) ;
#3960 = CARTESIAN_POINT ( 'NONE',  ( 1.054407950059312871, -0.8939339828220181916, -0.1500000000000000500 ) ) ;
#3961 =( LENGTH_UNIT ( ) NAMED_UNIT ( * ) SI_UNIT ( .MILLI., .METRE. ) );
#3962 = MECHANICAL_DESIGN_GEOMETRIC_PRESENTATION_REPRESENTATION (  '', ( #4079 ), #1353 ) ;
#3963 = ADVANCED_FACE ( 'NONE', ( #2055 ), #1141, .T. ) ;
#3964 = CARTESIAN_POINT ( 'NONE',  ( -0.9000000000000003553, -0.7900000000000001465, 0.5749999999999999556 ) ) ;
#3965 = FACE_OUTER_BOUND ( 'NONE', #2776, .T. ) ;
#3966 = ORIENTED_EDGE ( 'NONE', *, *, #2043, .T. ) ;
#3967 = CARTESIAN_POINT ( 'NONE',  ( -1.143933982822017636, 0.000000000000000000, -0.3500000000000000333 ) ) ;
#3968 =( LENGTH_UNIT ( ) NAMED_UNIT ( * ) SI_UNIT ( .MILLI., .METRE. ) );
#3969 =( GEOMETRIC_REPRESENTATION_CONTEXT ( 3 ) GLOBAL_UNCERTAINTY_ASSIGNED_CONTEXT ( ( #1577 ) ) GLOBAL_UNIT_ASSIGNED_CONTEXT ( ( #2610, #2117, #3167 ) ) REPRESENTATION_CONTEXT ( 'NONE', 'WORKASPACE' ) );
#3970 = DIRECTION ( 'NONE',  ( 0.000000000000000000, 0.000000000000000000, 1.000000000000000000 ) ) ;
#3971 = DIRECTION ( 'NONE',  ( 0.000000000000000000, 0.000000000000000000, -1.000000000000000000 ) ) ;
#3972 = SURFACE_SIDE_STYLE ('',( #2858 ) ) ;
#3973 = ORIENTED_EDGE ( 'NONE', *, *, #3787, .T. ) ;
#3974 = FILL_AREA_STYLE_COLOUR ( '', #6428 ) ;
#3975 = ORIENTED_EDGE ( 'NONE', *, *, #5695, .T. ) ;
#3976 = PRESENTATION_LAYER_ASSIGNMENT (  '', '', ( #2408 ) ) ;
#3977 = CARTESIAN_POINT ( 'NONE',  ( -1.100000000000000311, -0.8500000000000000888, 0.5500000000000000444 ) ) ;
#3978 = FILL_AREA_STYLE ('',( #1951 ) ) ;
#3979 =( NAMED_UNIT ( * ) SI_UNIT ( $, .STERADIAN. ) SOLID_ANGLE_UNIT ( ) );
#3980 = VECTOR ( 'NONE', #2785, 1000.000000000000000 ) ;
#3981 = SURFACE_SIDE_STYLE ('',( #1028 ) ) ;
#3982 = SURFACE_STYLE_FILL_AREA ( #5497 ) ;
#3983 = FILL_AREA_STYLE ('',( #5396 ) ) ;
#3984 = SURFACE_STYLE_FILL_AREA ( #6238 ) ;
#3985 = DIRECTION ( 'NONE',  ( 1.000000000000000000, 0.000000000000000000, -0.000000000000000000 ) ) ;
#3986 = SURFACE_SIDE_STYLE ('',( #1339 ) ) ;
#3987 = EDGE_CURVE ( 'NONE', #5334, #1643, #1726, .T. ) ;
#3988 = EDGE_CURVE ( 'NONE', #5178, #6339, #2561, .T. ) ;
#3989 = CARTESIAN_POINT ( 'NONE',  ( 0.8999999999999999112, 0.8750000000000000000, 0.3500000000000000333 ) ) ;
#3990 = LINE ( 'NONE', #4409, #6449 ) ;
#3991 =( NAMED_UNIT ( * ) PLANE_ANGLE_UNIT ( ) SI_UNIT ( $, .RADIAN. ) );
#3992 = CARTESIAN_POINT ( 'NONE',  ( 1.249999999999999778, 0.8499999999999999778, -0.3500000000000000333 ) ) ;
#3993 = COLOUR_RGB ( '',0.2862745098039215508, 0.2862745098039215508, 0.2862745098039215508 ) ;
#3994 = ORIENTED_EDGE ( 'NONE', *, *, #1059, .T. ) ;
#3995 = FILL_AREA_STYLE_COLOUR ( '', #1497 ) ;
#3996 = CARTESIAN_POINT ( 'NONE',  ( -1.250000000000000000, -0.9999999999999995559, -0.1500000000000000500 ) ) ;
#3997 = EDGE_CURVE ( 'NONE', #2956, #5406, #3562, .T. ) ;
#3998 = ADVANCED_FACE ( 'NONE', ( #5160 ), #684, .F. ) ;
#3999 =( NAMED_UNIT ( * ) SI_UNIT ( $, .STERADIAN. ) SOLID_ANGLE_UNIT ( ) );
#4000 = VECTOR ( 'NONE', #5159, 1000.000000000000000 ) ;
#4001 = UNCERTAINTY_MEASURE_WITH_UNIT (LENGTH_MEASURE( 1.000000000000000082E-05 ), #3903, 'distance_accuracy_value', 'NONE');
#4002 = UNCERTAINTY_MEASURE_WITH_UNIT (LENGTH_MEASURE( 1.000000000000000082E-05 ), #1413, 'distance_accuracy_value', 'NONE');
#4003 = LINE ( 'NONE', #6413, #6045 ) ;
#4004 = FILL_AREA_STYLE_COLOUR ( '', #2995 ) ;
#4005 = DIRECTION ( 'NONE',  ( 0.000000000000000000, -1.000000000000000000, 0.000000000000000000 ) ) ;
#4006 = ORIENTED_EDGE ( 'NONE', *, *, #2695, .F. ) ;
#4007 = CIRCLE ( 'NONE', #2016, 0.09999999999999999167 ) ;
#4008 = SURFACE_STYLE_FILL_AREA ( #1484 ) ;
#4009 = VERTEX_POINT ( 'NONE', #2477 ) ;
#4010 = MECHANICAL_DESIGN_GEOMETRIC_PRESENTATION_REPRESENTATION (  '', ( #3380 ), #1388 ) ;
#4011 = DIRECTION ( 'NONE',  ( 0.000000000000000000, 0.000000000000000000, -1.000000000000000000 ) ) ;
#4012 = EDGE_LOOP ( 'NONE', ( #4688, #3932, #763, #394 ) ) ;
#4013 =( LENGTH_UNIT ( ) NAMED_UNIT ( * ) SI_UNIT ( .MILLI., .METRE. ) );
#4014 = STYLED_ITEM ( 'NONE', ( #3949 ), #382 ) ;
#4015 = VECTOR ( 'NONE', #2619, 1000.000000000000000 ) ;
#4016 = LINE ( 'NONE', #1528, #5197 ) ;
#4017 = DIRECTION ( 'NONE',  ( -0.000000000000000000, 0.000000000000000000, -1.000000000000000000 ) ) ;
#4018 = SURFACE_STYLE_USAGE ( .BOTH. , #3981 ) ;
#4019 = VECTOR ( 'NONE', #5861, 1000.000000000000000 ) ;
#4020 = SURFACE_SIDE_STYLE ('',( #2969 ) ) ;
#4021 =( NAMED_UNIT ( * ) PLANE_ANGLE_UNIT ( ) SI_UNIT ( $, .RADIAN. ) );
#4022 = CARTESIAN_POINT ( 'NONE',  ( -0.4749999999999998113, -0.8939339828220185247, -0.3500000000000000333 ) ) ;
#4023 = PRESENTATION_STYLE_ASSIGNMENT (( #5045 ) ) ;
#4024 = VECTOR ( 'NONE', #4470, 1000.000000000000000 ) ;
#4025 = PRESENTATION_LAYER_ASSIGNMENT (  '', '', ( #3511 ) ) ;
#4026 =( LENGTH_UNIT ( ) NAMED_UNIT ( * ) SI_UNIT ( .MILLI., .METRE. ) );
#4027 = MECHANICAL_DESIGN_GEOMETRIC_PRESENTATION_REPRESENTATION (  '', ( #869 ), #1085 ) ;
#4028 = AXIS2_PLACEMENT_3D ( 'NONE', #4441, #1934, #6480 ) ;
#4029 = UNCERTAINTY_MEASURE_WITH_UNIT (LENGTH_MEASURE( 1.000000000000000082E-05 ), #4916, 'distance_accuracy_value', 'NONE');
#4030 = COLOUR_RGB ( '',0.8627450980392157298, 0.6274509803921568540, 0.05882352941176470507 ) ;
#4031 =( LENGTH_UNIT ( ) NAMED_UNIT ( * ) SI_UNIT ( .MILLI., .METRE. ) );
#4032 = AXIS2_PLACEMENT_3D ( 'NONE', #4165, #4686, #195 ) ;
#4033 = VECTOR ( 'NONE', #2547, 1000.000000000000000 ) ;
#4034 = CARTESIAN_POINT ( 'NONE',  ( -1.100000000000000311, 1.000000000000000000, -0.3500000000000000333 ) ) ;
#4035 = STYLED_ITEM ( 'NONE', ( #1260 ), #4811 ) ;
#4036 = STYLED_ITEM ( 'NONE', ( #2393 ), #4174 ) ;
#4037 = SURFACE_SIDE_STYLE ('',( #1009 ) ) ;
#4038 = DIRECTION ( 'NONE',  ( 0.000000000000000000, 0.000000000000000000, -1.000000000000000000 ) ) ;
#4039 =( NAMED_UNIT ( * ) SI_UNIT ( $, .STERADIAN. ) SOLID_ANGLE_UNIT ( ) );
#4040 =( GEOMETRIC_REPRESENTATION_CONTEXT ( 3 ) GLOBAL_UNCERTAINTY_ASSIGNED_CONTEXT ( ( #4366 ) ) GLOBAL_UNIT_ASSIGNED_CONTEXT ( ( #9, #1554, #5033 ) ) REPRESENTATION_CONTEXT ( 'NONE', 'WORKASPACE' ) );
#4041 = EDGE_CURVE ( 'NONE', #2806, #2438, #6083, .T. ) ;
#4042 = FILL_AREA_STYLE ('',( #1016 ) ) ;
#4043 = EDGE_CURVE ( 'NONE', #3052, #3484, #4088, .T. ) ;
#4044 = DIRECTION ( 'NONE',  ( -1.000000000000000000, 0.000000000000000000, -0.000000000000000000 ) ) ;
#4045 = FILL_AREA_STYLE_COLOUR ( '', #968 ) ;
#4046 = VERTEX_POINT ( 'NONE', #5989 ) ;
#4047 = AXIS2_PLACEMENT_3D ( 'NONE', #5077, #190, #5009 ) ;
#4048 = SURFACE_STYLE_FILL_AREA ( #5447 ) ;
#4049 = VERTEX_POINT ( 'NONE', #1488 ) ;
#4050 = COLOUR_RGB ( '',0.8039215686274510109, 0.8039215686274510109, 0.8039215686274510109 ) ;
#4051 = ORIENTED_EDGE ( 'NONE', *, *, #1752, .F. ) ;
#4052 = AXIS2_PLACEMENT_3D ( 'NONE', #2596, #4548, #4604 ) ;
#4053 = EDGE_CURVE ( 'NONE', #6278, #6263, #4841, .T. ) ;
#4054 = FILL_AREA_STYLE ('',( #3029 ) ) ;
#4055 = FILL_AREA_STYLE_COLOUR ( '', #2132 ) ;
#4056 = SURFACE_STYLE_USAGE ( .BOTH. , #4126 ) ;
#4057 = COLOUR_RGB ( '',0.2862745098039215508, 0.2862745098039215508, 0.2862745098039215508 ) ;
#4058 = AXIS2_PLACEMENT_3D ( 'NONE', #884, #3896, #3454 ) ;
#4059 = ORIENTED_EDGE ( 'NONE', *, *, #4849, .T. ) ;
#4060 = CARTESIAN_POINT ( 'NONE',  ( 1.143933982822017636, 0.8044079500593136478, -0.3500000000000000333 ) ) ;
#4061 = DIRECTION ( 'NONE',  ( -1.000000000000000000, 0.000000000000000000, 0.000000000000000000 ) ) ;
#4062 = CYLINDRICAL_SURFACE ( 'NONE', #6160, 0.1499999999999999667 ) ;
#4063 = PRESENTATION_STYLE_ASSIGNMENT (( #840 ) ) ;
#4064 = AXIS2_PLACEMENT_3D ( 'NONE', #6492, #1390, #4911 ) ;
#4065 = DIRECTION ( 'NONE',  ( -0.000000000000000000, 0.000000000000000000, 1.000000000000000000 ) ) ;
#4066 = DIRECTION ( 'NONE',  ( 1.000000000000000000, 5.613672572362096360E-16, 0.000000000000000000 ) ) ;
#4067 = VECTOR ( 'NONE', #1722, 1000.000000000000000 ) ;
#4068 = LINE ( 'NONE', #6138, #2550 ) ;
#4069 = FACE_OUTER_BOUND ( 'NONE', #6482, .T. ) ;
#4070 = ORIENTED_EDGE ( 'NONE', *, *, #6419, .T. ) ;
#4071 =( NAMED_UNIT ( * ) PLANE_ANGLE_UNIT ( ) SI_UNIT ( $, .RADIAN. ) );
#4072 = DIRECTION ( 'NONE',  ( 1.000000000000000000, 0.000000000000000000, 0.000000000000000000 ) ) ;
#4073 =( NAMED_UNIT ( * ) PLANE_ANGLE_UNIT ( ) SI_UNIT ( $, .RADIAN. ) );
#4074 = PLANE ( 'NONE',  #1570 ) ;
#4075 = UNCERTAINTY_MEASURE_WITH_UNIT (LENGTH_MEASURE( 1.000000000000000082E-05 ), #3516, 'distance_accuracy_value', 'NONE');
#4076 = UNCERTAINTY_MEASURE_WITH_UNIT (LENGTH_MEASURE( 1.000000000000000082E-05 ), #3343, 'distance_accuracy_value', 'NONE');
#4077 = CARTESIAN_POINT ( 'NONE',  ( -5.018252680870375239E-16, 0.8939339828220185247, -0.1500000000000000500 ) ) ;
#4078 = LINE ( 'NONE', #1048, #5754 ) ;
#4079 = STYLED_ITEM ( 'NONE', ( #3366 ), #5616 ) ;
#4080 = CYLINDRICAL_SURFACE ( 'NONE', #3912, 0.1000000000000000472 ) ;
#4081 = ORIENTED_EDGE ( 'NONE', *, *, #2993, .F. ) ;
#4082 = ADVANCED_FACE ( 'NONE', ( #5487 ), #5522, .T. ) ;
#4083 = DIRECTION ( 'NONE',  ( 1.000000000000000000, 0.000000000000000000, 0.000000000000000000 ) ) ;
#4084 = ORIENTED_EDGE ( 'NONE', *, *, #5317, .T. ) ;
#4085 = EDGE_CURVE ( 'NONE', #3697, #148, #88, .T. ) ;
#4087 = EDGE_CURVE ( 'NONE', #1233, #5671, #277, .T. ) ;
#4086 = ORIENTED_EDGE ( 'NONE', *, *, #2163, .F. ) ;
#4088 = LINE ( 'NONE', #3977, #2576 ) ;
#4089 =( GEOMETRIC_REPRESENTATION_CONTEXT ( 3 ) GLOBAL_UNCERTAINTY_ASSIGNED_CONTEXT ( ( #5579 ) ) GLOBAL_UNIT_ASSIGNED_CONTEXT ( ( #5760, #1197, #5784 ) ) REPRESENTATION_CONTEXT ( 'NONE', 'WORKASPACE' ) );
#4090 = DIRECTION ( 'NONE',  ( 0.000000000000000000, 1.000000000000000000, 0.000000000000000000 ) ) ;
#4091 = FILL_AREA_STYLE_COLOUR ( '', #2494 ) ;
#4092 = CARTESIAN_POINT ( 'NONE',  ( -1.249999999999999778, 0.000000000000000000, -0.3500000000000000333 ) ) ;
#4093 = DIRECTION ( 'NONE',  ( -1.000000000000000000, -2.631322126481670680E-14, 0.000000000000000000 ) ) ;
#4094 = FILL_AREA_STYLE ('',( #4848 ) ) ;
#4095 = CARTESIAN_POINT ( 'NONE',  ( -1.027500000000000080, -1.000000000000000000, -0.3500000000000000333 ) ) ;
#4097 = EDGE_CURVE ( 'NONE', #1356, #896, #2269, .T. ) ;
#4096 = EDGE_LOOP ( 'NONE', ( #3163, #3794, #1982, #5412 ) ) ;
#4098 = DIRECTION ( 'NONE',  ( -0.000000000000000000, -0.000000000000000000, 1.000000000000000000 ) ) ;
#4099 = FILL_AREA_STYLE ('',( #4950 ) ) ;
#4100 = PRESENTATION_STYLE_ASSIGNMENT (( #5192 ) ) ;
#4101 = DIRECTION ( 'NONE',  ( 0.000000000000000000, 1.000000000000000000, -0.000000000000000000 ) ) ;
#4102 = DIRECTION ( 'NONE',  ( 1.000000000000000000, 0.000000000000000000, 0.000000000000000000 ) ) ;
#4103 = UNCERTAINTY_MEASURE_WITH_UNIT (LENGTH_MEASURE( 1.000000000000000082E-05 ), #632, 'distance_accuracy_value', 'NONE');
#4104 = CARTESIAN_POINT ( 'NONE',  ( -0.9000000000000003553, -0.6500000000000001332, 0.3500000000000000333 ) ) ;
#4105 = LINE ( 'NONE', #3176, #5158 ) ;
#4106 = DIRECTION ( 'NONE',  ( 1.000000000000000000, 0.000000000000000000, 0.000000000000000000 ) ) ;
#4107 = ORIENTED_EDGE ( 'NONE', *, *, #4498, .F. ) ;
#4108 = DIRECTION ( 'NONE',  ( 1.000000000000000000, 0.000000000000000000, -0.000000000000000000 ) ) ;
#4109 =( NAMED_UNIT ( * ) PLANE_ANGLE_UNIT ( ) SI_UNIT ( $, .RADIAN. ) );
#4110 =( NAMED_UNIT ( * ) SI_UNIT ( $, .STERADIAN. ) SOLID_ANGLE_UNIT ( ) );
#4111 = CYLINDRICAL_SURFACE ( 'NONE', #178, 0.1999999999999999833 ) ;
#4112 = SURFACE_STYLE_FILL_AREA ( #11 ) ;
#4113 = AXIS2_PLACEMENT_3D ( 'NONE', #3765, #3372, #2419 ) ;
#4114 = CARTESIAN_POINT ( 'NONE',  ( 0.4749999999999998113, -0.8939339828220185247, -0.3500000000000000333 ) ) ;
#4115 = PRESENTATION_STYLE_ASSIGNMENT (( #3487 ) ) ;
#4116 = PRESENTATION_STYLE_ASSIGNMENT (( #6110 ) ) ;
#4117 = VERTEX_POINT ( 'NONE', #2183 ) ;
#4118 = ORIENTED_EDGE ( 'NONE', *, *, #1159, .F. ) ;
#4119 = VERTEX_POINT ( 'NONE', #2636 ) ;
#4120 = PRESENTATION_LAYER_ASSIGNMENT (  '', '', ( #4719 ) ) ;
#4121 = SURFACE_STYLE_USAGE ( .BOTH. , #5551 ) ;
#4122 = FACE_OUTER_BOUND ( 'NONE', #2109, .T. ) ;
#4123 = CARTESIAN_POINT ( 'NONE',  ( -0.7150000000000003020, -0.5650000000000002798, 0.6500000000000001332 ) ) ;
#4124 = ADVANCED_FACE ( 'NONE', ( #5726 ), #469, .F. ) ;
#4125 = EDGE_LOOP ( 'NONE', ( #3088, #319, #6, #1584 ) ) ;
#4126 = SURFACE_SIDE_STYLE ('',( #4164 ) ) ;
#4127 = PRESENTATION_LAYER_ASSIGNMENT (  '', '', ( #4014 ) ) ;
#4128 = ORIENTED_EDGE ( 'NONE', *, *, #1874, .T. ) ;
#4129 = LINE ( 'NONE', #198, #658 ) ;
#4130 = DIRECTION ( 'NONE',  ( -0.000000000000000000, -0.000000000000000000, -1.000000000000000000 ) ) ;
#4131 = UNCERTAINTY_MEASURE_WITH_UNIT (LENGTH_MEASURE( 1.000000000000000082E-05 ), #5066, 'distance_accuracy_value', 'NONE');
#4132 = CARTESIAN_POINT ( 'NONE',  ( 5.018252680870375239E-16, 0.8939339828220185247, -0.3500000000000000333 ) ) ;
#4133 = PRESENTATION_STYLE_ASSIGNMENT (( #2123 ) ) ;
#4134 = ADVANCED_FACE ( 'NONE', ( #1129 ), #2712, .F. ) ;
#4135 = CIRCLE ( 'NONE', #1285, 0.2225000000000002531 ) ;
#4136 = EDGE_CURVE ( 'NONE', #6393, #2042, #734, .T. ) ;
#4137 = SURFACE_STYLE_USAGE ( .BOTH. , #5605 ) ;
#4138 = SURFACE_SIDE_STYLE ('',( #4695 ) ) ;
#4139 = AXIS2_PLACEMENT_3D ( 'NONE', #418, #4405, #2877 ) ;
#4140 = CARTESIAN_POINT ( 'NONE',  ( 1.249999999999999778, 0.7775000000000000799, -0.3500000000000000333 ) ) ;
#4141 = PRESENTATION_LAYER_ASSIGNMENT (  '', '', ( #1923 ) ) ;
#4142 = AXIS2_PLACEMENT_3D ( 'NONE', #2130, #4227, #4143 ) ;
#4143 = DIRECTION ( 'NONE',  ( -1.000000000000000000, 0.000000000000000000, 0.000000000000000000 ) ) ;
#4144 = ORIENTED_EDGE ( 'NONE', *, *, #5562, .F. ) ;
#4145 = CIRCLE ( 'NONE', #1826, 0.02500000000000001180 ) ;
#4146 = AXIS2_PLACEMENT_3D ( 'NONE', #4917, #2260, #1988 ) ;
#4147 = DIRECTION ( 'NONE',  ( 0.000000000000000000, 0.000000000000000000, -1.000000000000000000 ) ) ;
#4148 = CARTESIAN_POINT ( 'NONE',  ( 0.4749999999999999223, -4.525973552995888183E-17, -0.3500000000000000333 ) ) ;
#4149 = UNCERTAINTY_MEASURE_WITH_UNIT (LENGTH_MEASURE( 1.000000000000000082E-05 ), #3968, 'distance_accuracy_value', 'NONE');
#4150 = MECHANICAL_DESIGN_GEOMETRIC_PRESENTATION_REPRESENTATION (  '', ( #576 ), #4953 ) ;
#4151 =( GEOMETRIC_REPRESENTATION_CONTEXT ( 3 ) GLOBAL_UNCERTAINTY_ASSIGNED_CONTEXT ( ( #5831 ) ) GLOBAL_UNIT_ASSIGNED_CONTEXT ( ( #4013, #5075, #6014 ) ) REPRESENTATION_CONTEXT ( 'NONE', 'WORKASPACE' ) );
#4152 = CARTESIAN_POINT ( 'NONE',  ( 1.099999999999999867, 0.8500000000000000888, 0.5500000000000000444 ) ) ;
#4153 = ORIENTED_EDGE ( 'NONE', *, *, #3198, .F. ) ;
#4154 = PLANE ( 'NONE',  #4711 ) ;
#4155 = ORIENTED_EDGE ( 'NONE', *, *, #5858, .F. ) ;
#4156 = PRESENTATION_LAYER_ASSIGNMENT (  '', '', ( #781 ) ) ;
#4157 = ORIENTED_EDGE ( 'NONE', *, *, #1680, .F. ) ;
#4158 = CARTESIAN_POINT ( 'NONE',  ( 1.027499999999999858, 1.000000000000000000, -0.1500000000000000500 ) ) ;
#4159 = CARTESIAN_POINT ( 'NONE',  ( 1.099999999999999867, -0.6500000000000001332, 0.5500000000000000444 ) ) ;
#4160 = CARTESIAN_POINT ( 'NONE',  ( -1.125000000000000444, -0.6500000000000000222, 0.3750000000000000555 ) ) ;
#4161 =( NAMED_UNIT ( * ) PLANE_ANGLE_UNIT ( ) SI_UNIT ( $, .RADIAN. ) );
#4162 = ORIENTED_EDGE ( 'NONE', *, *, #1601, .F. ) ;
#4163 = DIRECTION ( 'NONE',  ( 4.523087997816324217E-16, 1.000000000000000000, 0.000000000000000000 ) ) ;
#4164 = SURFACE_STYLE_FILL_AREA ( #679 ) ;
#4165 = CARTESIAN_POINT ( 'NONE',  ( -1.040000000000000258, 0.6500000000000001332, 0.6500000000000001332 ) ) ;
#4166 = ORIENTED_EDGE ( 'NONE', *, *, #4906, .T. ) ;
#4167 = CIRCLE ( 'NONE', #2171, 0.2225000000000002531 ) ;
#4168 = FILL_AREA_STYLE ('',( #165 ) ) ;
#4169 = VECTOR ( 'NONE', #1368, 1000.000000000000000 ) ;
#4170 = UNCERTAINTY_MEASURE_WITH_UNIT (LENGTH_MEASURE( 1.000000000000000082E-05 ), #6128, 'distance_accuracy_value', 'NONE');
#4171 = EDGE_CURVE ( 'NONE', #3199, #1079, #1254, .T. ) ;
#4172 = EDGE_CURVE ( 'NONE', #2581, #2670, #6026, .T. ) ;
#4173 =( GEOMETRIC_REPRESENTATION_CONTEXT ( 3 ) GLOBAL_UNCERTAINTY_ASSIGNED_CONTEXT ( ( #1691 ) ) GLOBAL_UNIT_ASSIGNED_CONTEXT ( ( #4930, #2499, #2922 ) ) REPRESENTATION_CONTEXT ( 'NONE', 'WORKASPACE' ) );
#4174 = MANIFOLD_SOLID_BREP ( 'Chamfer1', #546 ) ;
#4175 = VECTOR ( 'NONE', #3457, 1000.000000000000000 ) ;
#4176 = LINE ( 'NONE', #749, #4216 ) ;
#4177 = EDGE_CURVE ( 'NONE', #1453, #5667, #918, .T. ) ;
#4178 = CARTESIAN_POINT ( 'NONE',  ( 0.4749999999999998668, -9.051947105991777598E-17, -0.3500000000000000333 ) ) ;
#4179 =( NAMED_UNIT ( * ) PLANE_ANGLE_UNIT ( ) SI_UNIT ( $, .RADIAN. ) );
#4180 = DIRECTION ( 'NONE',  ( 1.000000000000000000, 0.000000000000000000, 0.000000000000000000 ) ) ;
#4181 = ORIENTED_EDGE ( 'NONE', *, *, #3480, .T. ) ;
#4182 = EDGE_LOOP ( 'NONE', ( #1755, #2173, #3186, #1740 ) ) ;
#4183 = DIRECTION ( 'NONE',  ( -1.000000000000000000, 0.000000000000000000, 0.000000000000000000 ) ) ;
#4184 = AXIS2_PLACEMENT_3D ( 'NONE', #3711, #1734, #4673 ) ;
#4185 = PRESENTATION_STYLE_ASSIGNMENT (( #672 ) ) ;
#4186 = CARTESIAN_POINT ( 'NONE',  ( -1.143933982822017636, 0.8044079500593136478, -0.1500000000000000500 ) ) ;
#4187 = SURFACE_SIDE_STYLE ('',( #2083 ) ) ;
#4188 = ORIENTED_EDGE ( 'NONE', *, *, #4932, .F. ) ;
#4189 = DIRECTION ( 'NONE',  ( 0.000000000000000000, 0.000000000000000000, -1.000000000000000000 ) ) ;
#4190 = DIRECTION ( 'NONE',  ( 0.000000000000000000, 0.000000000000000000, 1.000000000000000000 ) ) ;
#4191 = ORIENTED_EDGE ( 'NONE', *, *, #1793, .T. ) ;
#4192 = FACE_OUTER_BOUND ( 'NONE', #5891, .T. ) ;
#4193 = UNCERTAINTY_MEASURE_WITH_UNIT (LENGTH_MEASURE( 1.000000000000000082E-05 ), #1063, 'distance_accuracy_value', 'NONE');
#4194 = CIRCLE ( 'NONE', #2822, 0.1499999999999999667 ) ;
#4195 = CARTESIAN_POINT ( 'NONE',  ( -1.249999999999999778, 1.000000000000000000, -0.3500000000000000333 ) ) ;
#4196 = PLANE ( 'NONE',  #4634 ) ;
#4197 = CARTESIAN_POINT ( 'NONE',  ( -1.250000000000000222, -1.000000000000000000, 0.3500000000000000333 ) ) ;
#4198 = CARTESIAN_POINT ( 'NONE',  ( 1.249999999999999778, -0.8499999999999999778, -0.3510000000000000897 ) ) ;
#4199 = EDGE_CURVE ( 'NONE', #1053, #1313, #3420, .T. ) ;
#4200 = EDGE_CURVE ( 'NONE', #3622, #3123, #691, .T. ) ;
#4201 = SURFACE_SIDE_STYLE ('',( #1119 ) ) ;
#4202 = SURFACE_STYLE_FILL_AREA ( #3183 ) ;
#4203 = ADVANCED_FACE ( 'NONE', ( #3895 ), #5413, .F. ) ;
#4204 = ORIENTED_EDGE ( 'NONE', *, *, #593, .F. ) ;
#4205 = EDGE_CURVE ( 'NONE', #6190, #1165, #5807, .T. ) ;
#4206 = ORIENTED_EDGE ( 'NONE', *, *, #2027, .F. ) ;
#4207 = ORIENTED_EDGE ( 'NONE', *, *, #5929, .T. ) ;
#4208 = CARTESIAN_POINT ( 'NONE',  ( -0.4749999999999998113, -0.8939339828220185247, -0.1500000000000000500 ) ) ;
#4209 = AXIS2_PLACEMENT_3D ( 'NONE', #5666, #1163, #2672 ) ;
#4210 = CARTESIAN_POINT ( 'NONE',  ( -0.4749999999999998113, -0.8939339828220185247, -0.1500000000000000500 ) ) ;
#4211 = FILL_AREA_STYLE ('',( #2706 ) ) ;
#4212 =( NAMED_UNIT ( * ) SI_UNIT ( $, .STERADIAN. ) SOLID_ANGLE_UNIT ( ) );
#4213 = CARTESIAN_POINT ( 'NONE',  ( 0.4749999999999999223, 0.3249999999999999001, -0.1500000000000000500 ) ) ;
#4214 = DIRECTION ( 'NONE',  ( 0.000000000000000000, -1.000000000000000000, 0.000000000000000000 ) ) ;
#4215 = ORIENTED_EDGE ( 'NONE', *, *, #5703, .F. ) ;
#4216 = VECTOR ( 'NONE', #4756, 1000.000000000000000 ) ;
#4217 = STYLED_ITEM ( 'NONE', ( #6275 ), #2432 ) ;
#4218 = LINE ( 'NONE', #2743, #467 ) ;
#4219 = ORIENTED_EDGE ( 'NONE', *, *, #908, .F. ) ;
#4220 = STYLED_ITEM ( 'NONE', ( #513 ), #97 ) ;
#4221 = FILL_AREA_STYLE ('',( #1724 ) ) ;
#4222 = CARTESIAN_POINT ( 'NONE',  ( 0.05833004110700093503, 1.057328136146803432, 0.3500000000000000333 ) ) ;
#4223 =( GEOMETRIC_REPRESENTATION_CONTEXT ( 3 ) GLOBAL_UNCERTAINTY_ASSIGNED_CONTEXT ( ( #3706 ) ) GLOBAL_UNIT_ASSIGNED_CONTEXT ( ( #3510, #5461, #2343 ) ) REPRESENTATION_CONTEXT ( 'NONE', 'WORKASPACE' ) );
#4224 =( GEOMETRIC_REPRESENTATION_CONTEXT ( 3 ) GLOBAL_UNCERTAINTY_ASSIGNED_CONTEXT ( ( #530 ) ) GLOBAL_UNIT_ASSIGNED_CONTEXT ( ( #3273, #4382, #5274 ) ) REPRESENTATION_CONTEXT ( 'NONE', 'WORKASPACE' ) );
#4225 = CARTESIAN_POINT ( 'NONE',  ( 1.143933982822017636, -0.3250000000000001776, -0.3500000000000000333 ) ) ;
#4226 = CYLINDRICAL_SURFACE ( 'NONE', #1733, 0.2225000000000000311 ) ;
#4227 = DIRECTION ( 'NONE',  ( 0.000000000000000000, 0.000000000000000000, -1.000000000000000000 ) ) ;
#4228 = CARTESIAN_POINT ( 'NONE',  ( 1.143933982822017859, -5.174114067996492916E-16, -0.3500000000000000333 ) ) ;
#4229 = MECHANICAL_DESIGN_GEOMETRIC_PRESENTATION_REPRESENTATION (  '', ( #1196 ), #262 ) ;
#4230 =( GEOMETRIC_REPRESENTATION_CONTEXT ( 3 ) GLOBAL_UNCERTAINTY_ASSIGNED_CONTEXT ( ( #3675 ) ) GLOBAL_UNIT_ASSIGNED_CONTEXT ( ( #5060, #1041, #5506 ) ) REPRESENTATION_CONTEXT ( 'NONE', 'WORKASPACE' ) );
#4231 = SURFACE_STYLE_FILL_AREA ( #2175 ) ;
#4232 = CARTESIAN_POINT ( 'NONE',  ( 0.4749999999999998668, -9.051947105991777598E-17, -0.1500000000000000500 ) ) ;
#4233 = DIRECTION ( 'NONE',  ( -0.000000000000000000, -0.000000000000000000, 1.000000000000000000 ) ) ;
#4234 = STYLED_ITEM ( 'NONE', ( #838 ), #1030 ) ;
#4235 = ORIENTED_EDGE ( 'NONE', *, *, #5890, .F. ) ;
#4236 = AXIS2_PLACEMENT_3D ( 'NONE', #5014, #2513, #4527 ) ;
#4237 = FACE_OUTER_BOUND ( 'NONE', #6202, .T. ) ;
#4238 = ORIENTED_EDGE ( 'NONE', *, *, #4708, .T. ) ;
#4239 = VERTEX_POINT ( 'NONE', #5373 ) ;
#4240 = DIRECTION ( 'NONE',  ( 5.613672572362096360E-16, 1.000000000000000000, 0.000000000000000000 ) ) ;
#4241 = COLOUR_RGB ( '',0.8039215686274510109, 0.8039215686274510109, 0.8039215686274510109 ) ;
#4242 = ADVANCED_FACE ( 'NONE', ( #3799 ), #883, .T. ) ;
#4243 = ADVANCED_FACE ( 'NONE', ( #1013 ), #1512, .F. ) ;
#4244 = LINE ( 'NONE', #223, #4579 ) ;
#4245 = SURFACE_STYLE_USAGE ( .BOTH. , #761 ) ;
#4246 = ORIENTED_EDGE ( 'NONE', *, *, #4043, .F. ) ;
#4247 = PRESENTATION_LAYER_ASSIGNMENT (  '', '', ( #582 ) ) ;
#4248 = UNCERTAINTY_MEASURE_WITH_UNIT (LENGTH_MEASURE( 1.000000000000000082E-05 ), #3771, 'distance_accuracy_value', 'NONE');
#4249 = MECHANICAL_DESIGN_GEOMETRIC_PRESENTATION_REPRESENTATION (  '', ( #3505 ), #3401 ) ;
#4250 = VERTEX_POINT ( 'NONE', #2983 ) ;
#4251 = EDGE_CURVE ( 'NONE', #4606, #1851, #5542, .T. ) ;
#4252 = DIRECTION ( 'NONE',  ( 0.000000000000000000, -0.000000000000000000, 1.000000000000000000 ) ) ;
#4253 = DIRECTION ( 'NONE',  ( 0.000000000000000000, 0.000000000000000000, -1.000000000000000000 ) ) ;
#4254 =( NAMED_UNIT ( * ) PLANE_ANGLE_UNIT ( ) SI_UNIT ( $, .RADIAN. ) );
#4255 = UNCERTAINTY_MEASURE_WITH_UNIT (LENGTH_MEASURE( 1.000000000000000082E-05 ), #2732, 'distance_accuracy_value', 'NONE');
#4256 = SURFACE_STYLE_USAGE ( .BOTH. , #6397 ) ;
#4257 = CIRCLE ( 'NONE', #4052, 0.2225000000000002531 ) ;
#4258 =( LENGTH_UNIT ( ) NAMED_UNIT ( * ) SI_UNIT ( .MILLI., .METRE. ) );
#4259 = MECHANICAL_DESIGN_GEOMETRIC_PRESENTATION_REPRESENTATION (  '', ( #1852 ), #6478 ) ;
#4260 = AXIS2_PLACEMENT_3D ( 'NONE', #2468, #4998, #4508 ) ;
#4261 = PLANE ( 'NONE',  #2873 ) ;
#4262 =( LENGTH_UNIT ( ) NAMED_UNIT ( * ) SI_UNIT ( .MILLI., .METRE. ) );
#4263 = SURFACE_STYLE_FILL_AREA ( #241 ) ;
#4264 = ORIENTED_EDGE ( 'NONE', *, *, #4666, .F. ) ;
#4265 = EDGE_LOOP ( 'NONE', ( #4934, #2112, #4479, #647 ) ) ;
#4266 =( NAMED_UNIT ( * ) SI_UNIT ( $, .STERADIAN. ) SOLID_ANGLE_UNIT ( ) );
#4267 = VECTOR ( 'NONE', #1455, 1000.000000000000000 ) ;
#4268 = EDGE_LOOP ( 'NONE', ( #5005, #5316, #5908, #5955 ) ) ;
#4269 = FILL_AREA_STYLE ('',( #5183 ) ) ;
#4270 = AXIS2_PLACEMENT_3D ( 'NONE', #1578, #1081, #3083 ) ;
#4271 =( NAMED_UNIT ( * ) SI_UNIT ( $, .STERADIAN. ) SOLID_ANGLE_UNIT ( ) );
#4272 = EDGE_CURVE ( 'NONE', #855, #1356, #1044, .T. ) ;
#4273 = LINE ( 'NONE', #362, #5202 ) ;
#4274 = FACE_OUTER_BOUND ( 'NONE', #1485, .T. ) ;
#4275 = AXIS2_PLACEMENT_3D ( 'NONE', #818, #4362, #1873 ) ;
#4276 = SURFACE_STYLE_USAGE ( .BOTH. , #1320 ) ;
#4277 = ORIENTED_EDGE ( 'NONE', *, *, #126, .T. ) ;
#4278 = FILL_AREA_STYLE ('',( #739 ) ) ;
#4279 = EDGE_CURVE ( 'NONE', #2980, #1659, #560, .T. ) ;
#4280 = ORIENTED_EDGE ( 'NONE', *, *, #3121, .F. ) ;
#4281 = PRESENTATION_STYLE_ASSIGNMENT (( #2283 ) ) ;
#4282 =( LENGTH_UNIT ( ) NAMED_UNIT ( * ) SI_UNIT ( .MILLI., .METRE. ) );
#4283 = DIRECTION ( 'NONE',  ( -1.000000000000000000, 0.000000000000000000, 0.000000000000000000 ) ) ;
#4284 = ORIENTED_EDGE ( 'NONE', *, *, #4347, .T. ) ;
#4285 = VECTOR ( 'NONE', #24, 1000.000000000000000 ) ;
#4286 = SURFACE_STYLE_FILL_AREA ( #4843 ) ;
#4287 = SURFACE_SIDE_STYLE ('',( #3820 ) ) ;
#4288 = AXIS2_PLACEMENT_3D ( 'NONE', #4619, #2052, #1173 ) ;
#4289 =( NAMED_UNIT ( * ) SI_UNIT ( $, .STERADIAN. ) SOLID_ANGLE_UNIT ( ) );
#4290 = PRESENTATION_LAYER_ASSIGNMENT (  '', '', ( #6294 ) ) ;
#4291 = DIRECTION ( 'NONE',  ( 0.000000000000000000, 0.000000000000000000, -1.000000000000000000 ) ) ;
#4292 = MECHANICAL_DESIGN_GEOMETRIC_PRESENTATION_REPRESENTATION (  '', ( #582 ), #1467 ) ;
#4293 = FILL_AREA_STYLE ('',( #4672 ) ) ;
#4294 = ORIENTED_EDGE ( 'NONE', *, *, #4550, .F. ) ;
#4295 = ORIENTED_EDGE ( 'NONE', *, *, #2800, .F. ) ;
#4296 = PLANE ( 'NONE',  #6200 ) ;
#4297 = FILL_AREA_STYLE_COLOUR ( '', #1294 ) ;
#4298 = ORIENTED_EDGE ( 'NONE', *, *, #3408, .F. ) ;
#4299 = CARTESIAN_POINT ( 'NONE',  ( -1.250000000000000222, -1.000000000000000000, -0.1500000000000000500 ) ) ;
#4300 = LINE ( 'NONE', #3801, #1255 ) ;
#4301 =( NAMED_UNIT ( * ) SI_UNIT ( $, .STERADIAN. ) SOLID_ANGLE_UNIT ( ) );
#4302 = CYLINDRICAL_SURFACE ( 'NONE', #344, 0.02499999999999995628 ) ;
#4303 = EDGE_LOOP ( 'NONE', ( #5764, #3636, #2781, #2763 ) ) ;
#4304 = PRODUCT_DEFINITION_SHAPE ( 'NONE', 'NONE',  #2837 ) ;
#4305 =( NAMED_UNIT ( * ) SI_UNIT ( $, .STERADIAN. ) SOLID_ANGLE_UNIT ( ) );
#4306 = ORIENTED_EDGE ( 'NONE', *, *, #3955, .T. ) ;
#4307 = SURFACE_STYLE_FILL_AREA ( #6391 ) ;
#4308 = PRESENTATION_LAYER_ASSIGNMENT (  '', '', ( #4217 ) ) ;
#4309 = DIRECTION ( 'NONE',  ( 0.000000000000000000, -1.000000000000000000, 0.000000000000000000 ) ) ;
#4310 = VERTEX_POINT ( 'NONE', #74 ) ;
#4311 = COLOUR_RGB ( '',0.8039215686274510109, 0.8039215686274510109, 0.8039215686274510109 ) ;
#4312 = AXIS2_PLACEMENT_3D ( 'NONE', #1052, #2076, #6079 ) ;
#4313 = DIRECTION ( 'NONE',  ( -0.000000000000000000, 0.000000000000000000, 1.000000000000000000 ) ) ;
#4314 = EDGE_CURVE ( 'NONE', #3189, #5557, #4631, .T. ) ;
#4315 = ADVANCED_FACE ( 'NONE', ( #3575 ), #3496, .T. ) ;
#4316 = PLANE ( 'NONE',  #6182 ) ;
#4317 = STYLED_ITEM ( 'NONE', ( #259 ), #278 ) ;
#4318 = DIRECTION ( 'NONE',  ( -0.000000000000000000, -0.000000000000000000, 1.000000000000000000 ) ) ;
#4319 = VECTOR ( 'NONE', #2866, 1000.000000000000000 ) ;
#4320 = FACE_OUTER_BOUND ( 'NONE', #2946, .T. ) ;
#4321 = PRESENTATION_STYLE_ASSIGNMENT (( #1373 ) ) ;
#4322 = ORIENTED_EDGE ( 'NONE', *, *, #1911, .F. ) ;
#4323 = COLOUR_RGB ( '',0.2862745098039215508, 0.2862745098039215508, 0.2862745098039215508 ) ;
#4324 = EDGE_LOOP ( 'NONE', ( #833, #457, #1230, #5654 ) ) ;
#4325 = SURFACE_SIDE_STYLE ('',( #1273 ) ) ;
#4326 = ORIENTED_EDGE ( 'NONE', *, *, #2593, .F. ) ;
#4327 = VECTOR ( 'NONE', #2454, 1000.000000000000000 ) ;
#4328 = DIRECTION ( 'NONE',  ( -0.000000000000000000, -0.000000000000000000, -1.000000000000000000 ) ) ;
#4329 = VECTOR ( 'NONE', #4698, 1000.000000000000000 ) ;
#4330 = DIRECTION ( 'NONE',  ( -0.000000000000000000, -0.000000000000000000, 1.000000000000000000 ) ) ;
#4331 = CARTESIAN_POINT ( 'NONE',  ( -0.9000000000000003553, -0.6500000000000001332, 0.5749999999999999556 ) ) ;
#4332 = ORIENTED_EDGE ( 'NONE', *, *, #2845, .T. ) ;
#4333 = CARTESIAN_POINT ( 'NONE',  ( 0.8999999999999999112, 0.6500000000000001332, 0.3750000000000000555 ) ) ;
#4334 = AXIS2_PLACEMENT_3D ( 'NONE', #5429, #3764, #4291 ) ;
#4335 = ORIENTED_EDGE ( 'NONE', *, *, #1115, .F. ) ;
#4336 = FILL_AREA_STYLE_COLOUR ( '', #987 ) ;
#4337 =( GEOMETRIC_REPRESENTATION_CONTEXT ( 3 ) GLOBAL_UNCERTAINTY_ASSIGNED_CONTEXT ( ( #5341 ) ) GLOBAL_UNIT_ASSIGNED_CONTEXT ( ( #937, #839, #5874 ) ) REPRESENTATION_CONTEXT ( 'NONE', 'WORKASPACE' ) );
#4338 = DIRECTION ( 'NONE',  ( -0.000000000000000000, -0.000000000000000000, 1.000000000000000000 ) ) ;
#4339 = SURFACE_SIDE_STYLE ('',( #3783 ) ) ;
#4340 = ORIENTED_EDGE ( 'NONE', *, *, #1987, .F. ) ;
#4341 = STYLED_ITEM ( 'NONE', ( #5442 ), #4243 ) ;
#4342 = FILL_AREA_STYLE ('',( #2750 ) ) ;
#4343 = EDGE_CURVE ( 'NONE', #4925, #2840, #583, .T. ) ;
#4344 = CARTESIAN_POINT ( 'NONE',  ( -1.027499999999999636, 1.000000000000000000, -0.1500000000000000500 ) ) ;
#4345 = ADVANCED_FACE ( 'NONE', ( #436 ), #5484, .F. ) ;
#4346 = DIRECTION ( 'NONE',  ( 1.000000000000000000, -6.570922257487901119E-16, 0.000000000000000000 ) ) ;
#4347 = EDGE_CURVE ( 'NONE', #1738, #608, #4648, .T. ) ;
#4348 = MECHANICAL_DESIGN_GEOMETRIC_PRESENTATION_REPRESENTATION (  '', ( #702 ), #2888 ) ;
#4349 = SURFACE_STYLE_USAGE ( .BOTH. , #4989 ) ;
#4350 = CARTESIAN_POINT ( 'NONE',  ( 1.054407950059313093, 0.8939339828220179696, -0.1500000000000000500 ) ) ;
#4351 = PLANE ( 'NONE',  #5959 ) ;
#4352 =( NAMED_UNIT ( * ) SI_UNIT ( $, .STERADIAN. ) SOLID_ANGLE_UNIT ( ) );
#4353 = EDGE_LOOP ( 'NONE', ( #1880, #4836, #4939, #3690 ) ) ;
#4354 = DIRECTION ( 'NONE',  ( 1.000000000000000000, 3.241581980666026040E-16, 0.000000000000000000 ) ) ;
#4355 = ORIENTED_EDGE ( 'NONE', *, *, #433, .F. ) ;
#4356 = CYLINDRICAL_SURFACE ( 'NONE', #317, 0.02500000000000001180 ) ;
#4357 = EDGE_CURVE ( 'NONE', #2685, #2077, #3712, .T. ) ;
#4358 = VERTEX_POINT ( 'NONE', #1222 ) ;
#4359 = PRESENTATION_LAYER_ASSIGNMENT (  '', '', ( #4760 ) ) ;
#4360 = COLOUR_RGB ( '',0.8627450980392157298, 0.6274509803921568540, 0.05882352941176470507 ) ;
#4361 = DIRECTION ( 'NONE',  ( -0.000000000000000000, -0.000000000000000000, -1.000000000000000000 ) ) ;
#4362 = DIRECTION ( 'NONE',  ( 0.000000000000000000, 0.000000000000000000, 1.000000000000000000 ) ) ;
#4363 = FILL_AREA_STYLE_COLOUR ( '', #1318 ) ;
#4364 = DIRECTION ( 'NONE',  ( -1.000000000000000000, 0.000000000000000000, 0.000000000000000000 ) ) ;
#4365 = EDGE_LOOP ( 'NONE', ( #3073, #1562, #2948, #5756 ) ) ;
#4366 = UNCERTAINTY_MEASURE_WITH_UNIT (LENGTH_MEASURE( 1.000000000000000082E-05 ), #9, 'distance_accuracy_value', 'NONE');
#4367 = LINE ( 'NONE', #5864, #271 ) ;
#4368 = ORIENTED_EDGE ( 'NONE', *, *, #204, .T. ) ;
#4369 = VECTOR ( 'NONE', #2684, 1000.000000000000000 ) ;
#4370 = FILL_AREA_STYLE_COLOUR ( '', #2067 ) ;
#4371 = DIRECTION ( 'NONE',  ( -0.000000000000000000, -0.000000000000000000, 1.000000000000000000 ) ) ;
#4372 = ORIENTED_EDGE ( 'NONE', *, *, #5695, .F. ) ;
#4373 = CIRCLE ( 'NONE', #3847, 0.1000000000000000472 ) ;
#4374 = PLANE ( 'NONE',  #3672 ) ;
#4375 = CARTESIAN_POINT ( 'NONE',  ( -1.100000000000000311, 1.000000000000000000, -0.1500000000000000500 ) ) ;
#4376 = VECTOR ( 'NONE', #5601, 1000.000000000000000 ) ;
#4377 = DIRECTION ( 'NONE',  ( 1.000000000000000000, 0.000000000000000000, 0.000000000000000000 ) ) ;
#4378 = LINE ( 'NONE', #6399, #988 ) ;
#4379 = PRESENTATION_STYLE_ASSIGNMENT (( #4349 ) ) ;
#4380 =( GEOMETRIC_REPRESENTATION_CONTEXT ( 3 ) GLOBAL_UNCERTAINTY_ASSIGNED_CONTEXT ( ( #4149 ) ) GLOBAL_UNIT_ASSIGNED_CONTEXT ( ( #3968, #3545, #460 ) ) REPRESENTATION_CONTEXT ( 'NONE', 'WORKASPACE' ) );
#4381 = VERTEX_POINT ( 'NONE', #3217 ) ;
#4382 =( NAMED_UNIT ( * ) PLANE_ANGLE_UNIT ( ) SI_UNIT ( $, .RADIAN. ) );
#4383 = ORIENTED_EDGE ( 'NONE', *, *, #2919, .F. ) ;
#4384 = CARTESIAN_POINT ( 'NONE',  ( 1.099999999999999867, 0.8750000000000000000, 0.3750000000000000555 ) ) ;
#4385 = ORIENTED_EDGE ( 'NONE', *, *, #3876, .T. ) ;
#4386 =( LENGTH_UNIT ( ) NAMED_UNIT ( * ) SI_UNIT ( .MILLI., .METRE. ) );
#4387 = FACE_OUTER_BOUND ( 'NONE', #4303, .T. ) ;
#4388 = COLOUR_RGB ( '',0.2862745098039215508, 0.2862745098039215508, 0.2862745098039215508 ) ;
#4389 = FACE_OUTER_BOUND ( 'NONE', #6115, .T. ) ;
#4390 = CARTESIAN_POINT ( 'NONE',  ( 5.018252680870375239E-16, 0.8939339828220185247, -0.3500000000000000333 ) ) ;
#4391 = ADVANCED_FACE ( 'NONE', ( #5215 ), #609, .F. ) ;
#4392 = EDGE_CURVE ( 'NONE', #4310, #2917, #2851, .T. ) ;
#4393 = CARTESIAN_POINT ( 'NONE',  ( 0.8999999999999996891, -0.8150000000000000577, 0.5749999999999999556 ) ) ;
#4394 = CARTESIAN_POINT ( 'NONE',  ( 1.249999999999999556, -1.000000000000000444, -0.3500000000000000333 ) ) ;
#4395 = EDGE_LOOP ( 'NONE', ( #3798, #2959, #4715, #15 ) ) ;
#4396 = ORIENTED_EDGE ( 'NONE', *, *, #78, .F. ) ;
#4397 = FILL_AREA_STYLE_COLOUR ( '', #1938 ) ;
#4398 = ORIENTED_EDGE ( 'NONE', *, *, #779, .F. ) ;
#4399 = LINE ( 'NONE', #2931, #893 ) ;
#4400 = ORIENTED_EDGE ( 'NONE', *, *, #687, .T. ) ;
#4401 = SURFACE_SIDE_STYLE ('',( #5452 ) ) ;
#4402 = FILL_AREA_STYLE_COLOUR ( '', #6217 ) ;
#4403 = DIRECTION ( 'NONE',  ( 0.000000000000000000, 0.000000000000000000, 1.000000000000000000 ) ) ;
#4404 = MECHANICAL_DESIGN_GEOMETRIC_PRESENTATION_REPRESENTATION (  '', ( #236 ), #1698 ) ;
#4405 = DIRECTION ( 'NONE',  ( 0.000000000000000000, 0.000000000000000000, -1.000000000000000000 ) ) ;
#4406 = CIRCLE ( 'NONE', #1183, 0.2225000000000000311 ) ;
#4407 = COLOUR_RGB ( '',0.8039215686274510109, 0.8039215686274510109, 0.8039215686274510109 ) ;
#4408 = LINE ( 'NONE', #1592, #1723 ) ;
#4409 = CARTESIAN_POINT ( 'NONE',  ( -1.143933982822017636, -0.3250000000000001776, -0.1500000000000000500 ) ) ;
#4410 = COLOUR_RGB ( '',0.2862745098039215508, 0.2862745098039215508, 0.2862745098039215508 ) ;
#4411 = ORIENTED_EDGE ( 'NONE', *, *, #5735, .T. ) ;
#4412 = PRESENTATION_STYLE_ASSIGNMENT (( #2421 ) ) ;
#4413 =( GEOMETRIC_REPRESENTATION_CONTEXT ( 3 ) GLOBAL_UNCERTAINTY_ASSIGNED_CONTEXT ( ( #1994 ) ) GLOBAL_UNIT_ASSIGNED_CONTEXT ( ( #2936, #2310, #1885 ) ) REPRESENTATION_CONTEXT ( 'NONE', 'WORKASPACE' ) );
#4414 = TOROIDAL_SURFACE ( 'NONE', #1913, 0.1150000000000000466, 0.02500000000000000139 ) ;
#4415 = AXIS2_PLACEMENT_3D ( 'NONE', #2795, #1802, #4354 ) ;
#4416 = ORIENTED_EDGE ( 'NONE', *, *, #468, .T. ) ;
#4417 = SURFACE_STYLE_FILL_AREA ( #2528 ) ;
#4418 =( NAMED_UNIT ( * ) PLANE_ANGLE_UNIT ( ) SI_UNIT ( $, .RADIAN. ) );
#4419 = DIRECTION ( 'NONE',  ( -0.000000000000000000, 1.000000000000000000, 0.000000000000000000 ) ) ;
#4420 = EDGE_LOOP ( 'NONE', ( #5486, #1581, #3462, #496 ) ) ;
#4421 = PRESENTATION_STYLE_ASSIGNMENT (( #2401 ) ) ;
#4422 = ORIENTED_EDGE ( 'NONE', *, *, #4498, .T. ) ;
#4423 = FILL_AREA_STYLE ('',( #6454 ) ) ;
#4424 = EDGE_CURVE ( 'NONE', #1104, #3154, #2767, .T. ) ;
#4426 = EDGE_CURVE ( 'NONE', #1313, #117, #3611, .T. ) ;
#4425 = ORIENTED_EDGE ( 'NONE', *, *, #6462, .F. ) ;
#4427 = VECTOR ( 'NONE', #4106, 1000.000000000000000 ) ;
#4428 = DIRECTION ( 'NONE',  ( -0.000000000000000000, -0.000000000000000000, 1.000000000000000000 ) ) ;
#4429 = DIRECTION ( 'NONE',  ( 1.000000000000000000, 0.000000000000000000, 0.000000000000000000 ) ) ;
#4430 = COLOUR_RGB ( '',0.8039215686274510109, 0.8039215686274510109, 0.8039215686274510109 ) ;
#4431 = ADVANCED_FACE ( 'NONE', ( #3277 ), #1346, .T. ) ;
#4432 = CIRCLE ( 'NONE', #3616, 0.1000000000000000056 ) ;
#4433 =( GEOMETRIC_REPRESENTATION_CONTEXT ( 3 ) GLOBAL_UNCERTAINTY_ASSIGNED_CONTEXT ( ( #366 ) ) GLOBAL_UNIT_ASSIGNED_CONTEXT ( ( #4386, #847, #4790 ) ) REPRESENTATION_CONTEXT ( 'NONE', 'WORKASPACE' ) );
#4434 = DIRECTION ( 'NONE',  ( 0.000000000000000000, 0.000000000000000000, -1.000000000000000000 ) ) ;
#4435 = CARTESIAN_POINT ( 'NONE',  ( 0.05833004110700093503, 1.057328136146803432, -0.3500000000000000333 ) ) ;
#4436 =( GEOMETRIC_REPRESENTATION_CONTEXT ( 3 ) GLOBAL_UNCERTAINTY_ASSIGNED_CONTEXT ( ( #1888 ) ) GLOBAL_UNIT_ASSIGNED_CONTEXT ( ( #2022, #5995, #4352 ) ) REPRESENTATION_CONTEXT ( 'NONE', 'WORKASPACE' ) );
#4437 = LINE ( 'NONE', #3569, #338 ) ;
#4438 = LINE ( 'NONE', #3006, #1094 ) ;
#4439 = FILL_AREA_STYLE_COLOUR ( '', #2232 ) ;
#4440 =( NAMED_UNIT ( * ) PLANE_ANGLE_UNIT ( ) SI_UNIT ( $, .RADIAN. ) );
#4441 = CARTESIAN_POINT ( 'NONE',  ( 0.8999999999999999112, 0.6500000000000001332, 0.6250000000000001110 ) ) ;
#4442 = VECTOR ( 'NONE', #3250, 1000.000000000000000 ) ;
#4443 = PRESENTATION_STYLE_ASSIGNMENT (( #1970 ) ) ;
#4444 = CARTESIAN_POINT ( 'NONE',  ( 0.05833004110700093503, -1.057328136146803432, -0.3500000000000000333 ) ) ;
#4445 = ORIENTED_EDGE ( 'NONE', *, *, #3079, .F. ) ;
#4446 = UNCERTAINTY_MEASURE_WITH_UNIT (LENGTH_MEASURE( 1.000000000000000082E-05 ), #2044, 'distance_accuracy_value', 'NONE');
#4447 = CARTESIAN_POINT ( 'NONE',  ( -1.249999999999999778, 1.000000000000000000, -0.1500000000000000500 ) ) ;
#4448 = LINE ( 'NONE', #3839, #3642 ) ;
#4449 = DIRECTION ( 'NONE',  ( 0.000000000000000000, -1.000000000000000000, 0.000000000000000000 ) ) ;
#4450 =( NAMED_UNIT ( * ) SI_UNIT ( $, .STERADIAN. ) SOLID_ANGLE_UNIT ( ) );
#4451 = VERTEX_POINT ( 'NONE', #5370 ) ;
#4452 =( LENGTH_UNIT ( ) NAMED_UNIT ( * ) SI_UNIT ( .MILLI., .METRE. ) );
#4453 = ORIENTED_EDGE ( 'NONE', *, *, #3828, .F. ) ;
#4454 = AXIS2_PLACEMENT_3D ( 'NONE', #4720, #6319, #3359 ) ;
#4455 = VECTOR ( 'NONE', #5949, 1000.000000000000000 ) ;
#4456 = SURFACE_STYLE_USAGE ( .BOTH. , #993 ) ;
#4457 = CARTESIAN_POINT ( 'NONE',  ( -0.1402658989833522607, 1.000000000000000000, 0.3500000000000000333 ) ) ;
#4458 = EDGE_CURVE ( 'NONE', #1702, #971, #2736, .T. ) ;
#4459 = EDGE_CURVE ( 'NONE', #2598, #3255, #2678, .T. ) ;
#4460 = AXIS2_PLACEMENT_3D ( 'NONE', #5211, #730, #1956 ) ;
#4461 = DIRECTION ( 'NONE',  ( -1.000000000000000000, 0.000000000000000000, 0.000000000000000000 ) ) ;
#4462 = AXIS2_PLACEMENT_3D ( 'NONE', #2592, #3576, #2037 ) ;
#4463 = LINE ( 'NONE', #5970, #926 ) ;
#4464 = CARTESIAN_POINT ( 'NONE',  ( 1.249999999999999778, 1.000000000000000000, -0.1500000000000000500 ) ) ;
#4465 = MANIFOLD_SOLID_BREP ( 'Split1[3]', #1694 ) ;
#4466 = CARTESIAN_POINT ( 'NONE',  ( -1.143933982822017636, -0.3250000000000001776, -0.3500000000000000333 ) ) ;
#4467 = SURFACE_SIDE_STYLE ('',( #517 ) ) ;
#4468 = ADVANCED_FACE ( 'NONE', ( #6005 ), #7, .F. ) ;
#4469 = EDGE_CURVE ( 'NONE', #2048, #1653, #2526, .T. ) ;
#4470 = DIRECTION ( 'NONE',  ( -0.000000000000000000, -0.000000000000000000, 1.000000000000000000 ) ) ;
#4471 =( GEOMETRIC_REPRESENTATION_CONTEXT ( 3 ) GLOBAL_UNCERTAINTY_ASSIGNED_CONTEXT ( ( #4001 ) ) GLOBAL_UNIT_ASSIGNED_CONTEXT ( ( #3903, #923, #3429 ) ) REPRESENTATION_CONTEXT ( 'NONE', 'WORKASPACE' ) );
#4472 = DIRECTION ( 'NONE',  ( -0.000000000000000000, -0.000000000000000000, 1.000000000000000000 ) ) ;
#4473 = SURFACE_STYLE_USAGE ( .BOTH. , #1372 ) ;
#4474 = CYLINDRICAL_SURFACE ( 'NONE', #5699, 0.2225000000000000311 ) ;
#4475 = PRESENTATION_STYLE_ASSIGNMENT (( #626 ) ) ;
#4476 = ORIENTED_EDGE ( 'NONE', *, *, #6496, .F. ) ;
#4477 = CYLINDRICAL_SURFACE ( 'NONE', #3256, 0.1499999999999999667 ) ;
#4478 = CARTESIAN_POINT ( 'NONE',  ( 0.4750000000000000333, 0.8939339828220183026, -0.1500000000000000500 ) ) ;
#4479 = ORIENTED_EDGE ( 'NONE', *, *, #4426, .T. ) ;
#4480 = CARTESIAN_POINT ( 'NONE',  ( 0.8999999999999999112, 0.7650000000000001243, 0.6250000000000001110 ) ) ;
#4481 = COLOUR_RGB ( '',0.8039215686274510109, 0.8039215686274510109, 0.8039215686274510109 ) ;
#4482 = DIRECTION ( 'NONE',  ( -1.000000000000000000, 0.000000000000000000, 0.000000000000000000 ) ) ;
#4483 = SURFACE_STYLE_FILL_AREA ( #4042 ) ;
#4484 =( NAMED_UNIT ( * ) PLANE_ANGLE_UNIT ( ) SI_UNIT ( $, .RADIAN. ) );
#4485 = ORIENTED_EDGE ( 'NONE', *, *, #6130, .F. ) ;
#4486 = VERTEX_POINT ( 'NONE', #3482 ) ;
#4487 = VECTOR ( 'NONE', #3345, 1000.000000000000000 ) ;
#4488 = EDGE_LOOP ( 'NONE', ( #1641, #2673, #4081, #4277 ) ) ;
#4489 = SURFACE_STYLE_USAGE ( .BOTH. , #4519 ) ;
#4490 = CARTESIAN_POINT ( 'NONE',  ( -1.249999999999999778, 1.000000000000000000, -0.1500000000000000500 ) ) ;
#4491 = CYLINDRICAL_SURFACE ( 'NONE', #5588, 0.2225000000000000311 ) ;
#4492 =( NAMED_UNIT ( * ) SI_UNIT ( $, .STERADIAN. ) SOLID_ANGLE_UNIT ( ) );
#4493 = SURFACE_STYLE_USAGE ( .BOTH. , #4020 ) ;
#4494 =( LENGTH_UNIT ( ) NAMED_UNIT ( * ) SI_UNIT ( .MILLI., .METRE. ) );
#4495 = LINE ( 'NONE', #2616, #2778 ) ;
#4496 = CARTESIAN_POINT ( 'NONE',  ( -0.1402658989833522607, 0.9573281361468033435, -0.3500000000000000333 ) ) ;
#4497 = EDGE_CURVE ( 'NONE', #3691, #2106, #943, .T. ) ;
#4498 = EDGE_CURVE ( 'NONE', #1174, #2840, #4145, .T. ) ;
#4499 = CARTESIAN_POINT ( 'NONE',  ( 0.8999999999999999112, -0.6500000000000001332, 0.5500000000000000444 ) ) ;
#4500 = CARTESIAN_POINT ( 'NONE',  ( -0.1402658989833522607, 1.000000000000000000, -0.3500000000000000333 ) ) ;
#4501 = VECTOR ( 'NONE', #2621, 1000.000000000000000 ) ;
#4502 = ORIENTED_EDGE ( 'NONE', *, *, #2993, .T. ) ;
#4503 = LINE ( 'NONE', #3012, #5495 ) ;
#4504 = AXIS2_PLACEMENT_3D ( 'NONE', #3301, #2820, #5170 ) ;
#4505 = ORIENTED_EDGE ( 'NONE', *, *, #2878, .T. ) ;
#4506 = EDGE_CURVE ( 'NONE', #2598, #334, #4503, .T. ) ;
#4507 = CARTESIAN_POINT ( 'NONE',  ( -1.053514143716457933E-16, -0.3249999999999998446, -0.1500000000000000500 ) ) ;
#4508 = DIRECTION ( 'NONE',  ( -1.000000000000000000, 0.000000000000000000, 0.000000000000000000 ) ) ;
#4509 = UNCERTAINTY_MEASURE_WITH_UNIT (LENGTH_MEASURE( 1.000000000000000082E-05 ), #6438, 'distance_accuracy_value', 'NONE');
#4510 = UNCERTAINTY_MEASURE_WITH_UNIT (LENGTH_MEASURE( 1.000000000000000082E-05 ), #5946, 'distance_accuracy_value', 'NONE');
#4511 =( LENGTH_UNIT ( ) NAMED_UNIT ( * ) SI_UNIT ( .MILLI., .METRE. ) );
#4512 = ORIENTED_EDGE ( 'NONE', *, *, #3595, .T. ) ;
#4513 = AXIS2_PLACEMENT_3D ( 'NONE', #3730, #3135, #1206 ) ;
#4514 = CARTESIAN_POINT ( 'NONE',  ( 1.054407950059312871, -0.8939339828220181916, -0.1500000000000000500 ) ) ;
#4515 = ORIENTED_EDGE ( 'NONE', *, *, #3304, .F. ) ;
#4516 = ORIENTED_EDGE ( 'NONE', *, *, #5772, .T. ) ;
#4517 = PRESENTATION_STYLE_ASSIGNMENT (( #5628 ) ) ;
#4518 = CIRCLE ( 'NONE', #965, 0.02500000000000001180 ) ;
#4519 = SURFACE_SIDE_STYLE ('',( #1490 ) ) ;
#4520 = CARTESIAN_POINT ( 'NONE',  ( 1.143933982822017636, 0.8044079500593136478, -0.3500000000000000333 ) ) ;
#4521 = LINE ( 'NONE', #930, #2229 ) ;
#4522 =( GEOMETRIC_REPRESENTATION_CONTEXT ( 3 ) GLOBAL_UNCERTAINTY_ASSIGNED_CONTEXT ( ( #4665 ) ) GLOBAL_UNIT_ASSIGNED_CONTEXT ( ( #538, #6052, #5148 ) ) REPRESENTATION_CONTEXT ( 'NONE', 'WORKASPACE' ) );
#4523 = DIRECTION ( 'NONE',  ( 1.000000000000000000, 0.000000000000000000, -0.000000000000000000 ) ) ;
#4524 = CARTESIAN_POINT ( 'NONE',  ( 1.064999999999999947, 0.6499999999999999112, 0.5500000000000000444 ) ) ;
#4525 = DIRECTION ( 'NONE',  ( -2.990902544787586660E-15, -1.000000000000000000, 0.000000000000000000 ) ) ;
#4526 =( GEOMETRIC_REPRESENTATION_CONTEXT ( 3 ) GLOBAL_UNCERTAINTY_ASSIGNED_CONTEXT ( ( #76 ) ) GLOBAL_UNIT_ASSIGNED_CONTEXT ( ( #688, #653, #5680 ) ) REPRESENTATION_CONTEXT ( 'NONE', 'WORKASPACE' ) );
#4527 = DIRECTION ( 'NONE',  ( -1.000000000000000000, -1.949127501097533734E-15, 0.000000000000000000 ) ) ;
#4528 = AXIS2_PLACEMENT_3D ( 'NONE', #4435, #4318, #6330 ) ;
#4529 = MANIFOLD_SOLID_BREP ( 'Mirror1', #2426 ) ;
#4530 = VECTOR ( 'NONE', #1311, 1000.000000000000000 ) ;
#4531 = COLOUR_RGB ( '',0.8627450980392157298, 0.6274509803921568540, 0.05882352941176470507 ) ;
#4532 = LINE ( 'NONE', #4561, #3182 ) ;
#4533 = UNCERTAINTY_MEASURE_WITH_UNIT (LENGTH_MEASURE( 1.000000000000000082E-05 ), #2256, 'distance_accuracy_value', 'NONE');
#4534 = VECTOR ( 'NONE', #65, 1000.000000000000000 ) ;
#4535 = LINE ( 'NONE', #2060, #2225 ) ;
#4536 =( GEOMETRIC_REPRESENTATION_CONTEXT ( 3 ) GLOBAL_UNCERTAINTY_ASSIGNED_CONTEXT ( ( #1283 ) ) GLOBAL_UNIT_ASSIGNED_CONTEXT ( ( #4494, #3639, #1176 ) ) REPRESENTATION_CONTEXT ( 'NONE', 'WORKASPACE' ) );
#4537 = DIRECTION ( 'NONE',  ( -1.000000000000000000, 0.000000000000000000, 0.000000000000000000 ) ) ;
#4538 = EDGE_CURVE ( 'NONE', #1313, #4542, #171, .T. ) ;
#4539 = DIRECTION ( 'NONE',  ( 0.000000000000000000, 0.000000000000000000, -1.000000000000000000 ) ) ;
#4540 = COLOUR_RGB ( '',0.8039215686274510109, 0.8039215686274510109, 0.8039215686274510109 ) ;
#4541 = EDGE_CURVE ( 'NONE', #1233, #1972, #5556, .T. ) ;
#4542 = VERTEX_POINT ( 'NONE', #4524 ) ;
#4543 = MECHANICAL_DESIGN_GEOMETRIC_PRESENTATION_REPRESENTATION (  '', ( #3406 ), #5176 ) ;
#4544 = EDGE_CURVE ( 'NONE', #2901, #5330, #2687, .T. ) ;
#4545 = DIRECTION ( 'NONE',  ( 0.000000000000000000, 0.000000000000000000, -1.000000000000000000 ) ) ;
#4546 = SURFACE_STYLE_FILL_AREA ( #1047 ) ;
#4547 = DIRECTION ( 'NONE',  ( 0.000000000000000000, 0.000000000000000000, -1.000000000000000000 ) ) ;
#4548 = DIRECTION ( 'NONE',  ( -0.000000000000000000, -0.000000000000000000, 1.000000000000000000 ) ) ;
#4549 =( NAMED_UNIT ( * ) PLANE_ANGLE_UNIT ( ) SI_UNIT ( $, .RADIAN. ) );
#4550 = EDGE_CURVE ( 'NONE', #2133, #4964, #3816, .T. ) ;
#4551 = CIRCLE ( 'NONE', #2054, 0.2225000000000000311 ) ;
#4552 = ORIENTED_EDGE ( 'NONE', *, *, #5342, .F. ) ;
#4553 = ORIENTED_EDGE ( 'NONE', *, *, #4805, .F. ) ;
#4554 = CYLINDRICAL_SURFACE ( 'NONE', #2261, 0.1400000000000000411 ) ;
#4555 = DIRECTION ( 'NONE',  ( -1.000000000000000000, 2.990902544787567727E-15, 0.000000000000000000 ) ) ;
#4556 = CARTESIAN_POINT ( 'NONE',  ( 0.000000000000000000, -1.000000000000000000, -0.1500000000000000500 ) ) ;
#4557 = PLANE ( 'NONE',  #3141 ) ;
#4558 = COLOUR_RGB ( '',0.8627450980392157298, 0.6274509803921568540, 0.05882352941176470507 ) ;
#4559 = DIRECTION ( 'NONE',  ( -9.528365374728186880E-17, 1.000000000000000000, 0.000000000000000000 ) ) ;
#4560 = VERTEX_POINT ( 'NONE', #2580 ) ;
#4561 = CARTESIAN_POINT ( 'NONE',  ( -0.4750000000000001998, 9.574766761094697910E-17, -0.1500000000000000500 ) ) ;
#4562 = STYLED_ITEM ( 'NONE', ( #5867 ), #5113 ) ;
#4563 = STYLED_ITEM ( 'NONE', ( #4063 ), #1785 ) ;
#4564 = LINE ( 'NONE', #656, #4015 ) ;
#4565 = PRESENTATION_LAYER_ASSIGNMENT (  '', '', ( #2383 ) ) ;
#4566 = STYLED_ITEM ( 'NONE', ( #2331 ), #1955 ) ;
#4567 = VERTEX_POINT ( 'NONE', #4887 ) ;
#4568 = CARTESIAN_POINT ( 'NONE',  ( -1.250000000000000000, -0.9999999999999995559, -0.1500000000000000500 ) ) ;
#4569 = COLOUR_RGB ( '',0.2862745098039215508, 0.2862745098039215508, 0.2862745098039215508 ) ;
#4570 = DIRECTION ( 'NONE',  ( 0.000000000000000000, -1.000000000000000000, 0.000000000000000000 ) ) ;
#4571 = EDGE_CURVE ( 'NONE', #3484, #1453, #3289, .T. ) ;
#4572 = LINE ( 'NONE', #1547, #3331 ) ;
#4573 = SURFACE_STYLE_USAGE ( .BOTH. , #2073 ) ;
#4574 = VECTOR ( 'NONE', #4741, 1000.000000000000000 ) ;
#4575 = EDGE_LOOP ( 'NONE', ( #5179, #4615, #3027, #4817 ) ) ;
#4576 = VERTEX_POINT ( 'NONE', #420 ) ;
#4577 = FILL_AREA_STYLE_COLOUR ( '', #2143 ) ;
#4578 = ORIENTED_EDGE ( 'NONE', *, *, #5196, .T. ) ;
#4579 = VECTOR ( 'NONE', #759, 1000.000000000000000 ) ;
#4580 = EDGE_CURVE ( 'NONE', #5182, #2883, #1057, .T. ) ;
#4581 = EDGE_CURVE ( 'NONE', #197, #1053, #2871, .T. ) ;
#4582 = CARTESIAN_POINT ( 'NONE',  ( 1.027499999999999414, -1.000000000000000000, -0.1500000000000000500 ) ) ;
#4583 =( LENGTH_UNIT ( ) NAMED_UNIT ( * ) SI_UNIT ( .MILLI., .METRE. ) );
#4584 = ORIENTED_EDGE ( 'NONE', *, *, #1720, .F. ) ;
#4585 = CARTESIAN_POINT ( 'NONE',  ( -0.9150000000000003686, -0.5650000000000002798, 0.6400000000000000133 ) ) ;
#4586 = SURFACE_STYLE_USAGE ( .BOTH. , #4618 ) ;
#4587 = ORIENTED_EDGE ( 'NONE', *, *, #4571, .T. ) ;
#4588 = CARTESIAN_POINT ( 'NONE',  ( -0.9000000000000001332, 0.7900000000000001465, 0.6500000000000001332 ) ) ;
#4589 = MECHANICAL_DESIGN_GEOMETRIC_PRESENTATION_REPRESENTATION (  '', ( #1151 ), #1782 ) ;
#4590 = PLANE ( 'NONE',  #2162 ) ;
#4591 = CARTESIAN_POINT ( 'NONE',  ( -1.143933982822017636, 0.8044079500593136478, -0.1500000000000000500 ) ) ;
#4592 = FACE_OUTER_BOUND ( 'NONE', #4268, .T. ) ;
#4593 = UNCERTAINTY_MEASURE_WITH_UNIT (LENGTH_MEASURE( 1.000000000000000082E-05 ), #545, 'distance_accuracy_value', 'NONE');
#4594 = DIRECTION ( 'NONE',  ( 0.000000000000000000, 0.000000000000000000, -1.000000000000000000 ) ) ;
#4595 = CARTESIAN_POINT ( 'NONE',  ( 0.000000000000000000, 0.000000000000000000, 0.000000000000000000 ) ) ;
#4596 = DIRECTION ( 'NONE',  ( -1.000000000000000000, 0.000000000000000000, 0.000000000000000000 ) ) ;
#4597 = VERTEX_POINT ( 'NONE', #1371 ) ;
#4598 = DIRECTION ( 'NONE',  ( 2.990902544787567727E-15, 1.000000000000000000, 0.000000000000000000 ) ) ;
#4599 = ORIENTED_EDGE ( 'NONE', *, *, #2695, .T. ) ;
#4600 = DIRECTION ( 'NONE',  ( -1.000000000000000000, 0.000000000000000000, 0.000000000000000000 ) ) ;
#4601 = CIRCLE ( 'NONE', #3582, 0.1499999999999999667 ) ;
#4602 = PRESENTATION_STYLE_ASSIGNMENT (( #5028 ) ) ;
#4603 = CARTESIAN_POINT ( 'NONE',  ( -0.9000000000000003553, 0.6500000000000001332, 0.6500000000000001332 ) ) ;
#4604 = DIRECTION ( 'NONE',  ( -1.000000000000000000, -2.241496626262163854E-14, 0.000000000000000000 ) ) ;
#4605 = EDGE_LOOP ( 'NONE', ( #5022, #4398, #1407, #2823, #4997, #3588, #3840, #4584, #6044 ) ) ;
#4606 = VERTEX_POINT ( 'NONE', #3060 ) ;
#4607 = EDGE_LOOP ( 'NONE', ( #5700, #4777 ) ) ;
#4608 = CARTESIAN_POINT ( 'NONE',  ( -1.250000000000000222, -1.000000000000000000, 0.3500000000000000333 ) ) ;
#4609 = LINE ( 'NONE', #2771, #4574 ) ;
#4610 = PRESENTATION_LAYER_ASSIGNMENT (  '', '', ( #4317 ) ) ;
#4611 = DIRECTION ( 'NONE',  ( 0.000000000000000000, -1.000000000000000000, 0.000000000000000000 ) ) ;
#4612 = CARTESIAN_POINT ( 'NONE',  ( -1.065000000000000391, 0.6500000000000001332, 0.5749999999999999556 ) ) ;
#4613 = PRESENTATION_STYLE_ASSIGNMENT (( #3056 ) ) ;
#4614 =( NAMED_UNIT ( * ) PLANE_ANGLE_UNIT ( ) SI_UNIT ( $, .RADIAN. ) );
#4615 = ORIENTED_EDGE ( 'NONE', *, *, #941, .T. ) ;
#4616 = SURFACE_STYLE_USAGE ( .BOTH. , #2742 ) ;
#4617 = EDGE_CURVE ( 'NONE', #2935, #2806, #4408, .T. ) ;
#4618 = SURFACE_SIDE_STYLE ('',( #2609 ) ) ;
#4619 = CARTESIAN_POINT ( 'NONE',  ( 0.8999999999999999112, -0.6500000000000001332, 0.3500000000000000333 ) ) ;
#4620 = ORIENTED_EDGE ( 'NONE', *, *, #4097, .F. ) ;
#4621 = DIRECTION ( 'NONE',  ( -1.000000000000000000, 0.000000000000000000, 0.000000000000000000 ) ) ;
#4622 = SURFACE_SIDE_STYLE ('',( #1032 ) ) ;
#4623 = UNCERTAINTY_MEASURE_WITH_UNIT (LENGTH_MEASURE( 1.000000000000000082E-05 ), #1882, 'distance_accuracy_value', 'NONE');
#4624 = LINE ( 'NONE', #3101, #4067 ) ;
#4625 = CARTESIAN_POINT ( 'NONE',  ( 1.249999999999999778, 1.000000000000000000, -0.1500000000000000500 ) ) ;
#4626 = DIRECTION ( 'NONE',  ( -0.000000000000000000, -0.000000000000000000, -1.000000000000000000 ) ) ;
#4627 = COLOUR_RGB ( '',0.8627450980392157298, 0.6274509803921568540, 0.05882352941176470507 ) ;
#4628 = EDGE_CURVE ( 'NONE', #5334, #535, #2942, .T. ) ;
#4629 = MECHANICAL_DESIGN_GEOMETRIC_PRESENTATION_REPRESENTATION (  '', ( #2135 ), #6331 ) ;
#4630 = DIRECTION ( 'NONE',  ( 0.000000000000000000, 0.000000000000000000, 1.000000000000000000 ) ) ;
#4631 = CIRCLE ( 'NONE', #6332, 0.1400000000000000411 ) ;
#4632 =( GEOMETRIC_REPRESENTATION_CONTEXT ( 3 ) GLOBAL_UNCERTAINTY_ASSIGNED_CONTEXT ( ( #5161 ) ) GLOBAL_UNIT_ASSIGNED_CONTEXT ( ( #1246, #4668, #6208 ) ) REPRESENTATION_CONTEXT ( 'NONE', 'WORKASPACE' ) );
#4633 = ORIENTED_EDGE ( 'NONE', *, *, #3399, .F. ) ;
#4634 = AXIS2_PLACEMENT_3D ( 'NONE', #2254, #768, #5769 ) ;
#4635 = MANIFOLD_SOLID_BREP ( 'Boss-Extrude6', #5353 ) ;
#4636 = VECTOR ( 'NONE', #4038, 1000.000000000000000 ) ;
#4637 = VERTEX_POINT ( 'NONE', #5361 ) ;
#4638 = LINE ( 'NONE', #4148, #3944 ) ;
#4639 =( NAMED_UNIT ( * ) PLANE_ANGLE_UNIT ( ) SI_UNIT ( $, .RADIAN. ) );
#4640 = AXIS2_PLACEMENT_3D ( 'NONE', #98, #3854, #347 ) ;
#4641 =( NAMED_UNIT ( * ) PLANE_ANGLE_UNIT ( ) SI_UNIT ( $, .RADIAN. ) );
#4642 = PRESENTATION_LAYER_ASSIGNMENT (  '', '', ( #4036 ) ) ;
#4643 = DIRECTION ( 'NONE',  ( -1.000000000000000000, 0.000000000000000000, 0.000000000000000000 ) ) ;
#4644 = FILL_AREA_STYLE_COLOUR ( '', #454 ) ;
#4645 = ORIENTED_EDGE ( 'NONE', *, *, #2954, .F. ) ;
#4646 = CARTESIAN_POINT ( 'NONE',  ( -1.143933982822017636, 0.8044079500593136478, -0.1500000000000000500 ) ) ;
#4647 = ORIENTED_EDGE ( 'NONE', *, *, #950, .T. ) ;
#4648 = LINE ( 'NONE', #1652, #3914 ) ;
#4649 = ORIENTED_EDGE ( 'NONE', *, *, #2723, .F. ) ;
#4650 = DIRECTION ( 'NONE',  ( -4.523087997816324217E-16, -1.000000000000000000, 0.000000000000000000 ) ) ;
#4651 = FILL_AREA_STYLE ('',( #52 ) ) ;
#4652 = VERTEX_POINT ( 'NONE', #450 ) ;
#4653 =( NAMED_UNIT ( * ) PLANE_ANGLE_UNIT ( ) SI_UNIT ( $, .RADIAN. ) );
#4654 = LINE ( 'NONE', #5637, #6299 ) ;
#4655 = DIRECTION ( 'NONE',  ( -0.000000000000000000, -1.000000000000000000, -0.000000000000000000 ) ) ;
#4656 = ORIENTED_EDGE ( 'NONE', *, *, #2800, .T. ) ;
#4657 = STYLED_ITEM ( 'NONE', ( #4116 ), #3568 ) ;
#4658 = CARTESIAN_POINT ( 'NONE',  ( -0.4750000000000000333, 0.8939339828220183026, -0.3500000000000000333 ) ) ;
#4659 = FILL_AREA_STYLE_COLOUR ( '', #3292 ) ;
#4660 = EDGE_CURVE ( 'NONE', #627, #4652, #1861, .T. ) ;
#4661 = EDGE_CURVE ( 'NONE', #2505, #2048, #4378, .T. ) ;
#4662 = FACE_OUTER_BOUND ( 'NONE', #5584, .T. ) ;
#4663 = DIRECTION ( 'NONE',  ( 0.000000000000000000, 0.000000000000000000, -1.000000000000000000 ) ) ;
#4664 = PRESENTATION_LAYER_ASSIGNMENT (  '', '', ( #2894 ) ) ;
#4665 = UNCERTAINTY_MEASURE_WITH_UNIT (LENGTH_MEASURE( 1.000000000000000082E-05 ), #538, 'distance_accuracy_value', 'NONE');
#4666 = EDGE_CURVE ( 'NONE', #3827, #1375, #1890, .T. ) ;
#4667 = EDGE_CURVE ( 'NONE', #443, #2648, #690, .T. ) ;
#4668 =( NAMED_UNIT ( * ) PLANE_ANGLE_UNIT ( ) SI_UNIT ( $, .RADIAN. ) );
#4669 =( LENGTH_UNIT ( ) NAMED_UNIT ( * ) SI_UNIT ( .MILLI., .METRE. ) );
#4670 =( LENGTH_UNIT ( ) NAMED_UNIT ( * ) SI_UNIT ( .MILLI., .METRE. ) );
#4671 = AXIS2_PLACEMENT_3D ( 'NONE', #4333, #3809, #5863 ) ;
#4672 = FILL_AREA_STYLE_COLOUR ( '', #2812 ) ;
#4673 = DIRECTION ( 'NONE',  ( 1.000000000000000000, 0.000000000000000000, 0.000000000000000000 ) ) ;
#4674 = FILL_AREA_STYLE_COLOUR ( '', #5485 ) ;
#4675 = VERTEX_POINT ( 'NONE', #256 ) ;
#4676 = CARTESIAN_POINT ( 'NONE',  ( 0.4749999999999999223, -4.525973552995888183E-17, -0.1500000000000000500 ) ) ;
#4677 = ORIENTED_EDGE ( 'NONE', *, *, #4700, .T. ) ;
#4678 = COLOUR_RGB ( '',0.8039215686274510109, 0.8039215686274510109, 0.8039215686274510109 ) ;
#4679 =( NAMED_UNIT ( * ) SI_UNIT ( $, .STERADIAN. ) SOLID_ANGLE_UNIT ( ) );
#4680 = ORIENTED_EDGE ( 'NONE', *, *, #3916, .T. ) ;
#4681 =( NAMED_UNIT ( * ) SI_UNIT ( $, .STERADIAN. ) SOLID_ANGLE_UNIT ( ) );
#4682 =( GEOMETRIC_REPRESENTATION_CONTEXT ( 3 ) GLOBAL_UNCERTAINTY_ASSIGNED_CONTEXT ( ( #5358 ) ) GLOBAL_UNIT_ASSIGNED_CONTEXT ( ( #2761, #5135, #700 ) ) REPRESENTATION_CONTEXT ( 'NONE', 'WORKASPACE' ) );
#4683 = CARTESIAN_POINT ( 'NONE',  ( 1.099999999999999645, -1.000000000000000444, -0.3500000000000000333 ) ) ;
#4684 = ORIENTED_EDGE ( 'NONE', *, *, #6002, .T. ) ;
#4685 = FACE_OUTER_BOUND ( 'NONE', #2787, .T. ) ;
#4686 = DIRECTION ( 'NONE',  ( 1.000000000000000000, 0.000000000000000000, -0.000000000000000000 ) ) ;
#4687 = PRESENTATION_LAYER_ASSIGNMENT (  '', '', ( #4994 ) ) ;
#4688 = ORIENTED_EDGE ( 'NONE', *, *, #2385, .T. ) ;
#4689 =( NAMED_UNIT ( * ) PLANE_ANGLE_UNIT ( ) SI_UNIT ( $, .RADIAN. ) );
#4690 = UNCERTAINTY_MEASURE_WITH_UNIT (LENGTH_MEASURE( 1.000000000000000082E-05 ), #2751, 'distance_accuracy_value', 'NONE');
#4691 = APPLICATION_CONTEXT ( 'automotive_design' ) ;
#4692 = COLOUR_RGB ( '',0.8627450980392157298, 0.6274509803921568540, 0.05882352941176470507 ) ;
#4693 = DIRECTION ( 'NONE',  ( -1.000000000000000000, -0.000000000000000000, -0.000000000000000000 ) ) ;
#4694 = DIRECTION ( 'NONE',  ( -0.000000000000000000, 0.000000000000000000, -1.000000000000000000 ) ) ;
#4695 = SURFACE_STYLE_FILL_AREA ( #3140 ) ;
#4696 =( GEOMETRIC_REPRESENTATION_CONTEXT ( 3 ) GLOBAL_UNCERTAINTY_ASSIGNED_CONTEXT ( ( #6038 ) ) GLOBAL_UNIT_ASSIGNED_CONTEXT ( ( #427, #4895, #303 ) ) REPRESENTATION_CONTEXT ( 'NONE', 'WORKASPACE' ) );
#4697 = DIRECTION ( 'NONE',  ( 0.000000000000000000, 0.000000000000000000, -1.000000000000000000 ) ) ;
#4698 = DIRECTION ( 'NONE',  ( -1.905673074945637869E-16, -1.000000000000000000, 0.000000000000000000 ) ) ;
#4699 = ADVANCED_FACE ( 'NONE', ( #3670 ), #2190, .F. ) ;
#4700 = EDGE_CURVE ( 'NONE', #2982, #3052, #6021, .T. ) ;
#4701 =( NAMED_UNIT ( * ) PLANE_ANGLE_UNIT ( ) SI_UNIT ( $, .RADIAN. ) );
#4702 = CARTESIAN_POINT ( 'NONE',  ( 0.8999999999999999112, -0.6500000000000001332, 0.6500000000000001332 ) ) ;
#4703 = PRESENTATION_STYLE_ASSIGNMENT (( #699 ) ) ;
#4704 = FILL_AREA_STYLE_COLOUR ( '', #4569 ) ;
#4705 = ORIENTED_EDGE ( 'NONE', *, *, #209, .T. ) ;
#4706 = LINE ( 'NONE', #4856, #6418 ) ;
#4707 = ORIENTED_EDGE ( 'NONE', *, *, #4571, .F. ) ;
#4708 = EDGE_CURVE ( 'NONE', #3247, #6220, #3096, .T. ) ;
#4709 = CARTESIAN_POINT ( 'NONE',  ( -0.9000000000000003553, 0.6500000000000001332, 0.3750000000000000555 ) ) ;
#4710 = ORIENTED_EDGE ( 'NONE', *, *, #3446, .F. ) ;
#4711 = AXIS2_PLACEMENT_3D ( 'NONE', #6215, #6152, #1650 ) ;
#4712 = DIRECTION ( 'NONE',  ( -1.000000000000000000, 0.000000000000000000, 0.000000000000000000 ) ) ;
#4713 = SURFACE_STYLE_FILL_AREA ( #5859 ) ;
#4714 = DIRECTION ( 'NONE',  ( -1.000000000000000000, 0.000000000000000000, 0.000000000000000000 ) ) ;
#4715 = ORIENTED_EDGE ( 'NONE', *, *, #2442, .T. ) ;
#4716 = SURFACE_STYLE_FILL_AREA ( #4278 ) ;
#4717 = MECHANICAL_DESIGN_GEOMETRIC_PRESENTATION_REPRESENTATION (  '', ( #5021 ), #3477 ) ;
#4718 = EDGE_LOOP ( 'NONE', ( #2357, #275, #815, #6069 ) ) ;
#4719 = STYLED_ITEM ( 'NONE', ( #5231 ), #349 ) ;
#4720 = CARTESIAN_POINT ( 'NONE',  ( -1.250000000000000222, -1.000000000000000000, 0.3500000000000000333 ) ) ;
#4721 =( LENGTH_UNIT ( ) NAMED_UNIT ( * ) SI_UNIT ( .MILLI., .METRE. ) );
#4722 = COLOUR_RGB ( '',0.2862745098039215508, 0.2862745098039215508, 0.2862745098039215508 ) ;
#4723 = LINE ( 'NONE', #3261, #42 ) ;
#4724 = STYLED_ITEM ( 'NONE', ( #5010 ), #638 ) ;
#4725 = DIRECTION ( 'NONE',  ( -0.000000000000000000, -0.000000000000000000, -1.000000000000000000 ) ) ;
#4726 = EDGE_CURVE ( 'NONE', #4861, #3340, #711, .T. ) ;
#4727 = PRESENTATION_LAYER_ASSIGNMENT (  '', '', ( #3394 ) ) ;
#4728 = PRESENTATION_LAYER_ASSIGNMENT (  '', '', ( #3718 ) ) ;
#4729 = SURFACE_STYLE_USAGE ( .BOTH. , #5177 ) ;
#4730 = EDGE_CURVE ( 'NONE', #3864, #2901, #2718, .T. ) ;
#4731 = MECHANICAL_DESIGN_GEOMETRIC_PRESENTATION_REPRESENTATION (  '', ( #5166 ), #2340 ) ;
#4732 = VERTEX_POINT ( 'NONE', #1689 ) ;
#4733 = COLOUR_RGB ( '',0.8627450980392157298, 0.6274509803921568540, 0.05882352941176470507 ) ;
#4734 = FACE_OUTER_BOUND ( 'NONE', #2815, .T. ) ;
#4735 = ORIENTED_EDGE ( 'NONE', *, *, #4660, .F. ) ;
#4736 = MECHANICAL_DESIGN_GEOMETRIC_PRESENTATION_REPRESENTATION (  '', ( #573 ), #3087 ) ;
#4737 = SURFACE_STYLE_FILL_AREA ( #357 ) ;
#4738 = TOROIDAL_SURFACE ( 'NONE', #876, 0.2250000000000000333, 0.02500000000000000139 ) ;
#4739 = ORIENTED_EDGE ( 'NONE', *, *, #3491, .F. ) ;
#4740 = VECTOR ( 'NONE', #1741, 1000.000000000000000 ) ;
#4741 = DIRECTION ( 'NONE',  ( 0.000000000000000000, 1.000000000000000000, 0.000000000000000000 ) ) ;
#4742 = ADVANCED_FACE ( 'NONE', ( #645 ), #5121, .F. ) ;
#4743 = CARTESIAN_POINT ( 'NONE',  ( 0.8999999999999998002, -0.8500000000000000888, 0.5500000000000000444 ) ) ;
#4744 = ORIENTED_EDGE ( 'NONE', *, *, #941, .F. ) ;
#4745 = PRESENTATION_STYLE_ASSIGNMENT (( #2686 ) ) ;
#4746 = PRESENTATION_LAYER_ASSIGNMENT (  '', '', ( #1107 ) ) ;
#4747 = UNCERTAINTY_MEASURE_WITH_UNIT (LENGTH_MEASURE( 1.000000000000000082E-05 ), #2003, 'distance_accuracy_value', 'NONE');
#4748 = ORIENTED_EDGE ( 'NONE', *, *, #549, .T. ) ;
#4749 =( NAMED_UNIT ( * ) SI_UNIT ( $, .STERADIAN. ) SOLID_ANGLE_UNIT ( ) );
#4750 = CARTESIAN_POINT ( 'NONE',  ( -0.9000000000000002442, 0.8750000000000001110, 0.3750000000000000555 ) ) ;
#4751 = CARTESIAN_POINT ( 'NONE',  ( -1.249999999999999778, 1.000000000000000000, -0.3500000000000000333 ) ) ;
#4752 = ORIENTED_EDGE ( 'NONE', *, *, #289, .F. ) ;
#4753 =( GEOMETRIC_REPRESENTATION_CONTEXT ( 3 ) GLOBAL_UNCERTAINTY_ASSIGNED_CONTEXT ( ( #5707 ) ) GLOBAL_UNIT_ASSIGNED_CONTEXT ( ( #2606, #706, #4301 ) ) REPRESENTATION_CONTEXT ( 'NONE', 'WORKASPACE' ) );
#4754 = PLANE ( 'NONE',  #3584 ) ;
#4755 = AXIS2_PLACEMENT_3D ( 'NONE', #6382, #1416, #1875 ) ;
#4756 = DIRECTION ( 'NONE',  ( 0.000000000000000000, 0.000000000000000000, -1.000000000000000000 ) ) ;
#4757 = SURFACE_STYLE_USAGE ( .BOTH. , #5969 ) ;
#4758 = FACE_OUTER_BOUND ( 'NONE', #1261, .T. ) ;
#4759 =( NAMED_UNIT ( * ) SI_UNIT ( $, .STERADIAN. ) SOLID_ANGLE_UNIT ( ) );
#4760 = STYLED_ITEM ( 'NONE', ( #6285 ), #1516 ) ;
#4761 = ORIENTED_EDGE ( 'NONE', *, *, #2647, .F. ) ;
#4762 = CARTESIAN_POINT ( 'NONE',  ( 0.8999999999999999112, -0.6500000000000001332, 0.6250000000000001110 ) ) ;
#4763 = ORIENTED_EDGE ( 'NONE', *, *, #4773, .F. ) ;
#4764 = PRESENTATION_STYLE_ASSIGNMENT (( #3861 ) ) ;
#4765 = CIRCLE ( 'NONE', #3656, 0.1150000000000000883 ) ;
#4766 = EDGE_LOOP ( 'NONE', ( #2503, #5483, #5372, #3062 ) ) ;
#4767 = PRESENTATION_STYLE_ASSIGNMENT (( #2799 ) ) ;
#4768 = PRESENTATION_LAYER_ASSIGNMENT (  '', '', ( #4563 ) ) ;
#4769 = COLOUR_RGB ( '',0.2862745098039215508, 0.2862745098039215508, 0.2862745098039215508 ) ;
#4770 = VERTEX_POINT ( 'NONE', #2214 ) ;
#4771 = EDGE_CURVE ( 'NONE', #3860, #4936, #4218, .T. ) ;
#4773 = EDGE_CURVE ( 'NONE', #5758, #1136, #5888, .T. ) ;
#4772 = ORIENTED_EDGE ( 'NONE', *, *, #1240, .F. ) ;
#4774 = DIRECTION ( 'NONE',  ( -0.000000000000000000, 1.000000000000000000, 0.000000000000000000 ) ) ;
#4775 = DIRECTION ( 'NONE',  ( 0.000000000000000000, 0.000000000000000000, 1.000000000000000000 ) ) ;
#4776 = LINE ( 'NONE', #2842, #2549 ) ;
#4777 = ORIENTED_EDGE ( 'NONE', *, *, #6127, .F. ) ;
#4778 = VECTOR ( 'NONE', #735, 1000.000000000000000 ) ;
#4779 = DIRECTION ( 'NONE',  ( 1.000000000000000000, -1.905673074945637869E-16, 0.000000000000000000 ) ) ;
#4780 = SURFACE_STYLE_FILL_AREA ( #6327 ) ;
#4781 = PRESENTATION_LAYER_ASSIGNMENT (  '', '', ( #1151 ) ) ;
#4782 = CARTESIAN_POINT ( 'NONE',  ( -0.4750000000000001443, 0.3249999999999999001, -0.3500000000000000333 ) ) ;
#4783 = AXIS2_PLACEMENT_3D ( 'NONE', #1329, #2337, #830 ) ;
#4784 = DIRECTION ( 'NONE',  ( 0.000000000000000000, 0.000000000000000000, -1.000000000000000000 ) ) ;
#4785 = ORIENTED_EDGE ( 'NONE', *, *, #5610, .T. ) ;
#4786 = FILL_AREA_STYLE_COLOUR ( '', #3367 ) ;
#4787 = ORIENTED_EDGE ( 'NONE', *, *, #5433, .T. ) ;
#4788 = DIRECTION ( 'NONE',  ( -1.000000000000000000, -1.084202172485504434E-15, 0.000000000000000000 ) ) ;
#4789 = ORIENTED_EDGE ( 'NONE', *, *, #3109, .T. ) ;
#4790 =( NAMED_UNIT ( * ) SI_UNIT ( $, .STERADIAN. ) SOLID_ANGLE_UNIT ( ) );
#4791 = PLANE ( 'NONE',  #2726 ) ;
#4792 =( LENGTH_UNIT ( ) NAMED_UNIT ( * ) SI_UNIT ( .MILLI., .METRE. ) );
#4793 = CARTESIAN_POINT ( 'NONE',  ( -0.05833004110700136524, -1.057328136146803432, 0.3500000000000000333 ) ) ;
#4794 = FILL_AREA_STYLE ('',( #3351 ) ) ;
#4795 = ORIENTED_EDGE ( 'NONE', *, *, #991, .T. ) ;
#4796 =( LENGTH_UNIT ( ) NAMED_UNIT ( * ) SI_UNIT ( .MILLI., .METRE. ) );
#4797 = ORIENTED_EDGE ( 'NONE', *, *, #6127, .T. ) ;
#4798 = UNCERTAINTY_MEASURE_WITH_UNIT (LENGTH_MEASURE( 1.000000000000000082E-05 ), #3738, 'distance_accuracy_value', 'NONE');
#4799 = DIRECTION ( 'NONE',  ( 0.000000000000000000, 0.000000000000000000, -1.000000000000000000 ) ) ;
#4800 = ORIENTED_EDGE ( 'NONE', *, *, #1950, .T. ) ;
#4801 = FILL_AREA_STYLE_COLOUR ( '', #2701 ) ;
#4802 = VECTOR ( 'NONE', #1730, 1000.000000000000000 ) ;
#4803 = CARTESIAN_POINT ( 'NONE',  ( -0.05833004110700136524, -1.057328136146803432, -0.3500000000000000333 ) ) ;
#4804 = ADVANCED_FACE ( 'NONE', ( #4833 ), #3874, .F. ) ;
#4805 = EDGE_CURVE ( 'NONE', #758, #3283, #1783, .T. ) ;
#4806 = ORIENTED_EDGE ( 'NONE', *, *, #3205, .F. ) ;
#4807 = MECHANICAL_DESIGN_GEOMETRIC_PRESENTATION_REPRESENTATION (  '', ( #5138 ), #3887 ) ;
#4808 = LINE ( 'NONE', #5871, #4169 ) ;
#4809 = UNCERTAINTY_MEASURE_WITH_UNIT (LENGTH_MEASURE( 1.000000000000000082E-05 ), #2933, 'distance_accuracy_value', 'NONE');
#4810 = STYLED_ITEM ( 'NONE', ( #5565 ), #345 ) ;
#4811 = ADVANCED_FACE ( 'NONE', ( #6351 ), #3325, .T. ) ;
#4812 = DIRECTION ( 'NONE',  ( -9.528365374728186880E-17, -1.000000000000000000, 0.000000000000000000 ) ) ;
#4813 = AXIS2_PLACEMENT_3D ( 'NONE', #3540, #3647, #4537 ) ;
#4814 = AXIS2_PLACEMENT_3D ( 'NONE', #4762, #1895, #388 ) ;
#4815 = DIRECTION ( 'NONE',  ( 1.000000000000000000, 2.628368902995160447E-15, 0.000000000000000000 ) ) ;
#4816 = CARTESIAN_POINT ( 'NONE',  ( -0.1402658989833522607, 1.000000000000000000, 0.3500000000000000333 ) ) ;
#4817 = ORIENTED_EDGE ( 'NONE', *, *, #1644, .T. ) ;
#4818 = PRESENTATION_STYLE_ASSIGNMENT (( #2358 ) ) ;
#4819 = ORIENTED_EDGE ( 'NONE', *, *, #1426, .T. ) ;
#4820 = FILL_AREA_STYLE ('',( #1868 ) ) ;
#4821 = DIRECTION ( 'NONE',  ( 1.000000000000000000, 0.000000000000000000, 0.000000000000000000 ) ) ;
#4822 = ORIENTED_EDGE ( 'NONE', *, *, #78, .T. ) ;
#4823 =( NAMED_UNIT ( * ) PLANE_ANGLE_UNIT ( ) SI_UNIT ( $, .RADIAN. ) );
#4824 = STYLED_ITEM ( 'NONE', ( #3940 ), #827 ) ;
#4825 = SURFACE_SIDE_STYLE ('',( #5950 ) ) ;
#4826 = COLOUR_RGB ( '',0.2862745098039215508, 0.2862745098039215508, 0.2862745098039215508 ) ;
#4827 = DIRECTION ( 'NONE',  ( 1.000000000000000000, -2.015740370756777612E-16, 0.000000000000000000 ) ) ;
#4828 = CARTESIAN_POINT ( 'NONE',  ( 1.053514143716457933E-16, -0.3249999999999998446, -0.3500000000000000333 ) ) ;
#4829 = MECHANICAL_DESIGN_GEOMETRIC_PRESENTATION_REPRESENTATION (  '', ( #1207 ), #4526 ) ;
#4830 = EDGE_LOOP ( 'NONE', ( #802, #2361, #6198, #1128 ) ) ;
#4831 = FILL_AREA_STYLE_COLOUR ( '', #1243 ) ;
#4832 = COLOUR_RGB ( '',0.8039215686274510109, 0.8039215686274510109, 0.8039215686274510109 ) ;
#4833 = FACE_OUTER_BOUND ( 'NONE', #2321, .T. ) ;
#4834 = STYLED_ITEM ( 'NONE', ( #383 ), #4635 ) ;
#4835 =( GEOMETRIC_REPRESENTATION_CONTEXT ( 3 ) GLOBAL_UNCERTAINTY_ASSIGNED_CONTEXT ( ( #1814 ) ) GLOBAL_UNIT_ASSIGNED_CONTEXT ( ( #1460, #1796, #3469 ) ) REPRESENTATION_CONTEXT ( 'NONE', 'WORKASPACE' ) );
#4836 = ORIENTED_EDGE ( 'NONE', *, *, #3111, .F. ) ;
#4837 = CIRCLE ( 'NONE', #6240, 0.1999999999999999833 ) ;
#4838 = DIRECTION ( 'NONE',  ( -0.000000000000000000, -1.000000000000000000, -0.000000000000000000 ) ) ;
#4839 = DIRECTION ( 'NONE',  ( 0.000000000000000000, 0.000000000000000000, -1.000000000000000000 ) ) ;
#4840 = CARTESIAN_POINT ( 'NONE',  ( -1.040000000000000258, 0.6500000000000001332, 0.6250000000000001110 ) ) ;
#4841 = CIRCLE ( 'NONE', #5609, 0.1500000000000001887 ) ;
#4842 = EDGE_LOOP ( 'NONE', ( #4516, #426, #304, #3479, #634, #4677, #986, #4587 ) ) ;
#4843 = FILL_AREA_STYLE ('',( #2868 ) ) ;
#4844 = EDGE_CURVE ( 'NONE', #925, #2935, #4367, .T. ) ;
#4845 = CARTESIAN_POINT ( 'NONE',  ( 1.143933982822017636, 0.3249999999999999001, -0.3500000000000000333 ) ) ;
#4846 = DIRECTION ( 'NONE',  ( 0.000000000000000000, 0.000000000000000000, -1.000000000000000000 ) ) ;
#4847 =( NAMED_UNIT ( * ) PLANE_ANGLE_UNIT ( ) SI_UNIT ( $, .RADIAN. ) );
#4848 = FILL_AREA_STYLE_COLOUR ( '', #1832 ) ;
#4849 = EDGE_CURVE ( 'NONE', #4869, #1126, #2839, .T. ) ;
#4850 = ADVANCED_FACE ( 'NONE', ( #2403 ), #299, .F. ) ;
#4851 = STYLED_ITEM ( 'NONE', ( #5104 ), #3606 ) ;
#4852 = FILL_AREA_STYLE ('',( #873 ) ) ;
#4853 = SURFACE_STYLE_FILL_AREA ( #6000 ) ;
#4854 = ORIENTED_EDGE ( 'NONE', *, *, #5064, .F. ) ;
#4855 = COLOUR_RGB ( '',0.8627450980392157298, 0.6274509803921568540, 0.05882352941176470507 ) ;
#4856 = CARTESIAN_POINT ( 'NONE',  ( -1.053514143716457933E-16, -0.3249999999999998446, -0.3500000000000000333 ) ) ;
#4857 = EDGE_LOOP ( 'NONE', ( #1361, #4396, #1286, #1270 ) ) ;
#4858 = CIRCLE ( 'NONE', #5301, 0.02499999999999995628 ) ;
#4859 = SURFACE_SIDE_STYLE ('',( #2882 ) ) ;
#4860 = CARTESIAN_POINT ( 'NONE',  ( -1.015000000000000346, -0.6499999999999999112, 0.6500000000000001332 ) ) ;
#4861 = VERTEX_POINT ( 'NONE', #4816 ) ;
#4862 = SURFACE_SIDE_STYLE ('',( #3833 ) ) ;
#4863 = DIRECTION ( 'NONE',  ( 0.000000000000000000, 0.000000000000000000, -1.000000000000000000 ) ) ;
#4864 = VECTOR ( 'NONE', #3937, 1000.000000000000000 ) ;
#4865 = CIRCLE ( 'NONE', #4064, 0.1999999999999999833 ) ;
#4866 = FILL_AREA_STYLE_COLOUR ( '', #2286 ) ;
#4867 = CYLINDRICAL_SURFACE ( 'NONE', #1736, 0.02499999999999995628 ) ;
#4868 = CARTESIAN_POINT ( 'NONE',  ( -1.249999999999999778, 1.000000000000000000, -0.3500000000000000333 ) ) ;
#4869 = VERTEX_POINT ( 'NONE', #4466 ) ;
#4870 = SURFACE_STYLE_FILL_AREA ( #5829 ) ;
#4871 = ORIENTED_EDGE ( 'NONE', *, *, #3729, .T. ) ;
#4872 = VECTOR ( 'NONE', #365, 1000.000000000000000 ) ;
#4873 = ORIENTED_EDGE ( 'NONE', *, *, #5195, .T. ) ;
#4874 =( NAMED_UNIT ( * ) SI_UNIT ( $, .STERADIAN. ) SOLID_ANGLE_UNIT ( ) );
#4875 = COLOUR_RGB ( '',0.2862745098039215508, 0.2862745098039215508, 0.2862745098039215508 ) ;
#4876 = LINE ( 'NONE', #4457, #2791 ) ;
#4877 = SURFACE_SIDE_STYLE ('',( #929 ) ) ;
#4878 = ORIENTED_EDGE ( 'NONE', *, *, #4844, .T. ) ;
#4879 = STYLED_ITEM ( 'NONE', ( #2530 ), #5434 ) ;
#4880 = PLANE ( 'NONE',  #5470 ) ;
#4881 = FACE_OUTER_BOUND ( 'NONE', #2075, .T. ) ;
#4882 =( LENGTH_UNIT ( ) NAMED_UNIT ( * ) SI_UNIT ( .MILLI., .METRE. ) );
#4883 = SURFACE_STYLE_USAGE ( .BOTH. , #3471 ) ;
#4884 = COLOUR_RGB ( '',0.2862745098039215508, 0.2862745098039215508, 0.2862745098039215508 ) ;
#4885 =( NAMED_UNIT ( * ) SI_UNIT ( $, .STERADIAN. ) SOLID_ANGLE_UNIT ( ) );
#4886 = CARTESIAN_POINT ( 'NONE',  ( -1.250000000000000222, -1.000000000000000000, -0.3500000000000000333 ) ) ;
#4887 = CARTESIAN_POINT ( 'NONE',  ( 0.8999999999999999112, 0.7650000000000001243, 0.6500000000000001332 ) ) ;
#4888 = MECHANICAL_DESIGN_GEOMETRIC_PRESENTATION_REPRESENTATION (  '', ( #2507 ), #4089 ) ;
#4889 =( LENGTH_UNIT ( ) NAMED_UNIT ( * ) SI_UNIT ( .MILLI., .METRE. ) );
#4890 = PRESENTATION_LAYER_ASSIGNMENT (  '', '', ( #2 ) ) ;
#4891 = EDGE_CURVE ( 'NONE', #6416, #1738, #2295, .T. ) ;
#4892 = ORIENTED_EDGE ( 'NONE', *, *, #4272, .T. ) ;
#4893 = ADVANCED_FACE ( 'NONE', ( #3825 ), #1500, .F. ) ;
#4894 = ORIENTED_EDGE ( 'NONE', *, *, #5663, .T. ) ;
#4895 =( NAMED_UNIT ( * ) PLANE_ANGLE_UNIT ( ) SI_UNIT ( $, .RADIAN. ) );
#4896 = DIRECTION ( 'NONE',  ( 0.000000000000000000, 0.000000000000000000, -1.000000000000000000 ) ) ;
#4897 = ORIENTED_EDGE ( 'NONE', *, *, #80, .T. ) ;
#4898 = DIRECTION ( 'NONE',  ( 0.000000000000000000, 0.000000000000000000, 1.000000000000000000 ) ) ;
#4899 = LINE ( 'NONE', #395, #1648 ) ;
#4900 =( NAMED_UNIT ( * ) PLANE_ANGLE_UNIT ( ) SI_UNIT ( $, .RADIAN. ) );
#4901 = LINE ( 'NONE', #5445, #4864 ) ;
#4902 = FILL_AREA_STYLE_COLOUR ( '', #5214 ) ;
#4903 = FACE_OUTER_BOUND ( 'NONE', #4420, .T. ) ;
#4904 = SURFACE_STYLE_USAGE ( .BOTH. , #2472 ) ;
#4905 = ORIENTED_EDGE ( 'NONE', *, *, #1997, .F. ) ;
#4906 = EDGE_CURVE ( 'NONE', #19, #3489, #3294, .T. ) ;
#4907 = ORIENTED_EDGE ( 'NONE', *, *, #3915, .T. ) ;
#4908 = DIRECTION ( 'NONE',  ( -1.000000000000000000, 0.000000000000000000, 0.000000000000000000 ) ) ;
#4909 = ORIENTED_EDGE ( 'NONE', *, *, #4666, .T. ) ;
#4910 = FACE_OUTER_BOUND ( 'NONE', #6417, .T. ) ;
#4911 = DIRECTION ( 'NONE',  ( 1.000000000000000000, 0.000000000000000000, 0.000000000000000000 ) ) ;
#4912 = DIRECTION ( 'NONE',  ( -1.000000000000000000, 0.000000000000000000, 0.000000000000000000 ) ) ;
#4913 = CARTESIAN_POINT ( 'NONE',  ( -0.8150000000000002798, -0.5650000000000002798, 0.6400000000000000133 ) ) ;
#4914 = ORIENTED_EDGE ( 'NONE', *, *, #3565, .F. ) ;
#4915 = FILL_AREA_STYLE ('',( #3917 ) ) ;
#4916 =( LENGTH_UNIT ( ) NAMED_UNIT ( * ) SI_UNIT ( .MILLI., .METRE. ) );
#4917 = CARTESIAN_POINT ( 'NONE',  ( -1.100000000000000311, -0.8750000000000000000, 0.3750000000000000555 ) ) ;
#4918 = DIRECTION ( 'NONE',  ( 1.000000000000000000, 0.000000000000000000, 0.000000000000000000 ) ) ;
#4919 = VECTOR ( 'NONE', #2717, 1000.000000000000000 ) ;
#4920 = LINE ( 'NONE', #4344, #2029 ) ;
#4921 = UNCERTAINTY_MEASURE_WITH_UNIT (LENGTH_MEASURE( 1.000000000000000082E-05 ), #1635, 'distance_accuracy_value', 'NONE');
#4922 = DIRECTION ( 'NONE',  ( 1.000000000000000000, -0.000000000000000000, -0.000000000000000000 ) ) ;
#4923 = CARTESIAN_POINT ( 'NONE',  ( -0.4749999999999999223, -4.525973552995888183E-17, -0.1500000000000000500 ) ) ;
#4924 = SURFACE_STYLE_USAGE ( .BOTH. , #2493 ) ;
#4925 = VERTEX_POINT ( 'NONE', #2165 ) ;
#4926 =( NAMED_UNIT ( * ) PLANE_ANGLE_UNIT ( ) SI_UNIT ( $, .RADIAN. ) );
#4927 =( NAMED_UNIT ( * ) PLANE_ANGLE_UNIT ( ) SI_UNIT ( $, .RADIAN. ) );
#4928 = CIRCLE ( 'NONE', #258, 0.1499999999999999667 ) ;
#4929 = ORIENTED_EDGE ( 'NONE', *, *, #1469, .F. ) ;
#4930 =( LENGTH_UNIT ( ) NAMED_UNIT ( * ) SI_UNIT ( .MILLI., .METRE. ) );
#4931 = ADVANCED_FACE ( 'NONE', ( #4662 ), #4590, .F. ) ;
#4932 = EDGE_CURVE ( 'NONE', #5149, #1653, #5126, .T. ) ;
#4933 = PRESENTATION_LAYER_ASSIGNMENT (  '', '', ( #670 ) ) ;
#4934 = ORIENTED_EDGE ( 'NONE', *, *, #1309, .T. ) ;
#4935 = CARTESIAN_POINT ( 'NONE',  ( 1.053514143716457933E-16, -0.3249999999999998446, -0.3500000000000000333 ) ) ;
#4936 = VERTEX_POINT ( 'NONE', #1143 ) ;
#4937 = CARTESIAN_POINT ( 'NONE',  ( 0.8999999999999999112, 0.6500000000000001332, 0.3500000000000000333 ) ) ;
#4938 = STYLED_ITEM ( 'NONE', ( #604 ), #862 ) ;
#4939 = ORIENTED_EDGE ( 'NONE', *, *, #35, .F. ) ;
#4940 = COLOUR_RGB ( '',0.2862745098039215508, 0.2862745098039215508, 0.2862745098039215508 ) ;
#4941 = EDGE_CURVE ( 'NONE', #5407, #3247, #2575, .T. ) ;
#4942 = DIRECTION ( 'NONE',  ( 0.000000000000000000, -1.000000000000000000, 0.000000000000000000 ) ) ;
#4943 = DIRECTION ( 'NONE',  ( 0.000000000000000000, 0.000000000000000000, -1.000000000000000000 ) ) ;
#4944 = SURFACE_STYLE_FILL_AREA ( #3434 ) ;
#4945 = LINE ( 'NONE', #3032, #3061 ) ;
#4946 =( GEOMETRIC_REPRESENTATION_CONTEXT ( 3 ) GLOBAL_UNCERTAINTY_ASSIGNED_CONTEXT ( ( #4921 ) ) GLOBAL_UNIT_ASSIGNED_CONTEXT ( ( #1635, #485, #1993 ) ) REPRESENTATION_CONTEXT ( 'NONE', 'WORKASPACE' ) );
#4947 = COLOUR_RGB ( '',0.2862745098039215508, 0.2862745098039215508, 0.2862745098039215508 ) ;
#4948 = PRESENTATION_LAYER_ASSIGNMENT (  '', '', ( #2144 ) ) ;
#4949 = CARTESIAN_POINT ( 'NONE',  ( 1.249999999999999778, 1.000000000000000000, -0.1500000000000000500 ) ) ;
#4950 = FILL_AREA_STYLE_COLOUR ( '', #572 ) ;
#4951 = FILL_AREA_STYLE_COLOUR ( '', #2196 ) ;
#4952 = DIRECTION ( 'NONE',  ( -0.000000000000000000, -0.000000000000000000, 1.000000000000000000 ) ) ;
#4953 =( GEOMETRIC_REPRESENTATION_CONTEXT ( 3 ) GLOBAL_UNCERTAINTY_ASSIGNED_CONTEXT ( ( #3777 ) ) GLOBAL_UNIT_ASSIGNED_CONTEXT ( ( #336, #5385, #5766 ) ) REPRESENTATION_CONTEXT ( 'NONE', 'WORKASPACE' ) );
#4954 = DIRECTION ( 'NONE',  ( 0.000000000000000000, 0.000000000000000000, -1.000000000000000000 ) ) ;
#4955 = CARTESIAN_POINT ( 'NONE',  ( 1.143933982822017636, -0.3250000000000001776, -0.1500000000000000500 ) ) ;
#4956 = FILL_AREA_STYLE_COLOUR ( '', #6020 ) ;
#4957 = CARTESIAN_POINT ( 'NONE',  ( -1.250000000000000222, -1.000000000000000000, 0.3500000000000000333 ) ) ;
#4958 = STYLED_ITEM ( 'NONE', ( #4321 ), #4850 ) ;
#4959 = STYLED_ITEM ( 'NONE', ( #3313 ), #4203 ) ;
#4960 = SURFACE_STYLE_USAGE ( .BOTH. , #1433 ) ;
#4961 = SURFACE_STYLE_FILL_AREA ( #4852 ) ;
#4962 = DIRECTION ( 'NONE',  ( 0.000000000000000000, 0.000000000000000000, -1.000000000000000000 ) ) ;
#4963 = CYLINDRICAL_SURFACE ( 'NONE', #5910, 0.2225000000000000311 ) ;
#4964 = VERTEX_POINT ( 'NONE', #2219 ) ;
#4965 = CARTESIAN_POINT ( 'NONE',  ( 0.000000000000000000, 1.000000000000000000, -0.1500000000000000500 ) ) ;
#4966 = TOROIDAL_SURFACE ( 'NONE', #2364, 0.1650000000000000633, 0.02500000000000000139 ) ;
#4967 = SURFACE_STYLE_USAGE ( .BOTH. , #6406 ) ;
#4968 = ORIENTED_EDGE ( 'NONE', *, *, #2170, .T. ) ;
#4969 = DIRECTION ( 'NONE',  ( 0.000000000000000000, 0.000000000000000000, 1.000000000000000000 ) ) ;
#4970 = CARTESIAN_POINT ( 'NONE',  ( 1.249999999999999778, 0.7774999999999999689, -0.1500000000000000500 ) ) ;
#4971 = UNCERTAINTY_MEASURE_WITH_UNIT (LENGTH_MEASURE( 1.000000000000000082E-05 ), #703, 'distance_accuracy_value', 'NONE');
#4972 = FILL_AREA_STYLE_COLOUR ( '', #4678 ) ;
#4973 = TOROIDAL_SURFACE ( 'NONE', #5515, 0.2250000000000000333, 0.02500000000000000139 ) ;
#4974 =( LENGTH_UNIT ( ) NAMED_UNIT ( * ) SI_UNIT ( .MILLI., .METRE. ) );
#4975 = ORIENTED_EDGE ( 'NONE', *, *, #3265, .F. ) ;
#4976 = ORIENTED_EDGE ( 'NONE', *, *, #5775, .T. ) ;
#4977 = EDGE_CURVE ( 'NONE', #160, #3697, #3290, .T. ) ;
#4978 = ORIENTED_EDGE ( 'NONE', *, *, #5020, .T. ) ;
#4979 = PRESENTATION_STYLE_ASSIGNMENT (( #2577 ) ) ;
#4980 = AXIS2_PLACEMENT_3D ( 'NONE', #5979, #1937, #5374 ) ;
#4981 = CARTESIAN_POINT ( 'NONE',  ( 1.054407950059313093, 0.8939339828220179696, -0.3500000000000000333 ) ) ;
#4982 = PRESENTATION_LAYER_ASSIGNMENT (  '', '', ( #5302 ) ) ;
#4983 = ADVANCED_FACE ( 'NONE', ( #5260 ), #3817, .F. ) ;
#4984 = EDGE_CURVE ( 'NONE', #4009, #676, #5327, .T. ) ;
#4985 = SURFACE_SIDE_STYLE ('',( #5530 ) ) ;
#4986 =( GEOMETRIC_REPRESENTATION_CONTEXT ( 3 ) GLOBAL_UNCERTAINTY_ASSIGNED_CONTEXT ( ( #2348 ) ) GLOBAL_UNIT_ASSIGNED_CONTEXT ( ( #3749, #5729, #4271 ) ) REPRESENTATION_CONTEXT ( 'NONE', 'WORKASPACE' ) );
#4987 = VECTOR ( 'NONE', #5739, 1000.000000000000000 ) ;
#4988 = CARTESIAN_POINT ( 'NONE',  ( 0.8999999999999998002, -0.8500000000000000888, 0.3750000000000000555 ) ) ;
#4989 = SURFACE_SIDE_STYLE ('',( #4961 ) ) ;
#4990 = FACE_OUTER_BOUND ( 'NONE', #3846, .T. ) ;
#4991 = MECHANICAL_DESIGN_GEOMETRIC_PRESENTATION_REPRESENTATION (  '', ( #5426 ), #5656 ) ;
#4992 = ORIENTED_EDGE ( 'NONE', *, *, #559, .T. ) ;
#4993 = DIRECTION ( 'NONE',  ( 0.000000000000000000, -0.000000000000000000, 1.000000000000000000 ) ) ;
#4994 = STYLED_ITEM ( 'NONE', ( #1534 ), #5653 ) ;
#4995 = DIRECTION ( 'NONE',  ( -0.000000000000000000, -0.000000000000000000, -1.000000000000000000 ) ) ;
#4996 =( LENGTH_UNIT ( ) NAMED_UNIT ( * ) SI_UNIT ( .MILLI., .METRE. ) );
#4997 = ORIENTED_EDGE ( 'NONE', *, *, #3529, .T. ) ;
#4998 = DIRECTION ( 'NONE',  ( -0.000000000000000000, -0.000000000000000000, -1.000000000000000000 ) ) ;
#4999 = MECHANICAL_DESIGN_GEOMETRIC_PRESENTATION_REPRESENTATION (  '', ( #934 ), #1779 ) ;
#5000 = LINE ( 'NONE', #4077, #6172 ) ;
#5001 = DIRECTION ( 'NONE',  ( -0.7071067811865441310, 0.7071067811865507924, 0.000000000000000000 ) ) ;
#5002 =( NAMED_UNIT ( * ) SI_UNIT ( $, .STERADIAN. ) SOLID_ANGLE_UNIT ( ) );
#5003 = ORIENTED_EDGE ( 'NONE', *, *, #756, .T. ) ;
#5004 = CYLINDRICAL_SURFACE ( 'NONE', #1908, 0.2225000000000002531 ) ;
#5005 = ORIENTED_EDGE ( 'NONE', *, *, #3446, .T. ) ;
#5006 = STYLED_ITEM ( 'NONE', ( #4764 ), #6213 ) ;
#5007 = ORIENTED_EDGE ( 'NONE', *, *, #2635, .T. ) ;
#5008 = SURFACE_STYLE_FILL_AREA ( #2930 ) ;
#5009 = DIRECTION ( 'NONE',  ( -1.000000000000000000, 0.000000000000000000, 0.000000000000000000 ) ) ;
#5010 = PRESENTATION_STYLE_ASSIGNMENT (( #2541 ) ) ;
#5011 = PRESENTATION_STYLE_ASSIGNMENT (( #3036 ) ) ;
#5012 = EDGE_CURVE ( 'NONE', #1174, #4936, #5124, .T. ) ;
#5013 = PLANE ( 'NONE',  #1798 ) ;
#5014 = CARTESIAN_POINT ( 'NONE',  ( 1.249999999999999556, -1.000000000000000444, -0.1500000000000000500 ) ) ;
#5015 = CARTESIAN_POINT ( 'NONE',  ( 1.039999999999999813, -0.6500000000000001332, 0.6250000000000001110 ) ) ;
#5016 = EDGE_CURVE ( 'NONE', #4117, #971, #1995, .T. ) ;
#5017 = EDGE_CURVE ( 'NONE', #5178, #4381, #6355, .T. ) ;
#5018 = DIRECTION ( 'NONE',  ( -0.000000000000000000, -0.000000000000000000, 1.000000000000000000 ) ) ;
#5019 =( NAMED_UNIT ( * ) SI_UNIT ( $, .STERADIAN. ) SOLID_ANGLE_UNIT ( ) );
#5020 = EDGE_CURVE ( 'NONE', #2106, #5722, #3845, .T. ) ;
#5021 = STYLED_ITEM ( 'NONE', ( #3709 ), #2245 ) ;
#5022 = ORIENTED_EDGE ( 'NONE', *, *, #2278, .F. ) ;
#5023 = LINE ( 'NONE', #597, #238 ) ;
#5024 = FILL_AREA_STYLE_COLOUR ( '', #3518 ) ;
#5025 = PRESENTATION_STYLE_ASSIGNMENT (( #2703 ) ) ;
#5026 = UNCERTAINTY_MEASURE_WITH_UNIT (LENGTH_MEASURE( 1.000000000000000082E-05 ), #4669, 'distance_accuracy_value', 'NONE');
#5027 = UNCERTAINTY_MEASURE_WITH_UNIT (LENGTH_MEASURE( 1.000000000000000082E-05 ), #3059, 'distance_accuracy_value', 'NONE');
#5028 = SURFACE_STYLE_USAGE ( .BOTH. , #3149 ) ;
#5029 = ORIENTED_EDGE ( 'NONE', *, *, #4617, .F. ) ;
#5030 = PRESENTATION_LAYER_ASSIGNMENT (  '', '', ( #4810 ) ) ;
#5031 = EDGE_LOOP ( 'NONE', ( #3819, #2011, #5571, #122 ) ) ;
#5032 = COLOUR_RGB ( '',0.8039215686274510109, 0.8039215686274510109, 0.8039215686274510109 ) ;
#5033 =( NAMED_UNIT ( * ) SI_UNIT ( $, .STERADIAN. ) SOLID_ANGLE_UNIT ( ) );
#5034 =( GEOMETRIC_REPRESENTATION_CONTEXT ( 3 ) GLOBAL_UNCERTAINTY_ASSIGNED_CONTEXT ( ( #935 ) ) GLOBAL_UNIT_ASSIGNED_CONTEXT ( ( #6425, #897, #1458 ) ) REPRESENTATION_CONTEXT ( 'NONE', 'WORKASPACE' ) );
#5035 = SURFACE_SIDE_STYLE ('',( #3054 ) ) ;
#5036 = DIRECTION ( 'NONE',  ( -1.000000000000000000, 0.000000000000000000, 0.000000000000000000 ) ) ;
#5037 = DIRECTION ( 'NONE',  ( -1.000000000000000000, 0.000000000000000000, 0.000000000000000000 ) ) ;
#5038 = AXIS2_PLACEMENT_3D ( 'NONE', #5220, #1169, #4714 ) ;
#5039 =( NAMED_UNIT ( * ) SI_UNIT ( $, .STERADIAN. ) SOLID_ANGLE_UNIT ( ) );
#5040 = SURFACE_STYLE_USAGE ( .BOTH. , #6091 ) ;
#5041 = MECHANICAL_DESIGN_GEOMETRIC_PRESENTATION_REPRESENTATION (  '', ( #1620 ), #4632 ) ;
#5042 = ORIENTED_EDGE ( 'NONE', *, *, #4171, .F. ) ;
#5043 = FACE_OUTER_BOUND ( 'NONE', #4575, .T. ) ;
#5044 = SURFACE_STYLE_USAGE ( .BOTH. , #4622 ) ;
#5045 = SURFACE_STYLE_USAGE ( .BOTH. , #3064 ) ;
#5046 = VECTOR ( 'NONE', #114, 1000.000000000000000 ) ;
#5047 = CYLINDRICAL_SURFACE ( 'NONE', #3022, 0.1499999999999999667 ) ;
#5048 = PRESENTATION_LAYER_ASSIGNMENT (  '', '', ( #5269 ) ) ;
#5049 = PRESENTATION_STYLE_ASSIGNMENT (( #3566 ) ) ;
#5050 = FACE_OUTER_BOUND ( 'NONE', #3768, .T. ) ;
#5051 = PRESENTATION_LAYER_ASSIGNMENT (  '', '', ( #2347 ) ) ;
#5052 = DIRECTION ( 'NONE',  ( -0.000000000000000000, -0.000000000000000000, -1.000000000000000000 ) ) ;
#5053 = PRESENTATION_LAYER_ASSIGNMENT (  '', '', ( #573 ) ) ;
#5054 = LINE ( 'NONE', #205, #6237 ) ;
#5055 = EDGE_CURVE ( 'NONE', #4250, #2598, #1685, .T. ) ;
#5056 = SURFACE_STYLE_FILL_AREA ( #3066 ) ;
#5057 = PRESENTATION_LAYER_ASSIGNMENT (  '', '', ( #576 ) ) ;
#5058 = MECHANICAL_DESIGN_GEOMETRIC_PRESENTATION_REPRESENTATION (  '', ( #5923 ), #4151 ) ;
#5059 = CARTESIAN_POINT ( 'NONE',  ( -1.143933982822017859, -5.174114067996492916E-16, -0.3500000000000000333 ) ) ;
#5060 =( LENGTH_UNIT ( ) NAMED_UNIT ( * ) SI_UNIT ( .MILLI., .METRE. ) );
#5061 = ORIENTED_EDGE ( 'NONE', *, *, #1204, .F. ) ;
#5062 = DIRECTION ( 'NONE',  ( -1.000000000000000000, 0.000000000000000000, -0.000000000000000000 ) ) ;
#5063 = ADVANCED_FACE ( 'NONE', ( #1288 ), #718, .F. ) ;
#5064 = EDGE_CURVE ( 'NONE', #1126, #2620, #2070, .T. ) ;
#5065 =( NAMED_UNIT ( * ) PLANE_ANGLE_UNIT ( ) SI_UNIT ( $, .RADIAN. ) );
#5066 =( LENGTH_UNIT ( ) NAMED_UNIT ( * ) SI_UNIT ( .MILLI., .METRE. ) );
#5067 = LINE ( 'NONE', #5208, #5752 ) ;
#5068 = EDGE_CURVE ( 'NONE', #5334, #6263, #3910, .T. ) ;
#5069 = CARTESIAN_POINT ( 'NONE',  ( -5.018252680870375239E-16, 0.8939339828220185247, -0.3500000000000000333 ) ) ;
#5070 = SURFACE_STYLE_FILL_AREA ( #3299 ) ;
#5071 = ORIENTED_EDGE ( 'NONE', *, *, #6333, .F. ) ;
#5072 = CARTESIAN_POINT ( 'NONE',  ( -0.8150000000000002798, -0.5650000000000002798, 0.6400000000000000133 ) ) ;
#5073 = ORIENTED_EDGE ( 'NONE', *, *, #4279, .T. ) ;
#5074 = ORIENTED_EDGE ( 'NONE', *, *, #2562, .F. ) ;
#5075 =( NAMED_UNIT ( * ) PLANE_ANGLE_UNIT ( ) SI_UNIT ( $, .RADIAN. ) );
#5076 =( NAMED_UNIT ( * ) PLANE_ANGLE_UNIT ( ) SI_UNIT ( $, .RADIAN. ) );
#5077 = CARTESIAN_POINT ( 'NONE',  ( 0.05833004110700093503, -1.057328136146803432, 0.3500000000000000333 ) ) ;
#5078 = EDGE_LOOP ( 'NONE', ( #1905, #3460, #2238, #3363 ) ) ;
#5079 = CARTESIAN_POINT ( 'NONE',  ( 1.249999999999999556, -1.000000000000000444, -0.1500000000000000500 ) ) ;
#5080 = AXIS2_PLACEMENT_3D ( 'NONE', #1915, #508, #3908 ) ;
#5081 = AXIS2_PLACEMENT_3D ( 'NONE', #2590, #3147, #3114 ) ;
#5082 = CARTESIAN_POINT ( 'NONE',  ( 1.143933982822017636, 0.000000000000000000, -0.1500000000000000500 ) ) ;
#5083 = LINE ( 'NONE', #1138, #6292 ) ;
#5084 = SURFACE_STYLE_USAGE ( .BOTH. , #232 ) ;
#5085 = UNCERTAINTY_MEASURE_WITH_UNIT (LENGTH_MEASURE( 1.000000000000000082E-05 ), #6289, 'distance_accuracy_value', 'NONE');
#5086 =( GEOMETRIC_REPRESENTATION_CONTEXT ( 3 ) GLOBAL_UNCERTAINTY_ASSIGNED_CONTEXT ( ( #3546 ) ) GLOBAL_UNIT_ASSIGNED_CONTEXT ( ( #5856, #760, #2363 ) ) REPRESENTATION_CONTEXT ( 'NONE', 'WORKASPACE' ) );
#5087 = DIRECTION ( 'NONE',  ( 1.000000000000000000, -0.000000000000000000, 0.000000000000000000 ) ) ;
#5088 = DIRECTION ( 'NONE',  ( 1.000000000000000000, 0.000000000000000000, 0.000000000000000000 ) ) ;
#5089 = VECTOR ( 'NONE', #3630, 1000.000000000000000 ) ;
#5090 = COLOUR_RGB ( '',0.8627450980392157298, 0.6274509803921568540, 0.05882352941176470507 ) ;
#5091 = APPLICATION_PROTOCOL_DEFINITION ( 'draft international standard', 'automotive_design', 1998, #1812 ) ;
#5092 = CARTESIAN_POINT ( 'NONE',  ( 1.143933982822017636, 0.8044079500593136478, -0.1500000000000000500 ) ) ;
#5093 = STYLED_ITEM ( 'NONE', ( #4115 ), #5352 ) ;
#5094 =( NAMED_UNIT ( * ) SI_UNIT ( $, .STERADIAN. ) SOLID_ANGLE_UNIT ( ) );
#5095 = VERTEX_POINT ( 'NONE', #5965 ) ;
#5096 =( LENGTH_UNIT ( ) NAMED_UNIT ( * ) SI_UNIT ( .MILLI., .METRE. ) );
#5097 = PRESENTATION_LAYER_ASSIGNMENT (  '', '', ( #4079 ) ) ;
#5098 = ORIENTED_EDGE ( 'NONE', *, *, #3729, .F. ) ;
#5099 = DIRECTION ( 'NONE',  ( 0.000000000000000000, 0.000000000000000000, -1.000000000000000000 ) ) ;
#5100 = FILL_AREA_STYLE ('',( #2760 ) ) ;
#5101 = CARTESIAN_POINT ( 'NONE',  ( 1.143933982822017414, -0.8044079500593137588, -0.1500000000000000500 ) ) ;
#5102 = FACE_OUTER_BOUND ( 'NONE', #6189, .T. ) ;
#5103 = ADVANCED_FACE ( 'NONE', ( #6459 ), #956, .T. ) ;
#5104 = PRESENTATION_STYLE_ASSIGNMENT (( #4573 ) ) ;
#5105 =( GEOMETRIC_REPRESENTATION_CONTEXT ( 3 ) GLOBAL_UNCERTAINTY_ASSIGNED_CONTEXT ( ( #5296 ) ) GLOBAL_UNIT_ASSIGNED_CONTEXT ( ( #3001, #5454, #5534 ) ) REPRESENTATION_CONTEXT ( 'NONE', 'WORKASPACE' ) );
#5106 = EDGE_LOOP ( 'NONE', ( #1291, #2798, #1671, #6216 ) ) ;
#5107 = FILL_AREA_STYLE_COLOUR ( '', #2226 ) ;
#5108 = ORIENTED_EDGE ( 'NONE', *, *, #2387, .T. ) ;
#5109 = ORIENTED_EDGE ( 'NONE', *, *, #4805, .T. ) ;
#5110 = PRESENTATION_STYLE_ASSIGNMENT (( #250 ) ) ;
#5111 = COLOUR_RGB ( '',0.8627450980392157298, 0.6274509803921568540, 0.05882352941176470507 ) ;
#5112 = CARTESIAN_POINT ( 'NONE',  ( -1.143933982822017636, 0.3249999999999999001, -0.1500000000000000500 ) ) ;
#5113 = ADVANCED_FACE ( 'NONE', ( #1953 ), #2898, .T. ) ;
#5114 =( NAMED_UNIT ( * ) PLANE_ANGLE_UNIT ( ) SI_UNIT ( $, .RADIAN. ) );
#5115 =( NAMED_UNIT ( * ) SI_UNIT ( $, .STERADIAN. ) SOLID_ANGLE_UNIT ( ) );
#5116 = CYLINDRICAL_SURFACE ( 'NONE', #5477, 0.1000000000000000056 ) ;
#5117 = ORIENTED_EDGE ( 'NONE', *, *, #4581, .T. ) ;
#5118 = FACE_OUTER_BOUND ( 'NONE', #3307, .T. ) ;
#5119 = PRESENTATION_LAYER_ASSIGNMENT (  '', '', ( #1675 ) ) ;
#5120 =( LENGTH_UNIT ( ) NAMED_UNIT ( * ) SI_UNIT ( .MILLI., .METRE. ) );
#5121 = PLANE ( 'NONE',  #4032 ) ;
#5122 = ORIENTED_EDGE ( 'NONE', *, *, #4251, .F. ) ;
#5123 = DIRECTION ( 'NONE',  ( 0.000000000000000000, -1.000000000000000000, 0.000000000000000000 ) ) ;
#5124 = CIRCLE ( 'NONE', #3681, 0.1999999999999999833 ) ;
#5125 = SURFACE_STYLE_FILL_AREA ( #1208 ) ;
#5126 = LINE ( 'NONE', #4132, #2469 ) ;
#5127 = UNCERTAINTY_MEASURE_WITH_UNIT (LENGTH_MEASURE( 1.000000000000000082E-05 ), #954, 'distance_accuracy_value', 'NONE');
#5128 = DIRECTION ( 'NONE',  ( 0.000000000000000000, 0.000000000000000000, -1.000000000000000000 ) ) ;
#5129 = SURFACE_SIDE_STYLE ('',( #5346 ) ) ;
#5130 = ORIENTED_EDGE ( 'NONE', *, *, #2595, .T. ) ;
#5131 = CARTESIAN_POINT ( 'NONE',  ( 1.143933982822017636, -0.3250000000000001776, -0.1500000000000000500 ) ) ;
#5132 = SURFACE_SIDE_STYLE ('',( #3613 ) ) ;
#5133 = SURFACE_SIDE_STYLE ('',( #4231 ) ) ;
#5134 = LINE ( 'NONE', #3657, #297 ) ;
#5135 =( NAMED_UNIT ( * ) PLANE_ANGLE_UNIT ( ) SI_UNIT ( $, .RADIAN. ) );
#5136 = DIRECTION ( 'NONE',  ( 0.000000000000000000, 0.000000000000000000, 1.000000000000000000 ) ) ;
#5137 = EDGE_LOOP ( 'NONE', ( #3133, #5626, #387, #4280 ) ) ;
#5138 = STYLED_ITEM ( 'NONE', ( #1234 ), #214 ) ;
#5139 = MECHANICAL_DESIGN_GEOMETRIC_PRESENTATION_REPRESENTATION (  '', ( #5258 ), #1386 ) ;
#5141 = EDGE_CURVE ( 'NONE', #4597, #5547, #4765, .T. ) ;
#5140 = ORIENTED_EDGE ( 'NONE', *, *, #2431, .T. ) ;
#5142 = DIRECTION ( 'NONE',  ( -0.000000000000000000, -0.000000000000000000, -1.000000000000000000 ) ) ;
#5143 = SURFACE_STYLE_USAGE ( .BOTH. , #3747 ) ;
#5144 = AXIS2_PLACEMENT_3D ( 'NONE', #1039, #5018, #5998 ) ;
#5145 =( LENGTH_UNIT ( ) NAMED_UNIT ( * ) SI_UNIT ( .MILLI., .METRE. ) );
#5146 = LINE ( 'NONE', #92, #1532 ) ;
#5147 = DIRECTION ( 'NONE',  ( 1.000000000000000000, 0.000000000000000000, 0.000000000000000000 ) ) ;
#5148 =( NAMED_UNIT ( * ) SI_UNIT ( $, .STERADIAN. ) SOLID_ANGLE_UNIT ( ) );
#5149 = VERTEX_POINT ( 'NONE', #1133 ) ;
#5150 =( GEOMETRIC_REPRESENTATION_CONTEXT ( 3 ) GLOBAL_UNCERTAINTY_ASSIGNED_CONTEXT ( ( #2500 ) ) GLOBAL_UNIT_ASSIGNED_CONTEXT ( ( #6114, #219, #2140 ) ) REPRESENTATION_CONTEXT ( 'NONE', 'WORKASPACE' ) );
#5151 =( NAMED_UNIT ( * ) PLANE_ANGLE_UNIT ( ) SI_UNIT ( $, .RADIAN. ) );
#5152 = FILL_AREA_STYLE ('',( #6261 ) ) ;
#5153 = FILL_AREA_STYLE_COLOUR ( '', #5111 ) ;
#5154 = EDGE_CURVE ( 'NONE', #3728, #2982, #613, .T. ) ;
#5155 =( GEOMETRIC_REPRESENTATION_CONTEXT ( 3 ) GLOBAL_UNCERTAINTY_ASSIGNED_CONTEXT ( ( #5679 ) ) GLOBAL_UNIT_ASSIGNED_CONTEXT ( ( #3438, #6465, #4492 ) ) REPRESENTATION_CONTEXT ( 'NONE', 'WORKASPACE' ) );
#5157 = EDGE_CURVE ( 'NONE', #3255, #3728, #1658, .T. ) ;
#5156 = EDGE_LOOP ( 'NONE', ( #1326, #3312, #2880, #3271 ) ) ;
#5158 = VECTOR ( 'NONE', #3142, 1000.000000000000000 ) ;
#5159 = DIRECTION ( 'NONE',  ( -0.000000000000000000, -0.000000000000000000, -1.000000000000000000 ) ) ;
#5160 = FACE_OUTER_BOUND ( 'NONE', #2334, .T. ) ;
#5161 = UNCERTAINTY_MEASURE_WITH_UNIT (LENGTH_MEASURE( 1.000000000000000082E-05 ), #1246, 'distance_accuracy_value', 'NONE');
#5162 = DIRECTION ( 'NONE',  ( -0.000000000000000000, -0.000000000000000000, 1.000000000000000000 ) ) ;
#5163 = LINE ( 'NONE', #4591, #3081 ) ;
#5164 =( GEOMETRIC_REPRESENTATION_CONTEXT ( 3 ) GLOBAL_UNCERTAINTY_ASSIGNED_CONTEXT ( ( #1212 ) ) GLOBAL_UNIT_ASSIGNED_CONTEXT ( ( #5339, #3774, #3282 ) ) REPRESENTATION_CONTEXT ( 'NONE', 'WORKASPACE' ) );
#5165 = MECHANICAL_DESIGN_GEOMETRIC_PRESENTATION_REPRESENTATION (  '', ( #3710 ), #1400 ) ;
#5166 = STYLED_ITEM ( 'NONE', ( #1840 ), #4391 ) ;
#5167 = AXIS2_PLACEMENT_3D ( 'NONE', #3614, #1216, #6210 ) ;
#5168 = AXIS2_PLACEMENT_3D ( 'NONE', #5573, #1076, #5062 ) ;
#5169 = DIRECTION ( 'NONE',  ( -1.000000000000000000, 0.000000000000000000, 0.000000000000000000 ) ) ;
#5170 = DIRECTION ( 'NONE',  ( 0.000000000000000000, 0.000000000000000000, -1.000000000000000000 ) ) ;
#5171 = SURFACE_STYLE_USAGE ( .BOTH. , #4201 ) ;
#5172 = FILL_AREA_STYLE_COLOUR ( '', #1010 ) ;
#5173 = DIRECTION ( 'NONE',  ( -0.000000000000000000, -0.000000000000000000, -1.000000000000000000 ) ) ;
#5174 = AXIS2_PLACEMENT_3D ( 'NONE', #3227, #4190, #2688 ) ;
#5175 = LINE ( 'NONE', #2793, #5648 ) ;
#5176 =( GEOMETRIC_REPRESENTATION_CONTEXT ( 3 ) GLOBAL_UNCERTAINTY_ASSIGNED_CONTEXT ( ( #1359 ) ) GLOBAL_UNIT_ASSIGNED_CONTEXT ( ( #6117, #2080, #536 ) ) REPRESENTATION_CONTEXT ( 'NONE', 'WORKASPACE' ) );
#5177 = SURFACE_SIDE_STYLE ('',( #4263 ) ) ;
#5178 = VERTEX_POINT ( 'NONE', #6157 ) ;
#5179 = ORIENTED_EDGE ( 'NONE', *, *, #1950, .F. ) ;
#5180 = DIRECTION ( 'NONE',  ( 1.905673074945637869E-16, 1.000000000000000000, 0.000000000000000000 ) ) ;
#5181 = VECTOR ( 'NONE', #2467, 1000.000000000000000 ) ;
#5182 = VERTEX_POINT ( 'NONE', #4520 ) ;
#5183 = FILL_AREA_STYLE_COLOUR ( '', #3922 ) ;
#5184 = LINE ( 'NONE', #4158, #4778 ) ;
#5185 = AXIS2_PLACEMENT_3D ( 'NONE', #5658, #6035, #1153 ) ;
#5186 = PRESENTATION_LAYER_ASSIGNMENT (  '', '', ( #6358 ) ) ;
#5187 = ORIENTED_EDGE ( 'NONE', *, *, #2482, .F. ) ;
#5188 = CARTESIAN_POINT ( 'NONE',  ( 1.249999999999999778, -1.000000000000000000, -0.1500000000000000500 ) ) ;
#5189 = DIRECTION ( 'NONE',  ( 1.000000000000000000, 0.000000000000000000, 0.000000000000000000 ) ) ;
#5190 = AXIS2_PLACEMENT_3D ( 'NONE', #4393, #6414, #1942 ) ;
#5191 = FILL_AREA_STYLE ('',( #6203 ) ) ;
#5192 = SURFACE_STYLE_USAGE ( .BOTH. , #3202 ) ;
#5193 = SURFACE_STYLE_USAGE ( .BOTH. , #2813 ) ;
#5194 = SURFACE_SIDE_STYLE ('',( #742 ) ) ;
#5195 = EDGE_CURVE ( 'NONE', #4486, #5407, #642, .T. ) ;
#5196 = EDGE_CURVE ( 'NONE', #1165, #1686, #537, .T. ) ;
#5197 = VECTOR ( 'NONE', #5963, 1000.000000000000000 ) ;
#5198 = VECTOR ( 'NONE', #2949, 1000.000000000000000 ) ;
#5199 = UNCERTAINTY_MEASURE_WITH_UNIT (LENGTH_MEASURE( 1.000000000000000082E-05 ), #1050, 'distance_accuracy_value', 'NONE');
#5200 = FILL_AREA_STYLE_COLOUR ( '', #351 ) ;
#5201 = PLANE ( 'NONE',  #936 ) ;
#5202 = VECTOR ( 'NONE', #5826, 1000.000000000000000 ) ;
#5203 = VECTOR ( 'NONE', #5618, 1000.000000000000000 ) ;
#5204 = SURFACE_STYLE_FILL_AREA ( #5712 ) ;
#5205 = EDGE_CURVE ( 'NONE', #273, #892, #3667, .T. ) ;
#5206 =( NAMED_UNIT ( * ) SI_UNIT ( $, .STERADIAN. ) SOLID_ANGLE_UNIT ( ) );
#5207 = SURFACE_STYLE_USAGE ( .BOTH. , #1154 ) ;
#5208 = CARTESIAN_POINT ( 'NONE',  ( 0.4749999999999999223, -4.525973552995888183E-17, -0.3500000000000000333 ) ) ;
#5209 = FILL_AREA_STYLE_COLOUR ( '', #3335 ) ;
#5210 = ORIENTED_EDGE ( 'NONE', *, *, #4458, .F. ) ;
#5211 = CARTESIAN_POINT ( 'NONE',  ( 1.249999999999997113, 3.738628180984502455E-15, -0.1500000000000000500 ) ) ;
#5212 = CARTESIAN_POINT ( 'NONE',  ( -0.9000000000000003553, -0.7900000000000001465, 0.6250000000000001110 ) ) ;
#5213 = VERTEX_POINT ( 'NONE', #2540 ) ;
#5214 = COLOUR_RGB ( '',0.2862745098039215508, 0.2862745098039215508, 0.2862745098039215508 ) ;
#5215 = FACE_OUTER_BOUND ( 'NONE', #3152, .T. ) ;
#5216 = ORIENTED_EDGE ( 'NONE', *, *, #5479, .F. ) ;
#5217 = DIRECTION ( 'NONE',  ( -1.000000000000000000, 5.613672572362096360E-16, 0.000000000000000000 ) ) ;
#5218 = DIRECTION ( 'NONE',  ( -0.000000000000000000, -0.000000000000000000, 1.000000000000000000 ) ) ;
#5219 = AXIS2_PLACEMENT_3D ( 'NONE', #1428, #4954, #481 ) ;
#5220 = CARTESIAN_POINT ( 'NONE',  ( -1.249999999999999778, 1.000000000000000000, -0.1500000000000000500 ) ) ;
#5221 = EDGE_LOOP ( 'NONE', ( #755, #554, #300, #4453 ) ) ;
#5222 = PLANE ( 'NONE',  #3370 ) ;
#5223 =( NAMED_UNIT ( * ) SI_UNIT ( $, .STERADIAN. ) SOLID_ANGLE_UNIT ( ) );
#5224 = VECTOR ( 'NONE', #5218, 1000.000000000000000 ) ;
#5225 = ORIENTED_EDGE ( 'NONE', *, *, #3393, .F. ) ;
#5226 =( NAMED_UNIT ( * ) SI_UNIT ( $, .STERADIAN. ) SOLID_ANGLE_UNIT ( ) );
#5227 = COLOUR_RGB ( '',0.2862745098039215508, 0.2862745098039215508, 0.2862745098039215508 ) ;
#5228 =( NAMED_UNIT ( * ) PLANE_ANGLE_UNIT ( ) SI_UNIT ( $, .RADIAN. ) );
#5229 = DIRECTION ( 'NONE',  ( 0.000000000000000000, 0.000000000000000000, -1.000000000000000000 ) ) ;
#5230 = ADVANCED_FACE ( 'NONE', ( #53 ), #152, .T. ) ;
#5231 = PRESENTATION_STYLE_ASSIGNMENT (( #6394 ) ) ;
#5232 = AXIS2_PLACEMENT_3D ( 'NONE', #4444, #208, #6099 ) ;
#5233 = ADVANCED_FACE ( 'NONE', ( #93 ), #2084, .F. ) ;
#5234 = ADVANCED_FACE ( 'NONE', ( #5721 ), #1189, .F. ) ;
#5235 = PRESENTATION_STYLE_ASSIGNMENT (( #3235 ) ) ;
#5236 = DIRECTION ( 'NONE',  ( -1.000000000000000000, 0.000000000000000000, 0.000000000000000000 ) ) ;
#5237 = CARTESIAN_POINT ( 'NONE',  ( 0.4749999999999998668, -0.3250000000000000111, -0.3500000000000000333 ) ) ;
#5238 = EDGE_CURVE ( 'NONE', #896, #1149, #1278, .T. ) ;
#5239 =( NAMED_UNIT ( * ) PLANE_ANGLE_UNIT ( ) SI_UNIT ( $, .RADIAN. ) );
#5240 = LINE ( 'NONE', #750, #222 ) ;
#5241 = SURFACE_SIDE_STYLE ('',( #4202 ) ) ;
#5242 = ORIENTED_EDGE ( 'NONE', *, *, #4469, .T. ) ;
#5243 = CARTESIAN_POINT ( 'NONE',  ( -1.143933982822017636, 0.8044079500593136478, -0.3500000000000000333 ) ) ;
#5244 = ORIENTED_EDGE ( 'NONE', *, *, #204, .F. ) ;
#5245 = CARTESIAN_POINT ( 'NONE',  ( 1.027499999999999414, -1.000000000000000000, -0.1500000000000000500 ) ) ;
#5246 = ORIENTED_EDGE ( 'NONE', *, *, #3644, .F. ) ;
#5247 = FILL_AREA_STYLE_COLOUR ( '', #1833 ) ;
#5248 =( GEOMETRIC_REPRESENTATION_CONTEXT ( 3 ) GLOBAL_UNCERTAINTY_ASSIGNED_CONTEXT ( ( #4509 ) ) GLOBAL_UNIT_ASSIGNED_CONTEXT ( ( #6438, #3043, #1474 ) ) REPRESENTATION_CONTEXT ( 'NONE', 'WORKASPACE' ) );
#5249 = CARTESIAN_POINT ( 'NONE',  ( -1.250000000000000222, -1.000000000000000000, -0.3500000000000000333 ) ) ;
#5250 = SURFACE_SIDE_STYLE ('',( #3748 ) ) ;
#5251 = CARTESIAN_POINT ( 'NONE',  ( -1.027499999999999414, -1.000000000000000000, -0.3500000000000000333 ) ) ;
#5252 = ORIENTED_EDGE ( 'NONE', *, *, #4, .F. ) ;
#5253 = PRESENTATION_LAYER_ASSIGNMENT (  '', '', ( #1379 ) ) ;
#5254 = DIRECTION ( 'NONE',  ( -1.000000000000000000, 0.000000000000000000, 0.000000000000000000 ) ) ;
#5255 = FILL_AREA_STYLE_COLOUR ( '', #3405 ) ;
#5256 = ORIENTED_EDGE ( 'NONE', *, *, #6296, .F. ) ;
#5257 = PRESENTATION_LAYER_ASSIGNMENT (  '', '', ( #1604 ) ) ;
#5258 = STYLED_ITEM ( 'NONE', ( #2734 ), #2113 ) ;
#5259 = CARTESIAN_POINT ( 'NONE',  ( 0.000000000000000000, 1.000000000000000000, -0.1500000000000000500 ) ) ;
#5260 = FACE_OUTER_BOUND ( 'NONE', #6251, .T. ) ;
#5261 = CARTESIAN_POINT ( 'NONE',  ( 0.8999999999999999112, -0.6500000000000001332, 0.3750000000000000555 ) ) ;
#5262 = ORIENTED_EDGE ( 'NONE', *, *, #3787, .F. ) ;
#5263 = STYLED_ITEM ( 'NONE', ( #3886 ), #2560 ) ;
#5264 = COLOUR_RGB ( '',0.8627450980392157298, 0.6274509803921568540, 0.05882352941176470507 ) ;
#5265 = DIRECTION ( 'NONE',  ( 4.523087997816324217E-16, 1.000000000000000000, 0.000000000000000000 ) ) ;
#5266 = EDGE_CURVE ( 'NONE', #4637, #6141, #2328, .T. ) ;
#5267 = MECHANICAL_DESIGN_GEOMETRIC_PRESENTATION_REPRESENTATION (  '', ( #2252 ), #6241 ) ;
#5268 = DIRECTION ( 'NONE',  ( -5.613672572362096360E-16, 1.000000000000000000, 0.000000000000000000 ) ) ;
#5269 = STYLED_ITEM ( 'NONE', ( #974 ), #4468 ) ;
#5270 = ADVANCED_FACE ( 'NONE', ( #2924 ), #2887, .F. ) ;
#5271 = EDGE_LOOP ( 'NONE', ( #1712, #191, #1358, #5328 ) ) ;
#5272 = AXIS2_PLACEMENT_3D ( 'NONE', #2230, #1496, #479 ) ;
#5273 = ADVANCED_FACE ( 'NONE', ( #5953 ), #5309, .T. ) ;
#5274 =( NAMED_UNIT ( * ) SI_UNIT ( $, .STERADIAN. ) SOLID_ANGLE_UNIT ( ) );
#5275 = VERTEX_POINT ( 'NONE', #1415 ) ;
#5276 = DIRECTION ( 'NONE',  ( 0.000000000000000000, 1.000000000000000000, 0.000000000000000000 ) ) ;
#5277 = FILL_AREA_STYLE_COLOUR ( '', #350 ) ;
#5278 =( GEOMETRIC_REPRESENTATION_CONTEXT ( 3 ) GLOBAL_UNCERTAINTY_ASSIGNED_CONTEXT ( ( #3643 ) ) GLOBAL_UNIT_ASSIGNED_CONTEXT ( ( #2745, #3877, #4749 ) ) REPRESENTATION_CONTEXT ( 'NONE', 'WORKASPACE' ) );
#5279 = ORIENTED_EDGE ( 'NONE', *, *, #2595, .F. ) ;
#5280 = SURFACE_SIDE_STYLE ('',( #788 ) ) ;
#5281 = STYLED_ITEM ( 'NONE', ( #1202 ), #4742 ) ;
#5282 = PRESENTATION_STYLE_ASSIGNMENT (( #789 ) ) ;
#5283 =( NAMED_UNIT ( * ) PLANE_ANGLE_UNIT ( ) SI_UNIT ( $, .RADIAN. ) );
#5284 =( NAMED_UNIT ( * ) PLANE_ANGLE_UNIT ( ) SI_UNIT ( $, .RADIAN. ) );
#5285 = ORIENTED_EDGE ( 'NONE', *, *, #721, .T. ) ;
#5286 = CARTESIAN_POINT ( 'NONE',  ( -1.099999999999999645, -1.000000000000000444, -0.1500000000000000500 ) ) ;
#5287 = COLOUR_RGB ( '',0.2862745098039215508, 0.2862745098039215508, 0.2862745098039215508 ) ;
#5288 =( GEOMETRIC_REPRESENTATION_CONTEXT ( 3 ) GLOBAL_UNCERTAINTY_ASSIGNED_CONTEXT ( ( #1295 ) ) GLOBAL_UNIT_ASSIGNED_CONTEXT ( ( #3704, #5602, #3102 ) ) REPRESENTATION_CONTEXT ( 'NONE', 'WORKASPACE' ) );
#5289 = UNCERTAINTY_MEASURE_WITH_UNIT (LENGTH_MEASURE( 1.000000000000000082E-05 ), #1697, 'distance_accuracy_value', 'NONE');
#5290 = EDGE_LOOP ( 'NONE', ( #2796, #5252, #1090, #4789 ) ) ;
#5291 = FILL_AREA_STYLE ('',( #3203 ) ) ;
#5292 = LINE ( 'NONE', #1854, #1610 ) ;
#5293 = VERTEX_POINT ( 'NONE', #3900 ) ;
#5294 =( NAMED_UNIT ( * ) PLANE_ANGLE_UNIT ( ) SI_UNIT ( $, .RADIAN. ) );
#5295 = SURFACE_STYLE_USAGE ( .BOTH. , #772 ) ;
#5296 = UNCERTAINTY_MEASURE_WITH_UNIT (LENGTH_MEASURE( 1.000000000000000082E-05 ), #3001, 'distance_accuracy_value', 'NONE');
#5297 = PLANE ( 'NONE',  #5219 ) ;
#5298 = AXIS2_PLACEMENT_3D ( 'NONE', #5455, #3985, #2971 ) ;
#5299 = PRESENTATION_STYLE_ASSIGNMENT (( #3151 ) ) ;
#5300 =( GEOMETRIC_REPRESENTATION_CONTEXT ( 3 ) GLOBAL_UNCERTAINTY_ASSIGNED_CONTEXT ( ( #12 ) ) GLOBAL_UNIT_ASSIGNED_CONTEXT ( ( #5145, #5076, #1586 ) ) REPRESENTATION_CONTEXT ( 'NONE', 'WORKASPACE' ) );
#5301 = AXIS2_PLACEMENT_3D ( 'NONE', #4480, #5414, #529 ) ;
#5302 = STYLED_ITEM ( 'NONE', ( #6257 ), #1519 ) ;
#5303 = ORIENTED_EDGE ( 'NONE', *, *, #2838, .F. ) ;
#5304 = SURFACE_STYLE_FILL_AREA ( #5909 ) ;
#5305 = PRESENTATION_LAYER_ASSIGNMENT (  '', '', ( #6170 ) ) ;
#5306 = VERTEX_POINT ( 'NONE', #2830 ) ;
#5307 = PRESENTATION_LAYER_ASSIGNMENT (  '', '', ( #1660 ) ) ;
#5308 = EDGE_CURVE ( 'NONE', #1174, #568, #3869, .T. ) ;
#5309 = CYLINDRICAL_SURFACE ( 'NONE', #4275, 0.1000000000000000472 ) ;
#5310 = CARTESIAN_POINT ( 'NONE',  ( -1.027499999999999636, 1.000000000000000000, -0.3500000000000000333 ) ) ;
#5311 = SURFACE_STYLE_FILL_AREA ( #3807 ) ;
#5312 = ORIENTED_EDGE ( 'NONE', *, *, #4628, .F. ) ;
#5313 = SURFACE_SIDE_STYLE ('',( #4870 ) ) ;
#5314 = ORIENTED_EDGE ( 'NONE', *, *, #630, .T. ) ;
#5315 = DIRECTION ( 'NONE',  ( -1.000000000000000000, 0.000000000000000000, -0.000000000000000000 ) ) ;
#5316 = ORIENTED_EDGE ( 'NONE', *, *, #5398, .T. ) ;
#5317 = EDGE_CURVE ( 'NONE', #4117, #1074, #3424, .T. ) ;
#5318 = FACE_OUTER_BOUND ( 'NONE', #1113, .T. ) ;
#5319 = FILL_AREA_STYLE_COLOUR ( '', #2757 ) ;
#5320 = ORIENTED_EDGE ( 'NONE', *, *, #5973, .T. ) ;
#5321 = DIRECTION ( 'NONE',  ( -1.000000000000000000, 0.000000000000000000, 0.000000000000000000 ) ) ;
#5322 = SURFACE_STYLE_FILL_AREA ( #4342 ) ;
#5323 =( LENGTH_UNIT ( ) NAMED_UNIT ( * ) SI_UNIT ( .MILLI., .METRE. ) );
#5324 = VECTOR ( 'NONE', #196, 1000.000000000000000 ) ;
#5325 = SURFACE_SIDE_STYLE ('',( #2379 ) ) ;
#5326 =( GEOMETRIC_REPRESENTATION_CONTEXT ( 3 ) GLOBAL_UNCERTAINTY_ASSIGNED_CONTEXT ( ( #2035 ) ) GLOBAL_UNIT_ASSIGNED_CONTEXT ( ( #5120, #5151, #1630 ) ) REPRESENTATION_CONTEXT ( 'NONE', 'WORKASPACE' ) );
#5327 = CIRCLE ( 'NONE', #4783, 0.1000000000000000472 ) ;
#5328 = ORIENTED_EDGE ( 'NONE', *, *, #4, .T. ) ;
#5329 = SURFACE_SIDE_STYLE ('',( #3341 ) ) ;
#5330 = VERTEX_POINT ( 'NONE', #5514 ) ;
#5331 = SURFACE_SIDE_STYLE ('',( #5304 ) ) ;
#5332 = CARTESIAN_POINT ( 'NONE',  ( 1.099999999999999867, 1.000000000000000000, -0.1500000000000000500 ) ) ;
#5333 = PLANE ( 'NONE',  #3677 ) ;
#5334 = VERTEX_POINT ( 'NONE', #600 ) ;
#5335 = SURFACE_STYLE_FILL_AREA ( #305 ) ;
#5336 = CARTESIAN_POINT ( 'NONE',  ( -0.1402658989833522607, -0.9573281361468033435, -0.3500000000000000333 ) ) ;
#5337 = DIRECTION ( 'NONE',  ( 0.000000000000000000, 0.000000000000000000, 1.000000000000000000 ) ) ;
#5338 = CARTESIAN_POINT ( 'NONE',  ( -1.143933982822017636, 0.8044079500593136478, -0.3500000000000000333 ) ) ;
#5339 =( LENGTH_UNIT ( ) NAMED_UNIT ( * ) SI_UNIT ( .MILLI., .METRE. ) );
#5340 = VERTEX_POINT ( 'NONE', #1121 ) ;
#5342 = EDGE_CURVE ( 'NONE', #5406, #2620, #4572, .T. ) ;
#5341 = UNCERTAINTY_MEASURE_WITH_UNIT (LENGTH_MEASURE( 1.000000000000000082E-05 ), #937, 'distance_accuracy_value', 'NONE');
#5343 = EDGE_CURVE ( 'NONE', #3195, #3255, #3577, .T. ) ;
#5344 = SURFACE_STYLE_FILL_AREA ( #287 ) ;
#5345 = ORIENTED_EDGE ( 'NONE', *, *, #6335, .F. ) ;
#5346 = SURFACE_STYLE_FILL_AREA ( #3736 ) ;
#5347 = PRESENTATION_LAYER_ASSIGNMENT (  '', '', ( #5456 ) ) ;
#5348 =( LENGTH_UNIT ( ) NAMED_UNIT ( * ) SI_UNIT ( .MILLI., .METRE. ) );
#5349 = CARTESIAN_POINT ( 'NONE',  ( -1.054407950059313093, 0.8939339828220179696, -0.1500000000000000500 ) ) ;
#5350 = ORIENTED_EDGE ( 'NONE', *, *, #2633, .T. ) ;
#5351 = EDGE_CURVE ( 'NONE', #6042, #2330, #4078, .T. ) ;
#5352 = ADVANCED_FACE ( 'NONE', ( #113 ), #1617, .T. ) ;
#5353 = CLOSED_SHELL ( 'NONE', ( #37, #2395, #3998, #1468, #5113, #2235, #5694, #349, #3758, #2755, #2127 ) ) ;
#5354 = FILL_AREA_STYLE_COLOUR ( '', #5795 ) ;
#5355 = MECHANICAL_DESIGN_GEOMETRIC_PRESENTATION_REPRESENTATION (  '', ( #3260 ), #6227 ) ;
#5356 =( GEOMETRIC_REPRESENTATION_CONTEXT ( 3 ) GLOBAL_UNCERTAINTY_ASSIGNED_CONTEXT ( ( #980 ) ) GLOBAL_UNIT_ASSIGNED_CONTEXT ( ( #502, #2504, #2008 ) ) REPRESENTATION_CONTEXT ( 'NONE', 'WORKASPACE' ) );
#5357 = FILL_AREA_STYLE_COLOUR ( '', #4050 ) ;
#5358 = UNCERTAINTY_MEASURE_WITH_UNIT (LENGTH_MEASURE( 1.000000000000000082E-05 ), #2761, 'distance_accuracy_value', 'NONE');
#5359 = AXIS2_PLACEMENT_3D ( 'NONE', #5800, #804, #1242 ) ;
#5360 = MECHANICAL_DESIGN_GEOMETRIC_PRESENTATION_REPRESENTATION (  '', ( #5566 ), #4224 ) ;
#5361 = CARTESIAN_POINT ( 'NONE',  ( 1.249999999999999778, -0.8499999999999999778, 0.3500000000000000333 ) ) ;
#5362 = AXIS2_PLACEMENT_3D ( 'NONE', #4751, #292, #2284 ) ;
#5363 = DIRECTION ( 'NONE',  ( 0.000000000000000000, -1.000000000000000000, 0.000000000000000000 ) ) ;
#5364 = SURFACE_STYLE_FILL_AREA ( #2355 ) ;
#5365 = CIRCLE ( 'NONE', #451, 0.2225000000000000311 ) ;
#5366 = SURFACE_STYLE_FILL_AREA ( #326 ) ;
#5367 = ORIENTED_EDGE ( 'NONE', *, *, #5266, .F. ) ;
#5368 = FACE_OUTER_BOUND ( 'NONE', #5221, .T. ) ;
#5369 = AXIS2_PLACEMENT_3D ( 'NONE', #180, #3688, #4180 ) ;
#5370 = CARTESIAN_POINT ( 'NONE',  ( 1.054407950059313093, 0.8939339828220179696, -0.1500000000000000500 ) ) ;
#5371 = LINE ( 'NONE', #1347, #4487 ) ;
#5372 = ORIENTED_EDGE ( 'NONE', *, *, #5531, .F. ) ;
#5373 = CARTESIAN_POINT ( 'NONE',  ( 1.143933982822017636, 0.8044079500593136478, -0.1500000000000000500 ) ) ;
#5374 = DIRECTION ( 'NONE',  ( 1.000000000000000000, 0.000000000000000000, 0.000000000000000000 ) ) ;
#5375 = VECTOR ( 'NONE', #4377, 1000.000000000000000 ) ;
#5376 =( GEOMETRIC_REPRESENTATION_CONTEXT ( 3 ) GLOBAL_UNCERTAINTY_ASSIGNED_CONTEXT ( ( #3137 ) ) GLOBAL_UNIT_ASSIGNED_CONTEXT ( ( #3734, #4254, #3297 ) ) REPRESENTATION_CONTEXT ( 'NONE', 'WORKASPACE' ) );
#5377 = AXIS2_PLACEMENT_3D ( 'NONE', #1274, #1805, #1869 ) ;
#5378 = DIRECTION ( 'NONE',  ( -0.000000000000000000, -0.000000000000000000, -1.000000000000000000 ) ) ;
#5379 = AXIS2_PLACEMENT_3D ( 'NONE', #540, #649, #162 ) ;
#5380 = SURFACE_STYLE_USAGE ( .BOTH. , #6446 ) ;
#5381 = CARTESIAN_POINT ( 'NONE',  ( 0.8999999999999999112, -0.6500000000000001332, 0.5749999999999999556 ) ) ;
#5382 = COLOUR_RGB ( '',0.8627450980392157298, 0.6274509803921568540, 0.05882352941176470507 ) ;
#5383 = ORIENTED_EDGE ( 'NONE', *, *, #2724, .T. ) ;
#5384 = DIRECTION ( 'NONE',  ( 0.000000000000000000, 0.000000000000000000, -1.000000000000000000 ) ) ;
#5385 =( NAMED_UNIT ( * ) PLANE_ANGLE_UNIT ( ) SI_UNIT ( $, .RADIAN. ) );
#5386 = VECTOR ( 'NONE', #4559, 1000.000000000000000 ) ;
#5387 = EDGE_LOOP ( 'NONE', ( #2279, #6404, #1477, #4707 ) ) ;
#5388 =( NAMED_UNIT ( * ) PLANE_ANGLE_UNIT ( ) SI_UNIT ( $, .RADIAN. ) );
#5389 = CARTESIAN_POINT ( 'NONE',  ( 1.027499999999999858, 1.000000000000000000, -0.3500000000000000333 ) ) ;
#5390 = AXIS2_PLACEMENT_3D ( 'NONE', #483, #3338, #2490 ) ;
#5391 = SURFACE_SIDE_STYLE ('',( #4944 ) ) ;
#5392 = CARTESIAN_POINT ( 'NONE',  ( 0.8999999999999999112, 0.8750000000000000000, 0.3750000000000000555 ) ) ;
#5393 = VECTOR ( 'NONE', #430, 1000.000000000000000 ) ;
#5394 = ORIENTED_EDGE ( 'NONE', *, *, #4984, .F. ) ;
#5395 = FACE_OUTER_BOUND ( 'NONE', #863, .T. ) ;
#5396 = FILL_AREA_STYLE_COLOUR ( '', #1402 ) ;
#5397 = CYLINDRICAL_SURFACE ( 'NONE', #6071, 0.1499999999999997446 ) ;
#5398 = EDGE_CURVE ( 'NONE', #1272, #3452, #499, .T. ) ;
#5399 = EDGE_CURVE ( 'NONE', #5275, #6456, #2914, .T. ) ;
#5400 = CIRCLE ( 'NONE', #4047, 0.1000000000000000056 ) ;
#5401 = CARTESIAN_POINT ( 'NONE',  ( 0.4749999999999999223, -4.525973552995888183E-17, -0.1500000000000000500 ) ) ;
#5402 = CARTESIAN_POINT ( 'NONE',  ( -1.249999999999999778, 1.000000000000000000, -0.1500000000000000500 ) ) ;
#5403 = EDGE_CURVE ( 'NONE', #2685, #2826, #79, .T. ) ;
#5404 = PRESENTATION_STYLE_ASSIGNMENT (( #4924 ) ) ;
#5405 = EDGE_CURVE ( 'NONE', #1686, #3943, #4373, .T. ) ;
#5406 = VERTEX_POINT ( 'NONE', #2594 ) ;
#5407 = VERTEX_POINT ( 'NONE', #2570 ) ;
#5408 = STYLED_ITEM ( 'NONE', ( #5025 ), #3067 ) ;
#5409 = SURFACE_STYLE_USAGE ( .BOTH. , #4325 ) ;
#5410 = FILL_AREA_STYLE_COLOUR ( '', #4947 ) ;
#5411 = PRESENTATION_STYLE_ASSIGNMENT (( #6375 ) ) ;
#5412 = ORIENTED_EDGE ( 'NONE', *, *, #5017, .T. ) ;
#5413 = PLANE ( 'NONE',  #1939 ) ;
#5414 = DIRECTION ( 'NONE',  ( 1.000000000000000000, 0.000000000000000000, 0.000000000000000000 ) ) ;
#5415 = PRESENTATION_STYLE_ASSIGNMENT (( #2855 ) ) ;
#5416 = DIRECTION ( 'NONE',  ( -1.000000000000000000, 0.000000000000000000, 0.000000000000000000 ) ) ;
#5417 = FILL_AREA_STYLE_COLOUR ( '', #1957 ) ;
#5418 = ORIENTED_EDGE ( 'NONE', *, *, #3237, .T. ) ;
#5419 = PLANE ( 'NONE',  #3849 ) ;
#5420 = ORIENTED_EDGE ( 'NONE', *, *, #4506, .T. ) ;
#5421 = STYLED_ITEM ( 'NONE', ( #651 ), #1909 ) ;
#5422 = ORIENTED_EDGE ( 'NONE', *, *, #680, .T. ) ;
#5423 = VECTOR ( 'NONE', #3387, 1000.000000000000000 ) ;
#5424 = DIRECTION ( 'NONE',  ( -0.000000000000000000, -0.000000000000000000, -1.000000000000000000 ) ) ;
#5425 = ORIENTED_EDGE ( 'NONE', *, *, #5068, .F. ) ;
#5426 = STYLED_ITEM ( 'NONE', ( #266 ), #5518 ) ;
#5427 = DIRECTION ( 'NONE',  ( -1.000000000000000000, 0.000000000000000000, 0.000000000000000000 ) ) ;
#5428 =( NAMED_UNIT ( * ) PLANE_ANGLE_UNIT ( ) SI_UNIT ( $, .RADIAN. ) );
#5429 = CARTESIAN_POINT ( 'NONE',  ( 1.064999999999999947, -0.6500000000000001332, 0.5749999999999999556 ) ) ;
#5430 = DIRECTION ( 'NONE',  ( -1.000000000000000000, -2.990902544787586660E-15, 0.000000000000000000 ) ) ;
#5431 = DIRECTION ( 'NONE',  ( 0.000000000000000000, -1.000000000000000000, 0.000000000000000000 ) ) ;
#5432 = MECHANICAL_DESIGN_GEOMETRIC_PRESENTATION_REPRESENTATION (  '', ( #1669 ), #625 ) ;
#5433 = EDGE_CURVE ( 'NONE', #2588, #3255, #298, .T. ) ;
#5434 = ADVANCED_FACE ( 'NONE', ( #5102 ), #5983, .F. ) ;
#5435 = SURFACE_STYLE_FILL_AREA ( #29 ) ;
#5436 = PRESENTATION_STYLE_ASSIGNMENT (( #3448 ) ) ;
#5437 = FILL_AREA_STYLE_COLOUR ( '', #5264 ) ;
#5438 = SURFACE_STYLE_USAGE ( .BOTH. , #526 ) ;
#5439 = ADVANCED_FACE ( 'NONE', ( #2263 ), #2667, .F. ) ;
#5440 = DIRECTION ( 'NONE',  ( 0.000000000000000000, 1.000000000000000000, 0.000000000000000000 ) ) ;
#5441 = ORIENTED_EDGE ( 'NONE', *, *, #2954, .T. ) ;
#5442 = PRESENTATION_STYLE_ASSIGNMENT (( #976 ) ) ;
#5443 = CARTESIAN_POINT ( 'NONE',  ( -1.249999999999999778, -0.8499999999999999778, -0.1500000000000000500 ) ) ;
#5444 = UNCERTAINTY_MEASURE_WITH_UNIT (LENGTH_MEASURE( 1.000000000000000082E-05 ), #584, 'distance_accuracy_value', 'NONE');
#5445 = CARTESIAN_POINT ( 'NONE',  ( -1.250000000000000222, 1.000000000000000000, 0.3500000000000000333 ) ) ;
#5446 = EDGE_LOOP ( 'NONE', ( #4306, #6228, #4298, #86 ) ) ;
#5447 = FILL_AREA_STYLE ('',( #1451 ) ) ;
#5448 = ORIENTED_EDGE ( 'NONE', *, *, #907, .T. ) ;
#5449 = EDGE_LOOP ( 'NONE', ( #6389, #5312, #5781, #1250 ) ) ;
#5450 =( NAMED_UNIT ( * ) SI_UNIT ( $, .STERADIAN. ) SOLID_ANGLE_UNIT ( ) );
#5451 = CARTESIAN_POINT ( 'NONE',  ( 0.4749999999999999223, -4.525973552995888183E-17, -0.1500000000000000500 ) ) ;
#5452 = SURFACE_STYLE_FILL_AREA ( #2902 ) ;
#5453 = SURFACE_SIDE_STYLE ('',( #5897 ) ) ;
#5454 =( NAMED_UNIT ( * ) PLANE_ANGLE_UNIT ( ) SI_UNIT ( $, .RADIAN. ) );
#5455 = CARTESIAN_POINT ( 'NONE',  ( -0.9000000000000003553, -0.7650000000000001243, 0.6250000000000001110 ) ) ;
#5456 = STYLED_ITEM ( 'NONE', ( #4745 ), #2424 ) ;
#5457 = DIRECTION ( 'NONE',  ( -1.000000000000000000, -4.523087997816324217E-16, 0.000000000000000000 ) ) ;
#5458 = SURFACE_SIDE_STYLE ('',( #999 ) ) ;
#5459 = PLANE ( 'NONE',  #2451 ) ;
#5460 = AXIS2_PLACEMENT_3D ( 'NONE', #490, #6367, #3413 ) ;
#5461 =( NAMED_UNIT ( * ) PLANE_ANGLE_UNIT ( ) SI_UNIT ( $, .RADIAN. ) );
#5462 = LINE ( 'NONE', #1608, #2157 ) ;
#5463 = FILL_AREA_STYLE_COLOUR ( '', #5687 ) ;
#5464 = AXIS2_PLACEMENT_3D ( 'NONE', #127, #5123, #3674 ) ;
#5465 = EDGE_CURVE ( 'NONE', #249, #6141, #512, .T. ) ;
#5466 = FILL_AREA_STYLE_COLOUR ( '', #4826 ) ;
#5467 = VECTOR ( 'NONE', #116, 1000.000000000000000 ) ;
#5468 = ORIENTED_EDGE ( 'NONE', *, *, #1601, .T. ) ;
#5469 = DIRECTION ( 'NONE',  ( 0.000000000000000000, 0.000000000000000000, 1.000000000000000000 ) ) ;
#5470 = AXIS2_PLACEMENT_3D ( 'NONE', #3879, #5427, #5496 ) ;
#5471 = CARTESIAN_POINT ( 'NONE',  ( 0.8999999999999999112, 0.6500000000000001332, 0.5500000000000000444 ) ) ;
#5472 = ORIENTED_EDGE ( 'NONE', *, *, #2353, .T. ) ;
#5473 = DIRECTION ( 'NONE',  ( 1.000000000000000000, 0.000000000000000000, -0.000000000000000000 ) ) ;
#5474 = CARTESIAN_POINT ( 'NONE',  ( 0.000000000000000000, -1.000000000000000000, -0.1500000000000000500 ) ) ;
#5475 = CARTESIAN_POINT ( 'NONE',  ( 1.249999999999999556, -1.000000000000000444, -0.3500000000000000333 ) ) ;
#5476 = EDGE_CURVE ( 'NONE', #5293, #5306, #3150, .T. ) ;
#5477 = AXIS2_PLACEMENT_3D ( 'NONE', #1847, #5763, #1383 ) ;
#5478 = DIRECTION ( 'NONE',  ( 1.000000000000000000, 0.000000000000000000, 0.000000000000000000 ) ) ;
#5479 = EDGE_CURVE ( 'NONE', #4381, #4049, #107, .T. ) ;
#5480 = DIRECTION ( 'NONE',  ( 0.000000000000000000, 0.000000000000000000, 1.000000000000000000 ) ) ;
#5481 = VERTEX_POINT ( 'NONE', #726 ) ;
#5482 = DIRECTION ( 'NONE',  ( 0.000000000000000000, 0.000000000000000000, -1.000000000000000000 ) ) ;
#5483 = ORIENTED_EDGE ( 'NONE', *, *, #6088, .F. ) ;
#5484 = PLANE ( 'NONE',  #265 ) ;
#5485 = COLOUR_RGB ( '',0.8627450980392157298, 0.6274509803921568540, 0.05882352941176470507 ) ;
#5486 = ORIENTED_EDGE ( 'NONE', *, *, #3157, .T. ) ;
#5487 = FACE_OUTER_BOUND ( 'NONE', #770, .T. ) ;
#5488 = ADVANCED_FACE ( 'NONE', ( #6248 ), #4316, .T. ) ;
#5489 = STYLED_ITEM ( 'NONE', ( #1478 ), #4315 ) ;
#5490 = VECTOR ( 'NONE', #6072, 1000.000000000000000 ) ;
#5491 =( LENGTH_UNIT ( ) NAMED_UNIT ( * ) SI_UNIT ( .MILLI., .METRE. ) );
#5492 = DIRECTION ( 'NONE',  ( 1.000000000000000000, 0.000000000000000000, -0.000000000000000000 ) ) ;
#5493 = DIRECTION ( 'NONE',  ( -1.000000000000000000, 0.000000000000000000, -0.000000000000000000 ) ) ;
#5494 = PRESENTATION_LAYER_ASSIGNMENT (  '', '', ( #353 ) ) ;
#5495 = VECTOR ( 'NONE', #6032, 1000.000000000000000 ) ;
#5496 = DIRECTION ( 'NONE',  ( 0.000000000000000000, 0.000000000000000000, 1.000000000000000000 ) ) ;
#5497 = FILL_AREA_STYLE ('',( #3037 ) ) ;
#5498 = PRESENTATION_LAYER_ASSIGNMENT (  '', '', ( #1831 ) ) ;
#5499 = MECHANICAL_DESIGN_GEOMETRIC_PRESENTATION_REPRESENTATION (  '', ( #877 ), #3921 ) ;
#5500 = MECHANICAL_DESIGN_GEOMETRIC_PRESENTATION_REPRESENTATION (  '', ( #4036 ), #4433 ) ;
#5501 =( NAMED_UNIT ( * ) SI_UNIT ( $, .STERADIAN. ) SOLID_ANGLE_UNIT ( ) );
#5502 = SURFACE_SIDE_STYLE ('',( #3305 ) ) ;
#5503 = LINE ( 'NONE', #4988, #2344 ) ;
#5504 = AXIS2_PLACEMENT_3D ( 'NONE', #6483, #5473, #1543 ) ;
#5505 =( GEOMETRIC_REPRESENTATION_CONTEXT ( 3 ) GLOBAL_UNCERTAINTY_ASSIGNED_CONTEXT ( ( #4623 ) ) GLOBAL_UNIT_ASSIGNED_CONTEXT ( ( #1882, #2407, #3979 ) ) REPRESENTATION_CONTEXT ( 'NONE', 'WORKASPACE' ) );
#5506 =( NAMED_UNIT ( * ) SI_UNIT ( $, .STERADIAN. ) SOLID_ANGLE_UNIT ( ) );
#5507 = FILL_AREA_STYLE ('',( #3995 ) ) ;
#5508 = AXIS2_PLACEMENT_3D ( 'NONE', #933, #3880, #962 ) ;
#5509 = ORIENTED_EDGE ( 'NONE', *, *, #779, .T. ) ;
#5510 =( NAMED_UNIT ( * ) SI_UNIT ( $, .STERADIAN. ) SOLID_ANGLE_UNIT ( ) );
#5511 = UNCERTAINTY_MEASURE_WITH_UNIT (LENGTH_MEASURE( 1.000000000000000082E-05 ), #5762, 'distance_accuracy_value', 'NONE');
#5512 = UNCERTAINTY_MEASURE_WITH_UNIT (LENGTH_MEASURE( 1.000000000000000082E-05 ), #6412, 'distance_accuracy_value', 'NONE');
#5513 = DIRECTION ( 'NONE',  ( 0.000000000000000000, 0.000000000000000000, -1.000000000000000000 ) ) ;
#5514 = CARTESIAN_POINT ( 'NONE',  ( 0.8999999999999996891, -0.7900000000000001465, 0.6250000000000001110 ) ) ;
#5515 = AXIS2_PLACEMENT_3D ( 'NONE', #2209, #2638, #5631 ) ;
#5516 = FILL_AREA_STYLE_COLOUR ( '', #3899 ) ;
#5517 = ORIENTED_EDGE ( 'NONE', *, *, #1638, .F. ) ;
#5518 = ADVANCED_FACE ( 'NONE', ( #5774 ), #5297, .T. ) ;
#5519 = ORIENTED_EDGE ( 'NONE', *, *, #4660, .T. ) ;
#5521 = EDGE_CURVE ( 'NONE', #6416, #5758, #2057, .T. ) ;
#5520 = EDGE_LOOP ( 'NONE', ( #4476, #71, #6105, #2744, #220, #115, #5847, #1522, #1223 ) ) ;
#5522 = CYLINDRICAL_SURFACE ( 'NONE', #1408, 0.1400000000000000411 ) ;
#5523 = COLOUR_RGB ( '',0.8627450980392157298, 0.6274509803921568540, 0.05882352941176470507 ) ;
#5524 = CARTESIAN_POINT ( 'NONE',  ( 1.039999999999999813, 0.6499999999999999112, 0.5749999999999999556 ) ) ;
#5525 = DIRECTION ( 'NONE',  ( 0.000000000000000000, 0.000000000000000000, -1.000000000000000000 ) ) ;
#5526 = CARTESIAN_POINT ( 'NONE',  ( -1.100000000000000311, -0.6500000000000000222, 0.3750000000000000555 ) ) ;
#5527 = PRESENTATION_STYLE_ASSIGNMENT (( #4018 ) ) ;
#5528 = CIRCLE ( 'NONE', #2591, 0.2225000000000000311 ) ;
#5529 = DIRECTION ( 'NONE',  ( -1.000000000000000000, 0.000000000000000000, 0.000000000000000000 ) ) ;
#5531 = EDGE_CURVE ( 'NONE', #3461, #4576, #2452, .T. ) ;
#5530 = SURFACE_STYLE_FILL_AREA ( #1986 ) ;
#5532 = CARTESIAN_POINT ( 'NONE',  ( -0.4749999999999998668, -0.6250000000000008882, -0.3500000000000000333 ) ) ;
#5533 = DIRECTION ( 'NONE',  ( 0.000000000000000000, -0.000000000000000000, 1.000000000000000000 ) ) ;
#5534 =( NAMED_UNIT ( * ) SI_UNIT ( $, .STERADIAN. ) SOLID_ANGLE_UNIT ( ) );
#5535 = FILL_AREA_STYLE_COLOUR ( '', #4360 ) ;
#5536 = PRESENTATION_STYLE_ASSIGNMENT (( #3472 ) ) ;
#5537 = CARTESIAN_POINT ( 'NONE',  ( -1.143933982822017192, -0.8044079500593135368, -0.3500000000000000333 ) ) ;
#5538 = VECTOR ( 'NONE', #5478, 1000.000000000000000 ) ;
#5539 = CARTESIAN_POINT ( 'NONE',  ( 0.4749999999999998668, -0.3250000000000000111, -0.1500000000000000500 ) ) ;
#5540 = DIRECTION ( 'NONE',  ( 0.000000000000000000, 1.000000000000000000, 0.000000000000000000 ) ) ;
#5541 = ORIENTED_EDGE ( 'NONE', *, *, #4136, .T. ) ;
#5542 = LINE ( 'NONE', #5576, #5181 ) ;
#5543 = SURFACE_SIDE_STYLE ('',( #1045 ) ) ;
#5544 = DIRECTION ( 'NONE',  ( 0.000000000000000000, -1.000000000000000000, 0.000000000000000000 ) ) ;
#5545 = CARTESIAN_POINT ( 'NONE',  ( 0.05833004110700093503, 0.9573281361468033435, -0.3500000000000000333 ) ) ;
#5546 =( NAMED_UNIT ( * ) SI_UNIT ( $, .STERADIAN. ) SOLID_ANGLE_UNIT ( ) );
#5547 = VERTEX_POINT ( 'NONE', #3702 ) ;
#5548 = SURFACE_STYLE_USAGE ( .BOTH. , #1020 ) ;
#5549 = EDGE_LOOP ( 'NONE', ( #2711, #2435, #1118, #5598 ) ) ;
#5550 = EDGE_LOOP ( 'NONE', ( #1781, #2863, #1632, #491, #3526, #3894, #6233, #4295, #732 ) ) ;
#5551 = SURFACE_SIDE_STYLE ('',( #6195 ) ) ;
#5552 =( LENGTH_UNIT ( ) NAMED_UNIT ( * ) SI_UNIT ( .MILLI., .METRE. ) );
#5553 = FILL_AREA_STYLE ('',( #2640 ) ) ;
#5554 = ADVANCED_FACE ( 'NONE', ( #3172 ), #5047, .F. ) ;
#5555 = CARTESIAN_POINT ( 'NONE',  ( -1.143933982822017859, -5.174114067996492916E-16, -0.1500000000000000500 ) ) ;
#5556 = LINE ( 'NONE', #2544, #5386 ) ;
#5557 = VERTEX_POINT ( 'NONE', #5840 ) ;
#5558 = DIRECTION ( 'NONE',  ( 0.000000000000000000, 0.000000000000000000, -1.000000000000000000 ) ) ;
#5559 = CARTESIAN_POINT ( 'NONE',  ( -0.9150000000000003686, -0.5650000000000002798, 0.6500000000000001332 ) ) ;
#5560 = FILL_AREA_STYLE ('',( #2548 ) ) ;
#5561 = PRESENTATION_STYLE_ASSIGNMENT (( #6062 ) ) ;
#5562 = EDGE_CURVE ( 'NONE', #6263, #5095, #806, .T. ) ;
#5563 = EDGE_CURVE ( 'NONE', #1079, #6297, #2288, .T. ) ;
#5564 = DIRECTION ( 'NONE',  ( 0.000000000000000000, 0.000000000000000000, -1.000000000000000000 ) ) ;
#5565 = PRESENTATION_STYLE_ASSIGNMENT (( #1966 ) ) ;
#5566 = STYLED_ITEM ( 'NONE', ( #4818 ), #2200 ) ;
#5567 = DIRECTION ( 'NONE',  ( 0.000000000000000000, 0.000000000000000000, 1.000000000000000000 ) ) ;
#5568 = FILL_AREA_STYLE ('',( #5466 ) ) ;
#5569 = AXIS2_PLACEMENT_3D ( 'NONE', #101, #4098, #3169 ) ;
#5570 = VECTOR ( 'NONE', #1661, 1000.000000000000000 ) ;
#5571 = ORIENTED_EDGE ( 'NONE', *, *, #6496, .T. ) ;
#5572 = CARTESIAN_POINT ( 'NONE',  ( 1.249999999999999778, -1.000000000000000000, 0.3500000000000000333 ) ) ;
#5573 = CARTESIAN_POINT ( 'NONE',  ( 0.000000000000000000, 0.000000000000000000, -0.3500000000000000333 ) ) ;
#5574 = VECTOR ( 'NONE', #4922, 1000.000000000000000 ) ;
#5575 = ORIENTED_EDGE ( 'NONE', *, *, #1362, .F. ) ;
#5576 = CARTESIAN_POINT ( 'NONE',  ( 0.4749999999999999223, 0.3249999999999999001, -0.1500000000000000500 ) ) ;
#5577 = FILL_AREA_STYLE_COLOUR ( '', #4558 ) ;
#5578 =( GEOMETRIC_REPRESENTATION_CONTEXT ( 3 ) GLOBAL_UNCERTAINTY_ASSIGNED_CONTEXT ( ( #1106 ) ) GLOBAL_UNIT_ASSIGNED_CONTEXT ( ( #3961, #3991, #6476 ) ) REPRESENTATION_CONTEXT ( 'NONE', 'WORKASPACE' ) );
#5579 = UNCERTAINTY_MEASURE_WITH_UNIT (LENGTH_MEASURE( 1.000000000000000082E-05 ), #5760, 'distance_accuracy_value', 'NONE');
#5580 = CARTESIAN_POINT ( 'NONE',  ( -0.8150000000000002798, -0.5650000000000002798, 0.6500000000000001332 ) ) ;
#5581 = PLANE ( 'NONE',  #3209 ) ;
#5582 = FILL_AREA_STYLE_COLOUR ( '', #3074 ) ;
#5583 = ORIENTED_EDGE ( 'NONE', *, *, #2354, .F. ) ;
#5584 = EDGE_LOOP ( 'NONE', ( #733, #8, #3942, #3120 ) ) ;
#5585 = DIRECTION ( 'NONE',  ( 1.000000000000000000, -5.613672572362096360E-16, 0.000000000000000000 ) ) ;
#5586 = ORIENTED_EDGE ( 'NONE', *, *, #1834, .F. ) ;
#5587 = DIRECTION ( 'NONE',  ( 1.000000000000000000, 0.000000000000000000, 0.000000000000000000 ) ) ;
#5588 = AXIS2_PLACEMENT_3D ( 'NONE', #3194, #226, #2149 ) ;
#5589 = VECTOR ( 'NONE', #6101, 1000.000000000000000 ) ;
#5590 = FILL_AREA_STYLE_COLOUR ( '', #4057 ) ;
#5591 = SURFACE_STYLE_FILL_AREA ( #2111 ) ;
#5592 =( NAMED_UNIT ( * ) PLANE_ANGLE_UNIT ( ) SI_UNIT ( $, .RADIAN. ) );
#5593 = EDGE_LOOP ( 'NONE', ( #5947, #1281, #4107, #4326 ) ) ;
#5594 = CARTESIAN_POINT ( 'NONE',  ( -1.249999999999999778, -0.8499999999999999778, -0.1500000000000000500 ) ) ;
#5595 = SURFACE_SIDE_STYLE ('',( #1102 ) ) ;
#5596 = PLANE ( 'NONE',  #1040 ) ;
#5597 = STYLED_ITEM ( 'NONE', ( #4475 ), #3696 ) ;
#5598 = ORIENTED_EDGE ( 'NONE', *, *, #1555, .T. ) ;
#5599 = PRESENTATION_LAYER_ASSIGNMENT (  '', '', ( #1207 ) ) ;
#5600 = CARTESIAN_POINT ( 'NONE',  ( -1.250000000000000222, 1.000000000000000000, -0.3500000000000000333 ) ) ;
#5601 = DIRECTION ( 'NONE',  ( -1.000000000000000000, 3.241581980666026040E-16, 0.000000000000000000 ) ) ;
#5602 =( NAMED_UNIT ( * ) PLANE_ANGLE_UNIT ( ) SI_UNIT ( $, .RADIAN. ) );
#5603 = CYLINDRICAL_SURFACE ( 'NONE', #978, 0.1000000000000000056 ) ;
#5604 = PRESENTATION_LAYER_ASSIGNMENT (  '', '', ( #3612 ) ) ;
#5605 = SURFACE_SIDE_STYLE ('',( #3601 ) ) ;
#5606 = AXIS2_PLACEMENT_3D ( 'NONE', #5261, #261, #2220 ) ;
#5607 = AXIS2_PLACEMENT_3D ( 'NONE', #5402, #2910, #3699 ) ;
#5608 = EDGE_CURVE ( 'NONE', #5924, #3026, #1764, .T. ) ;
#5609 = AXIS2_PLACEMENT_3D ( 'NONE', #3498, #1585, #507 ) ;
#5610 = EDGE_CURVE ( 'NONE', #676, #4009, #3449, .T. ) ;
#5611 = DIRECTION ( 'NONE',  ( -1.000000000000000000, 0.000000000000000000, 0.000000000000000000 ) ) ;
#5612 = COLOUR_RGB ( '',0.8627450980392157298, 0.6274509803921568540, 0.05882352941176470507 ) ;
#5613 = ORIENTED_EDGE ( 'NONE', *, *, #1038, .T. ) ;
#5614 = AXIS2_PLACEMENT_3D ( 'NONE', #1023, #2960, #3430 ) ;
#5615 = CARTESIAN_POINT ( 'NONE',  ( 0.4749999999999998113, -0.8939339828220185247, -0.1500000000000000500 ) ) ;
#5616 = ADVANCED_FACE ( 'NONE', ( #6300 ), #3296, .T. ) ;
#5617 = LINE ( 'NONE', #2758, #6334 ) ;
#5618 = DIRECTION ( 'NONE',  ( -1.905673074945637869E-16, -1.000000000000000000, 0.000000000000000000 ) ) ;
#5619 = CARTESIAN_POINT ( 'NONE',  ( 0.000000000000000000, 0.3249999999999999001, -0.3500000000000000333 ) ) ;
#5620 = SURFACE_SIDE_STYLE ('',( #984 ) ) ;
#5621 = SURFACE_SIDE_STYLE ('',( #3049 ) ) ;
#5622 = FACE_OUTER_BOUND ( 'NONE', #6191, .T. ) ;
#5623 = EDGE_LOOP ( 'NONE', ( #2893, #636, #940, #6276, #6093, #46, #1864, #356, #3775 ) ) ;
#5624 = AXIS2_PLACEMENT_3D ( 'NONE', #2683, #6286, #737 ) ;
#5625 = FILL_AREA_STYLE ('',( #5755 ) ) ;
#5626 = ORIENTED_EDGE ( 'NONE', *, *, #4459, .T. ) ;
#5627 = ORIENTED_EDGE ( 'NONE', *, *, #1602, .T. ) ;
#5628 = SURFACE_STYLE_USAGE ( .BOTH. , #1025 ) ;
#5629 =( GEOMETRIC_REPRESENTATION_CONTEXT ( 3 ) GLOBAL_UNCERTAINTY_ASSIGNED_CONTEXT ( ( #3731 ) ) GLOBAL_UNIT_ASSIGNED_CONTEXT ( ( #792, #5284, #5918 ) ) REPRESENTATION_CONTEXT ( 'NONE', 'WORKASPACE' ) );
#5630 =( GEOMETRIC_REPRESENTATION_CONTEXT ( 3 ) GLOBAL_UNCERTAINTY_ASSIGNED_CONTEXT ( ( #2614 ) ) GLOBAL_UNIT_ASSIGNED_CONTEXT ( ( #5323, #2346, #3920 ) ) REPRESENTATION_CONTEXT ( 'NONE', 'WORKASPACE' ) );
#5631 = DIRECTION ( 'NONE',  ( -1.000000000000000000, 0.000000000000000000, 0.000000000000000000 ) ) ;
#5632 = FILL_AREA_STYLE_COLOUR ( '', #3524 ) ;
#5633 = PRESENTATION_STYLE_ASSIGNMENT (( #3586 ) ) ;
#5634 = FILL_AREA_STYLE ('',( #2247 ) ) ;
#5635 = ORIENTED_EDGE ( 'NONE', *, *, #320, .T. ) ;
#5636 = CARTESIAN_POINT ( 'NONE',  ( 0.8999999999999999112, -0.7650000000000001243, 0.6250000000000001110 ) ) ;
#5637 = CARTESIAN_POINT ( 'NONE',  ( 1.249999999999999778, -0.7775000000000001910, -0.1500000000000000500 ) ) ;
#5638 = STYLED_ITEM ( 'NONE', ( #3485 ), #2999 ) ;
#5639 = CARTESIAN_POINT ( 'NONE',  ( -1.250000000000000222, 1.000000000000000000, 0.3500000000000000333 ) ) ;
#5640 = SURFACE_STYLE_FILL_AREA ( #712 ) ;
#5641 = VERTEX_POINT ( 'NONE', #4225 ) ;
#5642 = PLANE ( 'NONE',  #4513 ) ;
#5643 = MECHANICAL_DESIGN_GEOMETRIC_PRESENTATION_REPRESENTATION (  '', ( #5302 ), #1753 ) ;
#5644 = SURFACE_STYLE_FILL_AREA ( #3230 ) ;
#5645 = DIRECTION ( 'NONE',  ( -1.000000000000000000, 5.613672572362096360E-16, 0.000000000000000000 ) ) ;
#5646 = DIRECTION ( 'NONE',  ( -2.015740370756777612E-16, -1.000000000000000000, 0.000000000000000000 ) ) ;
#5647 = FACE_OUTER_BOUND ( 'NONE', #3844, .T. ) ;
#5648 = VECTOR ( 'NONE', #4784, 1000.000000000000000 ) ;
#5649 = FACE_OUTER_BOUND ( 'NONE', #2843, .T. ) ;
#5650 = LINE ( 'NONE', #1609, #1280 ) ;
#5651 = AXIS2_PLACEMENT_3D ( 'NONE', #3085, #1518, #1480 ) ;
#5652 = DIRECTION ( 'NONE',  ( 1.000000000000000000, -5.613672572362096360E-16, 0.000000000000000000 ) ) ;
#5653 = ADVANCED_FACE ( 'NONE', ( #342 ), #2223, .F. ) ;
#5654 = ORIENTED_EDGE ( 'NONE', *, *, #6462, .T. ) ;
#5655 = EDGE_CURVE ( 'NONE', #6278, #4310, #4463, .T. ) ;
#5656 =( GEOMETRIC_REPRESENTATION_CONTEXT ( 3 ) GLOBAL_UNCERTAINTY_ASSIGNED_CONTEXT ( ( #1766 ) ) GLOBAL_UNIT_ASSIGNED_CONTEXT ( ( #3368, #776, #3407 ) ) REPRESENTATION_CONTEXT ( 'NONE', 'WORKASPACE' ) );
#5657 = CARTESIAN_POINT ( 'NONE',  ( -1.125000000000000444, 0.6500000000000001332, 0.3500000000000000333 ) ) ;
#5658 = CARTESIAN_POINT ( 'NONE',  ( 1.249999999999999778, 1.000000000000000000, -0.1500000000000000500 ) ) ;
#5659 = CARTESIAN_POINT ( 'NONE',  ( -0.1402658989833522607, -0.9573281361468033435, -0.3500000000000000333 ) ) ;
#5660 =( NAMED_UNIT ( * ) PLANE_ANGLE_UNIT ( ) SI_UNIT ( $, .RADIAN. ) );
#5661 = CIRCLE ( 'NONE', #2396, 0.02499999999999995628 ) ;
#5662 = CARTESIAN_POINT ( 'NONE',  ( 1.249999999999999778, -1.000000000000000000, -0.3500000000000000333 ) ) ;
#5663 = EDGE_CURVE ( 'NONE', #3864, #1375, #1989, .T. ) ;
#5664 = ORIENTED_EDGE ( 'NONE', *, *, #2081, .F. ) ;
#5665 = ADVANCED_FACE ( 'NONE', ( #2412 ), #4374, .T. ) ;
#5666 = CARTESIAN_POINT ( 'NONE',  ( 0.8999999999999998002, -0.8750000000000000000, 0.3750000000000000555 ) ) ;
#5667 = VERTEX_POINT ( 'NONE', #5898 ) ;
#5668 = EDGE_LOOP ( 'NONE', ( #3094, #3583, #787, #891 ) ) ;
#5669 = FILL_AREA_STYLE ('',( #2270 ) ) ;
#5670 = SURFACE_STYLE_USAGE ( .BOTH. , #5035 ) ;
#5671 = VERTEX_POINT ( 'NONE', #4022 ) ;
#5672 = CARTESIAN_POINT ( 'NONE',  ( 0.8999999999999996891, -0.7900000000000001465, 0.6500000000000001332 ) ) ;
#5673 = VECTOR ( 'NONE', #2114, 1000.000000000000000 ) ;
#5674 = EDGE_LOOP ( 'NONE', ( #1748, #3796, #2535, #6452 ) ) ;
#5675 = LINE ( 'NONE', #648, #246 ) ;
#5676 = LINE ( 'NONE', #1105, #4033 ) ;
#5677 = LINE ( 'NONE', #2164, #2188 ) ;
#5678 = FACE_OUTER_BOUND ( 'NONE', #6491, .T. ) ;
#5679 = UNCERTAINTY_MEASURE_WITH_UNIT (LENGTH_MEASURE( 1.000000000000000082E-05 ), #3438, 'distance_accuracy_value', 'NONE');
#5680 =( NAMED_UNIT ( * ) SI_UNIT ( $, .STERADIAN. ) SOLID_ANGLE_UNIT ( ) );
#5681 = CARTESIAN_POINT ( 'NONE',  ( 1.249999999999999778, -1.000000000000000000, 0.3500000000000000333 ) ) ;
#5682 = CARTESIAN_POINT ( 'NONE',  ( 0.4749999999999998668, -9.051947105991777598E-17, -0.1500000000000000500 ) ) ;
#5683 = EDGE_LOOP ( 'NONE', ( #2534, #3024, #4086, #3293 ) ) ;
#5684 = DIRECTION ( 'NONE',  ( 0.000000000000000000, 0.000000000000000000, -1.000000000000000000 ) ) ;
#5685 = DIRECTION ( 'NONE',  ( 1.000000000000000000, 2.990902544787586660E-15, 0.000000000000000000 ) ) ;
#5686 = PRESENTATION_STYLE_ASSIGNMENT (( #5207 ) ) ;
#5687 = COLOUR_RGB ( '',0.8627450980392157298, 0.6274509803921568540, 0.05882352941176470507 ) ;
#5688 = CARTESIAN_POINT ( 'NONE',  ( -1.125000000000000444, 0.8500000000000000888, 0.3750000000000000555 ) ) ;
#5689 = ORIENTED_EDGE ( 'NONE', *, *, #2442, .F. ) ;
#5690 = DIRECTION ( 'NONE',  ( 1.000000000000000000, 5.613672572362096360E-16, 0.000000000000000000 ) ) ;
#5691 = ORIENTED_EDGE ( 'NONE', *, *, #3304, .T. ) ;
#5692 = ORIENTED_EDGE ( 'NONE', *, *, #2727, .F. ) ;
#5693 = PRESENTATION_STYLE_ASSIGNMENT (( #1224 ) ) ;
#5694 = ADVANCED_FACE ( 'NONE', ( #3404 ), #5397, .F. ) ;
#5695 = EDGE_CURVE ( 'NONE', #4964, #4560, #150, .T. ) ;
#5696 = MECHANICAL_DESIGN_GEOMETRIC_PRESENTATION_REPRESENTATION (  '', ( #4810 ), #4223 ) ;
#5697 = PRESENTATION_STYLE_ASSIGNMENT (( #4121 ) ) ;
#5698 = CARTESIAN_POINT ( 'NONE',  ( 1.249999999999999778, 1.000000000000000000, -0.3500000000000000333 ) ) ;
#5699 = AXIS2_PLACEMENT_3D ( 'NONE', #550, #68, #4596 ) ;
#5700 = ORIENTED_EDGE ( 'NONE', *, *, #5405, .F. ) ;
#5701 = AXIS2_PLACEMENT_3D ( 'NONE', #2298, #6306, #812 ) ;
#5702 = CYLINDRICAL_SURFACE ( 'NONE', #1180, 0.02499999999999995628 ) ;
#5703 = EDGE_CURVE ( 'NONE', #855, #4675, #2145, .T. ) ;
#5704 = FILL_AREA_STYLE_COLOUR ( '', #4241 ) ;
#5705 = PRESENTATION_LAYER_ASSIGNMENT (  '', '', ( #145 ) ) ;
#5706 = ORIENTED_EDGE ( 'NONE', *, *, #5931, .T. ) ;
#5707 = UNCERTAINTY_MEASURE_WITH_UNIT (LENGTH_MEASURE( 1.000000000000000082E-05 ), #2606, 'distance_accuracy_value', 'NONE');
#5708 = FILL_AREA_STYLE_COLOUR ( '', #4884 ) ;
#5709 = CARTESIAN_POINT ( 'NONE',  ( -1.053514143716457933E-16, -0.3249999999999998446, -0.3500000000000000333 ) ) ;
#5710 = PRESENTATION_LAYER_ASSIGNMENT (  '', '', ( #6118 ) ) ;
#5711 = PRESENTATION_LAYER_ASSIGNMENT (  '', '', ( #4938 ) ) ;
#5712 = FILL_AREA_STYLE ('',( #5750 ) ) ;
#5713 =( GEOMETRIC_REPRESENTATION_CONTEXT ( 3 ) GLOBAL_UNCERTAINTY_ASSIGNED_CONTEXT ( ( #1515 ) ) GLOBAL_UNIT_ASSIGNED_CONTEXT ( ( #3376, #1838, #5850 ) ) REPRESENTATION_CONTEXT ( 'NONE', 'WORKASPACE' ) );
#5714 = VECTOR ( 'NONE', #2415, 1000.000000000000000 ) ;
#5715 = MECHANICAL_DESIGN_GEOMETRIC_PRESENTATION_REPRESENTATION (  '', ( #3286 ), #4835 ) ;
#5716 = PRESENTATION_STYLE_ASSIGNMENT (( #5171 ) ) ;
#5717 = PLANE ( 'NONE',  #5994 ) ;
#5718 = MECHANICAL_DESIGN_GEOMETRIC_PRESENTATION_REPRESENTATION (  '', ( #4958 ), #4436 ) ;
#5719 = PLANE ( 'NONE',  #810 ) ;
#5720 = DIRECTION ( 'NONE',  ( 0.000000000000000000, 0.000000000000000000, -1.000000000000000000 ) ) ;
#5721 = FACE_OUTER_BOUND ( 'NONE', #4718, .T. ) ;
#5722 = VERTEX_POINT ( 'NONE', #639 ) ;
#5723 = DIRECTION ( 'NONE',  ( 2.990902544787608354E-15, -1.000000000000000000, 0.000000000000000000 ) ) ;
#5724 = EDGE_LOOP ( 'NONE', ( #5509, #1099, #6116, #3493 ) ) ;
#5725 = VERTEX_POINT ( 'NONE', #1742 ) ;
#5726 = FACE_OUTER_BOUND ( 'NONE', #2825, .T. ) ;
#5727 = CARTESIAN_POINT ( 'NONE',  ( -0.9000000000000003553, -0.8150000000000000577, 0.5749999999999999556 ) ) ;
#5728 = CYLINDRICAL_SURFACE ( 'NONE', #6269, 0.2225000000000000311 ) ;
#5729 =( NAMED_UNIT ( * ) PLANE_ANGLE_UNIT ( ) SI_UNIT ( $, .RADIAN. ) );
#5730 = CIRCLE ( 'NONE', #3733, 0.02500000000000001180 ) ;
#5731 = EDGE_CURVE ( 'NONE', #4542, #2203, #4244, .T. ) ;
#5732 = SURFACE_STYLE_USAGE ( .BOTH. , #5787 ) ;
#5733 = ORIENTED_EDGE ( 'NONE', *, *, #1157, .T. ) ;
#5734 =( NAMED_UNIT ( * ) PLANE_ANGLE_UNIT ( ) SI_UNIT ( $, .RADIAN. ) );
#5735 = EDGE_CURVE ( 'NONE', #5820, #3199, #5184, .T. ) ;
#5736 =( LENGTH_UNIT ( ) NAMED_UNIT ( * ) SI_UNIT ( .MILLI., .METRE. ) );
#5737 = ORIENTED_EDGE ( 'NONE', *, *, #3954, .T. ) ;
#5738 = DIRECTION ( 'NONE',  ( -0.000000000000000000, -0.000000000000000000, 1.000000000000000000 ) ) ;
#5739 = DIRECTION ( 'NONE',  ( 0.000000000000000000, 0.000000000000000000, 1.000000000000000000 ) ) ;
#5740 = CARTESIAN_POINT ( 'NONE',  ( 0.05833004110700093503, -1.057328136146803432, -0.3500000000000000333 ) ) ;
#5741 =( NAMED_UNIT ( * ) PLANE_ANGLE_UNIT ( ) SI_UNIT ( $, .RADIAN. ) );
#5742 = SURFACE_SIDE_STYLE ('',( #717 ) ) ;
#5743 = AXIS2_PLACEMENT_3D ( 'NONE', #946, #5914, #919 ) ;
#5744 = EDGE_CURVE ( 'NONE', #953, #1483, #5661, .T. ) ;
#5745 = DIRECTION ( 'NONE',  ( -3.241581980666026040E-16, 1.000000000000000000, 0.000000000000000000 ) ) ;
#5746 = SURFACE_STYLE_USAGE ( .BOTH. , #6298 ) ;
#5747 = MECHANICAL_DESIGN_GEOMETRIC_PRESENTATION_REPRESENTATION (  '', ( #194 ), #2495 ) ;
#5748 = STYLED_ITEM ( 'NONE', ( #509 ), #3148 ) ;
#5749 = DIRECTION ( 'NONE',  ( 0.000000000000000000, 0.000000000000000000, -1.000000000000000000 ) ) ;
#5750 = FILL_AREA_STYLE_COLOUR ( '', #456 ) ;
#5751 = VECTOR ( 'NONE', #675, 1000.000000000000000 ) ;
#5752 = VECTOR ( 'NONE', #3269, 1000.000000000000000 ) ;
#5753 = LINE ( 'NONE', #5672, #4919 ) ;
#5754 = VECTOR ( 'NONE', #5001, 1000.000000000000114 ) ;
#5755 = FILL_AREA_STYLE_COLOUR ( '', #3495 ) ;
#5756 = ORIENTED_EDGE ( 'NONE', *, *, #6410, .F. ) ;
#5757 =( NAMED_UNIT ( * ) PLANE_ANGLE_UNIT ( ) SI_UNIT ( $, .RADIAN. ) );
#5758 = VERTEX_POINT ( 'NONE', #4210 ) ;
#5759 = SURFACE_SIDE_STYLE ('',( #3663 ) ) ;
#5760 =( LENGTH_UNIT ( ) NAMED_UNIT ( * ) SI_UNIT ( .MILLI., .METRE. ) );
#5761 = PRESENTATION_LAYER_ASSIGNMENT (  '', '', ( #2092 ) ) ;
#5762 =( LENGTH_UNIT ( ) NAMED_UNIT ( * ) SI_UNIT ( .MILLI., .METRE. ) );
#5763 = DIRECTION ( 'NONE',  ( 0.000000000000000000, 0.000000000000000000, -1.000000000000000000 ) ) ;
#5764 = ORIENTED_EDGE ( 'NONE', *, *, #320, .F. ) ;
#5765 = UNCERTAINTY_MEASURE_WITH_UNIT (LENGTH_MEASURE( 1.000000000000000082E-05 ), #6007, 'distance_accuracy_value', 'NONE');
#5766 =( NAMED_UNIT ( * ) SI_UNIT ( $, .STERADIAN. ) SOLID_ANGLE_UNIT ( ) );
#5767 = ORIENTED_EDGE ( 'NONE', *, *, #3365, .T. ) ;
#5768 = AXIS2_PLACEMENT_3D ( 'NONE', #4702, #5173, #239 ) ;
#5769 = DIRECTION ( 'NONE',  ( 1.000000000000000000, 0.000000000000000000, -0.000000000000000000 ) ) ;
#5770 = SURFACE_STYLE_USAGE ( .BOTH. , #2846 ) ;
#5771 = FACE_OUTER_BOUND ( 'NONE', #5623, .T. ) ;
#5772 = EDGE_CURVE ( 'NONE', #1453, #568, #4609, .T. ) ;
#5773 = EDGE_CURVE ( 'NONE', #2850, #1104, #1256, .T. ) ;
#5774 = FACE_OUTER_BOUND ( 'NONE', #4605, .T. ) ;
#5775 = EDGE_CURVE ( 'NONE', #6190, #3943, #6256, .T. ) ;
#5776 = FILL_AREA_STYLE ('',( #5992 ) ) ;
#5777 =( NAMED_UNIT ( * ) SI_UNIT ( $, .STERADIAN. ) SOLID_ANGLE_UNIT ( ) );
#5778 = SURFACE_STYLE_USAGE ( .BOTH. , #5241 ) ;
#5779 = EDGE_LOOP ( 'NONE', ( #4645, #1332, #1877, #5225 ) ) ;
#5780 = CARTESIAN_POINT ( 'NONE',  ( 1.064999999999999947, -0.6500000000000001332, 0.5500000000000000444 ) ) ;
#5781 = ORIENTED_EDGE ( 'NONE', *, *, #5068, .T. ) ;
#5782 = ORIENTED_EDGE ( 'NONE', *, *, #477, .F. ) ;
#5783 = FILL_AREA_STYLE ('',( #2428 ) ) ;
#5784 =( NAMED_UNIT ( * ) SI_UNIT ( $, .STERADIAN. ) SOLID_ANGLE_UNIT ( ) );
#5785 = SURFACE_SIDE_STYLE ('',( #1276 ) ) ;
#5786 = DIRECTION ( 'NONE',  ( 1.000000000000000000, 0.000000000000000000, 0.000000000000000000 ) ) ;
#5787 = SURFACE_SIDE_STYLE ('',( #4713 ) ) ;
#5788 = CARTESIAN_POINT ( 'NONE',  ( -1.040000000000000258, 0.6500000000000001332, 0.6500000000000001332 ) ) ;
#5789 = VERTEX_POINT ( 'NONE', #3249 ) ;
#5790 =( GEOMETRIC_REPRESENTATION_CONTEXT ( 3 ) GLOBAL_UNCERTAINTY_ASSIGNED_CONTEXT ( ( #1003 ) ) GLOBAL_UNIT_ASSIGNED_CONTEXT ( ( #2032, #4109, #4039 ) ) REPRESENTATION_CONTEXT ( 'NONE', 'WORKASPACE' ) );
#5791 = FILL_AREA_STYLE ('',( #796 ) ) ;
#5792 = COLOUR_RGB ( '',0.8039215686274510109, 0.8039215686274510109, 0.8039215686274510109 ) ;
#5793 = DIRECTION ( 'NONE',  ( -1.000000000000000000, 2.990902544787586660E-15, 0.000000000000000000 ) ) ;
#5794 = VERTEX_POINT ( 'NONE', #1687 ) ;
#5795 = COLOUR_RGB ( '',0.8627450980392157298, 0.6274509803921568540, 0.05882352941176470507 ) ;
#5796 = CARTESIAN_POINT ( 'NONE',  ( 0.8999999999999999112, 0.6500000000000001332, 0.3750000000000000555 ) ) ;
#5797 = DIRECTION ( 'NONE',  ( 0.000000000000000000, -0.000000000000000000, -1.000000000000000000 ) ) ;
#5798 = EDGE_LOOP ( 'NONE', ( #5627, #4383, #2297, #1323 ) ) ;
#5799 = CARTESIAN_POINT ( 'NONE',  ( 1.053514143716457933E-16, -0.3249999999999998446, -0.1500000000000000500 ) ) ;
#5800 = CARTESIAN_POINT ( 'NONE',  ( 0.8999999999999999112, 0.7650000000000001243, 0.6250000000000001110 ) ) ;
#5801 = DIRECTION ( 'NONE',  ( 1.000000000000000000, 0.000000000000000000, 0.000000000000000000 ) ) ;
#5802 = FILL_AREA_STYLE_COLOUR ( '', #5287 ) ;
#5803 = MECHANICAL_DESIGN_GEOMETRIC_PRESENTATION_REPRESENTATION (  '', ( #1707 ), #2025 ) ;
#5804 = CARTESIAN_POINT ( 'NONE',  ( -0.9000000000000003553, -0.6500000000000001332, 0.3750000000000000555 ) ) ;
#5805 = CARTESIAN_POINT ( 'NONE',  ( -0.8150000000000002798, -0.5650000000000002798, 0.6400000000000000133 ) ) ;
#5806 = ADVANCED_FACE ( 'NONE', ( #3664 ), #1225, .T. ) ;
#5807 = CIRCLE ( 'NONE', #6461, 0.1000000000000000472 ) ;
#5808 = PRESENTATION_LAYER_ASSIGNMENT (  '', '', ( #1620 ) ) ;
#5809 = DIRECTION ( 'NONE',  ( 0.000000000000000000, -1.000000000000000000, 0.000000000000000000 ) ) ;
#5810 = SURFACE_SIDE_STYLE ('',( #1799 ) ) ;
#5811 = VECTOR ( 'NONE', #1600, 1000.000000000000000 ) ;
#5812 = CARTESIAN_POINT ( 'NONE',  ( -1.054407950059313093, -0.8939339828220181916, -0.1500000000000000500 ) ) ;
#5813 = PRESENTATION_LAYER_ASSIGNMENT (  '', '', ( #3076 ) ) ;
#5814 = ORIENTED_EDGE ( 'NONE', *, *, #3040, .F. ) ;
#5815 = VERTEX_POINT ( 'NONE', #5112 ) ;
#5816 =( NAMED_UNIT ( * ) SI_UNIT ( $, .STERADIAN. ) SOLID_ANGLE_UNIT ( ) );
#5817 = ADVANCED_FACE ( 'NONE', ( #1808 ), #886, .F. ) ;
#5818 = SURFACE_SIDE_STYLE ('',( #4737 ) ) ;
#5819 = PRESENTATION_LAYER_ASSIGNMENT (  '', '', ( #170 ) ) ;
#5820 = VERTEX_POINT ( 'NONE', #2828 ) ;
#5821 = SURFACE_STYLE_USAGE ( .BOTH. , #4862 ) ;
#5822 = AXIS2_PLACEMENT_3D ( 'NONE', #824, #6291, #2861 ) ;
#5823 = MECHANICAL_DESIGN_GEOMETRIC_PRESENTATION_REPRESENTATION (  '', ( #2569 ), #172 ) ;
#5824 =( NAMED_UNIT ( * ) SI_UNIT ( $, .STERADIAN. ) SOLID_ANGLE_UNIT ( ) );
#5825 = FILL_AREA_STYLE_COLOUR ( '', #5523 ) ;
#5826 = DIRECTION ( 'NONE',  ( 0.000000000000000000, 0.000000000000000000, 1.000000000000000000 ) ) ;
#5827 = LINE ( 'NONE', #5788, #6151 ) ;
#5828 = ORIENTED_EDGE ( 'NONE', *, *, #3528, .T. ) ;
#5829 = FILL_AREA_STYLE ('',( #4831 ) ) ;
#5830 = AXIS2_PLACEMENT_3D ( 'NONE', #4625, #3257, #3732 ) ;
#5831 = UNCERTAINTY_MEASURE_WITH_UNIT (LENGTH_MEASURE( 1.000000000000000082E-05 ), #4013, 'distance_accuracy_value', 'NONE');
#5832 = COLOUR_RGB ( '',0.2862745098039215508, 0.2862745098039215508, 0.2862745098039215508 ) ;
#5833 = CARTESIAN_POINT ( 'NONE',  ( 0.000000000000000000, 0.000000000000000000, -0.1500000000000000500 ) ) ;
#5834 = ORIENTED_EDGE ( 'NONE', *, *, #3727, .F. ) ;
#5835 = FACE_OUTER_BOUND ( 'NONE', #5593, .T. ) ;
#5836 = PLANE ( 'NONE',  #6324 ) ;
#5837 = EDGE_LOOP ( 'NONE', ( #1164, #4294, #1813, #5814 ) ) ;
#5838 = VECTOR ( 'NONE', #602, 1000.000000000000000 ) ;
#5839 =( GEOMETRIC_REPRESENTATION_CONTEXT ( 3 ) GLOBAL_UNCERTAINTY_ASSIGNED_CONTEXT ( ( #3598 ) ) GLOBAL_UNIT_ASSIGNED_CONTEXT ( ( #744, #2487, #2906 ) ) REPRESENTATION_CONTEXT ( 'NONE', 'WORKASPACE' ) );
#5840 = CARTESIAN_POINT ( 'NONE',  ( -1.040000000000000258, 0.6500000000000001332, 0.5749999999999999556 ) ) ;
#5841 = PRESENTATION_LAYER_ASSIGNMENT (  '', '', ( #1852 ) ) ;
#5842 = DIRECTION ( 'NONE',  ( -0.000000000000000000, -0.000000000000000000, 1.000000000000000000 ) ) ;
#5843 = CARTESIAN_POINT ( 'NONE',  ( 5.018252680870376225E-16, -0.8939339828220187467, -0.1500000000000000500 ) ) ;
#5844 = EDGE_CURVE ( 'NONE', #1526, #5924, #2886, .T. ) ;
#5845 = EDGE_CURVE ( 'NONE', #1653, #3753, #4300, .T. ) ;
#5846 = PRESENTATION_LAYER_ASSIGNMENT (  '', '', ( #1130 ) ) ;
#5847 = ORIENTED_EDGE ( 'NONE', *, *, #1563, .T. ) ;
#5848 =( LENGTH_UNIT ( ) NAMED_UNIT ( * ) SI_UNIT ( .MILLI., .METRE. ) );
#5849 = EDGE_LOOP ( 'NONE', ( #4332, #4761, #5350, #4118 ) ) ;
#5850 =( NAMED_UNIT ( * ) SI_UNIT ( $, .STERADIAN. ) SOLID_ANGLE_UNIT ( ) );
#5851 = STYLED_ITEM ( 'NONE', ( #1492 ), #5103 ) ;
#5852 = ORIENTED_EDGE ( 'NONE', *, *, #1720, .T. ) ;
#5853 = DIRECTION ( 'NONE',  ( -0.000000000000000000, -0.000000000000000000, 1.000000000000000000 ) ) ;
#5854 = MECHANICAL_DESIGN_GEOMETRIC_PRESENTATION_REPRESENTATION (  '', ( #5421 ), #6053 ) ;
#5855 = FILL_AREA_STYLE_COLOUR ( '', #2510 ) ;
#5856 =( LENGTH_UNIT ( ) NAMED_UNIT ( * ) SI_UNIT ( .MILLI., .METRE. ) );
#5857 = ADVANCED_FACE ( 'NONE', ( #4389 ), #4791, .T. ) ;
#5858 = EDGE_CURVE ( 'NONE', #2956, #3283, #4194, .T. ) ;
#5859 = FILL_AREA_STYLE ('',( #849 ) ) ;
#5860 = PRESENTATION_STYLE_ASSIGNMENT (( #1977 ) ) ;
#5861 = DIRECTION ( 'NONE',  ( 0.000000000000000000, -1.000000000000000000, 0.000000000000000000 ) ) ;
#5862 = ORIENTED_EDGE ( 'NONE', *, *, #3762, .F. ) ;
#5863 = DIRECTION ( 'NONE',  ( -1.000000000000000000, 0.000000000000000000, 0.000000000000000000 ) ) ;
#5864 = CARTESIAN_POINT ( 'NONE',  ( -0.4750000000000001998, 9.574766761094697910E-17, -0.1500000000000000500 ) ) ;
#5865 = ORIENTED_EDGE ( 'NONE', *, *, #3109, .F. ) ;
#5866 = DIRECTION ( 'NONE',  ( 0.000000000000000000, -0.000000000000000000, -1.000000000000000000 ) ) ;
#5867 = PRESENTATION_STYLE_ASSIGNMENT (( #6493 ) ) ;
#5868 = FILL_AREA_STYLE_COLOUR ( '', #3499 ) ;
#5869 = ORIENTED_EDGE ( 'NONE', *, *, #4424, .F. ) ;
#5870 =( GEOMETRIC_REPRESENTATION_CONTEXT ( 3 ) GLOBAL_UNCERTAINTY_ASSIGNED_CONTEXT ( ( #2625 ) ) GLOBAL_UNIT_ASSIGNED_CONTEXT ( ( #4882, #3952, #3191 ) ) REPRESENTATION_CONTEXT ( 'NONE', 'WORKASPACE' ) );
#5871 = CARTESIAN_POINT ( 'NONE',  ( 0.000000000000000000, 1.000000000000000000, -0.1500000000000000500 ) ) ;
#5872 = CARTESIAN_POINT ( 'NONE',  ( -0.9000000000000003553, -0.7900000000000001465, 0.5749999999999999556 ) ) ;
#5873 = CIRCLE ( 'NONE', #829, 0.1000000000000000472 ) ;
#5874 =( NAMED_UNIT ( * ) SI_UNIT ( $, .STERADIAN. ) SOLID_ANGLE_UNIT ( ) );
#5875 = DIRECTION ( 'NONE',  ( 9.528365374728188113E-17, -1.000000000000000000, 0.000000000000000000 ) ) ;
#5876 = PLANE ( 'NONE',  #5460 ) ;
#5877 = VERTEX_POINT ( 'NONE', #396 ) ;
#5878 = CARTESIAN_POINT ( 'NONE',  ( -0.9000000000000003553, -0.7900000000000001465, 0.6500000000000001332 ) ) ;
#5879 = ORIENTED_EDGE ( 'NONE', *, *, #5017, .F. ) ;
#5880 = FILL_AREA_STYLE_COLOUR ( '', #1571 ) ;
#5881 = SURFACE_SIDE_STYLE ('',( #3797 ) ) ;
#5882 = ORIENTED_EDGE ( 'NONE', *, *, #6139, .F. ) ;
#5883 = FILL_AREA_STYLE_COLOUR ( '', #989 ) ;
#5884 = DIRECTION ( 'NONE',  ( 0.000000000000000000, 1.000000000000000000, 0.000000000000000000 ) ) ;
#5885 =( LENGTH_UNIT ( ) NAMED_UNIT ( * ) SI_UNIT ( .MILLI., .METRE. ) );
#5886 = DIRECTION ( 'NONE',  ( 0.000000000000000000, 0.000000000000000000, -1.000000000000000000 ) ) ;
#5887 = ORIENTED_EDGE ( 'NONE', *, *, #1751, .F. ) ;
#5888 = LINE ( 'NONE', #3254, #1209 ) ;
#5889 =( GEOMETRIC_REPRESENTATION_CONTEXT ( 3 ) GLOBAL_UNCERTAINTY_ASSIGNED_CONTEXT ( ( #1046 ) ) GLOBAL_UNIT_ASSIGNED_CONTEXT ( ( #6070, #4071, #3450 ) ) REPRESENTATION_CONTEXT ( 'NONE', 'WORKASPACE' ) );
#5890 = EDGE_CURVE ( 'NONE', #3123, #5178, #2433, .T. ) ;
#5892 = EDGE_CURVE ( 'NONE', #3352, #3419, #3348, .T. ) ;
#5891 = EDGE_LOOP ( 'NONE', ( #2733, #1866, #924, #2204 ) ) ;
#5893 = DIRECTION ( 'NONE',  ( 0.000000000000000000, 0.000000000000000000, -1.000000000000000000 ) ) ;
#5894 = COLOUR_RGB ( '',0.8627450980392157298, 0.6274509803921568540, 0.05882352941176470507 ) ;
#5895 =( GEOMETRIC_REPRESENTATION_CONTEXT ( 3 ) GLOBAL_UNCERTAINTY_ASSIGNED_CONTEXT ( ( #3567 ) ) GLOBAL_UNIT_ASSIGNED_CONTEXT ( ( #1856, #1762, #865 ) ) REPRESENTATION_CONTEXT ( 'NONE', 'WORKASPACE' ) );
#5896 = ADVANCED_FACE ( 'NONE', ( #3279 ), #4074, .T. ) ;
#5897 = SURFACE_STYLE_FILL_AREA ( #3983 ) ;
#5898 = CARTESIAN_POINT ( 'NONE',  ( 1.099999999999999867, -0.6500000000000001332, 0.3750000000000000555 ) ) ;
#5899 = UNCERTAINTY_MEASURE_WITH_UNIT (LENGTH_MEASURE( 1.000000000000000082E-05 ), #1396, 'distance_accuracy_value', 'NONE');
#5900 = VECTOR ( 'NONE', #3057, 1000.000000000000000 ) ;
#5901 = CARTESIAN_POINT ( 'NONE',  ( 1.249999999999999778, -0.7775000000000001910, -0.3500000000000000333 ) ) ;
#5902 = MECHANICAL_DESIGN_GEOMETRIC_PRESENTATION_REPRESENTATION (  '', ( #2324 ), #6100 ) ;
#5903 = CARTESIAN_POINT ( 'NONE',  ( -0.9000000000000003553, 0.6500000000000001332, 0.5500000000000000444 ) ) ;
#5904 = AXIS2_PLACEMENT_3D ( 'NONE', #4913, #3502, #957 ) ;
#5905 =( LENGTH_UNIT ( ) NAMED_UNIT ( * ) SI_UNIT ( .MILLI., .METRE. ) );
#5906 = ORIENTED_EDGE ( 'NONE', *, *, #119, .T. ) ;
#5907 = SURFACE_STYLE_USAGE ( .BOTH. , #842 ) ;
#5908 = ORIENTED_EDGE ( 'NONE', *, *, #907, .F. ) ;
#5909 = FILL_AREA_STYLE ('',( #6439 ) ) ;
#5910 = AXIS2_PLACEMENT_3D ( 'NONE', #6068, #4725, #5236 ) ;
#5911 =( NAMED_UNIT ( * ) PLANE_ANGLE_UNIT ( ) SI_UNIT ( $, .RADIAN. ) );
#5912 = ORIENTED_EDGE ( 'NONE', *, *, #3306, .T. ) ;
#5913 = DIRECTION ( 'NONE',  ( 1.000000000000000000, 0.000000000000000000, 0.000000000000000000 ) ) ;
#5914 = DIRECTION ( 'NONE',  ( -0.000000000000000000, -0.000000000000000000, 1.000000000000000000 ) ) ;
#5915 = DIRECTION ( 'NONE',  ( -1.905673074945637869E-16, -1.000000000000000000, 0.000000000000000000 ) ) ;
#5916 = AXIS2_PLACEMENT_3D ( 'NONE', #2001, #1410, #2497 ) ;
#5917 = VECTOR ( 'NONE', #1533, 1000.000000000000000 ) ;
#5918 =( NAMED_UNIT ( * ) SI_UNIT ( $, .STERADIAN. ) SOLID_ANGLE_UNIT ( ) );
#5919 = CARTESIAN_POINT ( 'NONE',  ( -1.065000000000000391, 0.6500000000000001332, 0.5749999999999999556 ) ) ;
#5920 = ORIENTED_EDGE ( 'NONE', *, *, #589, .F. ) ;
#5921 = CARTESIAN_POINT ( 'NONE',  ( 1.249999999999999778, 1.000000000000000000, -0.1500000000000000500 ) ) ;
#5922 = VECTOR ( 'NONE', #3676, 1000.000000000000000 ) ;
#5923 = STYLED_ITEM ( 'NONE', ( #4979 ), #4082 ) ;
#5924 = VERTEX_POINT ( 'NONE', #3181 ) ;
#5925 = ADVANCED_FACE ( 'NONE', ( #2666 ), #2730, .T. ) ;
#5926 = FACE_OUTER_BOUND ( 'NONE', #5668, .T. ) ;
#5927 = DIRECTION ( 'NONE',  ( 9.528365374728186880E-17, 1.000000000000000000, 0.000000000000000000 ) ) ;
#5928 = CARTESIAN_POINT ( 'NONE',  ( 0.000000000000000000, 0.000000000000000000, -0.1500000000000000500 ) ) ;
#5929 = EDGE_CURVE ( 'NONE', #2670, #1054, #5240, .T. ) ;
#5930 = MECHANICAL_DESIGN_GEOMETRIC_PRESENTATION_REPRESENTATION (  '', ( #272 ), #2974 ) ;
#5931 = EDGE_CURVE ( 'NONE', #87, #3875, #6108, .T. ) ;
#5932 = VERTEX_POINT ( 'NONE', #352 ) ;
#5933 = PRESENTATION_STYLE_ASSIGNMENT (( #6023 ) ) ;
#5934 = PRESENTATION_STYLE_ASSIGNMENT (( #3440 ) ) ;
#5935 = FILL_AREA_STYLE ('',( #4951 ) ) ;
#5936 = DIRECTION ( 'NONE',  ( 0.000000000000000000, 0.000000000000000000, -1.000000000000000000 ) ) ;
#5937 = ADVANCED_FACE ( 'NONE', ( #3374 ), #1789, .F. ) ;
#5938 = PRESENTATION_LAYER_ASSIGNMENT (  '', '', ( #2582 ) ) ;
#5939 = LINE ( 'NONE', #1830, #3800 ) ;
#5940 = CARTESIAN_POINT ( 'NONE',  ( 1.249999999999999778, -0.7775000000000001910, -0.1500000000000000500 ) ) ;
#5941 =( NAMED_UNIT ( * ) SI_UNIT ( $, .STERADIAN. ) SOLID_ANGLE_UNIT ( ) );
#5942 = VECTOR ( 'NONE', #252, 1000.000000000000000 ) ;
#5943 = FILL_AREA_STYLE ('',( #3927 ) ) ;
#5944 = EDGE_LOOP ( 'NONE', ( #6340, #4929, #3770, #2158 ) ) ;
#5945 = MECHANICAL_DESIGN_GEOMETRIC_PRESENTATION_REPRESENTATION (  '', ( #5638 ), #4173 ) ;
#5946 =( LENGTH_UNIT ( ) NAMED_UNIT ( * ) SI_UNIT ( .MILLI., .METRE. ) );
#5947 = ORIENTED_EDGE ( 'NONE', *, *, #2316, .T. ) ;
#5948 = CARTESIAN_POINT ( 'NONE',  ( -0.9000000000000003553, 0.6500000000000001332, 0.5749999999999999556 ) ) ;
#5949 = DIRECTION ( 'NONE',  ( -1.000000000000000000, 0.000000000000000000, 0.000000000000000000 ) ) ;
#5950 = SURFACE_STYLE_FILL_AREA ( #1352 ) ;
#5951 = MECHANICAL_DESIGN_GEOMETRIC_PRESENTATION_REPRESENTATION (  '', ( #1130 ), #1333 ) ;
#5952 = LINE ( 'NONE', #1449, #3112 ) ;
#5953 = FACE_OUTER_BOUND ( 'NONE', #1688, .T. ) ;
#5954 = FACE_OUTER_BOUND ( 'NONE', #6293, .T. ) ;
#5955 = ORIENTED_EDGE ( 'NONE', *, *, #5476, .T. ) ;
#5956 = DIRECTION ( 'NONE',  ( 0.000000000000000000, 0.000000000000000000, 1.000000000000000000 ) ) ;
#5957 = EDGE_LOOP ( 'NONE', ( #5828, #2312, #181, #4385 ) ) ;
#5958 =( GEOMETRIC_REPRESENTATION_CONTEXT ( 3 ) GLOBAL_UNCERTAINTY_ASSIGNED_CONTEXT ( ( #3789 ) ) GLOBAL_UNIT_ASSIGNED_CONTEXT ( ( #260, #1760, #409 ) ) REPRESENTATION_CONTEXT ( 'NONE', 'WORKASPACE' ) );
#5959 = AXIS2_PLACEMENT_3D ( 'NONE', #3956, #5457, #2973 ) ;
#5960 = PRESENTATION_STYLE_ASSIGNMENT (( #1947 ) ) ;
#5961 = VERTEX_POINT ( 'NONE', #3233 ) ;
#5962 = MECHANICAL_DESIGN_GEOMETRIC_PRESENTATION_REPRESENTATION (  '', ( #2383 ), #1664 ) ;
#5963 = DIRECTION ( 'NONE',  ( 0.000000000000000000, 0.000000000000000000, 1.000000000000000000 ) ) ;
#5964 = DIRECTION ( 'NONE',  ( 0.000000000000000000, 0.000000000000000000, -1.000000000000000000 ) ) ;
#5965 = CARTESIAN_POINT ( 'NONE',  ( 1.249999999999999778, -0.8499999999999999778, -0.3500000000000000333 ) ) ;
#5966 = CARTESIAN_POINT ( 'NONE',  ( 1.249999999999999778, 1.000000000000000000, -0.3500000000000000333 ) ) ;
#5967 = VECTOR ( 'NONE', #4313, 1000.000000000000000 ) ;
#5968 = PRODUCT_RELATED_PRODUCT_CATEGORY ( 'part', '', ( #1324 ) ) ;
#5969 = SURFACE_SIDE_STYLE ('',( #3267 ) ) ;
#5970 = CARTESIAN_POINT ( 'NONE',  ( 2.990902544787597704E-15, -1.000000000000003775, -0.1500000000000000500 ) ) ;
#5971 = DIRECTION ( 'NONE',  ( -5.613672572362096360E-16, 1.000000000000000000, 0.000000000000000000 ) ) ;
#5972 = CARTESIAN_POINT ( 'NONE',  ( -0.9150000000000003686, -0.5650000000000002798, 0.6400000000000000133 ) ) ;
#5973 = EDGE_CURVE ( 'NONE', #6339, #4049, #5083, .T. ) ;
#5974 = EDGE_CURVE ( 'NONE', #5671, #6042, #3635, .T. ) ;
#5975 = FACE_OUTER_BOUND ( 'NONE', #5387, .T. ) ;
#5976 = MECHANICAL_DESIGN_GEOMETRIC_PRESENTATION_REPRESENTATION (  '', ( #1883 ), #2932 ) ;
#5977 = VERTEX_POINT ( 'NONE', #4095 ) ;
#5978 = SURFACE_STYLE_FILL_AREA ( #111 ) ;
#5979 = CARTESIAN_POINT ( 'NONE',  ( -0.05833004110700136524, 1.057328136146803432, -0.3500000000000000333 ) ) ;
#5980 = VECTOR ( 'NONE', #2746, 1000.000000000000000 ) ;
#5981 = UNCERTAINTY_MEASURE_WITH_UNIT (LENGTH_MEASURE( 1.000000000000000082E-05 ), #6120, 'distance_accuracy_value', 'NONE');
#5982 = FACE_OUTER_BOUND ( 'NONE', #1170, .T. ) ;
#5983 = PLANE ( 'NONE',  #3126 ) ;
#5984 = FILL_AREA_STYLE ('',( #5417 ) ) ;
#5985 = DIRECTION ( 'NONE',  ( -1.000000000000000000, 0.000000000000000000, 0.000000000000000000 ) ) ;
#5986 = ORIENTED_EDGE ( 'NONE', *, *, #2483, .F. ) ;
#5987 = ORIENTED_EDGE ( 'NONE', *, *, #3987, .T. ) ;
#5988 = ORIENTED_EDGE ( 'NONE', *, *, #1469, .T. ) ;
#5989 = CARTESIAN_POINT ( 'NONE',  ( 1.027499999999999858, 1.000000000000000000, -0.3500000000000000333 ) ) ;
#5990 = PRESENTATION_STYLE_ASSIGNMENT (( #4489 ) ) ;
#5991 = FACE_OUTER_BOUND ( 'NONE', #1619, .T. ) ;
#5992 = FILL_AREA_STYLE_COLOUR ( '', #4733 ) ;
#5993 = CARTESIAN_POINT ( 'NONE',  ( 1.039999999999999813, 0.6499999999999999112, 0.6500000000000001332 ) ) ;
#5994 = AXIS2_PLACEMENT_3D ( 'NONE', #1217, #5809, #1303 ) ;
#5995 =( NAMED_UNIT ( * ) PLANE_ANGLE_UNIT ( ) SI_UNIT ( $, .RADIAN. ) );
#5996 = CARTESIAN_POINT ( 'NONE',  ( -1.143933982822017636, 0.3249999999999999001, -0.1500000000000000500 ) ) ;
#5997 = UNCERTAINTY_MEASURE_WITH_UNIT (LENGTH_MEASURE( 1.000000000000000082E-05 ), #3229, 'distance_accuracy_value', 'NONE');
#5998 = DIRECTION ( 'NONE',  ( 1.000000000000000000, 0.000000000000000000, 0.000000000000000000 ) ) ;
#5999 = CYLINDRICAL_SURFACE ( 'NONE', #1829, 0.1999999999999999833 ) ;
#6000 = FILL_AREA_STYLE ('',( #1931 ) ) ;
#6001 = SURFACE_STYLE_FILL_AREA ( #5568 ) ;
#6002 = EDGE_CURVE ( 'NONE', #1165, #6190, #3857, .T. ) ;
#6003 = EDGE_CURVE ( 'NONE', #5213, #2834, #3138, .T. ) ;
#6004 = CARTESIAN_POINT ( 'NONE',  ( 1.249999999999999778, -0.8499999999999999778, -0.1500000000000000500 ) ) ;
#6005 = FACE_OUTER_BOUND ( 'NONE', #1611, .T. ) ;
#6006 = CARTESIAN_POINT ( 'NONE',  ( -1.249999999999999778, 0.8499999999999999778, -0.1500000000000000500 ) ) ;
#6007 =( LENGTH_UNIT ( ) NAMED_UNIT ( * ) SI_UNIT ( .MILLI., .METRE. ) );
#6008 = PRESENTATION_STYLE_ASSIGNMENT (( #39 ) ) ;
#6009 = FILL_AREA_STYLE ('',( #4045 ) ) ;
#6010 = VERTEX_POINT ( 'NONE', #1593 ) ;
#6011 = EDGE_CURVE ( 'NONE', #136, #1651, #3592, .T. ) ;
#6012 = ORIENTED_EDGE ( 'NONE', *, *, #5773, .F. ) ;
#6013 = ORIENTED_EDGE ( 'NONE', *, *, #3068, .T. ) ;
#6014 =( NAMED_UNIT ( * ) SI_UNIT ( $, .STERADIAN. ) SOLID_ANGLE_UNIT ( ) );
#6015 = AXIS2_PLACEMENT_3D ( 'NONE', #2301, #757, #3378 ) ;
#6016 = VECTOR ( 'NONE', #6176, 1000.000000000000000 ) ;
#6017 = VECTOR ( 'NONE', #3207, 1000.000000000000000 ) ;
#6018 = DIRECTION ( 'NONE',  ( 1.000000000000000000, 0.000000000000000000, 0.000000000000000000 ) ) ;
#6019 =( LENGTH_UNIT ( ) NAMED_UNIT ( * ) SI_UNIT ( .MILLI., .METRE. ) );
#6020 = COLOUR_RGB ( '',0.2862745098039215508, 0.2862745098039215508, 0.2862745098039215508 ) ;
#6021 = CIRCLE ( 'NONE', #5174, 0.1999999999999999833 ) ;
#6022 = AXIS2_PLACEMENT_3D ( 'NONE', #2937, #6466, #899 ) ;
#6023 = SURFACE_STYLE_USAGE ( .BOTH. , #1495 ) ;
#6024 = FILL_AREA_STYLE_COLOUR ( '', #1093 ) ;
#6025 = SURFACE_STYLE_FILL_AREA ( #414 ) ;
#6026 = CIRCLE ( 'NONE', #3197, 0.1149999999999999772 ) ;
#6027 =( NAMED_UNIT ( * ) PLANE_ANGLE_UNIT ( ) SI_UNIT ( $, .RADIAN. ) );
#6028 =( LENGTH_UNIT ( ) NAMED_UNIT ( * ) SI_UNIT ( .MILLI., .METRE. ) );
#6029 = DIRECTION ( 'NONE',  ( -1.000000000000000000, 0.000000000000000000, -0.000000000000000000 ) ) ;
#6030 = SURFACE_STYLE_FILL_AREA ( #970 ) ;
#6031 = MECHANICAL_DESIGN_GEOMETRIC_PRESENTATION_REPRESENTATION (  '', ( #4657 ), #6357 ) ;
#6032 = DIRECTION ( 'NONE',  ( -0.000000000000000000, -0.000000000000000000, 1.000000000000000000 ) ) ;
#6033 = FILL_AREA_STYLE ('',( #3146 ) ) ;
#6034 =( NAMED_UNIT ( * ) SI_UNIT ( $, .STERADIAN. ) SOLID_ANGLE_UNIT ( ) );
#6035 = DIRECTION ( 'NONE',  ( -0.000000000000000000, -0.000000000000000000, 1.000000000000000000 ) ) ;
#6036 = ADVANCED_FACE ( 'NONE', ( #646 ), #5596, .T. ) ;
#6037 = UNCERTAINTY_MEASURE_WITH_UNIT (LENGTH_MEASURE( 1.000000000000000082E-05 ), #1156, 'distance_accuracy_value', 'NONE');
#6038 = UNCERTAINTY_MEASURE_WITH_UNIT (LENGTH_MEASURE( 1.000000000000000082E-05 ), #427, 'distance_accuracy_value', 'NONE');
#6039 =( LENGTH_UNIT ( ) NAMED_UNIT ( * ) SI_UNIT ( .MILLI., .METRE. ) );
#6040 = CARTESIAN_POINT ( 'NONE',  ( -1.250000000000000222, 0.7774999999999998579, -0.3500000000000000333 ) ) ;
#6041 = MECHANICAL_DESIGN_GEOMETRIC_PRESENTATION_REPRESENTATION (  '', ( #5408 ), #2271 ) ;
#6042 = VERTEX_POINT ( 'NONE', #2852 ) ;
#6043 = ORIENTED_EDGE ( 'NONE', *, *, #4984, .T. ) ;
#6044 = ORIENTED_EDGE ( 'NONE', *, *, #1839, .F. ) ;
#6045 = VECTOR ( 'NONE', #5378, 1000.000000000000000 ) ;
#6046 = VECTOR ( 'NONE', #4090, 1000.000000000000000 ) ;
#6047 = ADVANCED_FACE ( 'NONE', ( #3570 ), #5333, .F. ) ;
#6048 = EDGE_CURVE ( 'NONE', #3622, #5794, #5371, .T. ) ;
#6049 = SURFACE_STYLE_USAGE ( .BOTH. , #2444 ) ;
#6050 = DIRECTION ( 'NONE',  ( 0.000000000000000000, -1.000000000000000000, 0.000000000000000000 ) ) ;
#6051 = CARTESIAN_POINT ( 'NONE',  ( -1.100000000000000311, -0.6500000000000000222, 0.5500000000000000444 ) ) ;
#6052 =( NAMED_UNIT ( * ) PLANE_ANGLE_UNIT ( ) SI_UNIT ( $, .RADIAN. ) );
#6053 =( GEOMETRIC_REPRESENTATION_CONTEXT ( 3 ) GLOBAL_UNCERTAINTY_ASSIGNED_CONTEXT ( ( #5444 ) ) GLOBAL_UNIT_ASSIGNED_CONTEXT ( ( #584, #2583, #1178 ) ) REPRESENTATION_CONTEXT ( 'NONE', 'WORKASPACE' ) );
#6054 = SURFACE_SIDE_STYLE ('',( #1179 ) ) ;
#6055 = DIRECTION ( 'NONE',  ( -1.000000000000000000, 5.613672572362096360E-16, 0.000000000000000000 ) ) ;
#6056 = VERTEX_POINT ( 'NONE', #4860 ) ;
#6057 = COLOUR_RGB ( '',0.8627450980392157298, 0.6274509803921568540, 0.05882352941176470507 ) ;
#6058 = DIRECTION ( 'NONE',  ( -1.000000000000000000, -1.949127501097533734E-15, 0.000000000000000000 ) ) ;
#6059 = SURFACE_STYLE_FILL_AREA ( #25 ) ;
#6060 = CARTESIAN_POINT ( 'NONE',  ( -5.018252680870376225E-16, -0.8939339828220187467, -0.1500000000000000500 ) ) ;
#6061 = FILL_AREA_STYLE_COLOUR ( '', #3726 ) ;
#6062 = SURFACE_STYLE_USAGE ( .BOTH. , #4467 ) ;
#6063 = VECTOR ( 'NONE', #2038, 1000.000000000000000 ) ;
#6064 = CYLINDRICAL_SURFACE ( 'NONE', #5359, 0.02499999999999995628 ) ;
#6065 = DIRECTION ( 'NONE',  ( 4.523087997816324217E-16, 1.000000000000000000, 0.000000000000000000 ) ) ;
#6066 = CARTESIAN_POINT ( 'NONE',  ( 0.8999999999999996891, -0.7650000000000001243, 0.6250000000000001110 ) ) ;
#6067 = AXIS2_PLACEMENT_3D ( 'NONE', #1677, #5268, #2136 ) ;
#6068 = CARTESIAN_POINT ( 'NONE',  ( 1.249999999999999778, 1.000000000000000000, -0.1500000000000000500 ) ) ;
#6069 = ORIENTED_EDGE ( 'NONE', *, *, #6386, .T. ) ;
#6070 =( LENGTH_UNIT ( ) NAMED_UNIT ( * ) SI_UNIT ( .MILLI., .METRE. ) );
#6071 = AXIS2_PLACEMENT_3D ( 'NONE', #1166, #671, #3772 ) ;
#6072 = DIRECTION ( 'NONE',  ( -0.000000000000000000, 0.000000000000000000, -1.000000000000000000 ) ) ;
#6073 =( NAMED_UNIT ( * ) PLANE_ANGLE_UNIT ( ) SI_UNIT ( $, .RADIAN. ) );
#6074 =( NAMED_UNIT ( * ) SI_UNIT ( $, .STERADIAN. ) SOLID_ANGLE_UNIT ( ) );
#6075 = PRESENTATION_LAYER_ASSIGNMENT (  '', '', ( #3339 ) ) ;
#6076 = DIRECTION ( 'NONE',  ( -1.000000000000000000, -5.613672572362096360E-16, 0.000000000000000000 ) ) ;
#6077 =( NAMED_UNIT ( * ) PLANE_ANGLE_UNIT ( ) SI_UNIT ( $, .RADIAN. ) );
#6078 = ORIENTED_EDGE ( 'NONE', *, *, #1550, .F. ) ;
#6079 = DIRECTION ( 'NONE',  ( -1.000000000000000000, 0.000000000000000000, 0.000000000000000000 ) ) ;
#6080 = ORIENTED_EDGE ( 'NONE', *, *, #3491, .T. ) ;
#6081 = DIRECTION ( 'NONE',  ( 1.000000000000000000, -1.905673074945637869E-16, 0.000000000000000000 ) ) ;
#6082 = ORIENTED_EDGE ( 'NONE', *, *, #950, .F. ) ;
#6083 = LINE ( 'NONE', #1983, #2352 ) ;
#6084 = CARTESIAN_POINT ( 'NONE',  ( -1.054407950059313093, 0.8939339828220179696, -0.1500000000000000500 ) ) ;
#6085 = SURFACE_STYLE_FILL_AREA ( #2148 ) ;
#6086 = DIRECTION ( 'NONE',  ( 0.000000000000000000, 1.000000000000000000, 0.000000000000000000 ) ) ;
#6087 = ORIENTED_EDGE ( 'NONE', *, *, #3033, .F. ) ;
#6088 = EDGE_CURVE ( 'NONE', #4576, #2366, #392, .T. ) ;
#6089 = DIRECTION ( 'NONE',  ( 1.000000000000000000, -5.613672572362096360E-16, 0.000000000000000000 ) ) ;
#6090 = EDGE_CURVE ( 'NONE', #855, #1074, #1991, .T. ) ;
#6091 = SURFACE_SIDE_STYLE ('',( #1432 ) ) ;
#6092 = DIRECTION ( 'NONE',  ( 0.000000000000000000, 0.000000000000000000, 1.000000000000000000 ) ) ;
#6093 = ORIENTED_EDGE ( 'NONE', *, *, #1834, .T. ) ;
#6094 = SURFACE_STYLE_FILL_AREA ( #2159 ) ;
#6095 =( NAMED_UNIT ( * ) SI_UNIT ( $, .STERADIAN. ) SOLID_ANGLE_UNIT ( ) );
#6096 = CARTESIAN_POINT ( 'NONE',  ( 0.4749999999999999223, 0.3249999999999999001, -0.3500000000000000333 ) ) ;
#6097 = ADVANCED_FACE ( 'NONE', ( #5649 ), #5201, .T. ) ;
#6098 = CARTESIAN_POINT ( 'NONE',  ( 1.054407950059313093, 0.8939339828220179696, -0.1500000000000000500 ) ) ;
#6099 = DIRECTION ( 'NONE',  ( -1.000000000000000000, 0.000000000000000000, 0.000000000000000000 ) ) ;
#6100 =( GEOMETRIC_REPRESENTATION_CONTEXT ( 3 ) GLOBAL_UNCERTAINTY_ASSIGNED_CONTEXT ( ( #5026 ) ) GLOBAL_UNIT_ASSIGNED_CONTEXT ( ( #4669, #3113, #2198 ) ) REPRESENTATION_CONTEXT ( 'NONE', 'WORKASPACE' ) );
#6101 = DIRECTION ( 'NONE',  ( 0.000000000000000000, 0.000000000000000000, -1.000000000000000000 ) ) ;
#6102 = CARTESIAN_POINT ( 'NONE',  ( 0.4749999999999999223, 0.3249999999999999001, -0.1500000000000000500 ) ) ;
#6103 = VECTOR ( 'NONE', #4147, 1000.000000000000000 ) ;
#6104 = VECTOR ( 'NONE', #1248, 1000.000000000000000 ) ;
#6105 = ORIENTED_EDGE ( 'NONE', *, *, #3205, .T. ) ;
#6106 = DIRECTION ( 'NONE',  ( -0.000000000000000000, -1.000000000000000000, -0.000000000000000000 ) ) ;
#6107 = DIRECTION ( 'NONE',  ( 1.000000000000000000, 0.000000000000000000, 0.000000000000000000 ) ) ;
#6108 = LINE ( 'NONE', #5619, #2928 ) ;
#6109 = UNCERTAINTY_MEASURE_WITH_UNIT (LENGTH_MEASURE( 1.000000000000000082E-05 ), #875, 'distance_accuracy_value', 'NONE');
#6110 = SURFACE_STYLE_USAGE ( .BOTH. , #5621 ) ;
#6111 = DIRECTION ( 'NONE',  ( 0.000000000000000000, 1.000000000000000000, 0.000000000000000000 ) ) ;
#6112 = EDGE_LOOP ( 'NONE', ( #1718, #2302, #3216, #1944 ) ) ;
#6113 = AXIS2_PLACEMENT_3D ( 'NONE', #5966, #2997, #5037 ) ;
#6114 =( LENGTH_UNIT ( ) NAMED_UNIT ( * ) SI_UNIT ( .MILLI., .METRE. ) );
#6115 = EDGE_LOOP ( 'NONE', ( #4215, #470, #3258, #3624, #4153, #813, #2275, #1919, #975, #1367, #4006, #5216, #1384, #5003, #5285, #1257, #1773, #4914, #4166, #1549, #5635, #5448, #6158, #5042, #5187, #5468, #1275, #2992, #3832, #2386, #1624, #6080, #2399, #4968, #2002, #4649, #3594 ) ) ;
#6116 = ORIENTED_EDGE ( 'NONE', *, *, #3987, .F. ) ;
#6117 =( LENGTH_UNIT ( ) NAMED_UNIT ( * ) SI_UNIT ( .MILLI., .METRE. ) );
#6118 = STYLED_ITEM ( 'NONE', ( #2859 ), #747 ) ;
#6119 = VECTOR ( 'NONE', #173, 1000.000000000000000 ) ;
#6120 =( LENGTH_UNIT ( ) NAMED_UNIT ( * ) SI_UNIT ( .MILLI., .METRE. ) );
#6121 = SURFACE_STYLE_USAGE ( .BOTH. , #2539 ) ;
#6122 = DIRECTION ( 'NONE',  ( -2.990902544787567727E-15, -1.000000000000000000, 0.000000000000000000 ) ) ;
#6123 = EDGE_LOOP ( 'NONE', ( #2242, #2741, #3719, #2285 ) ) ;
#6124 = LINE ( 'NONE', #5594, #2516 ) ;
#6125 = CARTESIAN_POINT ( 'NONE',  ( -0.8150000000000002798, -0.5650000000000002798, 0.6400000000000000133 ) ) ;
#6126 = PRESENTATION_LAYER_ASSIGNMENT (  '', '', ( #869 ) ) ;
#6127 = EDGE_CURVE ( 'NONE', #3943, #1686, #5873, .T. ) ;
#6128 =( LENGTH_UNIT ( ) NAMED_UNIT ( * ) SI_UNIT ( .MILLI., .METRE. ) );
#6129 = LINE ( 'NONE', #5600, #5917 ) ;
#6130 = EDGE_CURVE ( 'NONE', #627, #3340, #3242, .T. ) ;
#6131 = PRESENTATION_LAYER_ASSIGNMENT (  '', '', ( #3403 ) ) ;
#6132 = LINE ( 'NONE', #5709, #1336 ) ;
#6133 = PRESENTATION_LAYER_ASSIGNMENT (  '', '', ( #2558 ) ) ;
#6134 = VECTOR ( 'NONE', #3170, 1000.000000000000000 ) ;
#6135 = UNCERTAINTY_MEASURE_WITH_UNIT (LENGTH_MEASURE( 1.000000000000000082E-05 ), #4721, 'distance_accuracy_value', 'NONE');
#6136 = VECTOR ( 'NONE', #2336, 1000.000000000000000 ) ;
#6137 = AXIS2_PLACEMENT_3D ( 'NONE', #6433, #905, #58 ) ;
#6138 = CARTESIAN_POINT ( 'NONE',  ( -1.100000000000000311, 1.000000000000000000, -0.3510000000000000897 ) ) ;
#6139 = EDGE_CURVE ( 'NONE', #6339, #666, #3165, .T. ) ;
#6140 = VECTOR ( 'NONE', #6498, 1000.000000000000000 ) ;
#6141 = VERTEX_POINT ( 'NONE', #2051 ) ;
#6142 =( GEOMETRIC_REPRESENTATION_CONTEXT ( 3 ) GLOBAL_UNCERTAINTY_ASSIGNED_CONTEXT ( ( #4747 ) ) GLOBAL_UNIT_ASSIGNED_CONTEXT ( ( #2003, #5065, #6034 ) ) REPRESENTATION_CONTEXT ( 'NONE', 'WORKASPACE' ) );
#6143 = CARTESIAN_POINT ( 'NONE',  ( -0.7749999999999994671, -0.3250000000000000666, -0.3500000000000000333 ) ) ;
#6144 = CARTESIAN_POINT ( 'NONE',  ( -1.054407950059313093, 0.8939339828220179696, -0.3500000000000000333 ) ) ;
#6145 = PLANE ( 'NONE',  #903 ) ;
#6146 = CARTESIAN_POINT ( 'NONE',  ( -0.1402658989833522607, -1.000000000000000000, 0.3500000000000000333 ) ) ;
#6147 =( NAMED_UNIT ( * ) SI_UNIT ( $, .STERADIAN. ) SOLID_ANGLE_UNIT ( ) );
#6148 = CARTESIAN_POINT ( 'NONE',  ( -1.250000000000000222, 1.010000000000000009, 0.3500000000000000333 ) ) ;
#6149 =( LENGTH_UNIT ( ) NAMED_UNIT ( * ) SI_UNIT ( .MILLI., .METRE. ) );
#6150 = ORIENTED_EDGE ( 'NONE', *, *, #5343, .T. ) ;
#6151 = VECTOR ( 'NONE', #3773, 1000.000000000000000 ) ;
#6152 = DIRECTION ( 'NONE',  ( 0.000000000000000000, 0.000000000000000000, -1.000000000000000000 ) ) ;
#6153 = ORIENTED_EDGE ( 'NONE', *, *, #5521, .F. ) ;
#6154 =( LENGTH_UNIT ( ) NAMED_UNIT ( * ) SI_UNIT ( .MILLI., .METRE. ) );
#6155 = PRESENTATION_LAYER_ASSIGNMENT (  '', '', ( #702 ) ) ;
#6156 =( NAMED_UNIT ( * ) SI_UNIT ( $, .STERADIAN. ) SOLID_ANGLE_UNIT ( ) );
#6157 = CARTESIAN_POINT ( 'NONE',  ( -1.250000000000000222, -0.7775000000000001910, -0.1500000000000000500 ) ) ;
#6158 = ORIENTED_EDGE ( 'NONE', *, *, #992, .T. ) ;
#6159 =( GEOMETRIC_REPRESENTATION_CONTEXT ( 3 ) GLOBAL_UNCERTAINTY_ASSIGNED_CONTEXT ( ( #1146 ) ) GLOBAL_UNIT_ASSIGNED_CONTEXT ( ( #1786, #2864, #1287 ) ) REPRESENTATION_CONTEXT ( 'NONE', 'WORKASPACE' ) );
#6160 = AXIS2_PLACEMENT_3D ( 'NONE', #2056, #997, #3504 ) ;
#6161 = SURFACE_STYLE_USAGE ( .BOTH. , #5595 ) ;
#6162 = CARTESIAN_POINT ( 'NONE',  ( 0.4749999999999998113, -0.8939339828220185247, -0.1500000000000000500 ) ) ;
#6163 = ORIENTED_EDGE ( 'NONE', *, *, #637, .T. ) ;
#6164 = DIRECTION ( 'NONE',  ( 0.000000000000000000, 0.000000000000000000, -1.000000000000000000 ) ) ;
#6165 = CARTESIAN_POINT ( 'NONE',  ( -1.250000000000000222, -1.000000000000000000, 0.3500000000000000333 ) ) ;
#6166 = UNCERTAINTY_MEASURE_WITH_UNIT (LENGTH_MEASURE( 1.000000000000000082E-05 ), #1160, 'distance_accuracy_value', 'NONE');
#6167 = DIRECTION ( 'NONE',  ( -1.000000000000000000, 3.241581980666026040E-16, 0.000000000000000000 ) ) ;
#6168 = PRESENTATION_STYLE_ASSIGNMENT (( #1211 ) ) ;
#6169 = DIRECTION ( 'NONE',  ( -1.000000000000000000, 0.000000000000000000, 0.000000000000000000 ) ) ;
#6170 = STYLED_ITEM ( 'NONE', ( #4613 ), #5230 ) ;
#6171 = EDGE_CURVE ( 'NONE', #2007, #3320, #419, .T. ) ;
#6172 = VECTOR ( 'NONE', #6076, 1000.000000000000000 ) ;
#6173 = CARTESIAN_POINT ( 'NONE',  ( 0.8999999999999996891, -0.7650000000000001243, 0.6500000000000001332 ) ) ;
#6174 = UNCERTAINTY_MEASURE_WITH_UNIT (LENGTH_MEASURE( 1.000000000000000082E-05 ), #4282, 'distance_accuracy_value', 'NONE');
#6175 = PRESENTATION_LAYER_ASSIGNMENT (  '', '', ( #1245 ) ) ;
#6176 = DIRECTION ( 'NONE',  ( -0.000000000000000000, -0.000000000000000000, 1.000000000000000000 ) ) ;
#6177 = COLOUR_RGB ( '',0.8627450980392157298, 0.6274509803921568540, 0.05882352941176470507 ) ;
#6178 = EDGE_LOOP ( 'NONE', ( #4059, #1252, #3609, #1507 ) ) ;
#6179 =( NAMED_UNIT ( * ) PLANE_ANGLE_UNIT ( ) SI_UNIT ( $, .RADIAN. ) );
#6180 = ADVANCED_FACE ( 'NONE', ( #578 ), #4557, .T. ) ;
#6181 = EDGE_CURVE ( 'NONE', #2956, #729, #6124, .T. ) ;
#6182 = AXIS2_PLACEMENT_3D ( 'NONE', #868, #4846, #3853 ) ;
#6183 = SURFACE_STYLE_USAGE ( .BOTH. , #5543 ) ;
#6184 = CARTESIAN_POINT ( 'NONE',  ( -1.249999999999999778, 0.8499999999999999778, -0.1500000000000000500 ) ) ;
#6185 = DIRECTION ( 'NONE',  ( -9.528365374728188113E-17, -1.000000000000000000, 0.000000000000000000 ) ) ;
#6186 = LINE ( 'NONE', #552, #3071 ) ;
#6187 = PRESENTATION_LAYER_ASSIGNMENT (  '', '', ( #2507 ) ) ;
#6188 = FACE_OUTER_BOUND ( 'NONE', #2392, .T. ) ;
#6189 = EDGE_LOOP ( 'NONE', ( #6013, #327, #1087, #2708 ) ) ;
#6190 = VERTEX_POINT ( 'NONE', #4585 ) ;
#6191 = EDGE_LOOP ( 'NONE', ( #2141, #644, #3858, #3550, #2555, #3784, #854, #6012, #2854 ) ) ;
#6192 = CARTESIAN_POINT ( 'NONE',  ( -0.9000000000000003553, 0.6500000000000001332, 0.5749999999999999556 ) ) ;
#6193 = STYLED_ITEM ( 'NONE', ( #1103 ), #6036 ) ;
#6194 = CARTESIAN_POINT ( 'NONE',  ( -0.9150000000000003686, -0.5650000000000002798, 0.6400000000000000133 ) ) ;
#6195 = SURFACE_STYLE_FILL_AREA ( #2185 ) ;
#6196 = DIRECTION ( 'NONE',  ( -0.000000000000000000, -0.000000000000000000, -1.000000000000000000 ) ) ;
#6197 = DIRECTION ( 'NONE',  ( -0.000000000000000000, -0.000000000000000000, 1.000000000000000000 ) ) ;
#6198 = ORIENTED_EDGE ( 'NONE', *, *, #2633, .F. ) ;
#6199 = FILL_AREA_STYLE_COLOUR ( '', #5894 ) ;
#6200 = AXIS2_PLACEMENT_3D ( 'NONE', #6308, #5276, #1804 ) ;
#6201 =( NAMED_UNIT ( * ) SI_UNIT ( $, .STERADIAN. ) SOLID_ANGLE_UNIT ( ) );
#6202 = EDGE_LOOP ( 'NONE', ( #5852, #3752, #4219, #1058 ) ) ;
#6203 = FILL_AREA_STYLE_COLOUR ( '', #3262 ) ;
#6204 = COLOUR_RGB ( '',0.8039215686274510109, 0.8039215686274510109, 0.8039215686274510109 ) ;
#6205 = SURFACE_SIDE_STYLE ('',( #1567 ) ) ;
#6206 = CARTESIAN_POINT ( 'NONE',  ( 1.143933982822017636, -0.3250000000000001776, -0.1500000000000000500 ) ) ;
#6207 = DIRECTION ( 'NONE',  ( 1.000000000000000000, 0.000000000000000000, 0.000000000000000000 ) ) ;
#6208 =( NAMED_UNIT ( * ) SI_UNIT ( $, .STERADIAN. ) SOLID_ANGLE_UNIT ( ) );
#6209 = FACE_OUTER_BOUND ( 'NONE', #1583, .T. ) ;
#6210 = DIRECTION ( 'NONE',  ( 1.000000000000000000, 0.000000000000000000, 0.000000000000000000 ) ) ;
#6211 = EDGE_CURVE ( 'NONE', #5481, #879, #4654, .T. ) ;
#6212 = EDGE_CURVE ( 'NONE', #2607, #5182, #3564, .T. ) ;
#6213 = ADVANCED_FACE ( 'NONE', ( #390 ), #4296, .F. ) ;
#6214 = ORIENTED_EDGE ( 'NONE', *, *, #5465, .F. ) ;
#6215 = CARTESIAN_POINT ( 'NONE',  ( 0.000000000000000000, 0.000000000000000000, -0.3500000000000000333 ) ) ;
#6216 = ORIENTED_EDGE ( 'NONE', *, *, #4617, .T. ) ;
#6217 = COLOUR_RGB ( '',0.8039215686274510109, 0.8039215686274510109, 0.8039215686274510109 ) ;
#6218 = CARTESIAN_POINT ( 'NONE',  ( -1.249999999999999778, 1.000000000000000000, -0.3500000000000000333 ) ) ;
#6219 = VECTOR ( 'NONE', #5723, 1000.000000000000000 ) ;
#6220 = VERTEX_POINT ( 'NONE', #844 ) ;
#6221 = SURFACE_STYLE_FILL_AREA ( #3155 ) ;
#6222 = CARTESIAN_POINT ( 'NONE',  ( 0.000000000000000000, 1.000000000000000000, -0.1500000000000000500 ) ) ;
#6223 = VECTOR ( 'NONE', #547, 1000.000000000000000 ) ;
#6224 = ADVANCED_FACE ( 'NONE', ( #5368 ), #4356, .F. ) ;
#6225 = PLANE ( 'NONE',  #4460 ) ;
#6226 = LINE ( 'NONE', #3318, #5942 ) ;
#6227 =( GEOMETRIC_REPRESENTATION_CONTEXT ( 3 ) GLOBAL_UNCERTAINTY_ASSIGNED_CONTEXT ( ( #3201 ) ) GLOBAL_UNIT_ASSIGNED_CONTEXT ( ( #1863, #874, #2460 ) ) REPRESENTATION_CONTEXT ( 'NONE', 'WORKASPACE' ) );
#6228 = ORIENTED_EDGE ( 'NONE', *, *, #4314, .T. ) ;
#6229 = PRESENTATION_LAYER_ASSIGNMENT (  '', '', ( #3893 ) ) ;
#6230 = DIRECTION ( 'NONE',  ( 0.000000000000000000, 0.000000000000000000, 1.000000000000000000 ) ) ;
#6231 =( NAMED_UNIT ( * ) PLANE_ANGLE_UNIT ( ) SI_UNIT ( $, .RADIAN. ) );
#6232 = CIRCLE ( 'NONE', #5362, 0.2225000000000000311 ) ;
#6233 = ORIENTED_EDGE ( 'NONE', *, *, #4041, .F. ) ;
#6234 = UNCERTAINTY_MEASURE_WITH_UNIT (LENGTH_MEASURE( 1.000000000000000082E-05 ), #2792, 'distance_accuracy_value', 'NONE');
#6235 = DIRECTION ( 'NONE',  ( 1.000000000000000000, 0.000000000000000000, 0.000000000000000000 ) ) ;
#6236 =( GEOMETRIC_REPRESENTATION_CONTEXT ( 3 ) GLOBAL_UNCERTAINTY_ASSIGNED_CONTEXT ( ( #6166 ) ) GLOBAL_UNIT_ASSIGNED_CONTEXT ( ( #1160, #5660, #664 ) ) REPRESENTATION_CONTEXT ( 'NONE', 'WORKASPACE' ) );
#6237 = VECTOR ( 'NONE', #2098, 1000.000000000000000 ) ;
#6238 = FILL_AREA_STYLE ('',( #1824 ) ) ;
#6239 = PRESENTATION_STYLE_ASSIGNMENT (( #1670 ) ) ;
#6240 = AXIS2_PLACEMENT_3D ( 'NONE', #3856, #2382, #1930 ) ;
#6241 =( GEOMETRIC_REPRESENTATION_CONTEXT ( 3 ) GLOBAL_UNCERTAINTY_ASSIGNED_CONTEXT ( ( #2126 ) ) GLOBAL_UNIT_ASSIGNED_CONTEXT ( ( #6266, #5741, #2194 ) ) REPRESENTATION_CONTEXT ( 'NONE', 'WORKASPACE' ) );
#6242 = LINE ( 'NONE', #3683, #1903 ) ;
#6243 =( GEOMETRIC_REPRESENTATION_CONTEXT ( 3 ) GLOBAL_UNCERTAINTY_ASSIGNED_CONTEXT ( ( #2276 ) ) GLOBAL_UNIT_ASSIGNED_CONTEXT ( ( #2116, #3166, #5223 ) ) REPRESENTATION_CONTEXT ( 'NONE', 'WORKASPACE' ) );
#6244 = PRESENTATION_LAYER_ASSIGNMENT (  '', '', ( #3406 ) ) ;
#6245 = FILL_AREA_STYLE_COLOUR ( '', #167 ) ;
#6246 =( NAMED_UNIT ( * ) PLANE_ANGLE_UNIT ( ) SI_UNIT ( $, .RADIAN. ) );
#6247 = PRESENTATION_LAYER_ASSIGNMENT (  '', '', ( #2255 ) ) ;
#6248 = FACE_OUTER_BOUND ( 'NONE', #5520, .T. ) ;
#6249 = EDGE_LOOP ( 'NONE', ( #301, #5869, #1649, #6348 ) ) ;
#6250 = SURFACE_SIDE_STYLE ('',( #2631 ) ) ;
#6251 = EDGE_LOOP ( 'NONE', ( #3400, #4892, #2737, #44 ) ) ;
#6252 =( NAMED_UNIT ( * ) PLANE_ANGLE_UNIT ( ) SI_UNIT ( $, .RADIAN. ) );
#6253 = ADVANCED_FACE ( 'NONE', ( #3890 ), #2918, .F. ) ;
#6254 = ORIENTED_EDGE ( 'NONE', *, *, #5141, .T. ) ;
#6255 = CARTESIAN_POINT ( 'NONE',  ( 0.4750000000000000333, 0.8939339828220183026, -0.1500000000000000500 ) ) ;
#6256 = LINE ( 'NONE', #6194, #5224 ) ;
#6257 = PRESENTATION_STYLE_ASSIGNMENT (( #224 ) ) ;
#6258 = CARTESIAN_POINT ( 'NONE',  ( -0.9000000000000003553, 0.6500000000000001332, 0.6250000000000001110 ) ) ;
#6259 = MECHANICAL_DESIGN_GEOMETRIC_PRESENTATION_REPRESENTATION (  '', ( #2479 ), #5839 ) ;
#6260 = ORIENTED_EDGE ( 'NONE', *, *, #4849, .F. ) ;
#6261 = FILL_AREA_STYLE_COLOUR ( '', #2462 ) ;
#6262 = EDGE_CURVE ( 'NONE', #3052, #6456, #495, .T. ) ;
#6264 = ADVANCED_FACE ( 'NONE', ( #3965 ), #2464, .T. ) ;
#6263 = VERTEX_POINT ( 'NONE', #6004 ) ;
#6265 = CARTESIAN_POINT ( 'NONE',  ( 1.143933982822017636, 0.3249999999999999001, -0.1500000000000000500 ) ) ;
#6266 =( LENGTH_UNIT ( ) NAMED_UNIT ( * ) SI_UNIT ( .MILLI., .METRE. ) );
#6267 = PRESENTATION_LAYER_ASSIGNMENT (  '', '', ( #2801 ) ) ;
#6268 = SURFACE_STYLE_FILL_AREA ( #2748 ) ;
#6269 = AXIS2_PLACEMENT_3D ( 'NONE', #4447, #4361, #4482 ) ;
#6270 = FACE_OUTER_BOUND ( 'NONE', #257, .T. ) ;
#6271 = PLANE ( 'NONE',  #3714 ) ;
#6272 = COLOUR_RGB ( '',0.2862745098039215508, 0.2862745098039215508, 0.2862745098039215508 ) ;
#6273 = CIRCLE ( 'NONE', #207, 0.2225000000000000311 ) ;
#6274 = FACE_OUTER_BOUND ( 'NONE', #4766, .T. ) ;
#6275 = PRESENTATION_STYLE_ASSIGNMENT (( #1337 ) ) ;
#6276 = ORIENTED_EDGE ( 'NONE', *, *, #433, .T. ) ;
#6277 = DIRECTION ( 'NONE',  ( -0.000000000000000000, -0.000000000000000000, -1.000000000000000000 ) ) ;
#6278 = VERTEX_POINT ( 'NONE', #595 ) ;
#6279 = STYLED_ITEM ( 'NONE', ( #4100 ), #5554 ) ;
#6280 = CARTESIAN_POINT ( 'NONE',  ( -0.1402658989833522607, -1.000000000000000000, 0.3500000000000000333 ) ) ;
#6281 = ORIENTED_EDGE ( 'NONE', *, *, #244, .F. ) ;
#6282 = SURFACE_SIDE_STYLE ('',( #6221 ) ) ;
#6283 = STYLED_ITEM ( 'NONE', ( #900 ), #5694 ) ;
#6284 = DIRECTION ( 'NONE',  ( -0.000000000000000000, -0.000000000000000000, 1.000000000000000000 ) ) ;
#6285 = PRESENTATION_STYLE_ASSIGNMENT (( #4245 ) ) ;
#6286 = DIRECTION ( 'NONE',  ( -0.000000000000000000, -0.000000000000000000, 1.000000000000000000 ) ) ;
#6287 = DIRECTION ( 'NONE',  ( 0.000000000000000000, 0.000000000000000000, 1.000000000000000000 ) ) ;
#6288 = ORIENTED_EDGE ( 'NONE', *, *, #3997, .F. ) ;
#6289 =( LENGTH_UNIT ( ) NAMED_UNIT ( * ) SI_UNIT ( .MILLI., .METRE. ) );
#6290 = UNCERTAINTY_MEASURE_WITH_UNIT (LENGTH_MEASURE( 1.000000000000000082E-05 ), #1565, 'distance_accuracy_value', 'NONE');
#6291 = DIRECTION ( 'NONE',  ( 0.000000000000000000, 0.000000000000000000, -1.000000000000000000 ) ) ;
#6292 = VECTOR ( 'NONE', #2089, 1000.000000000000000 ) ;
#6293 = EDGE_LOOP ( 'NONE', ( #4897, #6373, #1663, #2108 ) ) ;
#6294 = STYLED_ITEM ( 'NONE', ( #2189 ), #6097 ) ;
#6295 = FACE_OUTER_BOUND ( 'NONE', #3245, .T. ) ;
#6296 = EDGE_CURVE ( 'NONE', #4358, #3864, #263, .T. ) ;
#6297 = VERTEX_POINT ( 'NONE', #1969 ) ;
#6298 = SURFACE_SIDE_STYLE ('',( #4286 ) ) ;
#6299 = VECTOR ( 'NONE', #2155, 1000.000000000000000 ) ;
#6300 = FACE_OUTER_BOUND ( 'NONE', #4395, .T. ) ;
#6301 =( NAMED_UNIT ( * ) PLANE_ANGLE_UNIT ( ) SI_UNIT ( $, .RADIAN. ) );
#6302 = EDGE_CURVE ( 'NONE', #5794, #1702, #3481, .T. ) ;
#6303 = CARTESIAN_POINT ( 'NONE',  ( 1.039999999999999813, 0.6499999999999999112, 0.6250000000000001110 ) ) ;
#6304 = FILL_AREA_STYLE_COLOUR ( '', #112 ) ;
#6305 = ORIENTED_EDGE ( 'NONE', *, *, #5351, .F. ) ;
#6306 = DIRECTION ( 'NONE',  ( 0.000000000000000000, 0.000000000000000000, 1.000000000000000000 ) ) ;
#6307 = ORIENTED_EDGE ( 'NONE', *, *, #4205, .T. ) ;
#6308 = CARTESIAN_POINT ( 'NONE',  ( -0.9000000000000003553, -0.7900000000000001465, 0.6500000000000001332 ) ) ;
#6309 = FILL_AREA_STYLE ('',( #4297 ) ) ;
#6310 = ORIENTED_EDGE ( 'NONE', *, *, #343, .F. ) ;
#6311 = COLOUR_RGB ( '',0.2862745098039215508, 0.2862745098039215508, 0.2862745098039215508 ) ;
#6312 = DIRECTION ( 'NONE',  ( 0.000000000000000000, 0.000000000000000000, -1.000000000000000000 ) ) ;
#6313 = PRESENTATION_STYLE_ASSIGNMENT (( #1228 ) ) ;
#6314 = FILL_AREA_STYLE_COLOUR ( '', #3390 ) ;
#6315 = ORIENTED_EDGE ( 'NONE', *, *, #2838, .T. ) ;
#6316 = VECTOR ( 'NONE', #5558, 1000.000000000000000 ) ;
#6317 = CARTESIAN_POINT ( 'NONE',  ( 1.054407950059313093, 0.8939339828220179696, -0.1500000000000000500 ) ) ;
#6318 = ORIENTED_EDGE ( 'NONE', *, *, #3365, .F. ) ;
#6319 = DIRECTION ( 'NONE',  ( 0.000000000000000000, 1.000000000000000000, 0.000000000000000000 ) ) ;
#6320 = PRESENTATION_STYLE_ASSIGNMENT (( #318 ) ) ;
#6321 = LINE ( 'NONE', #800, #864 ) ;
#6322 = SURFACE_STYLE_USAGE ( .BOTH. , #5742 ) ;
#6323 = ORIENTED_EDGE ( 'NONE', *, *, #2353, .F. ) ;
#6324 = AXIS2_PLACEMENT_3D ( 'NONE', #1422, #2814, #5797 ) ;
#6325 = EDGE_CURVE ( 'NONE', #2840, #5213, #5054, .T. ) ;
#6326 = DIRECTION ( 'NONE',  ( 1.905673074945637869E-16, 1.000000000000000000, 0.000000000000000000 ) ) ;
#6327 = FILL_AREA_STYLE ('',( #807 ) ) ;
#6328 = CIRCLE ( 'NONE', #2448, 0.02499999999999995628 ) ;
#6329 = FILL_AREA_STYLE_COLOUR ( '', #1767 ) ;
#6330 = DIRECTION ( 'NONE',  ( -1.000000000000000000, 0.000000000000000000, 0.000000000000000000 ) ) ;
#6331 =( GEOMETRIC_REPRESENTATION_CONTEXT ( 3 ) GLOBAL_UNCERTAINTY_ASSIGNED_CONTEXT ( ( #2059 ) ) GLOBAL_UNIT_ASSIGNED_CONTEXT ( ( #6149, #2941, #904 ) ) REPRESENTATION_CONTEXT ( 'NONE', 'WORKASPACE' ) );
#6332 = AXIS2_PLACEMENT_3D ( 'NONE', #5948, #4969, #4072 ) ;
#6333 = EDGE_CURVE ( 'NONE', #5275, #5961, #1088, .T. ) ;
#6334 = VECTOR ( 'NONE', #3179, 1000.000000000000000 ) ;
#6335 = EDGE_CURVE ( 'NONE', #2505, #5149, #2699, .T. ) ;
#6336 = PRESENTATION_STYLE_ASSIGNMENT (( #1304 ) ) ;
#6337 = SURFACE_STYLE_FILL_AREA ( #1067 ) ;
#6338 = MECHANICAL_DESIGN_GEOMETRIC_PRESENTATION_REPRESENTATION (  '', ( #2675 ), #1514 ) ;
#6339 = VERTEX_POINT ( 'NONE', #1606 ) ;
#6340 = ORIENTED_EDGE ( 'NONE', *, *, #3529, .F. ) ;
#6341 =( NAMED_UNIT ( * ) PLANE_ANGLE_UNIT ( ) SI_UNIT ( $, .RADIAN. ) );
#6342 = ORIENTED_EDGE ( 'NONE', *, *, #5563, .T. ) ;
#6343 = DIRECTION ( 'NONE',  ( -1.000000000000000000, 0.000000000000000000, 0.000000000000000000 ) ) ;
#6344 = CARTESIAN_POINT ( 'NONE',  ( 1.099999999999999867, -1.000000000000000000, -0.3510000000000000897 ) ) ;
#6345 = FACE_OUTER_BOUND ( 'NONE', #2065, .T. ) ;
#6346 = FILL_AREA_STYLE_COLOUR ( '', #3103 ) ;
#6347 = SURFACE_STYLE_USAGE ( .BOTH. , #2833 ) ;
#6348 = ORIENTED_EDGE ( 'NONE', *, *, #1638, .T. ) ;
#6349 = MECHANICAL_DESIGN_GEOMETRIC_PRESENTATION_REPRESENTATION (  '', ( #689 ), #1312 ) ;
#6350 = UNCERTAINTY_MEASURE_WITH_UNIT (LENGTH_MEASURE( 1.000000000000000082E-05 ), #6154, 'distance_accuracy_value', 'NONE');
#6351 = FACE_OUTER_BOUND ( 'NONE', #227, .T. ) ;
#6352 = ORIENTED_EDGE ( 'NONE', *, *, #687, .F. ) ;
#6353 = VECTOR ( 'NONE', #151, 1000.000000000000000 ) ;
#6354 = SURFACE_STYLE_FILL_AREA ( #290 ) ;
#6355 = LINE ( 'NONE', #1853, #3980 ) ;
#6356 = ORIENTED_EDGE ( 'NONE', *, *, #857, .T. ) ;
#6357 =( GEOMETRIC_REPRESENTATION_CONTEXT ( 3 ) GLOBAL_UNCERTAINTY_ASSIGNED_CONTEXT ( ( #2161 ) ) GLOBAL_UNIT_ASSIGNED_CONTEXT ( ( #3021, #143, #5002 ) ) REPRESENTATION_CONTEXT ( 'NONE', 'WORKASPACE' ) );
#6358 = STYLED_ITEM ( 'NONE', ( #1425 ), #2844 ) ;
#6359 = CARTESIAN_POINT ( 'NONE',  ( -1.143933982822017636, -0.3250000000000001776, -0.1500000000000000500 ) ) ;
#6360 = CARTESIAN_POINT ( 'NONE',  ( -1.054407950059313093, 0.8939339828220179696, -0.1500000000000000500 ) ) ;
#6361 = UNCERTAINTY_MEASURE_WITH_UNIT (LENGTH_MEASURE( 1.000000000000000082E-05 ), #3349, 'distance_accuracy_value', 'NONE');
#6362 = MECHANICAL_DESIGN_GEOMETRIC_PRESENTATION_REPRESENTATION (  '', ( #1962 ), #5300 ) ;
#6363 = CARTESIAN_POINT ( 'NONE',  ( 0.1402658989833518444, 1.000000000000000000, -0.3500000000000000333 ) ) ;
#6364 = DIRECTION ( 'NONE',  ( 0.000000000000000000, 0.000000000000000000, -1.000000000000000000 ) ) ;
#6365 = STYLED_ITEM ( 'NONE', ( #1080 ), #3039 ) ;
#6366 = LINE ( 'NONE', #3412, #1296 ) ;
#6367 = DIRECTION ( 'NONE',  ( 1.000000000000000000, 4.523087997816324217E-16, 0.000000000000000000 ) ) ;
#6368 =( GEOMETRIC_REPRESENTATION_CONTEXT ( 3 ) GLOBAL_UNCERTAINTY_ASSIGNED_CONTEXT ( ( #2034 ) ) GLOBAL_UNIT_ASSIGNED_CONTEXT ( ( #4262, #6246, #5777 ) ) REPRESENTATION_CONTEXT ( 'NONE', 'WORKASPACE' ) );
#6369 = ADVANCED_FACE ( 'NONE', ( #5647 ), #1891, .T. ) ;
#6370 = ORIENTED_EDGE ( 'NONE', *, *, #6003, .F. ) ;
#6371 = ADVANCED_FACE ( 'NONE', ( #5975 ), #5999, .T. ) ;
#6372 = SURFACE_STYLE_USAGE ( .BOTH. , #5329 ) ;
#6373 = ORIENTED_EDGE ( 'NONE', *, *, #5929, .F. ) ;
#6374 = DIRECTION ( 'NONE',  ( 0.000000000000000000, 0.000000000000000000, -1.000000000000000000 ) ) ;
#6375 = SURFACE_STYLE_USAGE ( .BOTH. , #586 ) ;
#6376 = MECHANICAL_DESIGN_GEOMETRIC_PRESENTATION_REPRESENTATION (  '', ( #3327 ), #3115 ) ;
#6377 = ORIENTED_EDGE ( 'NONE', *, *, #471, .T. ) ;
#6378 = DIRECTION ( 'NONE',  ( 0.7071067811865509034, 0.7071067811865442421, 0.000000000000000000 ) ) ;
#6379 = FILL_AREA_STYLE_COLOUR ( '', #217 ) ;
#6380 = FILL_AREA_STYLE_COLOUR ( '', #6485 ) ;
#6381 = SURFACE_SIDE_STYLE ('',( #3316 ) ) ;
#6382 = CARTESIAN_POINT ( 'NONE',  ( 5.018252680870375239E-16, 0.8939339828220185247, -0.1500000000000000500 ) ) ;
#6383 = MECHANICAL_DESIGN_GEOMETRIC_PRESENTATION_REPRESENTATION (  '', ( #5093 ), #400 ) ;
#6384 = CARTESIAN_POINT ( 'NONE',  ( -1.249999999999999778, -0.8499999999999999778, -0.3500000000000000333 ) ) ;
#6385 = VERTEX_POINT ( 'NONE', #2492 ) ;
#6386 = EDGE_CURVE ( 'NONE', #4652, #3123, #452, .T. ) ;
#6387 = SURFACE_SIDE_STYLE ('',( #823 ) ) ;
#6388 = DIRECTION ( 'NONE',  ( 2.015740370756777612E-16, 1.000000000000000000, 0.000000000000000000 ) ) ;
#6389 = ORIENTED_EDGE ( 'NONE', *, *, #2087, .F. ) ;
#6390 = VECTOR ( 'NONE', #1244, 1000.000000000000000 ) ;
#6391 = FILL_AREA_STYLE ('',( #859 ) ) ;
#6392 = FILL_AREA_STYLE ('',( #5868 ) ) ;
#6393 = VERTEX_POINT ( 'NONE', #2459 ) ;
#6394 = SURFACE_STYLE_USAGE ( .BOTH. , #3848 ) ;
#6395 = DIRECTION ( 'NONE',  ( 1.000000000000000000, 0.000000000000000000, -0.000000000000000000 ) ) ;
#6396 = PRESENTATION_LAYER_ASSIGNMENT (  '', '', ( #934 ) ) ;
#6397 = SURFACE_SIDE_STYLE ('',( #1369 ) ) ;
#6398 = MECHANICAL_DESIGN_GEOMETRIC_PRESENTATION_REPRESENTATION (  '', ( #6294 ), #1364 ) ;
#6399 = CARTESIAN_POINT ( 'NONE',  ( 5.018252680870375239E-16, 0.8939339828220185247, -0.1500000000000000500 ) ) ;
#6400 = DIRECTION ( 'NONE',  ( 0.000000000000000000, 0.000000000000000000, -1.000000000000000000 ) ) ;
#6401 = FACE_OUTER_BOUND ( 'NONE', #4096, .T. ) ;
#6402 = ORIENTED_EDGE ( 'NONE', *, *, #4085, .F. ) ;
#6403 = LINE ( 'NONE', #5878, #2020 ) ;
#6404 = ORIENTED_EDGE ( 'NONE', *, *, #1264, .T. ) ;
#6405 = EDGE_CURVE ( 'NONE', #358, #4869, #3990, .T. ) ;
#6406 = SURFACE_SIDE_STYLE ('',( #6441 ) ) ;
#6407 =( NAMED_UNIT ( * ) SI_UNIT ( $, .STERADIAN. ) SOLID_ANGLE_UNIT ( ) );
#6408 = ORIENTED_EDGE ( 'NONE', *, *, #748, .F. ) ;
#6409 =( NAMED_UNIT ( * ) SI_UNIT ( $, .STERADIAN. ) SOLID_ANGLE_UNIT ( ) );
#6410 = EDGE_CURVE ( 'NONE', #568, #3860, #4837, .T. ) ;
#6411 = EDGE_CURVE ( 'NONE', #3660, #1659, #4438, .T. ) ;
#6412 =( LENGTH_UNIT ( ) NAMED_UNIT ( * ) SI_UNIT ( .MILLI., .METRE. ) );
#6413 = CARTESIAN_POINT ( 'NONE',  ( -1.027499999999999636, 1.000000000000000000, -0.1500000000000000500 ) ) ;
#6414 = DIRECTION ( 'NONE',  ( -1.000000000000000000, 0.000000000000000000, 0.000000000000000000 ) ) ;
#6415 = DIRECTION ( 'NONE',  ( -1.000000000000000000, -1.949127501097533734E-15, 0.000000000000000000 ) ) ;
#6416 = VERTEX_POINT ( 'NONE', #6474 ) ;
#6417 = EDGE_LOOP ( 'NONE', ( #4787, #2053, #3188, #4335 ) ) ;
#6418 = VECTOR ( 'NONE', #2388, 1000.000000000000000 ) ;
#6419 = EDGE_CURVE ( 'NONE', #2181, #197, #6366, .T. ) ;
#6420 =( NAMED_UNIT ( * ) PLANE_ANGLE_UNIT ( ) SI_UNIT ( $, .RADIAN. ) );
#6421 = PLANE ( 'NONE',  #1420 ) ;
#6422 =( GEOMETRIC_REPRESENTATION_CONTEXT ( 3 ) GLOBAL_UNCERTAINTY_ASSIGNED_CONTEXT ( ( #1576 ) ) GLOBAL_UNIT_ASSIGNED_CONTEXT ( ( #764, #5734, #3164 ) ) REPRESENTATION_CONTEXT ( 'NONE', 'WORKASPACE' ) );
#6423 = LINE ( 'NONE', #2899, #4319 ) ;
#6424 = ORIENTED_EDGE ( 'NONE', *, *, #4977, .F. ) ;
#6425 =( LENGTH_UNIT ( ) NAMED_UNIT ( * ) SI_UNIT ( .MILLI., .METRE. ) );
#6426 = CARTESIAN_POINT ( 'NONE',  ( 1.249999999999999556, -1.000000000000000444, -0.3500000000000000333 ) ) ;
#6427 =( LENGTH_UNIT ( ) NAMED_UNIT ( * ) SI_UNIT ( .MILLI., .METRE. ) );
#6428 = COLOUR_RGB ( '',0.2862745098039215508, 0.2862745098039215508, 0.2862745098039215508 ) ;
#6429 = FACE_OUTER_BOUND ( 'NONE', #5837, .T. ) ;
#6430 = CARTESIAN_POINT ( 'NONE',  ( -0.9000000000000003553, 0.6500000000000001332, 0.3500000000000000333 ) ) ;
#6431 = COLOUR_RGB ( '',0.8627450980392157298, 0.6274509803921568540, 0.05882352941176470507 ) ;
#6432 = DIRECTION ( 'NONE',  ( 1.000000000000000000, 0.000000000000000000, 0.000000000000000000 ) ) ;
#6433 = CARTESIAN_POINT ( 'NONE',  ( 0.8999999999999999112, -0.6500000000000001332, 0.6250000000000001110 ) ) ;
#6434 = LINE ( 'NONE', #3959, #3174 ) ;
#6435 = DIRECTION ( 'NONE',  ( 0.000000000000000000, 0.000000000000000000, -1.000000000000000000 ) ) ;
#6436 = ORIENTED_EDGE ( 'NONE', *, *, #4726, .T. ) ;
#6437 = VECTOR ( 'NONE', #1889, 1000.000000000000000 ) ;
#6438 =( LENGTH_UNIT ( ) NAMED_UNIT ( * ) SI_UNIT ( .MILLI., .METRE. ) );
#6439 = FILL_AREA_STYLE_COLOUR ( '', #4388 ) ;
#6440 = MECHANICAL_DESIGN_GEOMETRIC_PRESENTATION_REPRESENTATION (  '', ( #2341 ), #4230 ) ;
#6441 = SURFACE_STYLE_FILL_AREA ( #2390 ) ;
#6442 = EDGE_LOOP ( 'NONE', ( #4162, #1935, #4819, #5541 ) ) ;
#6443 = FILL_AREA_STYLE_COLOUR ( '', #2895 ) ;
#6444 = SURFACE_SIDE_STYLE ('',( #1315 ) ) ;
#6445 = CYLINDRICAL_SURFACE ( 'NONE', #2277, 0.1500000000000001887 ) ;
#6446 = SURFACE_SIDE_STYLE ('',( #3838 ) ) ;
#6447 = DIRECTION ( 'NONE',  ( 1.000000000000000000, 3.241581980666026040E-16, 0.000000000000000000 ) ) ;
#6448 = DIRECTION ( 'NONE',  ( 0.000000000000000000, 0.000000000000000000, -1.000000000000000000 ) ) ;
#6449 = VECTOR ( 'NONE', #6400, 1000.000000000000000 ) ;
#6450 = ORIENTED_EDGE ( 'NONE', *, *, #637, .F. ) ;
#6451 = CARTESIAN_POINT ( 'NONE',  ( -0.4749999999999999223, -4.525973552995888183E-17, -0.1500000000000000500 ) ) ;
#6452 = ORIENTED_EDGE ( 'NONE', *, *, #1269, .T. ) ;
#6453 = MECHANICAL_DESIGN_GEOMETRIC_PRESENTATION_REPRESENTATION (  '', ( #1831 ), #6159 ) ;
#6454 = FILL_AREA_STYLE_COLOUR ( '', #2789 ) ;
#6455 = VECTOR ( 'NONE', #2769, 1000.000000000000000 ) ;
#6456 = VERTEX_POINT ( 'NONE', #1862 ) ;
#6457 = PRESENTATION_STYLE_ASSIGNMENT (( #4456 ) ) ;
#6458 = CARTESIAN_POINT ( 'NONE',  ( -1.015000000000000346, 0.6500000000000001332, 0.6250000000000001110 ) ) ;
#6459 = FACE_OUTER_BOUND ( 'NONE', #6489, .T. ) ;
#6460 = LINE ( 'NONE', #575, #3503 ) ;
#6461 = AXIS2_PLACEMENT_3D ( 'NONE', #2303, #4898, #3865 ) ;
#6462 = EDGE_CURVE ( 'NONE', #2007, #3662, #1968, .T. ) ;
#6463 = EDGE_CURVE ( 'NONE', #5794, #4652, #2681, .T. ) ;
#6464 = MANIFOLD_SOLID_BREP ( 'Boss-Extrude4[3]', #2120 ) ;
#6465 =( NAMED_UNIT ( * ) PLANE_ANGLE_UNIT ( ) SI_UNIT ( $, .RADIAN. ) );
#6466 = DIRECTION ( 'NONE',  ( -3.241581980666026040E-16, -1.000000000000000000, 0.000000000000000000 ) ) ;
#6467 = SURFACE_SIDE_STYLE ('',( #6025 ) ) ;
#6468 = CARTESIAN_POINT ( 'NONE',  ( -0.7150000000000003020, -0.5650000000000002798, 0.6400000000000000133 ) ) ;
#6469 = CIRCLE ( 'NONE', #790, 0.1499999999999999667 ) ;
#6470 = LINE ( 'NONE', #1334, #1922 ) ;
#6471 = VECTOR ( 'NONE', #377, 1000.000000000000000 ) ;
#6472 = SURFACE_STYLE_FILL_AREA ( #67 ) ;
#6473 = CIRCLE ( 'NONE', #5190, 0.02499999999999995628 ) ;
#6474 = CARTESIAN_POINT ( 'NONE',  ( -1.054407950059313093, -0.8939339828220181916, -0.1500000000000000500 ) ) ;
#6475 = MECHANICAL_DESIGN_GEOMETRIC_PRESENTATION_REPRESENTATION (  '', ( #6358 ), #5630 ) ;
#6476 =( NAMED_UNIT ( * ) SI_UNIT ( $, .STERADIAN. ) SOLID_ANGLE_UNIT ( ) );
#6477 = CARTESIAN_POINT ( 'NONE',  ( 1.054407950059312871, -0.8939339828220181916, -0.3500000000000000333 ) ) ;
#6478 =( GEOMETRIC_REPRESENTATION_CONTEXT ( 3 ) GLOBAL_UNCERTAINTY_ASSIGNED_CONTEXT ( ( #2654 ) ) GLOBAL_UNIT_ASSIGNED_CONTEXT ( ( #5491, #5388, #5450 ) ) REPRESENTATION_CONTEXT ( 'NONE', 'WORKASPACE' ) );
#6479 = PRESENTATION_LAYER_ASSIGNMENT (  '', '', ( #2802 ) ) ;
#6480 = DIRECTION ( 'NONE',  ( 1.000000000000000000, 5.421010862427520592E-15, 0.000000000000000000 ) ) ;
#6481 = SURFACE_SIDE_STYLE ('',( #2323 ) ) ;
#6482 = EDGE_LOOP ( 'NONE', ( #1540, #2498, #3744, #913 ) ) ;
#6483 = CARTESIAN_POINT ( 'NONE',  ( 1.143933982822017636, 0.000000000000000000, -0.1500000000000000500 ) ) ;
#6484 = DIRECTION ( 'NONE',  ( -0.000000000000000000, -0.000000000000000000, -1.000000000000000000 ) ) ;
#6485 = COLOUR_RGB ( '',0.8627450980392157298, 0.6274509803921568540, 0.05882352941176470507 ) ;
#6486 = FILL_AREA_STYLE ('',( #4363 ) ) ;
#6487 = ORIENTED_EDGE ( 'NONE', *, *, #5772, .F. ) ;
#6488 = LINE ( 'NONE', #4935, #2542 ) ;
#6489 = EDGE_LOOP ( 'NONE', ( #506, #1127, #3356, #5862, #2402, #2182, #325, #3700, #795, #1788 ) ) ;
#6490 = STYLED_ITEM ( 'NONE', ( #4703 ), #1761 ) ;
#6491 = EDGE_LOOP ( 'NONE', ( #3973, #4070, #5117, #3725, #1810, #2339, #5383, #5737 ) ) ;
#6492 = CARTESIAN_POINT ( 'NONE',  ( -0.9000000000000003553, 0.6500000000000001332, 0.5500000000000000444 ) ) ;
#6493 = SURFACE_STYLE_USAGE ( .BOTH. , #4877 ) ;
#6494 = SURFACE_SIDE_STYLE ('',( #3467 ) ) ;
#6495 = DIRECTION ( 'NONE',  ( 0.000000000000000000, 0.000000000000000000, 1.000000000000000000 ) ) ;
#6496 = EDGE_CURVE ( 'NONE', #1526, #1816, #5462, .T. ) ;
#6497 =( NAMED_UNIT ( * ) PLANE_ANGLE_UNIT ( ) SI_UNIT ( $, .RADIAN. ) );
#6498 = DIRECTION ( 'NONE',  ( 0.000000000000000000, 0.000000000000000000, -1.000000000000000000 ) ) ;
#6499 = CARTESIAN_POINT ( 'NONE',  ( 0.8999999999999996891, -0.7900000000000001465, 0.5749999999999999556 ) ) ;
ENDSEC;
END-ISO-10303-21;
